Field ID,Label,Kind,Declared type,Declared format,Data types actually seen,JSON path,Contract path,Repeats?,Read-only?,Filled on long-term (count),Filled on long-term (%),Filled on short-term (count),Filled on short-term (%),Distinct values,Min,25th percentile,Median,75th percentile,Max,First filled at milestone,In legacy catalog?,Sample values withheld because
2,Trans Details Total Loan Amt (w/ MIP/FF),standard,Decimal,DECIMAL_2,int x696,$.baseLoanAmount,loan.baseLoanAmount,no,yes,450,91.8,223,88.8,476,120000,216000,360000,450000,600000,Started,no,identifying-or-high-cardinality
3,Trans Details Interest Rate,standard,Decimal,DECIMAL_3,float x556 | int x111,$.requestedInterestRatePercent,loan.requestedInterestRatePercent,no,no,426,86.9,201,80.1,93,6,6.875,7.25,8,10.75,Started,yes,identifying-or-high-cardinality
4,Trans Details Term (Mos),standard,Int,INTEGER,int x760,$.loanAmortizationTermMonths,loan.loanAmortizationTermMonths,no,no,490,100,251,100,7,1,12,24,360,480,Started,yes,
5,Trans Details Mo Pymt (P&I),standard,Decimal,DECIMAL_2,float x639 | int x52,$.principalAndInterestMonthlyPaymentAmount,loan.principalAndInterestMonthlyPaymentAmount,no,no,449,91.6,199,79.3,619,559.42,1061.11,1379.55,2214.84,5525.4,Started,no,identifying-or-high-cardinality
11,Subject Property Street,standard,String,STRING,str x693,$.property.streetAddress,loan.property.streetAddress,no,no,461,94.1,208,82.9,651,,,,,,Started,yes,identifying-or-high-cardinality
12,Subject Property City,standard,String,STRING,str x690,$.property.city,loan.property.city,no,no,457,93.3,209,83.3,247,,,,,,Started,yes,identifying-or-high-cardinality
13,Subject Property County,standard,String,STRING,str x623,$.property.county,loan.property.county,no,no,430,87.8,171,68.1,107,,,,,,Started,yes,identifying-or-high-cardinality
14,Subject Property State,standard,String,STATE,str x689,$.property.state,loan.property.state,no,no,456,93.1,209,83.3,15,,,,,,Started,yes,
15,Subject Property Zip,standard,String,ZIPCODE,str x690,$.property.postalCode,loan.property.postalCode,no,no,458,93.5,208,82.9,503,,,,,,Started,yes,identifying-or-high-cardinality
16,Subject Property # Units,standard,Int,INTEGER,int x672,$.property.financedNumberOfUnits,loan.property.financedNumberOfUnits,no,no,450,91.8,200,79.7,10,1,2,3,4,10,Started,yes,
17,Subject Property Legal Desc1,standard,String,STRING,str x249,$.property.legalDescriptionText1,loan.property.legalDescriptionText1,no,no,199,40.6,49,19.5,231,,,,,,Started,yes,identifying-or-high-cardinality
18,Subject Property Yr Built,standard,String,STRING,str x303,$.property.structureBuiltYear,loan.property.structureBuiltYear,no,no,240,49,53,21.1,100,,,,,,Started,no,identifying-or-high-cardinality
19,Trans Details Loan Purpose,standard,String,STRING,str x736,$.property.loanPurposeType,loan.property.loanPurposeType,no,no,460,93.9,251,100,3,,,,,,Started,yes,
24,Loan Info Refi Yr Acquired,standard,String,STRING,str x210,$.property.refinancePropertyAcquiredYear,loan.property.refinancePropertyAcquiredYear,no,no,206,42,2,0.8,26,,,,,,Started,yes,identifying-or-high-cardinality
25,Loan Info Refi Original Cost,standard,Decimal,DECIMAL_2,int x208 | float x1,$.property.refinancePropertyOriginalCostAmount,loan.property.refinancePropertyOriginalCostAmount,no,no,203,41.4,2,0.8,141,27000,125000,175000,306250,550000,Started,yes,identifying-or-high-cardinality
26,Loan Info Refi Existing Lien,standard,Decimal,DECIMAL_2,float x133 | int x52,$.property.refinancePropertyExistingLienAmount,loan.property.refinancePropertyExistingLienAmount,no,no,185,37.8,0,0,174,58800,172025.41,318304.1,478099.2375,845682.35,Started,no,identifying-or-high-cardinality
29,Loan Info Refi Improvement Cost,standard,Decimal,DECIMAL_2,int x2,$.property.refinanceImprovementCostsAmount,loan.property.refinanceImprovementCostsAmount,no,no,2,0.4,0,0,2,,,,,,,no,
30,Loan Info Refi Improve made/to be made,standard,String,STRING,str x3,$.property.refinanceImprovementsType,loan.property.refinanceImprovementsType,no,no,3,0.6,0,0,1,,,,,,,no,
31,Subject Property Title Name 1,standard,String,STRING,str x683,$.titleHolderName1,loan.titleHolderName1,no,no,454,92.7,201,80.1,355,,,,,,Started,no,identifying-or-high-cardinality
33,Subject Property Manner Held,standard,String,STRING,str x19,$.property.gseTitleMannerHeldDescription,loan.property.gseTitleMannerHeldDescription,no,no,14,2.9,4,1.6,15,,,,,,Started,no,
36,Borr First Name,standard,String,STRING,str x705,$.applications[0].borrower.firstNameWithMiddleName,loan.currentApplication.borrower.firstNameWithMiddleName,no,no,463,94.5,214,85.3,255,,,,,,Started,no,identifying-or-high-cardinality
37,Borr Last Name,standard,String,STRING,str x705,$.applications[0].borrower.lastNameWithSuffix,loan.currentApplication.borrower.lastNameWithSuffix,no,no,464,94.7,213,84.9,267,,,,,,Started,no,identifying-or-high-cardinality
38,Borr Age,standard,Int,INTEGER,int x667,$.applications[0].borrower.ageAtApplicationYearsCount,loan.currentApplication.borrower.ageAtApplicationYearsCount,no,no,442,90.2,198,78.9,47,19,25,28,34,49,Started,no,identifying-or-high-cardinality
40,Fees Line 1305 Descr,standard,String,STRING,str x43,$.fees[?(@.feeType == 'UserDefined_1305')].description,loan.fees[(feeType == 'UserDefined_1305')].description,no,no,43,8.8,0,0,40,,,,,,Investor Delivery,no,identifying-or-high-cardinality
41,Fees Line 1305 Borr,standard,Decimal,DECIMAL_2,float x18 | int x15,$.fees[?(@.feeType == 'UserDefined_1305')].borPaidAmount,loan.fees[(feeType == 'UserDefined_1305')].borPaidAmount,no,no,33,6.7,0,0,32,50,253.89,507.96,1211.5,8315.46,Purchasing Conditions,no,identifying-or-high-cardinality
42,Fees Line 1305 Seller,standard,Decimal,DECIMAL_2,int x6 | float x4,$.fees[?(@.feeType == 'UserDefined_1305')].sellerPaidAmount,loan.fees[(feeType == 'UserDefined_1305')].sellerPaidAmount,no,no,10,2,0,0,10,80,131.8825,880.33,1959.1075,10100,Investor Delivery,no,
43,Fees Line 1306 Descr,standard,String,STRING,str x29,$.fees[?(@.feeType == 'UserDefined_1306')].description,loan.fees[(feeType == 'UserDefined_1306')].description,no,no,29,5.9,0,0,29,,,,,,Investor Delivery,no,identifying-or-high-cardinality
44,Fees Line 1306 Borr,standard,Decimal,DECIMAL_2,int x10 | float x8,$.fees[?(@.feeType == 'UserDefined_1306')].borPaidAmount,loan.fees[(feeType == 'UserDefined_1306')].borPaidAmount,no,no,18,3.7,0,0,18,18,289.95,509.995,1644.4875,4511.55,Purchasing Conditions,no,
52,Borr Marital Status,standard,String,STRING,str x629,$.applications[0].borrower.maritalStatusType,loan.currentApplication.borrower.maritalStatusType,no,no,430,87.8,176,70.1,3,,,,,,Started,yes,
53,Borr Dependent #,standard,String,STRING,int x483,$.applications[0].borrower.dependentCount,loan.currentApplication.borrower.dependentCount,no,no,273,55.7,22,8.8,10,,,,,,Started,yes,
54,Borr Dependents Ages,standard,String,STRING,str x350,$.applications[0].borrower.dependentsAgesDescription,loan.currentApplication.borrower.dependentsAgesDescription,no,no,281,57.3,21,8.4,141,,,,,,Started,yes,identifying-or-high-cardinality
55,Fees Line 1306 Seller,standard,Decimal,DECIMAL_2,int x7 | float x5,$.fees[?(@.feeType == 'UserDefined_1306')].sellerPaidAmount,loan.fees[(feeType == 'UserDefined_1306')].sellerPaidAmount,no,no,12,2.4,0,0,11,68.21,202.9975,900,3406.25,20000,Investor Delivery,no,
60,Co-Borr Experian FICO,standard,String,STRING,str x25,$.applications[0].coborrower.experianCreditScore,loan.currentApplication.coborrower.experianCreditScore,no,no,14,2.9,11,4.4,21,,,,,,Purchasing Conditions,no,
61,FHA MCAW Prepaid Expenses,standard,Decimal,DECIMAL_2,float x421 | int x72,$.fhaVaLoan.prepaidExpenses,loan.fhaVaLoan.prepaidExpenses,no,no,412,84.1,72,28.7,478,440,1200,1636.705,2331.565,5125,Started,no,identifying-or-high-cardinality
65,Borr SSN,standard,String,SSN,str x665,$.applications[0].borrower.taxIdentificationIdentifier,loan.currentApplication.borrower.taxIdentificationIdentifier,no,no,442,90.2,197,78.5,282,,,,,,Started,yes,identifying-or-high-cardinality
66,Borr Home Phone,standard,String,PHONE,str x588,$.applications[0].borrower.homePhoneNumber,loan.currentApplication.borrower.homePhoneNumber,no,no,385,78.6,190,75.7,265,,,,,,Started,yes,identifying-or-high-cardinality
67,Borr Experian FICO,standard,String,STRING,str x408,$.applications[0].borrower.experianCreditScore,loan.currentApplication.borrower.experianCreditScore,no,no,270,55.1,132,52.6,115,,,,,,Started,yes,identifying-or-high-cardinality
68,Co-Borr First Name,standard,String,STRING,str x61,$.applications[0].coborrower.firstNameWithMiddleName,loan.currentApplication.coborrower.firstNameWithMiddleName,no,no,23,4.7,37,14.7,44,,,,,,Purchasing Conditions,no,identifying-or-high-cardinality
69,Co-Borr Last Name,standard,String,STRING,str x61,$.applications[0].coborrower.lastNameWithSuffix,loan.currentApplication.coborrower.lastNameWithSuffix,no,no,23,4.7,37,14.7,40,,,,,,Purchasing Conditions,no,identifying-or-high-cardinality
70,Co-Borr Age,standard,Int,INTEGER,int x67,$.applications[0].coborrower.ageAtApplicationYearsCount,loan.currentApplication.coborrower.ageAtApplicationYearsCount,no,no,25,5.1,41,16.3,25,18,25,26,35,64,Purchasing Conditions,no,
78,Trans Details Loan Maturity Date,standard,DateTime,DATE,date x690,$.maturityDate,loan.maturityDate,no,no,449,91.6,223,88.8,156,,,,,,Started,yes,identifying-or-high-cardinality
84,Co-Borr Marital Status,standard,String,STRING,str x55,$.applications[0].coborrower.maritalStatusType,loan.currentApplication.coborrower.maritalStatusType,no,no,22,4.5,33,13.1,2,,,,,,Purchasing Conditions,no,
85,Co-Borr # Dependents,standard,String,STRING,int x8,$.applications[0].coborrower.dependentCount,loan.currentApplication.coborrower.dependentCount,no,no,3,0.6,2,0.8,4,,,,,,,no,
86,Co-Borr Dependents Ages,standard,String,STRING,str x4,$.applications[0].coborrower.dependentsAgesDescription,loan.currentApplication.coborrower.dependentsAgesDescription,no,no,3,0.6,1,0.4,4,,,,,,,no,
87,File Contacts Escrow Co Email,standard,String,STRING,str x213,$.contacts[?(@.contactType == 'ESCROW_COMPANY')].email,loan.contacts[(contactType == 'ESCROW_COMPANY')].email,no,no,156,31.8,56,22.3,91,,,,,,Docs Out,no,identifying-or-high-cardinality
88,File Contacts Title Co Email,standard,String,STRING,str x290,$.contacts[?(@.contactType == 'TITLE_COMPANY')].email,loan.contacts[(contactType == 'TITLE_COMPANY')].email,no,no,223,45.5,64,25.5,115,,,,,,Loan Setup,no,identifying-or-high-cardinality
89,File Contacts Appraisal Co Email,standard,String,STRING,str x139,$.contacts[?(@.contactType == 'APPRAISAL_COMPANY')].email,loan.contacts[(contactType == 'APPRAISAL_COMPANY')].email,no,no,92,18.8,47,18.7,38,,,,,,Started,no,identifying-or-high-cardinality
93,File Contacts Mtg Ins Co Email,standard,String,STRING,str x1,$.contacts[?(@.contactType == 'MORTGAGE_INSURANCE')].email,loan.contacts[(contactType == 'MORTGAGE_INSURANCE')].email,no,no,0,0,1,0.4,1,,,,,,,no,identifying-or-high-cardinality
95,File Contacts Lender Email,standard,String,STRING,str x534,$.contacts[?(@.contactType == 'LENDER_INVESTOR')].email,loan.contacts[(contactType == 'LENDER_INVESTOR')].email,no,no,314,64.1,214,85.3,23,,,,,,Started,no,identifying-or-high-cardinality
97,Co-Borr SSN,standard,String,SSN,str x61,$.applications[0].coborrower.taxIdentificationIdentifier,loan.currentApplication.coborrower.taxIdentificationIdentifier,no,no,23,4.7,37,14.7,43,,,,,,Purchasing Conditions,no,identifying-or-high-cardinality
98,Co-Borr Home Phone,standard,String,PHONE,str x41,$.applications[0].coborrower.homePhoneNumber,loan.currentApplication.coborrower.homePhoneNumber,no,no,19,3.9,21,8.4,33,,,,,,Purchasing Conditions,no,identifying-or-high-cardinality
101,Income Borr Base Income,standard,Decimal,DECIMAL_2,int x6 | float x5,$.applications[0].income[?(@.owner == 'Borrower' && @.incomeType == 'Base')].amount,loan.currentApplication.income[(owner == 'Borrower' && incomeType == 'Base')].amount,no,no,6,1.2,0,0,9,7823.04,8333,10081.5,35524.1,100000,,no,
106,Income Borr Net Rental Income,standard,Decimal,DECIMAL_2,float x316 | int x12,$.applications[0].income[?(@.owner == 'Borrower' && @.incomeType == 'NetRentalIncome')].amount,loan.currentApplication.income[(owner == 'Borrower' && incomeType == 'NetRentalIncome')].amount,no,no,311,63.5,7,2.8,322,111.33,397.48,802.37,2545.94,9269,Started,no,identifying-or-high-cardinality
108,Income Borr Other Income 2,standard,Decimal,DECIMAL_2,float x1 | int x1,$.applications[0].borrower.otherSumAmount,loan.currentApplication.borrower.otherSumAmount,no,yes,2,0.4,0,0,2,,,,,,,no,
109,Insurance Borr MI Termination Date,standard,DateTime,DATE,date x672,$.regulationZ.borrowerMiTerminationDate,loan.regulationZ.borrowerMiTerminationDate,no,yes,442,90.2,212,84.5,164,,,,,,Started,no,identifying-or-high-cardinality
118,Insurance Calculation Borr MI Termination Date,standard,DateTime,DATE,date x672,$.regulationZ.miScheduledTerminationDate,loan.regulationZ.miScheduledTerminationDate,no,yes,442,90.2,212,84.5,198,,,,,,Started,no,identifying-or-high-cardinality
119,Expenses Present Rent,standard,Decimal,DECIMAL_2,int x3,$.applications[0].rentAmount,loan.currentApplication.rentAmount,no,no,2,0.4,0,0,2,,,,,,,no,
120,Expenses Present Mtg Pymt,standard,Decimal,DECIMAL_2,float x1 | int x1,$.applications[0].firstMortgagePrincipalAndInterestAmount,loan.currentApplication.firstMortgagePrincipalAndInterestAmount,no,no,1,0.2,1,0.4,2,,,,,,,no,
122,Expenses Present Haz Ins,standard,String,RA_DECIMAL_2,str x1,$.applications[0].hazardInsuranceAmount,loan.currentApplication.hazardInsuranceAmount,no,no,0,0,1,0.4,1,,,,,,,no,
123,Expenses Present Taxes,standard,String,RA_DECIMAL_2,str x1,$.applications[0].realEstateTaxAmount,loan.currentApplication.realEstateTaxAmount,no,no,0,0,1,0.4,1,,,,,,,no,
136,Trans Details Purchase Price,standard,Decimal,DECIMAL_2,int x329 | float x1,$.purchasePriceAmount,loan.purchasePriceAmount,no,no,111,22.7,208,82.9,202,95000,260000,350000,465000,1250000,Started,yes,identifying-or-high-cardinality
137,Trans Details Est Closing Costs,standard,Decimal,DECIMAL_2,float x521 | int x211,$.estimatedClosingCostsAmount,loan.estimatedClosingCostsAmount,no,no,489,99.8,231,92,637,2245,2256.97,2356.97,6445,18256.97,Started,no,identifying-or-high-cardinality
138,Trans Details Est Prepaids,standard,Decimal,DECIMAL_2,float x421 | int x73,$.estimatedPrepaidItemsAmount,loan.estimatedPrepaidItemsAmount,no,no,412,84.1,72,28.7,478,440,1146,1549.03,2263.13,5125,Started,no,identifying-or-high-cardinality
141,Trans Details Credit 1 Amt,standard,Decimal,DECIMAL_2,int x121 | float x4,$.purchaseCredits[?(@.purchaseCreditIndex == 1)].amount,loan.purchaseCredits[(purchaseCreditIndex == 1)].amount,no,no,89,18.2,23,9.2,18,250,750,850,850,65000,Cond. Approval,no,
142,Trans Details Cash From Borr,standard,Decimal,DECIMAL_2,float x620 | int x142,$.cashFromToBorrowerAmount,loan.cashFromToBorrowerAmount,no,no,489,99.8,250,99.6,698,-585743.03,2245,2256.97,2356.97,540895,Started,no,identifying-or-high-cardinality
143,Fees Total Closing Costs Seller,standard,Decimal,DECIMAL_2,float x25 | int x8,$.sellerPaidClosingCostsAmount,loan.sellerPaidClosingCostsAmount,no,no,31,6.3,2,0.8,33,25,3457.75,7344.8,24484.13,37227.77,Investor Delivery,no,identifying-or-high-cardinality
154,Fees Line 801 User Def Fee 1 Descr,standard,String,STRING,str x719,$.fees[?(@.feeType == 'UserDefinedFee_820')].description,loan.fees[(feeType == 'UserDefinedFee_820')].description,no,no,484,98.8,229,91.2,4,,,,,,Started,no,
155,Fees Line 801 User Def Fee 1 Borr,standard,Decimal,DECIMAL_2,int x576 | float x1,$.fees[?(@.feeType == 'UserDefinedFee_820')].borPaidAmount,loan.fees[(feeType == 'UserDefinedFee_820')].borPaidAmount,no,no,475,96.9,90,35.9,6,200,500,550,600,137053.15,Started,no,
169,Borr Declarations G,standard,Boolean,YN,bool x752,$.applications[0].borrower.outstandingJudgementsIndicator,loan.currentApplication.borrower.outstandingJudgementsIndicator,no,no,0,0,0,0,0,,,,,,,yes,
181,Assets/Liabilities Completed Jointly/Not Jointly,standard,String,STRING,bool x6,$.applications[0].jointAssetLiabilityReportingIndicator,loan.currentApplication.jointAssetLiabilityReportingIndicator,no,no,4,0.8,1,0.4,1,,,,,,,no,
186,File Contacts Escrow Co Escrow #,standard,String,STRING,str x3,$.contacts[?(@.contactType == 'ESCROW_COMPANY')].referenceNumber,loan.contacts[(contactType == 'ESCROW_COMPANY')].referenceNumber,no,no,2,0.4,0,0,2,,,,,,,no,
187,File Contacts Title Co Title #,standard,String,STRING,str x1,$.contacts[?(@.contactType == 'TITLE_COMPANY')].referenceNumber,loan.contacts[(contactType == 'TITLE_COMPANY')].referenceNumber,no,no,1,0.2,0,0,1,,,,,,,no,
188,Borr - I do not wish to furnish this info,standard,Boolean,YN,bool x239,$.applications[0].borrower.hmdaRefusalIndicator,loan.currentApplication.borrower.hmdaRefusalIndicator,no,no,212,43.3,21,8.4,1,,,,,,Started,no,
189,Co-Borr - I do not wish to furnish this info,standard,Boolean,YN,bool x503,$.applications[0].coborrower.hmdaRefusalIndicator,loan.currentApplication.coborrower.hmdaRefusalIndicator,no,no,477,97.3,19,7.6,1,,,,,,Started,no,
190,Subject Property Use Type,standard,String,STRING,str x764,$.property.propertyUsageType,loan.property.propertyUsageType,no,yes,490,100,251,100,2,,,,,,Started,no,
199,Trans Details Amt Available,standard,Decimal,DECIMAL_2,float x27 | int x9,$.loanSubmission.amountAvailable,loan.loanSubmission.amountAvailable,no,no,33,6.7,0,0,30,4635.57,32580.99,50000,168417.87,521026.6,Purchasing Conditions,no,identifying-or-high-cardinality
202,Trans Details Credit 1 Descr,standard,String,STRING,str x5,$.purchaseCredits[?(@.purchaseCreditIndex == 1)].purchaseCreditType,loan.purchaseCredits[(purchaseCreditIndex == 1)].purchaseCreditType,no,no,5,1,0,0,1,,,,,,Completion,no,
228,Expenses Proposed Mtg Pymt,standard,Decimal,DECIMAL_2,float x640 | int x32,$.proposedFirstMortgageAmount,loan.proposedFirstMortgageAmount,no,no,449,91.6,199,79.3,619,559.42,1061.11,1379.55,2214.84,5525.4,Started,no,identifying-or-high-cardinality
229,Expenses Proposed Other Pymt,standard,Decimal,DECIMAL_2,float x2 | int x1,$.proposedOtherMortgagesAmount,loan.proposedOtherMortgagesAmount,no,no,1,0.2,0,0,3,853.94,853.94,1274.98,75750,75750,,no,
230,Expenses Proposed Haz Ins,standard,String,RA_DECIMAL_2,str x449,$.proposedHazardInsuranceAmount,loan.proposedHazardInsuranceAmount,no,no,404,82.4,28,11.2,322,,,,,,Started,yes,identifying-or-high-cardinality
231,Fees Tax Per Mo,standard,Decimal,DECIMAL_2,float x300 | int x152,$.fees[?(@.feeType == 'PropertyTaxes')].monthlyPayment,loan.fees[(feeType == 'PropertyTaxes')].monthlyPayment,no,no,407,83.1,28,11.2,379,100,214.15,500,833.33,2000,Started,no,identifying-or-high-cardinality
233,Expenses Proposed HOA,standard,String,RA_DECIMAL_2,str x26,$.proposedDuesAmount,loan.proposedDuesAmount,no,no,18,3.7,1,0.4,13,,,,,,Purchasing Conditions,no,
234,Expenses Proposed Other Housing,standard,Decimal,DECIMAL_2,int x754 | float x18,$.proposedOtherAmount,loan.proposedOtherAmount,no,no,18,3.7,0,0,18,5.41,14.945,57.9,149.685,271.92,,no,
235,Fees Flood Ins Per Mo,standard,Decimal,DECIMAL_2,float x10 | int x2,$.fees[?(@.feeType == 'FloodInsurance')].monthlyPayment,loan.fees[(feeType == 'FloodInsurance')].monthlyPayment,no,no,12,2.4,0,0,11,24,60.7925,80.64,114.63,473.67,Purchasing Conditions,no,
253,Fees Line 1008 $ Per Mo,standard,Decimal,DECIMAL_2,float x27 | int x3,$.fees[?(@.feeType == 'UserDefined_1007')].monthlyPayment,loan.fees[(feeType == 'UserDefined_1007')].monthlyPayment,no,no,30,6.1,0,0,27,5.41,61.67,148.8,368.0175,579.41,Purchasing Conditions,no,identifying-or-high-cardinality
254,Fees Line 1009 $ Per Mo,standard,Decimal,DECIMAL_2,float x7,$.fees[?(@.feeType == 'UserDefined_1008')].monthlyPayment,loan.fees[(feeType == 'UserDefined_1008')].monthlyPayment,no,no,7,1.4,0,0,7,5.75,23.7,46.82,53.74,62.06,,no,
265,Borr Declarations M,standard,Boolean,YN,bool x749,$.applications[0].borrower.bankruptcyIndicator,loan.currentApplication.borrower.bankruptcyIndicator,no,no,0,0,0,0,0,,,,,,,yes,
273,Income Total Base Income (Borr/Co-Borr),standard,Decimal,DECIMAL_2,int x6 | float x5,$.applications[0].grossBaseIncomeAmount,loan.currentApplication.grossBaseIncomeAmount,no,yes,6,1.2,0,0,9,7823.04,8333,10081.5,35524.1,100000,,no,
299,Loan Info Refi Purpose,standard,String,STRING,str x246,$.property.gseRefinancePurposeType,loan.property.gseRefinancePurposeType,no,no,238,48.6,1,0.4,10,,,,,,Started,no,
300,Trans Details Credit Rpt Ref #,standard,String,STRING,str x318,$.applications[0].creditReportReferenceIdentifier,loan.currentApplication.creditReportReferenceIdentifier,no,no,253,51.6,61,24.3,198,,,,,,Started,no,identifying-or-high-cardinality
305,File Contacts Lender Case #,standard,String,STRING,str x548,$.lenderCaseIdentifier,loan.lenderCaseIdentifier,no,no,490,100,34,13.5,534,,,,,,Started,no,identifying-or-high-cardinality
307,Trans Details Income of Other will be used,standard,Boolean,YN,bool x5,$.applications[0].incomeOtherThanBorrowerUsedIndicator,loan.currentApplication.incomeOtherThanBorrowerUsedIndicator,no,no,4,0.8,1,0.4,1,,,,,,,no,
313,File Contacts Broker Lender City,standard,String,STRING,str x769,$.contacts[?(@.contactType == 'BROKER_LENDER')].city,loan.contacts[(contactType == 'BROKER_LENDER')].city,no,no,487,99.4,251,100,2,,,,,,Started,yes,identifying-or-high-cardinality
315,File Contacts Broker Lender Name,standard,String,STRING,str x770,$.contacts[?(@.contactType == 'BROKER_LENDER')].name,loan.contacts[(contactType == 'BROKER_LENDER')].name,no,no,488,99.6,251,100,3,,,,,,Started,yes,identifying-or-high-cardinality
317,File Contacts Loan Officer Name,standard,String,STRING,str x746,$.contacts[?(@.contactType == 'LOAN_OFFICER')].name,loan.contacts[(contactType == 'LOAN_OFFICER')].name,no,no,482,98.4,237,94.4,22,,,,,,Started,no,identifying-or-high-cardinality
319,File Contacts Broker Lender Addr,standard,String,STRING,str x769,$.contacts[?(@.contactType == 'BROKER_LENDER')].address,loan.contacts[(contactType == 'BROKER_LENDER')].address,no,no,487,99.4,251,100,4,,,,,,Started,no,
321,File Contacts Broker Lender State,standard,String,STATE,str x769,$.contacts[?(@.contactType == 'BROKER_LENDER')].state,loan.contacts[(contactType == 'BROKER_LENDER')].state,no,no,487,99.4,251,100,2,,,,,,Started,yes,
323,File Contacts Broker Lender Zip,standard,String,ZIPCODE,str x769,$.contacts[?(@.contactType == 'BROKER_LENDER')].postalCode,loan.contacts[(contactType == 'BROKER_LENDER')].postalCode,no,no,487,99.4,251,100,2,,,,,,Started,yes,identifying-or-high-cardinality
324,File Contacts Broker Lender Phone,standard,String,PHONE,str x768,$.contacts[?(@.contactType == 'BROKER_LENDER')].phone,loan.contacts[(contactType == 'BROKER_LENDER')].phone,no,no,486,99.2,251,100,3,,,,,,Started,no,identifying-or-high-cardinality
325,Trans Details Term Due In,standard,Int,INTEGER,int x749,$.loanProductData.balloonLoanMaturityTermMonthsCount,loan.loanProductData.balloonLoanMaturityTermMonthsCount,no,no,490,100,251,100,7,1,12,24,360,480,Started,no,
326,File Contacts Broker Lender Fax,standard,String,PHONE,str x766,$.contacts[?(@.contactType == 'BROKER_LENDER')].fax,loan.contacts[(contactType == 'BROKER_LENDER')].fax,no,no,486,99.2,251,100,1,,,,,,Started,no,identifying-or-high-cardinality
330,Fees Total Payable Items Origination Fee,standard,Decimal,DECIMAL_2,int x451 | float x124,$.loanSubmission.loanSubmissionFees[?(@.loanSubmissionFeeType == 'LoanOriginationFee')].total,loan.loanSubmission.loanSubmissionFees[(loanSubmissionFeeType == 'LoanOriginationFee')].total,no,yes,367,74.9,203,80.9,443,1725,3600,6000,8000,15400,Started,no,identifying-or-high-cardinality
332,Fees Interest # of Days,standard,Int,INTEGER,int x318,$.fees[?(@.feeType == 'PrepaidInterest')].days,loan.fees[(feeType == 'PrepaidInterest')].days,no,no,284,58,18,7.2,34,1,6,12,20,29,Started,no,identifying-or-high-cardinality
333,Fees Interest Per Day,standard,Decimal,DECIMAL_4,float x633 | int x6,$.fees[?(@.feeType == 'PrepaidInterest')].amountPerDay,loan.fees[(feeType == 'PrepaidInterest')].amountPerDay,no,no,424,86.5,198,78.9,592,15.9503,33.2299,47.5333,77.1315,161.6438,Started,no,identifying-or-high-cardinality
334,Fees Interest Borr,standard,Decimal,DECIMAL_2,float x301 | int x4,$.fees[?(@.feeType == 'PrepaidInterest')].borPaidAmount,loan.fees[(feeType == 'PrepaidInterest')].borPaidAmount,no,no,281,57.3,17,6.8,296,118.66,232.78,462.56,760.8125,11361.04,Started,no,identifying-or-high-cardinality
335,Unrounded and Truncated Fees Interest Per Day,standard,Decimal,DECIMAL_2,float x631 | int x7,$.fees[?(@.feeType == 'PrepaidInterest')].truncatedAmountPerDay,loan.fees[(feeType == 'PrepaidInterest')].truncatedAmountPerDay,no,yes,423,86.3,199,79.3,586,15.95,33.9,50.62,85.1,161.64,Started,no,identifying-or-high-cardinality
340,Fees Line 1008 # Mos,standard,Int,INTEGER,int x26,$.fees[?(@.feeType == 'UserDefined_1007')].numberOfMonths,loan.fees[(feeType == 'UserDefined_1007')].numberOfMonths,no,no,23,4.7,0,0,10,2,4,9,11,12,Purchasing Conditions,no,
341,Fees Line 1009 # Mos,standard,Int,INTEGER,int x8,$.fees[?(@.feeType == 'UserDefined_1008')].numberOfMonths,loan.fees[(feeType == 'UserDefined_1008')].numberOfMonths,no,no,8,1.6,0,0,4,4,5,5.5,9,10,,no,
350,Liabilities Total Liability Pymt,standard,Decimal,DECIMAL_2,int x328 | float x70,$.applications[0].totalMonthlyPaymentAmount,loan.currentApplication.totalMonthlyPaymentAmount,no,yes,343,70,39,15.5,241,40,495.75,4494,10606,50002.16,Started,no,identifying-or-high-cardinality
352,Trans Details Investor Case/Loan #,standard,String,STRING,str x44,$.tsum.investorLoanNumber,loan.tsum.investorLoanNumber,no,no,37,7.6,6,2.4,44,,,,,,Investor Delivery,no,identifying-or-high-cardinality
353,Freddie Mac Loan To Value (LTV),standard,Decimal,DECIMAL_3,int x417 | float x260,$.ltv,loan.ltv,no,no,442,90.2,212,84.5,281,50,70,75,80,170.297,Started,no,identifying-or-high-cardinality
356,Subject Property Appraised Value,standard,Int,INTEGER,int x571,$.propertyAppraisedValueAmount,loan.propertyAppraisedValueAmount,no,no,365,74.5,199,79.3,240,160000,285000,500000,600000,1100000,Started,yes,identifying-or-high-cardinality
358,Subject Property Value for LTV,standard,Decimal,DECIMAL_2,int x679 | float x1,$.ltvPropertyValue,loan.ltvPropertyValue,no,yes,444,90.6,213,84.9,292,100000,260000,360000,500000,1250000,Started,no,identifying-or-high-cardinality
362,File Contacts Loan Processor Name,standard,String,STRING,str x541,$.contacts[?(@.contactType == 'LOAN_PROCESSOR')].name,loan.contacts[(contactType == 'LOAN_PROCESSOR')].name,no,no,393,80.2,139,55.4,12,,,,,,Started,no,identifying-or-high-cardinality
364,Trans Details Loan #,standard,String,STRING,str x772,$.loanNumber,loan.loanNumber,no,no,490,100,251,100,766,,,,,,Started,yes,identifying-or-high-cardinality
367,Fees Line 801 Underwriting Fees,standard,Decimal,DECIMAL_2,int x2,$.fees[?(@.feeType == 'UnderwritingFee')].borPaidAmount,loan.fees[(feeType == 'UnderwritingFee')].borPaidAmount,no,no,1,0.2,1,0.4,2,,,,,,,no,
373,Fees Line 1206 Descr,standard,String,STRING,str x50,$.fees[?(@.feeType == 'UserDefined_1204')].description,loan.fees[(feeType == 'UserDefined_1204')].description,no,no,39,8,2,0.8,30,,,,,,Investor Delivery,no,identifying-or-high-cardinality
374,Fees Line 1206 Borr,standard,Decimal,DECIMAL_2,int x27 | float x9,$.fees[?(@.feeType == 'UserDefined_1204')].borPaidAmount,loan.fees[(feeType == 'UserDefined_1204')].borPaidAmount,no,no,33,6.7,2,0.8,33,4.75,60.75,926.25,2062.5,23225.1,Purchasing Conditions,no,identifying-or-high-cardinality
382,Expenses Total Mo Installment Exp,standard,Decimal,DECIMAL_2,int x379 | float x5,$.applications[0].monthlyInstallmentExpenseAmount,loan.currentApplication.monthlyInstallmentExpenseAmount,no,yes,330,67.3,39,15.5,178,25,81.25,730,1154,3648,Started,no,identifying-or-high-cardinality
386,FHA MCAW Total Closing Cost,standard,Decimal,DECIMAL_2,float x611 | int x121,$.fhaVaLoan.totalClosingCost,loan.fhaVaLoan.totalClosingCost,no,no,489,99.8,232,92.4,674,2995,3006.97,3106.88,8620,581645,Started,no,identifying-or-high-cardinality
388,Fees Loan Origination Fee %,standard,Decimal,DECIMAL_3,int x598 | float x106,$.fees[?(@.feeType == 'LoanOriginationFee')].percentage,loan.fees[(feeType == 'LoanOriginationFee')].percentage,no,no,406,82.9,230,91.6,31,0.002,1,1.25,2,4,Started,yes,identifying-or-high-cardinality
390,Fees Line 1202 Recording Fees Borr,standard,Decimal,DECIMAL_2,int x160 | float x18,$.fees[?(@.feeType == 'RecordingFee')].borPaidAmount,loan.fees[(feeType == 'RecordingFee')].borPaidAmount,no,no,173,35.3,2,0.8,78,165,253.75,327,400,500,Docs Out,no,identifying-or-high-cardinality
403,Borr Declarations Ownership in 3 years,standard,Boolean,YN,bool x25,$.applications[0].borrower.homeownerPastThreeYearsIndicator,loan.currentApplication.borrower.homeownerPastThreeYearsIndicator,no,no,12,2.4,0,0,1,,,,,,,no,
411,File Contacts Title Co Name,standard,String,STRING,str x307,$.closingCost.titleCompanyName,loan.closingCost.titleCompanyName,no,no,232,47.3,71,28.3,79,,,,,,Loan Setup,no,identifying-or-high-cardinality
412,File Contacts Title Co Addr,standard,String,STRING,str x288,$.contacts[?(@.contactType == 'TITLE_COMPANY')].address,loan.contacts[(contactType == 'TITLE_COMPANY')].address,no,no,221,45.1,63,25.1,74,,,,,,Loan Setup,no,identifying-or-high-cardinality
413,File Contacts Title Co City,standard,String,STRING,str x288,$.contacts[?(@.contactType == 'TITLE_COMPANY')].city,loan.contacts[(contactType == 'TITLE_COMPANY')].city,no,no,221,45.1,63,25.1,41,,,,,,Loan Setup,no,identifying-or-high-cardinality
414,File Contacts Title Co Zip,standard,String,ZIPCODE,str x288,$.contacts[?(@.contactType == 'TITLE_COMPANY')].postalCode,loan.contacts[(contactType == 'TITLE_COMPANY')].postalCode,no,no,221,45.1,63,25.1,48,,,,,,Loan Setup,no,identifying-or-high-cardinality
416,File Contacts Title Co Contact,standard,String,STRING,str x289,$.contacts[?(@.contactType == 'TITLE_COMPANY')].contactName,loan.contacts[(contactType == 'TITLE_COMPANY')].contactName,no,no,222,45.3,63,25.1,117,,,,,,Loan Setup,no,identifying-or-high-cardinality
417,File Contacts Title Co Phone,standard,String,PHONE,str x280,$.contacts[?(@.contactType == 'TITLE_COMPANY')].phone,loan.contacts[(contactType == 'TITLE_COMPANY')].phone,no,no,215,43.9,63,25.1,95,,,,,,Loan Setup,no,identifying-or-high-cardinality
418,Borr Declarations A,standard,Boolean,YN,bool x750,$.applications[0].borrower.intentToOccupyIndicator,loan.currentApplication.borrower.intentToOccupyIndicator,no,no,0,0,0,0,1,,,,,,,yes,
420,Trans Details Lien Position,standard,String,STRING,str x768,$.loanProductData.lienPriorityType,loan.loanProductData.lienPriorityType,no,no,490,100,251,100,2,,,,,,Started,yes,
424,Fannie Mae Repymt Type Code,standard,String,STRING,str x506,$.loanProductData.loanRepaymentType,loan.loanProductData.loanRepaymentType,no,no,482,98.4,18,7.2,1,,,,,,Started,no,
427,Trans Details Sub Fin First Mtg Loan Amt,standard,Decimal,DECIMAL_2,int x696 | float x1,$.firstSubordinateLienAmount,loan.firstSubordinateLienAmount,no,no,450,91.8,223,88.8,478,120000,216000,360000,450000,600000,Started,no,identifying-or-high-cardinality
428,Trans Details Sub Fin Second Mtg Loan Amt,standard,Decimal,DECIMAL_2,int x2,$.secondSubordinateAmount,loan.secondSubordinateAmount,no,no,0,0,0,0,2,,,,,,,no,
431,Trans Details Rate Lock Type,standard,String,STRING,str x2,$.loanSubmission.rateLock,loan.loanSubmission.rateLock,no,no,2,0.4,0,0,2,,,,,,,no,
432,Trans Details Rate Lock # Days,standard,Int,INTEGER,int x512,$.loanSubmission.numberOfDays,loan.loanSubmission.numberOfDays,no,no,488,99.6,18,7.2,13,15,30,30,31,63,Started,yes,
433,Fees Total Payable Items Lender,standard,Decimal,DECIMAL_2,int x472 | float x124,$.loanSubmission.totalForDueLender,loan.loanSubmission.totalForDueLender,no,yes,388,79.2,203,80.9,465,450,3431.25,5700,8250,15400,Started,no,identifying-or-high-cardinality
435,Fees Total Payable Items (Broker/Lender),standard,Decimal,DECIMAL_2,int x472 | float x124,$.loanSubmission.total,loan.loanSubmission.total,no,yes,388,79.2,203,80.9,465,450,3431.25,5700,8250,15400,Started,no,identifying-or-high-cardinality
440,Fees Appraisal Fee Lender,standard,Decimal,DECIMAL_2,int x122,$.loanSubmission.loanSubmissionFees[?(@.loanSubmissionFeeType == 'AppraisalFee')].dueLender,loan.loanSubmission.loanSubmissionFees[(loanSubmissionFeeType == 'AppraisalFee')].dueLender,no,no,78,15.9,44,17.5,32,250,700,775,900,3300,Started,no,identifying-or-high-cardinality
454,Fees Loan Origination Fee Borr,standard,Decimal,DECIMAL_2,int x451 | float x124,$.fees[?(@.feeType == 'LoanOriginationFee')].borPaidAmount,loan.fees[(feeType == 'LoanOriginationFee')].borPaidAmount,no,no,367,74.9,203,80.9,443,1725,3600,6000,8000,15400,Started,no,identifying-or-high-cardinality
462,Underwriting Negative Cash Flow,standard,Decimal,DECIMAL_2,float x327 | int x27,$.applications[0].grossNegativeCashFlow,loan.currentApplication.grossNegativeCashFlow,no,no,146,29.8,196,78.1,343,816.67,1402.525,2288.82,3419.555,8087.9,Started,no,identifying-or-high-cardinality
471,Borr Sex Male/Female,standard,String,STRING,str x252,$.applications[0].borrower.hmdaGenderType,loan.currentApplication.borrower.hmdaGenderType,no,no,209,42.7,28,11.2,3,,,,,,Started,no,
478,Co-Borr Sex Male/Female,standard,String,STRING,str x248,$.applications[0].coborrower.hmdaGenderType,loan.currentApplication.coborrower.hmdaGenderType,no,no,224,45.7,18,7.2,3,,,,,,Started,no,
479,Trans Details Application Taken By,standard,String,STRING,str x7,$.applicationTakenMethodType,loan.applicationTakenMethodType,no,no,6,1.2,1,0.4,1,,,,,,,no,
541,Property Info Flood Zone,standard,String,STRING,str x231,$.closingDocument.specialFloodHazardAreaIndictor,loan.closingDocument.specialFloodHazardAreaIndictor,no,no,197,40.2,32,12.7,6,,,,,,Started,no,
558,Fees Aggregate Adj,standard,Decimal,DECIMAL_2,float x144 | int x10,$.gfe.aggregateAdjustment,loan.gfe.aggregateAdjustment,no,no,154,31.4,0,0,152,-3131.5,-807.72,-462.36,-160,-67.6,Docs Out,no,identifying-or-high-cardinality
576,Fees Line 1206 Seller,standard,Decimal,DECIMAL_2,float x8 | int x3,$.fees[?(@.feeType == 'UserDefined_1204')].sellerPaidAmount,loan.fees[(feeType == 'UserDefined_1204')].sellerPaidAmount,no,no,11,2.2,0,0,11,4.25,237.5,2792.6,4027.5,5752.1,Purchasing Conditions,no,
587,Fees Line 1202 Recording Fee Seller,standard,Decimal,DECIMAL_2,int x3,$.fees[?(@.feeType == 'RecordingFee')].sellerPaidAmount,loan.fees[(feeType == 'RecordingFee')].sellerPaidAmount,no,no,3,0.6,0,0,2,53,53,160,160,160,,no,
590,Fees Line 1303 Seller,standard,Decimal,DECIMAL_2,int x11 | float x5,$.fees[?(@.feeType == 'UserDefined_1303')].sellerPaidAmount,loan.fees[(feeType == 'UserDefined_1303')].sellerPaidAmount,no,no,16,3.3,0,0,16,75,320,754.7,1712.735,13500,Purchasing Conditions,no,
591,Fees Line 1304 Seller,standard,Decimal,DECIMAL_2,int x8 | float x4,$.fees[?(@.feeType == 'UserDefined_1304')].sellerPaidAmount,loan.fees[(feeType == 'UserDefined_1304')].sellerPaidAmount,no,no,11,2.2,1,0.4,11,75,97.2125,234.925,1195.6525,8000,Purchasing Conditions,no,
593,Fees Line 1204 Local Tax/Stamp Seller,standard,Decimal,DECIMAL_2,int x7 | float x1,$.fees[?(@.feeType == 'City_CountyTax_Stamps')].sellerPaidAmount,loan.fees[(feeType == 'City_CountyTax_Stamps')].sellerPaidAmount,no,no,7,1.4,1,0.4,8,1425,1681.25,2275,2650,3270.25,Purchasing Conditions,no,
594,Fees Line 1205 State Tax/Stamp Seller,standard,Decimal,DECIMAL_2,float x7 | int x4,$.fees[?(@.feeType == 'StateTax_Stamps')].sellerPaidAmount,loan.fees[(feeType == 'StateTax_Stamps')].sellerPaidAmount,no,no,9,1.8,2,0.8,10,1098.8,1227.5,2250,4087.5,4905.38,Purchasing Conditions,no,
601,Subject Property Construction Status,standard,String,STRING,str x54,$.property.buildingStatusType,loan.property.buildingStatusType,no,no,52,10.6,1,0.4,1,,,,,,Submittal,no,
602,Subject Property Building Type,standard,String,STRING,str x51,$.vaLoanData.buildingType,loan.vaLoanData.buildingType,no,no,49,10,1,0.4,3,,,,,,Submittal,no,
603,Subject Property Manufactured Housing,standard,Boolean,YN,bool x130,$.commitmentTerms.manufacturedHousing,loan.commitmentTerms.manufacturedHousing,no,no,1,0.2,0,0,1,,,,,,,no,
608,Trans Details Amort Type,standard,String,STRING,str x766,$.loanAmortizationType,loan.loanAmortizationType,no,no,490,100,251,100,2,,,,,,Started,yes,
610,File Contacts Escrow Co Name,standard,String,STRING,str x241,$.closingCost.escrowCompanyName,loan.closingCost.escrowCompanyName,no,no,174,35.5,64,25.5,66,,,,,,Docs Out,no,identifying-or-high-cardinality
611,File Contacts Escrow Co Contact,standard,String,STRING,str x232,$.contacts[?(@.contactType == 'ESCROW_COMPANY')].contactName,loan.contacts[(contactType == 'ESCROW_COMPANY')].contactName,no,no,173,35.3,57,22.7,96,,,,,,Docs Out,no,identifying-or-high-cardinality
612,File Contacts Escrow Co Addr,standard,String,STRING,str x228,$.contacts[?(@.contactType == 'ESCROW_COMPANY')].address,loan.contacts[(contactType == 'ESCROW_COMPANY')].address,no,no,167,34.1,58,23.1,64,,,,,,Docs Out,no,identifying-or-high-cardinality
613,File Contacts Escrow Co City,standard,String,STRING,str x228,$.contacts[?(@.contactType == 'ESCROW_COMPANY')].city,loan.contacts[(contactType == 'ESCROW_COMPANY')].city,no,no,167,34.1,58,23.1,35,,,,,,Docs Out,no,identifying-or-high-cardinality
614,File Contacts Escrow Co Zip,standard,String,ZIPCODE,str x228,$.contacts[?(@.contactType == 'ESCROW_COMPANY')].postalCode,loan.contacts[(contactType == 'ESCROW_COMPANY')].postalCode,no,no,167,34.1,58,23.1,45,,,,,,Docs Out,no,identifying-or-high-cardinality
615,File Contacts Escrow Co Phone,standard,String,PHONE,str x224,$.contacts[?(@.contactType == 'ESCROW_COMPANY')].phone,loan.contacts[(contactType == 'ESCROW_COMPANY')].phone,no,no,167,34.1,57,22.7,81,,,,,,Docs Out,no,identifying-or-high-cardinality
617,File Contacts Appraisal Co Name,standard,String,STRING,str x221,$.contacts[?(@.contactType == 'APPRAISAL_COMPANY')].name,loan.contacts[(contactType == 'APPRAISAL_COMPANY')].name,no,no,173,35.3,48,19.1,41,,,,,,Started,no,identifying-or-high-cardinality
618,File Contacts Appraisal Co Contact,standard,String,STRING,str x193,$.contacts[?(@.contactType == 'APPRAISAL_COMPANY')].contactName,loan.contacts[(contactType == 'APPRAISAL_COMPANY')].contactName,no,no,144,29.4,48,19.1,64,,,,,,Started,no,identifying-or-high-cardinality
619,File Contacts Appraisal Co Addr,standard,String,STRING,str x139,$.contacts[?(@.contactType == 'APPRAISAL_COMPANY')].address,loan.contacts[(contactType == 'APPRAISAL_COMPANY')].address,no,no,92,18.8,47,18.7,39,,,,,,Started,no,identifying-or-high-cardinality
620,File Contacts Appraisal Co City,standard,String,STRING,str x139,$.contacts[?(@.contactType == 'APPRAISAL_COMPANY')].city,loan.contacts[(contactType == 'APPRAISAL_COMPANY')].city,no,no,92,18.8,47,18.7,34,,,,,,Started,no,identifying-or-high-cardinality
621,File Contacts Appraisal Co Zip,standard,String,ZIPCODE,str x139,$.contacts[?(@.contactType == 'APPRAISAL_COMPANY')].postalCode,loan.contacts[(contactType == 'APPRAISAL_COMPANY')].postalCode,no,no,92,18.8,47,18.7,36,,,,,,Started,no,identifying-or-high-cardinality
622,File Contacts Appraisal Co Phone,standard,String,PHONE,str x139,$.contacts[?(@.contactType == 'APPRAISAL_COMPANY')].phone,loan.contacts[(contactType == 'APPRAISAL_COMPANY')].phone,no,no,92,18.8,47,18.7,39,,,,,,Started,no,identifying-or-high-cardinality
623,File Contacts Appraisal Co Comments,standard,String,STRING,str x129,$.contacts[?(@.contactType == 'APPRAISAL_COMPANY')].comments,loan.contacts[(contactType == 'APPRAISAL_COMPANY')].comments,no,no,83,16.9,46,18.3,1,,,,,,Started,no,
624,File Contacts Cred Rpt Agency Name,standard,String,STRING,str x581,$.fees[?(@.feeType == 'CreditReportFee')].paidToName,loan.fees[(feeType == 'CreditReportFee')].paidToName,no,no,354,72.2,220,87.6,2,,,,,,Started,no,identifying-or-high-cardinality
626,File Contacts Cred Rpt Agency Addr,standard,String,STRING,str x117,$.contacts[?(@.contactType == 'CREDIT_COMPANY')].address,loan.contacts[(contactType == 'CREDIT_COMPANY')].address,no,no,95,19.4,19,7.6,1,,,,,,Started,no,
627,File Contacts Cred Rpt Agency City,standard,String,STRING,str x117,$.contacts[?(@.contactType == 'CREDIT_COMPANY')].city,loan.contacts[(contactType == 'CREDIT_COMPANY')].city,no,no,95,19.4,19,7.6,1,,,,,,Started,no,identifying-or-high-cardinality
628,File Contacts Cred Rpt Agency Zip,standard,String,ZIPCODE,str x117,$.contacts[?(@.contactType == 'CREDIT_COMPANY')].postalCode,loan.contacts[(contactType == 'CREDIT_COMPANY')].postalCode,no,no,95,19.4,19,7.6,1,,,,,,Started,no,identifying-or-high-cardinality
629,File Contacts Cred Rpt Agency Phone,standard,String,PHONE,str x117,$.contacts[?(@.contactType == 'CREDIT_COMPANY')].phone,loan.contacts[(contactType == 'CREDIT_COMPANY')].phone,no,no,95,19.4,19,7.6,1,,,,,,Started,no,identifying-or-high-cardinality
638,File Contacts Seller Name,standard,String,STRING,str x59,$.contacts[?(@.contactType == 'SELLER')].name,loan.contacts[(contactType == 'SELLER')].name,no,no,46,9.4,13,5.2,53,,,,,,Investor Delivery,no,identifying-or-high-cardinality
640,Fees Credit Report Borr,standard,Decimal,DECIMAL_2,int x448 | float x233,$.fees[?(@.feeType == 'CreditReportFee')].borPaidAmount,loan.fees[(feeType == 'CreditReportFee')].borPaidAmount,no,no,439,89.6,203,80.9,59,76.21,112.14,113.77,150,415.85,Started,no,identifying-or-high-cardinality
641,Fees Appraisal Fee Borr,standard,Decimal,DECIMAL_2,int x723,$.fees[?(@.feeType == 'AppraisalFee')].borPaidAmount,loan.fees[(feeType == 'AppraisalFee')].borPaidAmount,no,no,487,99.4,229,91.2,45,250,720,750,775,1800,Started,no,identifying-or-high-cardinality
642,Fees Haz Ins Premium Borr,standard,Decimal,DECIMAL_2,int x17 | float x9,$.fees[?(@.feeType == 'HazardInsurancePremium')].borPaidAmount,loan.fees[(feeType == 'HazardInsurancePremium')].borPaidAmount,no,no,25,5.1,1,0.4,26,80.12,893.52,1585,2565.28,4620,Investor Delivery,no,identifying-or-high-cardinality
643,Fees Flood Ins Premium Borr,standard,Decimal,DECIMAL_2,float x2 | int x2,$.fees[?(@.feeType == 'FloodInsuranceReserv')].borPaidAmount,loan.fees[(feeType == 'FloodInsuranceReserv')].borPaidAmount,no,no,4,0.8,0,0,3,872,903.8375,999.35,1062.8375,1084,,no,
644,Fees Line 1303 Borr,standard,Decimal,DECIMAL_2,float x54 | int x39,$.fees[?(@.feeType == 'UserDefined_1303')].borPaidAmount,loan.fees[(feeType == 'UserDefined_1303')].borPaidAmount,no,no,90,18.4,3,1.2,82,10,202.5,291.24,500,7004.37,Investor Delivery,no,identifying-or-high-cardinality
645,Fees Line 1304 Borr,standard,Decimal,DECIMAL_2,float x34 | int x30,$.fees[?(@.feeType == 'UserDefined_1304')].borPaidAmount,loan.fees[(feeType == 'UserDefined_1304')].borPaidAmount,no,no,64,13.1,0,0,60,29.31,210,500,1237.265,4331.25,Investor Delivery,no,identifying-or-high-cardinality
646,Lender's Title Policy Limit,standard,Decimal,DECIMAL_2,int x1,$.fees[?(@.feeType == 'UserDefined_1109')].borPaidAmount,loan.fees[(feeType == 'UserDefined_1109')].borPaidAmount,no,no,0,0,0,0,1,,,,,,,no,
647,Fees City/County/Stamps Borr,standard,Decimal,DECIMAL_2,int x2 | float x1,$.fees[?(@.feeType == 'City_CountyTax_Stamps')].borPaidAmount,loan.fees[(feeType == 'City_CountyTax_Stamps')].borPaidAmount,no,no,3,0.6,0,0,3,10,10,2250,3177.9,3177.9,,no,identifying-or-high-cardinality
648,Fees State Tax/Stamps Borr,standard,Decimal,DECIMAL_2,int x6 | float x2,$.fees[?(@.feeType == 'StateTax_Stamps')].borPaidAmount,loan.fees[(feeType == 'StateTax_Stamps')].borPaidAmount,no,no,8,1.6,0,0,8,452.3,1124.5,2678.45,8456.25,9980,Purchasing Conditions,no,
650,Fees Line 1303 Descr,standard,String,STRING,str x110,$.fees[?(@.feeType == 'UserDefined_1303')].description,loan.fees[(feeType == 'UserDefined_1303')].description,no,no,107,21.8,3,1.2,90,,,,,,Investor Delivery,no,identifying-or-high-cardinality
651,Fees Line 1304 Descr,standard,String,STRING,str x77,$.fees[?(@.feeType == 'UserDefined_1304')].description,loan.fees[(feeType == 'UserDefined_1304')].description,no,no,76,15.5,1,0.4,68,,,,,,Investor Delivery,no,identifying-or-high-cardinality
655,Fees Tax Borr,standard,Decimal,DECIMAL_2,float x265 | int x146,$.fees[?(@.feeType == 'PropertyTaxes')].borPaidAmount,loan.fees[(feeType == 'PropertyTaxes')].borPaidAmount,no,yes,397,81,8,3.2,355,185,428.3,1000,1600,3625,Started,no,identifying-or-high-cardinality
656,Fees Hazard Ins Borr,standard,Decimal,DECIMAL_2,float x226 | int x182,$.fees[?(@.feeType == 'HazardInsurance')].borPaidAmount,loan.fees[(feeType == 'HazardInsurance')].borPaidAmount,no,yes,395,80.6,8,3.2,310,100,200,232,375,2400,Started,no,identifying-or-high-cardinality
657,Fees Flood Ins Borr,standard,Decimal,DECIMAL_2,float x10 | int x2,$.fees[?(@.feeType == 'FloodInsurance')].borPaidAmount,loan.fees[(feeType == 'FloodInsurance')].borPaidAmount,no,yes,12,2.4,0,0,12,72,124.125,239.55,397.635,2368.35,Purchasing Conditions,no,
658,Fees Line 1008 Borr,standard,Decimal,DECIMAL_2,float x18 | int x3,$.fees[?(@.feeType == 'UserDefined_1007')].borPaidAmount,loan.fees[(feeType == 'UserDefined_1007')].borPaidAmount,no,yes,21,4.3,0,0,20,50.96,276.94,682.66,1723.03,6373.51,Purchasing Conditions,no,
659,Fees Line 1009 Borr,standard,Decimal,DECIMAL_2,float x7,$.fees[?(@.feeType == 'UserDefined_1008')].borPaidAmount,loan.fees[(feeType == 'UserDefined_1008')].borPaidAmount,no,yes,7,1.4,0,0,7,34.5,94.8,310.3,351.9,477.6,,no,
660,Fees Line 1008 Descr,standard,String,STRING,str x30,$.fees[?(@.feeType == 'UserDefined_1007')].description,loan.fees[(feeType == 'UserDefined_1007')].description,no,no,30,6.1,0,0,11,,,,,,Purchasing Conditions,no,
661,Fees Line 1009 Descr,standard,String,STRING,str x7,$.fees[?(@.feeType == 'UserDefined_1008')].description,loan.fees[(feeType == 'UserDefined_1008')].description,no,no,7,1.4,0,0,5,,,,,,,no,
662,Trans Details Initial/Final Disclosure,standard,String,STRING,str x507,$.regulationZ.disclosureType,loan.regulationZ.disclosureType,no,no,482,98.4,20,8,2,,,,,,Started,no,
665,REGZ Pymt Sched Variable Rate Feature,standard,Boolean,YN,bool x1,$.regulationZ.variableRateFeatureIndicator,loan.regulationZ.variableRateFeatureIndicator,no,no,0,0,0,0,1,,,,,,,no,
666,REGZ Pymt Sched Additional Info,standard,String,STRING,str x2,$.regulationZ.additionalArmInformation,loan.regulationZ.additionalArmInformation,no,no,2,0.4,0,0,2,,,,,,,no,
671,Trans Details Goods Prchsd/Prprty Owned,standard,String,STRING,str x2,$.regulationZ.securityType,loan.regulationZ.securityType,no,no,2,0.4,0,0,1,,,,,,,no,
672,Trans Details Late Charge Days,standard,Int,INTEGER,int x524,$.regulationZ.lateChargeDays,loan.regulationZ.lateChargeDays,no,no,490,100,20,8,2,5,15,15,15,15,Started,no,
674,Trans Details Late Charge %,standard,Decimal,DECIMAL_3,int x720,$.regulationZ.lateChargePercent,loan.regulationZ.lateChargePercent,no,no,490,100,207,82.5,2,2,2,5,5,5,Started,no,
675,Prepayment Penalty,standard,Boolean,YN,bool x772,$.loanProductData.prepaymentPenaltyIndicator,loan.loanProductData.prepaymentPenaltyIndicator,no,no,466,95.1,0,0,1,,,,,,Started,no,
676,Insurance Flood,standard,Boolean,YN,bool x1,$.regulationZ.floodInsuranceIndicator,loan.regulationZ.floodInsuranceIndicator,no,no,1,0.2,0,0,1,,,,,,,no,
677,Trans Details Assumption May/May Not,standard,String,STRING,str x755,$.regulationZ.assumptionOnYourProperty,loan.regulationZ.assumptionOnYourProperty,no,no,490,100,251,100,1,,,,,,Started,no,
679,Trans Details Dates/Num Discl Are Estimates,standard,Boolean,YN,bool x9,$.regulationZ.allDateAndNumericalDisclosuresIndicator,loan.regulationZ.allDateAndNumericalDisclosuresIndicator,no,no,0,0,0,0,1,,,,,,,no,
680,Trans Details E Means Estimate,standard,Boolean,YN,bool x9,$.regulationZ.meansAnEstimateIndicator,loan.regulationZ.meansAnEstimateIndicator,no,no,0,0,0,0,1,,,,,,,no,
682,Trans Details First Pymt Date,standard,DateTime,DATE,date x404,$.loanProductData.scheduledFirstPaymentDate,loan.loanProductData.scheduledFirstPaymentDate,no,no,288,58.8,110,43.8,18,,,,,,Started,no,
699,Subject Property MSA #,standard,String,STRING,str x603,$.hmda.msaNumber,loan.hmda.msaNumber,no,no,420,85.7,161,64.1,41,,,,,,Started,no,identifying-or-high-cardinality
700,Subject Property Census Tract,standard,String,STRING,str x422,$.hmda.censusTrack,loan.hmda.censusTrack,no,no,324,66.1,89,35.5,295,,,,,,Started,no,identifying-or-high-cardinality
701,File Contacts Seller Addr,standard,String,STRING,str x12,$.contacts[?(@.contactType == 'SELLER')].address,loan.contacts[(contactType == 'SELLER')].address,no,no,11,2.2,1,0.4,11,,,,,,Purchasing Conditions,no,
702,File Contacts Seller City,standard,String,STRING,str x12,$.contacts[?(@.contactType == 'SELLER')].city,loan.contacts[(contactType == 'SELLER')].city,no,no,11,2.2,1,0.4,8,,,,,,Purchasing Conditions,no,identifying-or-high-cardinality
703,File Contacts Seller Zip,standard,String,ZIPCODE,str x10,$.contacts[?(@.contactType == 'SELLER')].postalCode,loan.contacts[(contactType == 'SELLER')].postalCode,no,no,10,2,0,0,9,,,,,,Purchasing Conditions,no,identifying-or-high-cardinality
707,File Contacts Mtg Ins Co Contact Name,standard,String,STRING,str x1,$.contacts[?(@.contactType == 'MORTGAGE_INSURANCE')].contactName,loan.contacts[(contactType == 'MORTGAGE_INSURANCE')].contactName,no,no,0,0,1,0.4,1,,,,,,,no,identifying-or-high-cardinality
708,File Contacts Mtg Ins Co Addr,standard,String,STRING,str x1,$.contacts[?(@.contactType == 'MORTGAGE_INSURANCE')].address,loan.contacts[(contactType == 'MORTGAGE_INSURANCE')].address,no,no,0,0,1,0.4,1,,,,,,,no,
709,File Contacts Mtg Ins Co City,standard,String,STRING,str x1,$.contacts[?(@.contactType == 'MORTGAGE_INSURANCE')].city,loan.contacts[(contactType == 'MORTGAGE_INSURANCE')].city,no,no,0,0,1,0.4,1,,,,,,,no,identifying-or-high-cardinality
710,File Contacts Mtg Ins Co Zip,standard,String,ZIPCODE,str x1,$.contacts[?(@.contactType == 'MORTGAGE_INSURANCE')].postalCode,loan.contacts[(contactType == 'MORTGAGE_INSURANCE')].postalCode,no,no,0,0,1,0.4,1,,,,,,,no,identifying-or-high-cardinality
711,File Contacts Mtg Ins Co Phone,standard,String,PHONE,str x1,$.contacts[?(@.contactType == 'MORTGAGE_INSURANCE')].phone,loan.contacts[(contactType == 'MORTGAGE_INSURANCE')].phone,no,no,0,0,1,0.4,1,,,,,,,no,identifying-or-high-cardinality
720,Subject Property Street Access,standard,String,STRING,str x181,$.vaLoanData.streetAccess,loan.vaLoanData.streetAccess,no,no,133,27.1,47,18.7,2,,,,,,Started,no,identifying-or-high-cardinality
721,Subject Property Street Maint,standard,String,STRING,str x129,$.vaLoanData.streetMaintenance,loan.vaLoanData.streetMaintenance,no,no,83,16.9,46,18.3,1,,,,,,Started,no,identifying-or-high-cardinality
727,Subject Property Owner Name,standard,String,STRING,str x27,$.vaLoanData.nameOfOwner,loan.vaLoanData.nameOfOwner,no,no,26,5.3,1,0.4,25,,,,,,Purchasing Conditions,no,identifying-or-high-cardinality
728,Subject Property Type,standard,String,STRING,str x154,$.vaLoanData.propertyOccupancyType,loan.vaLoanData.propertyOccupancyType,no,no,105,21.4,48,19.1,3,,,,,,Started,no,
732,Assets Total Assets,standard,Decimal,DECIMAL_2,int x336 | float x29,$.applications[0].totalAssetsAmount,loan.currentApplication.totalAssetsAmount,no,yes,332,67.8,22,8.8,238,5000,220000,300000,525000,1100000,Started,no,identifying-or-high-cardinality
733,Liabilities Total Liability Balance,standard,Decimal,DECIMAL_2,int x263 | float x144,$.applications[0].borrower.totalLiabilitiesBalanceAmount,loan.currentApplication.borrower.totalLiabilitiesBalanceAmount,no,no,348,71,43,17.1,300,452,162364,425883,3374298.26,13237528.94,Started,no,identifying-or-high-cardinality
734,Liabilities Net Worth,standard,Decimal,DECIMAL_2,int x252 | float x169,$.applications[0].netWorthAmount,loan.currentApplication.netWorthAmount,no,yes,360,73.5,45,17.9,393,-4236011.02,-999310.5,-517,148941,1321816,Started,no,identifying-or-high-cardinality
736,Income Total Mo Income,standard,Decimal,DECIMAL_2,float x319 | int x14,$.applications[0].totalIncomeAmount,loan.currentApplication.totalIncomeAmount,no,yes,315,64.3,7,2.8,326,111.33,397.48,815.03,3927.7825,100000,Started,no,identifying-or-high-cardinality
737,Expenses Present Total Housing,standard,Decimal,DECIMAL_2,int x3 | float x1,$.applications[0].borrower.totalPresentHousingExpenseAmount,loan.currentApplication.borrower.totalPresentHousingExpenseAmount,no,yes,3,0.6,1,0.4,4,2400,2519.9075,3939.815,6500,7000,,no,
739,FHA MCAW Total Mtg Pymt,standard,Decimal,DECIMAL_2,int x25 | float x4,$.applications[0].mcawTotalMortgagePaymentAmount,loan.currentApplication.mcawTotalMortgagePaymentAmount,no,yes,2,0.4,1,0.4,6,708.33,1070.3325,1808.81,3909.7225,7000,,no,
740,Trans Details Qual Ratio Top,standard,Decimal,DECIMAL_3,float x4,$.applications[0].topRatioPercent,loan.currentApplication.topRatioPercent,no,yes,1,0.2,0,0,4,0.362,2.5475,16.543,202.6327,262.183,,no,
742,Trans Details Qual Ratio Bottom,standard,Decimal,DECIMAL_3,float x274 | int x1,$.applications[0].bottomRatioPercent,loan.currentApplication.bottomRatioPercent,no,no,262,53.5,2,0.8,271,0.451,23.209,155.772,342.715,4410.23,Started,no,identifying-or-high-cardinality
743,Trans Details Amt Required To Close,standard,Decimal,DECIMAL_2,float x620 | int x142,$.loanSubmission.amountRequiredToClose,loan.loanSubmission.amountRequiredToClose,no,no,489,99.8,250,99.6,698,-585743.03,2245,2256.97,2356.97,540895,Started,no,identifying-or-high-cardinality
745,Trans Details Application Date,standard,DateTime,DATE,date x772,$.originationDate,loan.originationDate,no,no,490,100,251,100,293,,,,,,Started,no,identifying-or-high-cardinality
748,Trans Details Closed Date,standard,DateTime,DATE,date x404,$.fhaVaLoan.closingDate,loan.fhaVaLoan.closingDate,no,no,287,58.6,111,44.2,204,,,,,,Docs Out,no,identifying-or-high-cardinality
749,Trans Details Current Status Date,standard,DateTime,DATE,date x451,$.adverseActionDate,loan.adverseActionDate,no,no,330,67.3,116,46.2,229,,,,,,Started,no,identifying-or-high-cardinality
761,Trans Details Lock Date,standard,DateTime,DATE,date x188,$.loanSubmission.lockDate,loan.loanSubmission.lockDate,no,no,187,38.2,0,0,98,,,,,,Docs Out,yes,identifying-or-high-cardinality
762,Trans Details Rate Lock Expires,standard,DateTime,DATE,date x190,$.loanSubmission.lockExpiresDate,loan.loanSubmission.lockExpiresDate,no,no,187,38.2,2,0.8,101,,,,,,Docs Out,yes,identifying-or-high-cardinality
763,Trans Details Est Closing Date,standard,DateTime,DATE,date x439,$.loanProductData.loanScheduledClosingDate,loan.loanProductData.loanScheduledClosingDate,no,no,301,61.4,134,53.4,185,,,,,,Started,yes,identifying-or-high-cardinality
799,Trans Details APR,standard,Decimal,DECIMAL_3,float x684 | int x12,$.regulationZ.aprPercent,loan.regulationZ.aprPercent,no,no,450,91.8,220,87.6,600,0.159,6.999,7.273,7.515,11.945,Started,no,identifying-or-high-cardinality
901,Income Total Base Income (Borr/Co-Borr),standard,Decimal,DECIMAL_2,int x6 | float x5,$.applications[0].totalBaseIncomeAmount,loan.currentApplication.totalBaseIncomeAmount,no,yes,6,1.2,0,0,9,7823.04,8333,10081.5,35524.1,100000,,no,
906,Income Total Net Rent Income (Borr/Co-Borr),standard,Decimal,DECIMAL_2,float x316 | int x12,$.applications[0].totalNetRentalIncomeAmount,loan.currentApplication.totalNetRentalIncomeAmount,no,yes,311,63.5,7,2.8,322,111.33,397.48,802.37,2545.94,9269,Started,no,identifying-or-high-cardinality
908,Income Total Other 2 (Borr/Co-Borr),standard,Decimal,DECIMAL_2,float x1 | int x1,$.applications[0].totalOther2Amount,loan.currentApplication.totalOther2Amount,no,yes,2,0.4,0,0,2,,,,,,,no,
909,Trans Details Total Mtg Mo Pymt,standard,Decimal,DECIMAL_2,float x307 | int x29,$.applications[0].totalMortgagesMonthlyPaymentAmount,loan.currentApplication.totalMortgagesMonthlyPaymentAmount,no,yes,305,62.2,21,8.4,319,648.02,1515.87,3613.88,6584.6775,37212.15,Started,no,identifying-or-high-cardinality
910,Income Borr Total income,standard,Decimal,DECIMAL_2,float x319 | int x14,$.applications[0].borrower.totalMonthlyIncomeMinusNetRentalAmount,loan.currentApplication.borrower.totalMonthlyIncomeMinusNetRentalAmount,no,yes,315,64.3,7,2.8,326,111.33,397.48,815.03,3927.7825,100000,Started,no,identifying-or-high-cardinality
912,Expenses Proposed Total Housing,standard,Decimal,DECIMAL_2,float x643 | int x36,$.proposedHousingExpenseTotal,loan.proposedHousingExpenseTotal,no,no,452,92.2,202,80.5,657,915.63,1419.42,2288.82,3784.395,8087.9,Started,yes,identifying-or-high-cardinality
915,Assets Subtotal Liquid Assets,standard,Decimal,DECIMAL_2,float x27 | int x15,$.applications[0].borrower.subtotalLiquidAssetsMinusGiftAmount,loan.currentApplication.borrower.subtotalLiquidAssetsMinusGiftAmount,no,no,39,8,0,0,34,4635.57,25309.1,50000,157949.24,521026.6,Purchasing Conditions,no,identifying-or-high-cardinality
919,Assets Real Estate Owned,standard,Decimal,DECIMAL_2,int x306,$.applications[0].reoTotalMarketValueAmount,loan.currentApplication.reoTotalMarketValueAmount,no,yes,276,56.3,20,8,188,160000,260000,390000,600000,1569500,Started,no,identifying-or-high-cardinality
920,Income Total Amt of Mortgages Income,standard,Decimal,DECIMAL_2,int x150 | float x134,$.applications[0].reoTotalMortgagesAndLiensAmount,loan.currentApplication.reoTotalMortgagesAndLiensAmount,no,yes,252,51.4,21,8.4,213,111672,419183,1294242.31,4217529.02,13194110.94,Started,no,identifying-or-high-cardinality
921,Income Total Gross Rent Income,standard,Decimal,DECIMAL_2,int x111 | float x3,$.applications[0].reoTotalGrossRentalIncomeAmount,loan.currentApplication.reoTotalGrossRentalIncomeAmount,no,yes,99,20.2,10,4,64,1800,3500,3700,11000,39108,Started,no,identifying-or-high-cardinality
922,Income Total Mortgage Pymts Income,standard,Decimal,DECIMAL_2,float x307 | int x29,$.applications[0].reoTotalMortgagePaymentsAmount,loan.currentApplication.reoTotalMortgagePaymentsAmount,no,yes,305,62.2,21,8.4,319,648.02,1515.87,3613.88,6584.6775,37212.15,Started,no,identifying-or-high-cardinality
923,Income Total Ins/Tax/Exp Income,standard,Decimal,DECIMAL_2,float x223 | int x60,$.applications[0].reoTotalMaintenanceAmount,loan.currentApplication.reoTotalMaintenanceAmount,no,yes,277,56.5,0,0,270,145.08,249.75,357.58,628.0625,3378.67,Started,no,identifying-or-high-cardinality
924,Income Total Net Rental Income,standard,Int,INTEGER,int x326,$.applications[0].reoTotalNetRentalIncomeAmount,loan.currentApplication.reoTotalNetRentalIncomeAmount,no,yes,297,60.6,22,8.8,314,-31271,-4802,-1563,183,9508,Started,no,identifying-or-high-cardinality
936,FHA MCAW Borr Other Mo Income,standard,Decimal,DECIMAL_2,int x2 | float x1,$.applications[0].mcawBorrowerOtherMonthlyIncomeAmount,loan.currentApplication.mcawBorrowerOtherMonthlyIncomeAmount,no,yes,2,0.4,0,0,2,,,,,,,no,
941,Trans Details Total Mtg Bal,standard,Decimal,DECIMAL_2,int x150 | float x134,$.applications[0].totalMortgagesBalanceAmount,loan.currentApplication.totalMortgagesBalanceAmount,no,yes,252,51.4,21,8.4,213,111672,419183,1294242.31,4217529.02,13194110.94,Started,no,identifying-or-high-cardinality
948,REGZ Total Amt Financed,standard,Decimal,DECIMAL_2,int x622 | float x140,$.regulationZ.amountFinanced,loan.regulationZ.amountFinanced,no,no,489,99.8,250,99.6,620,-2245,-2095,-1200,218255,781905,Started,no,identifying-or-high-cardinality
949,Fees Total Prepaid Finance Charges,standard,Decimal,DECIMAL_2,int x576 | float x140,$.regulationZ.prepaidFinanceCharge,loan.regulationZ.prepaidFinanceCharge,no,yes,477,97.3,230,91.6,486,1200,2095,2245,6145,14095,Started,no,identifying-or-high-cardinality
965,Borr Declarations J,standard,Boolean,YN,bool x577,$.applications[0].borrower.declarationsJIndicator,loan.currentApplication.borrower.declarationsJIndicator,no,no,488,99.6,68,27.1,1,,,,,,Started,no,
974,File Contacts Appraisal Co License #,standard,String,STRING,str x191,$.contacts[?(@.contactType == 'APPRAISAL_COMPANY')].personalLicenseNumber,loan.contacts[(contactType == 'APPRAISAL_COMPANY')].personalLicenseNumber,no,no,143,29.2,47,18.7,56,,,,,,Started,no,identifying-or-high-cardinality
975,Freddie Mac Total Loan to Value (TLTV),standard,Decimal,DECIMAL_3,int x417 | float x260,$.tltv,loan.tltv,no,no,442,90.2,212,84.5,281,50,70,75,80,170.297,Started,no,identifying-or-high-cardinality
976,Trans Details Comb Loan to Value (CLTV),standard,Decimal,DECIMAL_3,int x411 | float x266,$.combinedLtv,loan.combinedLtv,no,no,442,90.2,212,84.5,286,50,70,75,80,170.297,Started,no,identifying-or-high-cardinality
979,Assets Total Bank Deposits,standard,Decimal,DECIMAL_2,float x27 | int x9,$.applications[0].totalDeposit,loan.currentApplication.totalDeposit,no,yes,33,6.7,0,0,30,4635.57,32580.99,50000,168417.87,521026.6,Purchasing Conditions,no,identifying-or-high-cardinality
981,Borr Declarations Ownership Occupancy,standard,String,STRING,str x1,$.applications[0].borrower.priorPropertyUsageType,loan.currentApplication.borrower.priorPropertyUsageType,no,no,1,0.2,0,0,1,,,,,,,no,
984,File Contacts Underwriter Contact,standard,String,STRING,str x166,$.contacts[?(@.contactType == 'UNDERWRITER')].contactName,loan.contacts[(contactType == 'UNDERWRITER')].contactName,no,no,153,31.2,10,4,5,,,,,,Cond. Approval,no,
985,Co-Borr Declarations J,standard,Boolean,YN,bool x22,$.applications[0].coborrower.declarationsJIndicator,loan.currentApplication.coborrower.declarationsJIndicator,no,no,13,2.7,9,3.6,1,,,,,,,no,
993,Income Total Mo Gross Income,standard,Decimal,DECIMAL_2,float x319 | int x14,$.applications[0].vaSummaryTotalMonthlyGrossIncomeAmount,loan.currentApplication.vaSummaryTotalMonthlyGrossIncomeAmount,no,no,315,64.3,7,2.8,326,111.33,397.48,815.03,3927.7825,100000,Started,no,identifying-or-high-cardinality
1000,Field 1000,standard,String,STRING,str x772,$.emXmlVersionId,loan.emXmlVersionId,no,yes,490,100,251,100,1,,,,,,Started,no,
1005,Subject Property Gross Rent,standard,Decimal,DECIMAL_2,int x336 | float x5,$.subjectPropertyGrossRentalIncomeAmount,loan.subjectPropertyGrossRentalIncomeAmount,no,no,323,65.9,8,3.2,139,1700,2550,3500,4600,7500,Started,yes,identifying-or-high-cardinality
1011,File Contacts Escrow Co Fax,standard,String,PHONE,str x75,$.contacts[?(@.contactType == 'ESCROW_COMPANY')].fax,loan.contacts[(contactType == 'ESCROW_COMPANY')].fax,no,no,52,10.6,22,8.8,27,,,,,,Purchasing Conditions,no,identifying-or-high-cardinality
1012,Subject Property Project Classification,standard,String,STRING,str x1,$.loanProductData.gseProjectClassificationType,loan.loanProductData.gseProjectClassificationType,no,no,1,0.2,0,0,1,,,,,,,no,
1014,Trans Details Qual Rate,standard,Decimal,DECIMAL_3,float x123 | int x19,$.loanProductData.qualifyingRatePercent,loan.loanProductData.qualifyingRatePercent,no,no,128,26.1,13,5.2,29,6,6.75,7,7.2812,100,LO Prep,no,identifying-or-high-cardinality
1031,VA Annual RE Taxes,standard,Decimal,DECIMAL_2,int x133,$.vaLoanData.annualRealEstateTaxes,loan.vaLoanData.annualRealEstateTaxes,no,no,86,17.6,47,18.7,129,304,2500,3659,7294,16827,Started,no,identifying-or-high-cardinality
1041,Subject Property Type Fannie Mae,standard,String,STRING,str x549,$.loanProductData.gsePropertyType,loan.loanProductData.gsePropertyType,no,no,490,100,44,17.5,5,,,,,,Started,yes,
1042,Subject Property Lot Dimensions,standard,String,STRING,str x173,$.vaLoanData.lotDimensions,loan.vaLoanData.lotDimensions,no,no,125,25.5,47,18.7,151,,,,,,Started,no,identifying-or-high-cardinality
1043,Subject Property Irreg Sq Ft,standard,Int,INTEGER,int x173,$.vaLoanData.irregularLotSizeInSquareFeet,loan.vaLoanData.irregularLotSizeInSquareFeet,no,no,122,24.9,45,17.9,128,2,2500,3920,7405,15000,Started,no,identifying-or-high-cardinality
1046,FHA MCAW Discounts,standard,Decimal,DECIMAL_2,float x14 | int x3,$.fhaVaLoan.discountPoints,loan.fhaVaLoan.discountPoints,no,no,17,3.5,0,0,17,220.31,564.845,1143.75,1699.69,6600,Purchasing Conditions,no,
1051,Trans Details MERS MIN #,standard,String,STRING,str x771,$.mersNumber,loan.mersNumber,no,no,490,100,251,100,771,,,,,,Started,yes,identifying-or-high-cardinality
1066,Subject Property Estate Held,standard,String,STRING,str x591,$.property.propertyRightsType,loan.property.propertyRightsType,no,no,489,99.8,77,30.7,1,,,,,,Started,no,
1068,HUD Commit Issued Date,standard,DateTime,DATE,date x54,$.commitmentTerms.commitmentIssued,loan.commitmentTerms.commitmentIssued,no,no,52,10.6,1,0.4,36,,,,,,Submittal,no,identifying-or-high-cardinality
1069,Borr Declarations Ownership Title,standard,String,STRING,str x1,$.applications[0].borrower.priorPropertyTitleType,loan.currentApplication.borrower.priorPropertyTitleType,no,no,1,0.2,0,0,1,,,,,,,no,
1073,Fees Total Costs,standard,Decimal,DECIMAL_2,float x620 | int x137,$.totalFeesCostAmount,loan.totalFeesCostAmount,no,no,489,99.8,248,98.8,691,2245,2256.97,2345,260000,1110895,Started,no,identifying-or-high-cardinality
1075,HUD Expenses Total Mo Expenses Est,standard,Decimal,DECIMAL_2,float x320 | int x138,$.commitmentTerms.totalMonthlyExpense,loan.commitmentTerms.totalMonthlyExpense,no,yes,412,84.1,30,12,413,200,313.99,600,1168.965,2562.5,Started,no,identifying-or-high-cardinality
1082,HUD Improved Living Area,standard,String,STRING,str x165,$.commitmentTerms.improvedLivingAreas,loan.commitmentTerms.improvedLivingAreas,no,no,117,23.9,47,18.7,159,,,,,,Started,no,identifying-or-high-cardinality
1086,Trans Details Qual Rate Basis,standard,String,STRING,str x142,$.tsum.noteRateType,loan.tsum.noteRateType,no,no,128,26.1,13,5.2,3,,,,,,LO Prep,no,
1088,Income Borr Mo Income,standard,Decimal,DECIMAL_2,int x6 | float x5,$.applications[0].borrower.baseMonthlyIncomeAmount,loan.currentApplication.borrower.baseMonthlyIncomeAmount,no,no,6,1.2,0,0,9,7823.04,8333,10081.5,35524.1,100000,,no,
1090,FHA MCAW Mtg Basis,standard,Decimal,DECIMAL_2,int x329 | float x1,$.mcaw.mortgageBasisPurchase,loan.mcaw.mortgageBasisPurchase,no,yes,111,22.7,208,82.9,201,95000,260000,350000,450000,910000,Started,no,identifying-or-high-cardinality
1091,Trans Details Credit 2 Descr,standard,String,STRING,str x4,$.purchaseCredits[?(@.purchaseCreditIndex == 2)].purchaseCreditType,loan.purchaseCredits[(purchaseCreditIndex == 2)].purchaseCreditType,no,no,3,0.6,0,0,2,,,,,,,no,
1092,Trans Details Refinance,standard,Decimal,DECIMAL_2,float x138 | int x57,$.refinanceIncludingDebtsToBePaidOffAmount,loan.refinanceIncludingDebtsToBePaidOffAmount,no,no,195,39.8,0,0,182,58800,165469.0575,312332.38,430721.7725,845682.35,Started,no,identifying-or-high-cardinality
1093,Fees Loan Discount Fee Borr,standard,Decimal,DECIMAL_2,float x14 | int x3,$.borrowerPaidDiscountPointsAmount,loan.borrowerPaidDiscountPointsAmount,no,no,17,3.5,0,0,17,220.31,564.845,1143.75,1699.69,6600,Purchasing Conditions,no,
1094,FHA MCAW Assets Available,standard,Decimal,DECIMAL_2,float x27 | int x15,$.applications[0].assetsAvailableAmount,loan.currentApplication.assetsAvailableAmount,no,no,39,8,0,0,34,4635.57,25309.1,50000,157949.24,521026.6,Purchasing Conditions,no,identifying-or-high-cardinality
1095,Trans Details Credit 2 Amt,standard,Decimal,DECIMAL_2,int x6 | float x1,$.purchaseCredits[?(@.purchaseCreditIndex == 2)].amount,loan.purchaseCredits[(purchaseCreditIndex == 2)].amount,no,no,6,1.2,0,0,7,400,720,750,46000,225000,Purchasing Conditions,no,
1096,Subject Property Legal Descr Utilities Elec,standard,String,STRING,str x129,$.vaLoanData.utilitiesElectricDescription,loan.vaLoanData.utilitiesElectricDescription,no,no,83,16.9,46,18.3,2,,,,,,Started,no,
1097,Subject Property Legal Descr Utilities Gas,standard,String,STRING,str x129,$.vaLoanData.utilitiesGasDescription,loan.vaLoanData.utilitiesGasDescription,no,no,83,16.9,46,18.3,2,,,,,,Started,no,
1098,Subject Property Legal Descr Utilities Water,standard,String,STRING,str x129,$.vaLoanData.utilitiesWaterDescription,loan.vaLoanData.utilitiesWaterDescription,no,no,83,16.9,46,18.3,2,,,,,,Started,no,
1099,Subject Property Legal Descr Utilities Sewer,standard,String,STRING,str x129,$.vaLoanData.utilitiesSewerDescription,loan.vaLoanData.utilitiesSewerDescription,no,no,83,16.9,46,18.3,2,,,,,,Started,no,
1106,Trans Details Credit 3 Descr,standard,String,STRING,str x14,$.purchaseCredits[?(@.purchaseCreditIndex == 3)].purchaseCreditType,loan.purchaseCredits[(purchaseCreditIndex == 3)].purchaseCreditType,no,no,11,2.2,1,0.4,2,,,,,,Purchasing Conditions,no,
1109,Trans Details Loan Amt,standard,Decimal,DECIMAL_2,int x696,$.borrowerRequestedLoanAmount,loan.borrowerRequestedLoanAmount,no,no,450,91.8,223,88.8,476,120000,216000,360000,450000,600000,Started,yes,identifying-or-high-cardinality
1115,Trans Details Credit 3 Amt,standard,Decimal,DECIMAL_2,int x13 | float x1,$.purchaseCredits[?(@.purchaseCreditIndex == 3)].amount,loan.purchaseCredits[(purchaseCreditIndex == 3)].amount,no,no,11,2.2,1,0.4,13,618,909.25,2281.5,5850,60000,Purchasing Conditions,no,
1116,FHA MCAW Attach A Info A2:6% of Line A1,standard,Decimal,DECIMAL_2,int x312 | float x18,$.mcaw.sixPercentOfLineA1,loan.mcaw.sixPercentOfLineA1,no,yes,111,22.7,208,82.9,202,5700,15600,21000,27900,75000,Started,no,identifying-or-high-cardinality
1117,FHA MCAW Min Down Pymt,standard,Decimal,DECIMAL_2,int x286 | float x45,$.fhaVaLoan.minimumDownPayment,loan.fhaVaLoan.minimumDownPayment,no,yes,111,22.7,209,83.3,202,3325,9100,12250,15750,31850,Started,no,identifying-or-high-cardinality
1131,Fees Total FHA Closing Costs Seller,standard,Decimal,DECIMAL_2,float x25 | int x7,$.fhaVaLoan.sellerPaidClosingCost,loan.fhaVaLoan.sellerPaidClosingCost,no,no,30,6.1,2,0.8,32,25,3457.75,7344.8,24484.13,37227.77,Investor Delivery,no,identifying-or-high-cardinality
1132,Fees Total FHA Closing Costs Borr,standard,Decimal,DECIMAL_2,float x612 | int x120,$.borrowerPaidFhavaClosingCostsAmount,loan.borrowerPaidFhavaClosingCostsAmount,no,no,489,99.8,232,92.4,674,2995,3006.97,3106.88,8620,581645,Started,no,identifying-or-high-cardinality
1133,Trans Details Mtg Orig Third Party Name,standard,String,STRING,str x511,$.tsum.thirdPartyName1,loan.tsum.thirdPartyName1,no,no,486,99.2,18,7.2,2,,,,,,Started,no,identifying-or-high-cardinality
1137,FHA MCAW Non-Realty/Other Items,standard,Decimal,DECIMAL_2,float x592 | int x139,$.fhaVaLoan.nonRealtyAndOtherItems,loan.fhaVaLoan.nonRealtyAndOtherItems,no,no,489,99.8,232,92.4,673,2995,3006.97,3106.88,7504.39,581645,Started,no,identifying-or-high-cardinality
1142,HUD Property Remaining Economic Life,standard,Int,INTEGER,int x173,$.commitmentTerms.estimatedRemainingYears,loan.commitmentTerms.estimatedRemainingYears,no,no,125,25.5,47,18.7,25,30,40,50,59,90,Started,no,
1145,Income Borr Other Income,standard,Decimal,DECIMAL_2,int x12 | float x6,$.applications[0].borrower.otherMonthlyIncomeAmount,loan.currentApplication.borrower.otherMonthlyIncomeAmount,no,yes,13,2.7,1,0.4,16,345,2482.0075,8643.29,18686.75,50000,,no,
1146,Income Co-Borr Other Income,standard,Decimal,DECIMAL_2,float x2,$.applications[0].coborrower.otherMonthlyIncomeAmount,loan.currentApplication.coborrower.otherMonthlyIncomeAmount,no,yes,2,0.4,0,0,2,,,,,,,no,
1149,Trans Details Mtg Originator,standard,String,STRING,str x515,$.tsum.mortgageOriginator,loan.tsum.mortgageOriginator,no,no,489,99.8,19,7.6,1,,,,,,Started,no,
1150,FHA MCAW Liabilities Total Mo Pymt,standard,Decimal,DECIMAL_2,int x401 | float x6,$.applications[0].mcawTotalMonthlyPaymentsAmount,loan.currentApplication.mcawTotalMonthlyPaymentsAmount,no,yes,348,71,44,17.5,347,1,41,414,875,29674,Started,no,identifying-or-high-cardinality
1161,FHA MCAW Liabilities Other,standard,Decimal,DECIMAL_2,int x265 | float x1,$.applications[0].mcawOtherAmount,loan.currentApplication.mcawOtherAmount,no,no,243,49.6,19,7.6,258,2074,3166,6318,12546,62542,Started,no,identifying-or-high-cardinality
1168,Income Total Other Income (Borr/Co-Borr),standard,Decimal,DECIMAL_2,int x12 | float x8,$.applications[0].grossOtherIncomeAmount,loan.currentApplication.grossOtherIncomeAmount,no,yes,15,3.1,1,0.4,18,-883.08,2052.5125,6926.645,16234.135,50000,,no,
1169,Income Borr Positive Cash Flow,standard,Decimal,DECIMAL_2,float x312 | int x5,$.applications[0].borrower.positiveCashFlow,loan.currentApplication.borrower.positiveCashFlow,no,no,305,62.2,6,2.4,313,49.34,397.48,802.37,1083.69,4200,Started,no,identifying-or-high-cardinality
1170,Income Co-Borr Positive Cash Flow,standard,Decimal,DECIMAL_2,float x2,$.applications[0].coborrower.positiveCashFlow,loan.currentApplication.coborrower.positiveCashFlow,no,no,2,0.4,0,0,2,,,,,,,no,
1171,Income Total Positive Cash Flow (Borr/Co-Borr),standard,Decimal,DECIMAL_2,float x312 | int x5,$.applications[0].grossPositiveCashFlow,loan.currentApplication.grossPositiveCashFlow,no,yes,305,62.2,6,2.4,313,49.34,397.48,802.37,1083.69,4200,Started,no,identifying-or-high-cardinality
1172,Trans Details Loan Type,standard,String,STRING,str x767,$.mortgageType,loan.mortgageType,no,no,490,100,251,100,3,,,,,,Started,yes,
1174,File Contacts Title Co State,standard,String,STATE,str x288,$.contacts[?(@.contactType == 'TITLE_COMPANY')].state,loan.contacts[(contactType == 'TITLE_COMPANY')].state,no,no,221,45.1,63,25.1,11,,,,,,Loan Setup,no,
1175,File Contacts Escrow Co State,standard,String,STATE,str x228,$.contacts[?(@.contactType == 'ESCROW_COMPANY')].state,loan.contacts[(contactType == 'ESCROW_COMPANY')].state,no,no,167,34.1,58,23.1,11,,,,,,Docs Out,no,
1176,Loan Info Constr Loan Period,standard,Int,INTEGER,int x193,$.regulationZ.constructionPeriodMonths,loan.regulationZ.constructionPeriodMonths,no,no,1,0.2,192,76.5,1,12,12,12,12,12,,no,
1177,Trans Details Interest Only Mos,standard,Int,INTEGER,int x297,$.regulationZ.interestOnlyMonths,loan.regulationZ.interestOnlyMonths,no,no,43,8.8,251,100,4,1,12,24,48,120,Loan Setup,no,
1178,Borrower Work Email,standard,String,STRING,str x6,$.applications[0].borrower.workEmailAddress,loan.currentApplication.borrower.workEmailAddress,no,no,3,0.6,3,1.2,4,,,,,,,no,identifying-or-high-cardinality
1179,Coborrower Work Email,standard,String,STRING,str x5,$.applications[0].coborrower.workEmailAddress,loan.currentApplication.coborrower.workEmailAddress,no,no,2,0.4,3,1.2,4,,,,,,,no,identifying-or-high-cardinality
1187,Expenses Total Mo Expense,standard,Decimal,DECIMAL_2,float x382 | int x238,$.applications[0].totalFixedPaymentAmount,loan.currentApplication.totalFixedPaymentAmount,no,yes,401,81.8,199,79.3,528,25,85,1333.33,6118,47652.16,Started,no,identifying-or-high-cardinality
1191,Borr Info Points Paid,standard,Decimal,DECIMAL_2,int x1,$.miscellaneous.pointsPaid,loan.miscellaneous.pointsPaid,no,no,1,0.2,0,0,1,,,,,,,no,
1206,Fees Total Finance Charges,standard,Decimal,DECIMAL_2,float x599 | int x92,$.regulationZ.financeCharge,loan.regulationZ.financeCharge,no,no,450,91.8,220,87.6,661,11695,41047.56,230742.95,426619.05,1207240.82,Started,no,identifying-or-high-cardinality
1207,REGZ Total Amt All Pymts,standard,Decimal,DECIMAL_2,float x587 | int x105,$.regulationZ.totalOfPayments,loan.regulationZ.totalOfPayments,no,yes,450,91.8,223,88.8,647,132733.56,350245.73,496638.38,947162.78,1989145.82,Started,no,identifying-or-high-cardinality
1216,Underwriting Comment 1,standard,String,STRING,str x7,$.tsum.underwritingComment1,loan.tsum.underwritingComment1,no,no,7,1.4,0,0,4,,,,,,Purchasing Conditions,no,
1217,Underwriting Comment 2,standard,String,STRING,str x7,$.tsum.underwritingComment2,loan.tsum.underwritingComment2,no,no,7,1.4,0,0,5,,,,,,Purchasing Conditions,no,identifying-or-high-cardinality
1218,Underwriting Comment 3,standard,String,STRING,str x3,$.tsum.underwritingComment3,loan.tsum.underwritingComment3,no,no,3,0.6,0,0,3,,,,,,,no,identifying-or-high-cardinality
1219,Underwriting Comment 4,standard,String,STRING,str x3,$.tsum.underwritingComment4,loan.tsum.underwritingComment4,no,no,3,0.6,0,0,3,,,,,,,no,identifying-or-high-cardinality
1220,Underwriting Comment 5,standard,String,STRING,str x3,$.tsum.underwritingComment5,loan.tsum.underwritingComment5,no,no,3,0.6,0,0,3,,,,,,,no,identifying-or-high-cardinality
1221,Underwriting Comment 6,standard,String,STRING,str x3,$.tsum.underwritingComment6,loan.tsum.underwritingComment6,no,no,3,0.6,0,0,3,,,,,,,no,identifying-or-high-cardinality
1240,Borr Email,standard,String,STRING,str x689,$.applications[0].borrower.emailAddressText,loan.currentApplication.borrower.emailAddressText,no,no,453,92.4,207,82.5,308,,,,,,Started,yes,identifying-or-high-cardinality
1242,Insurance Property,standard,Boolean,YN,bool x10,$.regulationZ.propertyInsuranceIndicator,loan.regulationZ.propertyInsuranceIndicator,no,no,1,0.2,0,0,1,,,,,,,no,
1243,File Contacts Title Co Fax,standard,String,PHONE,str x102,$.contacts[?(@.contactType == 'TITLE_COMPANY')].fax,loan.contacts[(contactType == 'TITLE_COMPANY')].fax,no,no,77,15.7,24,9.6,28,,,,,,Loan Setup,no,identifying-or-high-cardinality
1244,File Contacts Appraisal Co State,standard,String,STATE,str x139,$.contacts[?(@.contactType == 'APPRAISAL_COMPANY')].state,loan.contacts[(contactType == 'APPRAISAL_COMPANY')].state,no,no,92,18.8,47,18.7,7,,,,,,Started,no,
1245,File Contacts Cred Rpt Agency State,standard,String,STATE,str x117,$.contacts[?(@.contactType == 'CREDIT_COMPANY')].state,loan.contacts[(contactType == 'CREDIT_COMPANY')].state,no,no,95,19.4,19,7.6,1,,,,,,Started,no,
1247,File Contacts Cred Rpt Agency Fax,standard,String,PHONE,str x117,$.contacts[?(@.contactType == 'CREDIT_COMPANY')].fax,loan.contacts[(contactType == 'CREDIT_COMPANY')].fax,no,no,95,19.4,19,7.6,1,,,,,,Started,no,identifying-or-high-cardinality
1249,File Contacts Seller State,standard,String,STATE,str x11,$.contacts[?(@.contactType == 'SELLER')].state,loan.contacts[(contactType == 'SELLER')].state,no,no,11,2.2,0,0,4,,,,,,Purchasing Conditions,no,
1252,File Contacts Mtg Ins Co State,standard,String,STATE,str x1,$.contacts[?(@.contactType == 'MORTGAGE_INSURANCE')].state,loan.contacts[(contactType == 'MORTGAGE_INSURANCE')].state,no,no,0,0,1,0.4,1,,,,,,,no,
1256,File Contacts Lender Contact,standard,String,STRING,str x534,$.contacts[?(@.contactType == 'LENDER_INVESTOR')].contactName,loan.contacts[(contactType == 'LENDER_INVESTOR')].contactName,no,no,314,64.1,214,85.3,23,,,,,,Started,no,
1257,File Contacts Lender Addr,standard,String,STRING,str x693,$.contacts[?(@.contactType == 'LENDER_INVESTOR')].address,loan.contacts[(contactType == 'LENDER_INVESTOR')].address,no,no,458,93.5,228,90.8,4,,,,,,Started,no,
1258,File Contacts Lender City,standard,String,STRING,str x693,$.contacts[?(@.contactType == 'LENDER_INVESTOR')].city,loan.contacts[(contactType == 'LENDER_INVESTOR')].city,no,no,458,93.5,228,90.8,2,,,,,,Started,no,identifying-or-high-cardinality
1259,File Contacts Lender State,standard,String,STATE,str x693,$.contacts[?(@.contactType == 'LENDER_INVESTOR')].state,loan.contacts[(contactType == 'LENDER_INVESTOR')].state,no,no,458,93.5,228,90.8,2,,,,,,Started,no,
1260,File Contacts Lender Zip,standard,String,ZIPCODE,str x693,$.contacts[?(@.contactType == 'LENDER_INVESTOR')].postalCode,loan.contacts[(contactType == 'LENDER_INVESTOR')].postalCode,no,no,458,93.5,228,90.8,2,,,,,,Started,no,identifying-or-high-cardinality
1261,File Contacts Lender Comments,standard,String,STRING,str x2,$.contacts[?(@.contactType == 'LENDER_INVESTOR')].comments,loan.contacts[(contactType == 'LENDER_INVESTOR')].comments,no,no,1,0.2,0,0,1,,,,,,,no,
1262,File Contacts Lender Phone,standard,String,PHONE,str x549,$.contacts[?(@.contactType == 'LENDER_INVESTOR')].phone,loan.contacts[(contactType == 'LENDER_INVESTOR')].phone,no,no,315,64.3,228,90.8,18,,,,,,Started,no,identifying-or-high-cardinality
1263,File Contacts Lender Fax,standard,String,PHONE,str x546,$.contacts[?(@.contactType == 'LENDER_INVESTOR')].fax,loan.contacts[(contactType == 'LENDER_INVESTOR')].fax,no,no,312,63.7,228,90.8,2,,,,,,Started,no,identifying-or-high-cardinality
1264,File Contacts Lender Co Name,standard,String,STRING,str x706,$.contacts[?(@.contactType == 'LENDER_INVESTOR')].name,loan.contacts[(contactType == 'LENDER_INVESTOR')].name,no,no,466,95.1,232,92.4,9,,,,,,Started,yes,identifying-or-high-cardinality
1265,Loan Info Constr Loan Required Resrv,standard,Decimal,DECIMAL_2,int x96,$.regulationZ.interestReserveAmount,loan.regulationZ.interestReserveAmount,no,no,0,0,64,25.5,50,1600,5500,11588,30000,120000,,no,identifying-or-high-cardinality
1268,Co-Borr Email,standard,String,STRING,str x48,$.applications[0].coborrower.emailAddressText,loan.currentApplication.coborrower.emailAddressText,no,no,20,4.1,27,10.8,36,,,,,,Purchasing Conditions,no,identifying-or-high-cardinality
1298,Subject Property Project Name,standard,String,STRING,str x141,$.tsum.projectName,loan.tsum.projectName,no,no,94,19.2,47,18.7,109,,,,,,Started,no,identifying-or-high-cardinality
1299,Expenses Total Primary Housing Exp Plus Co-mort,standard,Decimal,DECIMAL_2,int x3 | float x1,$.loanSubmission.totalForPrimaryResidence,loan.loanSubmission.totalForPrimaryResidence,no,yes,3,0.6,1,0.4,4,2400,2519.9075,3939.815,6500,7000,,no,
1314,Income Net Take Home Pay Borr,standard,Decimal,DECIMAL_2,int x6 | float x5,$.applications[0].borrower.vaNetTakeHomePayAmount,loan.currentApplication.borrower.vaNetTakeHomePayAmount,no,yes,6,1.2,0,0,9,7823.04,8333,10081.5,35524.1,100000,,no,
1315,Income Net Take Home Pay Spouse/Borr,standard,Decimal,DECIMAL_2,int x6 | float x5,$.applications[0].fhaVaTotalNetTakeHomePayAmount,loan.currentApplication.fhaVaTotalNetTakeHomePayAmount,no,yes,6,1.2,0,0,9,7823.04,8333,10081.5,35524.1,100000,,no,
1317,Income Other Net Borr,standard,Decimal,DECIMAL_2,float x317 | int x13,$.applications[0].borrower.vaOtherNetIncomeAmount,loan.currentApplication.borrower.vaOtherNetIncomeAmount,no,no,313,63.9,7,2.8,324,111.33,397.48,802.37,2545.94,9269,Started,no,identifying-or-high-cardinality
1318,Income Other Net Spouse/Borr,standard,Decimal,DECIMAL_2,float x317 | int x13,$.applications[0].fhaVaTotalOtherNetIncome,loan.currentApplication.fhaVaTotalOtherNetIncome,no,yes,313,63.9,7,2.8,324,111.33,397.48,802.37,2545.94,9269,Started,no,identifying-or-high-cardinality
1320,Income Total Net Borr,standard,Decimal,DECIMAL_2,float x319 | int x14,$.applications[0].borrower.vaTotalNetIncomeAmount,loan.currentApplication.borrower.vaTotalNetIncomeAmount,no,yes,315,64.3,7,2.8,326,111.33,397.48,815.03,3927.7825,100000,Started,no,identifying-or-high-cardinality
1321,Income Total Net Spouse/Borr,standard,Decimal,DECIMAL_2,float x319 | int x14,$.applications[0].fhaVaTotalNetIncomeAmount,loan.currentApplication.fhaVaTotalNetIncomeAmount,no,yes,315,64.3,7,2.8,326,111.33,397.48,815.03,3927.7825,100000,Started,no,identifying-or-high-cardinality
1323,Income Total Net Effective Income,standard,Decimal,DECIMAL_2,float x319 | int x14,$.applications[0].fhaVaTotalNetEffectiveIncomeAmount,loan.currentApplication.fhaVaTotalNetEffectiveIncomeAmount,no,yes,315,64.3,7,2.8,326,111.33,397.48,815.03,3927.7825,100000,Started,no,identifying-or-high-cardinality
1325,Income Total Residual Income Spouse/Borr,standard,Decimal,DECIMAL_2,float x637 | int x38,$.applications[0].fhaVaFamilySupportAmount,loan.currentApplication.fhaVaFamilySupportAmount,no,no,452,92.2,202,80.5,661,-8087.9,-3478.46,-1666.67,-915.63,13640.71,Started,no,identifying-or-high-cardinality
1335,Trans Details Down Pymt Amt,standard,Decimal,DECIMAL_2,int x312 | float x1,$.downPayment.amount,loan.downPayment.amount,no,no,108,22,194,77.3,268,-100000,-11746,42500,100000,250000,Started,yes,identifying-or-high-cardinality
1341,VA Debt-to-Income Ratio,standard,Decimal,DECIMAL_3,float x329 | int x2,$.applications[0].fhaVaDebtIncomeRatio,loan.currentApplication.fhaVaDebtIncomeRatio,no,no,314,64.1,7,2.8,326,19.048,120.886,219.5945,496.872,2658.286,Started,no,identifying-or-high-cardinality
1347,Trans Details Loan Term,standard,Int,INTEGER,int x758,$.fhaVaLoan.proposedMaturityYears,loan.fhaVaLoan.proposedMaturityYears,no,yes,490,100,250,99.6,4,1,1,30,30,40,Started,no,
1348,VA Mo Shelter Exp Est Other,standard,Decimal,DECIMAL_2,float x30 | int x22,$.fhaVaLoan.otherMonthlyShelterExpense,loan.fhaVaLoan.otherMonthlyShelterExpense,no,yes,45,9.2,1,0.4,42,5.41,62.06,300,395,75750,Purchasing Conditions,no,identifying-or-high-cardinality
1349,Expenses Total Mo Shelter Exp Est,standard,Decimal,DECIMAL_2,float x642 | int x32,$.applications[0].fhaVaTotalEstimatedMonthlyShelterExpenseAmount,loan.currentApplication.fhaVaTotalEstimatedMonthlyShelterExpenseAmount,no,yes,452,92.2,202,80.5,657,915.63,1419.42,2288.82,3784.395,8087.9,Started,no,identifying-or-high-cardinality
1374,Underwriting Co-Mortgagor Income,standard,Decimal,DECIMAL_2,int x1,$.applications[0].grossIncomeForComortSet,loan.currentApplication.grossIncomeForComortSet,no,yes,0,0,0,0,1,,,,,,,no,
1384,Underwriting Co-Mortgagor,standard,Decimal,DECIMAL_2,int x23,$.applications[0].monthlyExpenseComortSet,loan.currentApplication.monthlyExpenseComortSet,no,yes,21,4.3,1,0.4,14,75,677,9222,9222,14521,Purchasing Conditions,no,
1386,Fees Tax # of Mos Reserve Required,standard,Int,INTEGER,int x420,$.fees[?(@.feeType == 'PropertyTaxes')].numberOfMonths,loan.fees[(feeType == 'PropertyTaxes')].numberOfMonths,no,no,400,81.6,8,3.2,11,2,2,3,4,12,Started,no,
1387,Fees Hazard Ins # of Mos Reserve Required,standard,Int,INTEGER,int x415,$.fees[?(@.feeType == 'HazardInsurance')].numberOfMonths,loan.fees[(feeType == 'HazardInsurance')].numberOfMonths,no,no,396,80.8,8,3.2,12,2,3,4,7,13,Started,no,
1388,Fees Flood Ins # of Mos Reserve Required,standard,Int,INTEGER,int x19,$.fees[?(@.feeType == 'FloodInsurance')].numberOfMonths,loan.fees[(feeType == 'FloodInsurance')].numberOfMonths,no,no,18,3.7,0,0,5,2,2,2,3,11,Purchasing Conditions,no,
1389,Income Total Mo Income (Borr/Co-Borr),standard,Decimal,DECIMAL_2,float x319 | int x15,$.applications[0].totalGrossMonthlyIncomeAmount,loan.currentApplication.totalGrossMonthlyIncomeAmount,no,no,315,64.3,7,2.8,327,111.33,397.48,815.03,3927.7825,100000,Started,no,identifying-or-high-cardinality
1392,HUD Maturity Mos,standard,Int,INTEGER,int x5,$.fhaVaLoan.proposedMaturityMonths,loan.fhaVaLoan.proposedMaturityMonths,no,yes,0,0,4,1.6,3,1,3.5,6,8.5,11,,no,
1393,Trans Details Current Loan Status,standard,String,STRING,str x451,$.hmda.actionTaken,loan.hmda.actionTaken,no,no,329,67.1,117,46.6,3,,,,,,Started,no,
1395,Subject Property State Code,standard,String,STRING,str x689,$.hmda.stateCode,loan.hmda.stateCode,no,no,456,93.1,209,83.3,15,,,,,,Started,no,
1396,Subject Property County Code,standard,String,STRING,str x606,$.hmda.countyCode,loan.hmda.countyCode,no,no,422,86.1,162,64.5,49,,,,,,Started,no,identifying-or-high-cardinality
1397,Trans Details Purchaser Type,standard,String,STRING,str x68,$.hmda.typeOfPurchaser,loan.hmda.typeOfPurchaser,no,no,58,11.8,9,3.6,1,,,,,,Started,no,
1401,Trans Details Loan Program,standard,String,STRING,str x754,$.loanProgramName,loan.loanProgramName,no,no,490,100,251,100,10,,,,,,Started,yes,
1402,Borr DOB,standard,DateTime,DATE,date x670,$.applications[0].borrower.birthDate,loan.currentApplication.borrower.birthDate,no,no,444,90.6,199,79.3,287,,,,,,Started,yes,identifying-or-high-cardinality
1403,Co-Borr DOB,standard,DateTime,DATE,date x61,$.applications[0].coborrower.birthDate,loan.currentApplication.coborrower.birthDate,no,no,23,4.7,37,14.7,43,,,,,,Purchasing Conditions,no,identifying-or-high-cardinality
1405,Expenses Proposed Taxes,standard,String,RA_DECIMAL_2,str x453,$.proposedRealEstateTaxesAmount,loan.proposedRealEstateTaxesAmount,no,no,409,83.5,28,11.2,388,,,,,,Started,yes,identifying-or-high-cardinality
1406,File Contacts Loan Officer Phone,standard,String,PHONE,str x692,$.contacts[?(@.contactType == 'LOAN_OFFICER')].phone,loan.contacts[(contactType == 'LOAN_OFFICER')].phone,no,no,440,89.8,226,90,16,,,,,,Started,no,identifying-or-high-cardinality
1407,File Contacts Loan Officer Email,standard,String,STRING,str x746,$.contacts[?(@.contactType == 'LOAN_OFFICER')].email,loan.contacts[(contactType == 'LOAN_OFFICER')].email,no,no,482,98.4,237,94.4,22,,,,,,Started,no,identifying-or-high-cardinality
1408,File Contacts Loan Processor Phone,standard,String,PHONE,str x414,$.contacts[?(@.contactType == 'LOAN_PROCESSOR')].phone,loan.contacts[(contactType == 'LOAN_PROCESSOR')].phone,no,no,359,73.3,47,18.7,6,,,,,,Started,no,identifying-or-high-cardinality
1409,File Contacts Loan Processor Email,standard,String,STRING,str x541,$.contacts[?(@.contactType == 'LOAN_PROCESSOR')].email,loan.contacts[(contactType == 'LOAN_PROCESSOR')].email,no,no,393,80.2,139,55.4,13,,,,,,Started,no,identifying-or-high-cardinality
1410,File Contacts Underwriter Phone,standard,String,PHONE,str x160,$.contacts[?(@.contactType == 'UNDERWRITER')].phone,loan.contacts[(contactType == 'UNDERWRITER')].phone,no,no,147,30,10,4,3,,,,,,Cond. Approval,no,identifying-or-high-cardinality
1411,File Contacts Underwriter Email,standard,String,STRING,str x166,$.contacts[?(@.contactType == 'UNDERWRITER')].email,loan.contacts[(contactType == 'UNDERWRITER')].email,no,no,153,31.2,10,4,5,,,,,,Cond. Approval,no,identifying-or-high-cardinality
1414,Borr Equifax BEACON,standard,String,STRING,str x404,$.applications[0].borrower.equifaxScore,loan.currentApplication.borrower.equifaxScore,no,no,269,54.9,130,51.8,104,,,,,,Started,yes,identifying-or-high-cardinality
1415,Co-Borr Equifax BEACON,standard,String,STRING,str x25,$.applications[0].coborrower.equifaxScore,loan.currentApplication.coborrower.equifaxScore,no,no,14,2.9,11,4.4,23,,,,,,Purchasing Conditions,no,
1416,Borr Mailing Addr,standard,String,STRING,str x456,$.applications[0].borrower.mailingAddress.addressStreetLine1,loan.currentApplication.borrower.mailingAddress.addressStreetLine1,no,no,417,85.1,30,12,289,,,,,,Started,no,identifying-or-high-cardinality
1417,Borr Mailing City,standard,String,STRING,str x455,$.applications[0].borrower.mailingAddress.addressCity,loan.currentApplication.borrower.mailingAddress.addressCity,no,no,416,84.9,30,12,52,,,,,,Started,no,identifying-or-high-cardinality
1418,Borr Mailing State,standard,String,STATE,str x456,$.applications[0].borrower.mailingAddress.addressState,loan.currentApplication.borrower.mailingAddress.addressState,no,no,417,85.1,30,12,8,,,,,,Started,no,
1419,Borr Mailing Zip,standard,String,ZIPCODE,str x455,$.applications[0].borrower.mailingAddress.addressPostalCode,loan.currentApplication.borrower.mailingAddress.addressPostalCode,no,no,416,84.9,30,12,46,,,,,,Started,no,identifying-or-high-cardinality
1450,Borr TransUnion Empirica,standard,String,STRING,str x403,$.applications[0].borrower.transUnionScore,loan.currentApplication.borrower.transUnionScore,no,no,269,54.9,129,51.4,110,,,,,,Started,yes,identifying-or-high-cardinality
1452,Co-Borr TransUnion Empirica,standard,String,STRING,str x25,$.applications[0].coborrower.transUnionScore,loan.currentApplication.coborrower.transUnionScore,no,no,14,2.9,11,4.4,23,,,,,,Purchasing Conditions,no,
1476,Expenses 2nd/Vacation Home,standard,Decimal,DECIMAL_2,int x1,$.applications[0].monthlySecondHomeAmount,loan.currentApplication.monthlySecondHomeAmount,no,yes,1,0.2,0,0,1,,,,,,,no,
1480,Co-Borr Cell,standard,String,PHONE,str x19,$.applications[0].coborrower.mobilePhone,loan.currentApplication.coborrower.mobilePhone,no,no,10,2,9,3.6,11,,,,,,,no,identifying-or-high-cardinality
1481,Trans Details Copy Loan # to Case #,standard,String,STRING,str x523,$.copyLoanNumLenderCaseNum,loan.copyLoanNumLenderCaseNum,no,no,488,99.6,20,8,1,,,,,,Started,no,
1483,HELOC Minimum Payment,standard,Decimal,DECIMAL_2,int x1,$.loanProductData.minimumPaymentAmount,loan.loanProductData.minimumPaymentAmount,no,no,0,0,0,0,1,,,,,,,no,
1484,Borr Minimum FICO,standard,String,STRING,str x2,$.applications[0].borrower.minFicoScore,loan.currentApplication.borrower.minFicoScore,no,no,0,0,2,0.8,2,,,,,,,no,
1487,Subject Property Occupancy Rate,standard,Decimal,DECIMAL_2,int x708,$.subjectPropertyOccupancyPercent,loan.subjectPropertyOccupancyPercent,no,no,490,100,208,82.9,1,100,100,100,100,100,Started,yes,
1490,Borr Cell,standard,String,PHONE,str x306,$.applications[0].borrower.mobilePhone,loan.currentApplication.borrower.mobilePhone,no,no,231,47.1,57,22.7,129,,,,,,Started,no,identifying-or-high-cardinality
1500,File Contacts Flood Ins Co Name,standard,String,STRING,str x6,$.fees[?(@.feeType == 'FloodInsuranceReserv')].paidToName,loan.fees[(feeType == 'FloodInsuranceReserv')].paidToName,no,no,6,1.2,0,0,4,,,,,,,no,identifying-or-high-cardinality
1502,Co-Borr Min FICO,standard,String,STRING,str x2,$.applications[0].coborrower.minFicoScore,loan.currentApplication.coborrower.minFicoScore,no,no,1,0.2,1,0.4,2,,,,,,,no,
1518,Subject Property Purchase Date,standard,DateTime,DATE,date x56,$.hudLoanData.purchaseDate,loan.hudLoanData.purchaseDate,no,no,12,2.4,44,17.5,46,,,,,,Purchasing Conditions,no,identifying-or-high-cardinality
1519,Co-Borr Mailing Addr,standard,String,STRING,str x5,$.applications[0].coborrower.mailingAddress.addressStreetLine1,loan.currentApplication.coborrower.mailingAddress.addressStreetLine1,no,no,5,1,0,0,5,,,,,,,no,
1520,Co-Borr Mailing City,standard,String,STRING,str x5,$.applications[0].coborrower.mailingAddress.addressCity,loan.currentApplication.coborrower.mailingAddress.addressCity,no,no,5,1,0,0,3,,,,,,,no,identifying-or-high-cardinality
1521,Co-Borr Mailing State,standard,String,STATE,str x5,$.applications[0].coborrower.mailingAddress.addressState,loan.currentApplication.coborrower.mailingAddress.addressState,no,no,5,1,0,0,2,,,,,,,no,
1522,Co-Borr Mailing Zip,standard,String,ZIPCODE,str x5,$.applications[0].coborrower.mailingAddress.addressPostalCode,loan.currentApplication.coborrower.mailingAddress.addressPostalCode,no,no,5,1,0,0,4,,,,,,,no,identifying-or-high-cardinality
1523,Borr Ethnicity,standard,String,STRING,str x66,$.applications[0].borrower.hmdaEthnicityType,loan.currentApplication.borrower.hmdaEthnicityType,no,no,46,9.4,8,3.2,1,,,,,,Cond. Approval,no,
1524,Borr Race American Indian,standard,Boolean,YN,bool x12,$.applications[0].borrower.hmdaAmericanIndianIndicator,loan.currentApplication.borrower.hmdaAmericanIndianIndicator,no,no,0,0,1,0.4,1,,,,,,,no,
1525,Borr Race Asian,standard,Boolean,YN,bool x12,$.applications[0].borrower.hmdaAsianIndicator,loan.currentApplication.borrower.hmdaAsianIndicator,no,no,0,0,1,0.4,1,,,,,,,no,
1527,Borr Race Native Hawaiian,standard,Boolean,YN,bool x13,$.applications[0].borrower.hmdaPacificIslanderIndicator,loan.currentApplication.borrower.hmdaPacificIslanderIndicator,no,no,0,0,1,0.4,1,,,,,,,no,
1528,Borr Race White,standard,Boolean,YN,bool x78,$.applications[0].borrower.hmdaWhiteIndicator,loan.currentApplication.borrower.hmdaWhiteIndicator,no,no,44,9,8,3.2,1,,,,,,Submittal,no,
1529,Borr Race Info not provided,standard,Boolean,YN,bool x183,$.applications[0].borrower.hmdaNotProvidedIndicator,loan.currentApplication.borrower.hmdaNotProvidedIndicator,no,no,2,0.4,181,72.1,1,,,,,,,no,
1530,Borr Race Not Applicable,standard,Boolean,YN,bool x9,$.applications[0].borrower.hmdaNotApplicableIndicator,loan.currentApplication.borrower.hmdaNotApplicableIndicator,no,no,2,0.4,3,1.2,1,,,,,,,no,
1531,Co-Borr Ethnicity,standard,String,STRING,str x242,$.applications[0].coborrower.hmdaEthnicityType,loan.currentApplication.coborrower.hmdaEthnicityType,no,no,220,44.9,16,6.4,3,,,,,,Started,no,
1536,Co-Borr Race White,standard,Boolean,YN,bool x6,$.applications[0].coborrower.hmdaWhiteIndicator,loan.currentApplication.coborrower.hmdaWhiteIndicator,no,no,2,0.4,1,0.4,1,,,,,,,no,
1537,Co-Borr Race Info not provided,standard,Boolean,YN,bool x1,$.applications[0].coborrower.hmdaNotProvidedIndicator,loan.currentApplication.coborrower.hmdaNotProvidedIndicator,no,no,0,0,1,0.4,1,,,,,,,no,
1540,Trans Details HCLTV/HTLTV,standard,Decimal,DECIMAL_3,int x411 | float x266,$.hcltvHtltv,loan.hcltvHtltv,no,no,442,90.2,212,84.5,286,50,70,75,80,170.297,Started,no,identifying-or-high-cardinality
1542,Underwriting Level of Prpty Review Form #,standard,String,STRING,str x175,$.tsum.formNumber,loan.tsum.formNumber,no,no,127,25.9,47,18.7,6,,,,,,Started,no,
1547,Borr Funds to Close - Verif,standard,Decimal,DECIMAL_2,float x27 | int x13,$.tsum.verified,loan.tsum.verified,no,no,37,7.6,0,0,33,4635.57,32667.2425,50000,163183.555,521026.6,Purchasing Conditions,no,identifying-or-high-cardinality
1550,Underwriting Escrow,standard,Boolean,YN,bool x772,$.underwritingEscrowIndicator,loan.underwritingEscrowIndicator,no,no,485,99,19,7.6,1,,,,,,Started,no,
1553,Subject Property Type,standard,String,STRING,str x272,$.tsum.propertyType,loan.tsum.propertyType,no,no,266,54.3,5,2,5,,,,,,Started,yes,
1601,Tracking - Milestone Stage,standard,String,STRING,str x772,$.milestoneStage,loan.milestoneStage,no,yes,490,100,251,100,2,,,,,,Started,no,
1602,Subject Property Title Name 2,standard,String,STRING,str x89,$.titleHolderName2,loan.titleHolderName2,no,no,46,9.4,41,16.3,59,,,,,,Loan Setup,no,identifying-or-high-cardinality
1603,Trans Details Security Interest,standard,String,STRING,str x696,$.regulationZ.interestInNameOf,loan.regulationZ.interestInNameOf,no,no,464,94.7,209,83.3,657,,,,,,Started,no,identifying-or-high-cardinality
1612,Trans Details Interviewer Name,standard,String,STRING,str x749,$.interviewerName,loan.interviewerName,no,no,483,98.6,237,94.4,23,,,,,,Started,yes,identifying-or-high-cardinality
1621,Fees Process Fee Borr,standard,Decimal,DECIMAL_2,int x1,$.fees[?(@.feeType == 'ProcessingFee')].borPaidAmount,loan.fees[(feeType == 'ProcessingFee')].borPaidAmount,no,no,1,0.2,0,0,1,,,,,,,no,
1625,Fees Line 801 User Defined Fee 2 - Borr Amt,standard,Decimal,DECIMAL_2,int x149,$.fees[?(@.feeType == 'UserDefinedFee_821')].borPaidAmount,loan.fees[(feeType == 'UserDefinedFee_821')].borPaidAmount,no,no,8,1.6,139,55.4,13,-2095,995,995,995,2000,Purchasing Conditions,no,
1627,Fees Line 801 User Defined Fee 2 Descr,standard,String,STRING,str x146,$.fees[?(@.feeType == 'UserDefinedFee_821')].description,loan.fees[(feeType == 'UserDefinedFee_821')].description,no,no,8,1.6,138,55,10,,,,,,Purchasing Conditions,no,
1628,Fees Line 1007 Descr,standard,String,STRING,str x50,$.fees[?(@.feeType == 'UserDefined_1006')].description,loan.fees[(feeType == 'UserDefined_1006')].description,no,no,50,10.2,0,0,13,,,,,,Investor Delivery,no,
1629,Fees Line 1007 # Mos,standard,Int,INTEGER,int x46,$.fees[?(@.feeType == 'UserDefined_1006')].numberOfMonths,loan.fees[(feeType == 'UserDefined_1006')].numberOfMonths,no,no,43,8.8,0,0,11,2,2,5,9,12,Investor Delivery,no,
1630,Fees Line 1007 $ Per Mo,standard,Decimal,DECIMAL_2,float x46 | int x2,$.fees[?(@.feeType == 'UserDefined_1006')].monthlyPayment,loan.fees[(feeType == 'UserDefined_1006')].monthlyPayment,no,no,48,9.8,0,0,48,15.68,93.955,169.04,346.325,780.64,Investor Delivery,no,identifying-or-high-cardinality
1631,Fees Line 1007 Borr,standard,Decimal,DECIMAL_2,float x38 | int x2,$.fees[?(@.feeType == 'UserDefined_1006')].borPaidAmount,loan.fees[(feeType == 'UserDefined_1006')].borPaidAmount,no,yes,40,8.2,0,0,40,52.85,215.94,466.56,1396.525,6245.12,Investor Delivery,no,identifying-or-high-cardinality
1636,Fees Recording Fees Descr,standard,String,STRING,str x178,$.fees[?(@.feeType == 'RecordingFee')].description,loan.fees[(feeType == 'RecordingFee')].description,no,no,173,35.3,2,0.8,94,,,,,,Docs Out,no,identifying-or-high-cardinality
1637,Fees City/County/Stamp Descr,standard,String,STRING,str x8,$.fees[?(@.feeType == 'City_CountyTax_Stamps')].description,loan.fees[(feeType == 'City_CountyTax_Stamps')].description,no,no,7,1.4,1,0.4,8,,,,,,Purchasing Conditions,no,identifying-or-high-cardinality
1638,Fees State Tax/Stamp Descr,standard,String,STRING,str x17,$.fees[?(@.feeType == 'StateTax_Stamps')].description,loan.fees[(feeType == 'StateTax_Stamps')].description,no,no,15,3.1,2,0.8,15,,,,,,Purchasing Conditions,no,
1640,Fees Line 1207 Descr,standard,String,STRING,str x13,$.fees[?(@.feeType == 'UserDefined_1205')].description,loan.fees[(feeType == 'UserDefined_1205')].description,no,no,13,2.7,0,0,13,,,,,,Purchasing Conditions,no,
1641,Fees Line 1207 Borr,standard,Decimal,DECIMAL_2,int x9 | float x2,$.fees[?(@.feeType == 'UserDefined_1205')].borPaidAmount,loan.fees[(feeType == 'UserDefined_1205')].borPaidAmount,no,no,11,2.2,0,0,11,9.5,175,475,800,1350,Purchasing Conditions,no,
1642,Fees Line 1207 Seller,standard,Decimal,DECIMAL_2,int x5 | float x1,$.fees[?(@.feeType == 'UserDefined_1205')].sellerPaidAmount,loan.fees[(feeType == 'UserDefined_1205')].sellerPaidAmount,no,no,6,1.2,0,0,6,200,406.25,662.5,1348.125,2685,Purchasing Conditions,no,
1643,Fees Line 1208 Descr,standard,String,STRING,str x4,$.fees[?(@.feeType == 'UserDefined_1206')].description,loan.fees[(feeType == 'UserDefined_1206')].description,no,no,4,0.8,0,0,4,,,,,,,no,identifying-or-high-cardinality
1644,Fees Line 1208 Borr,standard,Decimal,DECIMAL_2,int x2,$.fees[?(@.feeType == 'UserDefined_1206')].borPaidAmount,loan.fees[(feeType == 'UserDefined_1206')].borPaidAmount,no,no,2,0.4,0,0,2,,,,,,,no,
1645,Fees Line 1208 Seller,standard,Decimal,DECIMAL_2,int x3,$.fees[?(@.feeType == 'UserDefined_1206')].sellerPaidAmount,loan.fees[(feeType == 'UserDefined_1206')].sellerPaidAmount,no,no,3,0.6,0,0,3,35,35,250,1600,1600,,no,
1648,Liabilities Other Mo Pymt,standard,Decimal,DECIMAL_2,float x114 | int x83,$.fhaVaLoan.otherLiabilitiesMonthlyPayment,loan.fhaVaLoan.otherLiabilitiesMonthlyPayment,no,yes,166,33.9,21,8.4,124,5,153,2470,13171.1175,90227.12,Started,no,identifying-or-high-cardinality
1649,Liabilities Other Unpaid Bal,standard,Decimal,DECIMAL_2,int x123 | float x76,$.fhaVaLoan.otherLiabilitiesUnpaidBalance,loan.fhaVaLoan.otherLiabilitiesUnpaidBalance,no,yes,169,34.5,20,8,126,5,15102.75,340000,1585091.87,7701378.94,Started,no,identifying-or-high-cardinality
1660,Trans Details Qual Rate Amt Increase/Decrease,standard,Decimal,DECIMAL_3,float x69,$.tsum.aboveOrBelowRatePercent,loan.tsum.aboveOrBelowRatePercent,no,no,66,13.5,3,1.2,21,0.125,0.1255,0.365,0.625,93.125,Submittal,no,
1663,Fees Compensation to Broker 1,standard,String,STRING,str x26,$.gfe.gfeFees[?(@.gfeFeeType == 'CompensationToBroker' && @.gfeFeeIndex == '824')].amountDescription,loan.gfe.gfeFees[(gfeFeeType == 'CompensationToBroker' && gfeFeeIndex == '824')].amountDescription,no,no,26,5.3,0,0,25,,,,,,Investor Delivery,no,
1666,Fees Line 908 Descr,standard,String,STRING,str x4,$.fees[?(@.feeType == 'UserDefined_907')].description,loan.fees[(feeType == 'UserDefined_907')].description,no,no,4,0.8,0,0,4,,,,,,,no,
1667,Fees Line 908 Borr,standard,Decimal,DECIMAL_2,float x3,$.fees[?(@.feeType == 'UserDefined_907')].borPaidAmount,loan.fees[(feeType == 'UserDefined_907')].borPaidAmount,no,no,3,0.6,0,0,3,1591.09,1591.09,2053.64,2330.51,2330.51,,no,
1668,Fees Line 908 Seller,standard,Decimal,DECIMAL_2,float x1,$.fees[?(@.feeType == 'UserDefined_907')].sellerPaidAmount,loan.fees[(feeType == 'UserDefined_907')].sellerPaidAmount,no,no,1,0.2,0,0,1,,,,,,,no,
1677,Loan Info Constr Loan Interest Rate,standard,Decimal,DECIMAL_3,float x2 | int x1,$.regulationZ.constructionRatePercent,loan.regulationZ.constructionRatePercent,no,no,0,0,3,1.2,3,9.25,9.25,9.75,10,10,,no,
1679,REGZ Pymt Sched Int Rate 1,standard,Decimal,DECIMAL_3,float x551 | int x140,$.regulationZ.regulationZPayments[?(@.regulationZPaymentIndex == '1')].interestRatePercent,loan.regulationZ.regulationZPayments[(regulationZPaymentIndex == '1')].interestRatePercent,no,no,424,86.5,199,79.3,90,6,6.875,7.25,8,10.75,Started,no,identifying-or-high-cardinality
1680,REGZ Pymt Sched Balance 1,standard,Decimal,DECIMAL_2,float x415 | int x276,$.regulationZ.regulationZPayments[?(@.regulationZPaymentIndex == '1')].balance,loan.regulationZ.regulationZPayments[(regulationZPaymentIndex == '1')].balance,no,yes,447,91.2,223,88.8,620,551.92,1178.02,3550.75,375000,910000,Started,no,identifying-or-high-cardinality
1681,REGZ Pymt Sched Int Rate 2,standard,Decimal,DECIMAL_3,float x551 | int x136,$.regulationZ.regulationZPayments[?(@.regulationZPaymentIndex == '2')].interestRatePercent,loan.regulationZ.regulationZPayments[(regulationZPaymentIndex == '2')].interestRatePercent,no,no,424,86.5,199,79.3,90,6,6.875,7.25,8,10.75,Started,no,identifying-or-high-cardinality
1682,REGZ Pymt Sched Balance 2,standard,Decimal,DECIMAL_2,int x640 | float x47,$.regulationZ.regulationZPayments[?(@.regulationZPaymentIndex == '2')].balance,loan.regulationZ.regulationZPayments[(regulationZPaymentIndex == '2')].balance,no,yes,43,8.8,4,1.6,46,1131.39,2832.82,3353.07,5052.4,543902.3,,no,identifying-or-high-cardinality
1683,REGZ Pymt Sched Int Rate 3,standard,Decimal,DECIMAL_3,float x44 | int x4,$.regulationZ.regulationZPayments[?(@.regulationZPaymentIndex == '3')].interestRatePercent,loan.regulationZ.regulationZPayments[(regulationZPaymentIndex == '3')].interestRatePercent,no,no,42,8.6,4,1.6,24,5.99,6.75,7.1875,8.5,11.5,Loan Setup,no,
1701,REGZ Total # Pymts,standard,Int,INTEGER,int x691,$.regulationZ.numberOfPayments,loan.regulationZ.numberOfPayments,no,yes,450,91.8,223,88.8,7,1,12,24,360,480,Started,no,
1719,Trans Details Late Charge % Based On,standard,String,STRING,str x524,$.regulationZ.lateChargeType,loan.regulationZ.lateChargeType,no,no,490,100,20,8,4,,,,,,Started,no,
1723,Underwriting Rent,standard,Decimal,DECIMAL_2,int x2,$.applications[0].proposedGroundRentAmount,loan.currentApplication.proposedGroundRentAmount,no,yes,2,0.4,0,0,2,,,,,,,no,
1724,Underwriting First Mtg P&I,standard,Decimal,DECIMAL_2,float x3 | int x1,$.applications[0].proposedFirstMortgageAmount,loan.currentApplication.proposedFirstMortgageAmount,no,no,2,0.4,1,0.4,4,708.33,1128.45,2393.505,5849.55,7000,,no,
1726,Underwriting Hazard Ins,standard,String,RA_DECIMAL_2,str x5,$.applications[0].proposedHazardInsuranceAmount,loan.currentApplication.proposedHazardInsuranceAmount,no,no,0,0,1,0.4,2,,,,,,,no,
1727,Underwriting Taxes,standard,String,RA_DECIMAL_2,str x3,$.applications[0].proposedRealEstateTaxesAmount,loan.currentApplication.proposedRealEstateTaxesAmount,no,yes,0,0,1,0.4,3,,,,,,,no,
1729,Underwriting HOA Fees,standard,String,RA_DECIMAL_2,str x1,$.applications[0].proposedDuesAmount,loan.currentApplication.proposedDuesAmount,no,yes,0,0,0,0,1,,,,,,,no,
1731,Expenses Total Primary Expenses,standard,Decimal,DECIMAL_2,float x4 | int x4,$.applications[0].totalPrimaryHousingExpenseAmount,loan.currentApplication.totalPrimaryHousingExpenseAmount,no,yes,4,0.8,1,0.4,8,708.33,1198.105,2399.1,4469.9075,7000,,no,
1733,Underwriting All Other Pymts,standard,Decimal,DECIMAL_2,int x327 | float x70,$.applications[0].allOtherPaymentsAmount,loan.currentApplication.allOtherPaymentsAmount,no,no,339,69.2,43,17.1,242,25,80,808,2582,47652.16,Started,no,identifying-or-high-cardinality
1742,Trans Details Total Proposed Mo Pymt,standard,Decimal,DECIMAL_2,float x382 | int x238,$.applications[0].totalPaymentsAmount,loan.currentApplication.totalPaymentsAmount,no,yes,401,81.8,199,79.3,528,25,85,1333.33,6118,47652.16,Started,no,identifying-or-high-cardinality
1750,Expenses Calc Hazard Ins Rate,standard,String,STRING,str x2,$.closingCost.impoundType1,loan.closingCost.impoundType1,no,yes,2,0.4,0,0,1,,,,,,,no,
1751,Expenses Calc Tax Resrv Based On,standard,String,STRING,str x51,$.closingCost.impoundType2,loan.closingCost.impoundType2,no,yes,51,10.4,0,0,2,,,,,,Investor Delivery,no,
1757,Expenses Calc MIP/PMI Based On,standard,String,STRING,str x772,$.closingCost.impoundType3,loan.closingCost.impoundType3,no,no,490,100,251,100,1,,,,,,Started,no,
1758,Income Total Income Borr,standard,Decimal,DECIMAL_2,float x319 | int x15,$.applications[0].borrower.totalMonthlyIncomeAmount,loan.currentApplication.borrower.totalMonthlyIncomeAmount,no,yes,315,64.3,7,2.8,327,111.33,397.48,815.03,3927.7825,100000,Started,no,identifying-or-high-cardinality
1761,FHA MCAW Total Gross Mo Income,standard,Decimal,DECIMAL_2,float x319 | int x15,$.applications[0].mcawGrossMonthlyIncomeAmount,loan.currentApplication.mcawGrossMonthlyIncomeAmount,no,yes,315,64.3,7,2.8,327,111.33,397.48,815.03,3927.7825,100000,Started,no,identifying-or-high-cardinality
1762,Fees Line 1111 Descr,standard,String,STRING,str x42,$.fees[?(@.feeType == 'UserDefined_1111')].paidToName,loan.fees[(feeType == 'UserDefined_1111')].paidToName,no,no,32,6.5,2,0.8,25,,,,,,Purchasing Conditions,no,
1763,Fees Line 1111 Borr,standard,Decimal,DECIMAL_2,int x30 | float x2,$.fees[?(@.feeType == 'UserDefined_1111')].borPaidAmount,loan.fees[(feeType == 'UserDefined_1111')].borPaidAmount,no,no,30,6.1,2,0.8,29,3,240.25,544.5,1145.25,2813,Purchasing Conditions,no,identifying-or-high-cardinality
1764,Fees Line 1111 Seller,standard,Decimal,DECIMAL_2,int x2,$.fees[?(@.feeType == 'UserDefined_1111')].sellerPaidAmount,loan.fees[(feeType == 'UserDefined_1111')].sellerPaidAmount,no,no,2,0.4,0,0,2,,,,,,,no,
1765,Expenses Calc MIP/PMI Lock,standard,Boolean,YN,bool x176,$.gfe.lockField,loan.gfe.lockField,no,no,162,33.1,0,0,1,,,,,,Submittal,no,
1767,Fees Line 1112 Descr,standard,String,STRING,str x16,$.fees[?(@.feeType == 'UserDefined_1112')].paidToName,loan.fees[(feeType == 'UserDefined_1112')].paidToName,no,no,13,2.7,2,0.8,13,,,,,,Purchasing Conditions,no,
1768,Fees Line 1112 Borr,standard,Decimal,DECIMAL_2,int x11 | float x2,$.fees[?(@.feeType == 'UserDefined_1112')].borPaidAmount,loan.fees[(feeType == 'UserDefined_1112')].borPaidAmount,no,no,11,2.2,1,0.4,12,13.5,172.5,425,950,2985,Purchasing Conditions,no,
1769,Fees Line 1112 Seller,standard,Decimal,DECIMAL_2,int x3,$.fees[?(@.feeType == 'UserDefined_1112')].sellerPaidAmount,loan.fees[(feeType == 'UserDefined_1112')].sellerPaidAmount,no,no,2,0.4,1,0.4,3,18,18,75,474,474,,no,
1771,Trans Details Down Pmt %,standard,Decimal,DECIMAL_3,float x196 | int x118,$.downPaymentPercent,loan.downPaymentPercent,no,no,108,22,194,77.3,212,-332.83,11.25,20,25,30,Started,yes,identifying-or-high-cardinality
1772,Fees Line 1113 Descr,standard,String,STRING,str x17,$.fees[?(@.feeType == 'UserDefined_1113')].paidToName,loan.fees[(feeType == 'UserDefined_1113')].paidToName,no,no,7,1.4,2,0.8,10,,,,,,,no,
1773,Fees Line 1113 Borr,standard,Decimal,DECIMAL_2,int x7,$.fees[?(@.feeType == 'UserDefined_1113')].borPaidAmount,loan.fees[(feeType == 'UserDefined_1113')].borPaidAmount,no,no,6,1.2,1,0.4,7,60,75,215,500,1366,,no,
1774,Fees Line 1113 Seller,standard,Decimal,DECIMAL_2,int x2,$.fees[?(@.feeType == 'UserDefined_1113')].sellerPaidAmount,loan.fees[(feeType == 'UserDefined_1113')].sellerPaidAmount,no,no,1,0.2,1,0.4,2,,,,,,,no,
1777,Fees Line 1114 Descr,standard,String,STRING,str x3,$.fees[?(@.feeType == 'UserDefined_1114')].paidToName,loan.fees[(feeType == 'UserDefined_1114')].paidToName,no,no,3,0.6,0,0,3,,,,,,,no,
1778,Fees Line 1114 Borr,standard,Decimal,DECIMAL_2,int x3,$.fees[?(@.feeType == 'UserDefined_1114')].borPaidAmount,loan.fees[(feeType == 'UserDefined_1114')].borPaidAmount,no,no,3,0.6,0,0,3,25,25,35,725,725,,no,
1782,Fees Line 1307 Descr,standard,String,STRING,str x18,$.fees[?(@.feeType == 'UserDefined_1307')].description,loan.fees[(feeType == 'UserDefined_1307')].description,no,no,18,3.7,0,0,18,,,,,,Investor Delivery,no,
1783,Fees Line 1307 Borr,standard,Decimal,DECIMAL_2,int x7 | float x2,$.fees[?(@.feeType == 'UserDefined_1307')].borPaidAmount,loan.fees[(feeType == 'UserDefined_1307')].borPaidAmount,no,no,9,1.8,0,0,9,5,42.5,350,1181.7,1988.52,Purchasing Conditions,no,
1784,Fees Line 1307 Seller,standard,Decimal,DECIMAL_2,int x7 | float x2,$.fees[?(@.feeType == 'UserDefined_1307')].sellerPaidAmount,loan.fees[(feeType == 'UserDefined_1307')].sellerPaidAmount,no,no,9,1.8,0,0,8,55,65,375,3366.68,15000,Purchasing Conditions,no,
1785,Trans Details Closing Cost Program,standard,String,STRING,str x733,$.closingCostProgram,loan.closingCostProgram,no,yes,490,100,230,91.6,4,,,,,,Started,yes,
1787,Fees Line 1308 Descr,standard,String,STRING,str x9,$.fees[?(@.feeType == 'UserDefined_1308')].description,loan.fees[(feeType == 'UserDefined_1308')].description,no,no,9,1.8,0,0,9,,,,,,Investor Delivery,no,
1788,Fees Line 1308 Borr,standard,Decimal,DECIMAL_2,int x2 | float x1,$.fees[?(@.feeType == 'UserDefined_1308')].borPaidAmount,loan.fees[(feeType == 'UserDefined_1308')].borPaidAmount,no,no,3,0.6,0,0,3,69.77,69.77,295,2500,2500,,no,
1789,Fees Line 1308 Seller,standard,Decimal,DECIMAL_2,int x5 | float x1,$.fees[?(@.feeType == 'UserDefined_1308')].sellerPaidAmount,loan.fees[(feeType == 'UserDefined_1308')].sellerPaidAmount,no,no,6,1.2,0,0,5,75,75,1150,8209.5925,20800,,no,
1792,Fees Line 1309 Descr,standard,String,STRING,str x7,$.fees[?(@.feeType == 'UserDefined_1309')].description,loan.fees[(feeType == 'UserDefined_1309')].description,no,no,7,1.4,0,0,7,,,,,,,no,
1793,Fees Line 1309 Borr,standard,Decimal,DECIMAL_2,int x3 | float x1,$.fees[?(@.feeType == 'UserDefined_1309')].borPaidAmount,loan.fees[(feeType == 'UserDefined_1309')].borPaidAmount,no,no,4,0.8,0,0,4,102,112.6,147.2,1200,1550,,no,
1794,Fees Line 1309 Seller,standard,Decimal,DECIMAL_2,int x3,$.fees[?(@.feeType == 'UserDefined_1309')].sellerPaidAmount,loan.fees[(feeType == 'UserDefined_1309')].sellerPaidAmount,no,no,3,0.6,0,0,3,35,35,80,250,250,,no,
1809,Expenses Total Housing Expense,standard,Decimal,DECIMAL_2,float x4 | int x4,$.applications[0].monthlyHousingExpenseAmount,loan.currentApplication.monthlyHousingExpenseAmount,no,yes,4,0.8,1,0.4,8,708.33,1198.105,2399.1,4469.9075,7000,,no,
1810,Income Total Mo Income Spouse/Borr,standard,Decimal,DECIMAL_2,int x6 | float x5,$.applications[0].totalEmploymentAmount,loan.currentApplication.totalEmploymentAmount,no,yes,6,1.2,0,0,9,7823.04,8333,10081.5,35524.1,100000,,no,
1811,Subject Property Occupancy Status,standard,String,STRING,str x764,$.applications[0].propertyUsageType,loan.currentApplication.propertyUsageType,no,no,490,100,251,100,2,,,,,,Started,yes,
1819,Borr Mailing Addr Same as Present,standard,Boolean,YN,bool x535,$.applications[0].borrower.mailingAddressSameAsPresentIndicator,loan.currentApplication.borrower.mailingAddressSameAsPresentIndicator,no,no,482,98.4,38,15.1,1,,,,,,Started,no,
1820,Co-Borr Mailing Addr Same as Present,standard,Boolean,YN,bool x6,$.applications[0].coborrower.mailingAddressSameAsPresentIndicator,loan.currentApplication.coborrower.mailingAddressSameAsPresentIndicator,no,no,5,1,0,0,1,,,,,,,no,
1821,Subject Property Est Value,standard,Int,INTEGER,int x408,$.propertyEstimatedValueAmount,loan.propertyEstimatedValueAmount,no,no,341,69.6,45,17.9,173,150000,300000,450000,700000,1500000,Started,yes,identifying-or-high-cardinality
1823,Trans Details Interviewer Phone,standard,String,PHONE,str x706,$.interviewerPhoneNumber,loan.interviewerPhoneNumber,no,no,451,92,226,90,18,,,,,,Started,yes,identifying-or-high-cardinality
1824,Subject Property Legal Descr 2,standard,String,STRING,str x13,$.property.legalDescriptionText2,loan.property.legalDescriptionText2,no,no,13,2.7,0,0,12,,,,,,Purchasing Conditions,no,identifying-or-high-cardinality
1825,Trans Details Print 2003 Appl,standard,String,STRING,str x772,$.print2003Application,loan.print2003Application,no,no,490,100,251,100,1,,,,,,Started,no,
1838,Fees Line 801 - User Defined Fee 3 - Descr,standard,String,STRING,str x11,$.fees[?(@.feeType == 'UserDefinedFee_822')].description,loan.fees[(feeType == 'UserDefinedFee_822')].description,no,no,0,0,10,4,6,,,,,,,no,
1839,Line 801 - User Defined Fee 3 - Borr Amt,standard,Decimal,DECIMAL_2,int x10,$.fees[?(@.feeType == 'UserDefinedFee_822')].borPaidAmount,loan.fees[(feeType == 'UserDefinedFee_822')].borPaidAmount,no,no,0,0,9,3.6,3,100,100,100,262.5,775,,no,
1841,Fee Line 801 - User Defined Fee 4 - Descr,standard,String,STRING,str x1,$.fees[?(@.feeType == 'UserDefinedFee_823')].description,loan.fees[(feeType == 'UserDefinedFee_823')].description,no,no,0,0,1,0.4,1,,,,,,,no,
1842,Line 801 - User Defined Fee 4 - Borr Amt,standard,Decimal,DECIMAL_2,int x1,$.fees[?(@.feeType == 'UserDefinedFee_823')].borPaidAmount,loan.fees[(feeType == 'UserDefinedFee_823')].borPaidAmount,no,no,0,0,1,0.4,1,,,,,,,no,
1844,Fees Total Credits,standard,Decimal,DECIMAL_2,int x650 | float x46,$.totalFeesCreditAmount,loan.totalFeesCreditAmount,no,yes,450,91.8,223,88.8,552,120000,198750,356250,442500,637500,Started,no,identifying-or-high-cardinality
1845,Trans Details New First Mtg,standard,Decimal,DECIMAL_2,int x1,$.newFirstMortgageAmount,loan.newFirstMortgageAmount,no,no,0,0,0,0,1,,,,,,,no,
1846,Property Info Legal Descr,standard,String,STRING,str x80,$.closingDocument.textDescription,loan.closingDocument.textDescription,no,no,79,16.1,1,0.4,77,,,,,,Purchasing Conditions,no,identifying-or-high-cardinality
1847,Fees Compensation to Broker %,standard,String,STRING,str x1,$.gfe.gfeFees[?(@.gfeFeeType == 'CompensationToBroker' && @.gfeFeeIndex == '824')].rate,loan.gfe.gfeFees[(gfeFeeType == 'CompensationToBroker' && gfeFeeIndex == '824')].rate,no,no,1,0.2,0,0,1,,,,,,,no,
1851,Trans Details CC From Second,standard,Decimal,DECIMAL_2,float x1,$.closingCostsAndPrepaidsFromOtherLienAmount,loan.closingCostsAndPrepaidsFromOtherLienAmount,no,no,0,0,0,0,1,,,,,,,no,
1852,Trans Details CC Paid By Broker/Lender/Other,standard,Decimal,DECIMAL_2,int x18 | float x14,$.closingCostsPaidByOthersAmount,loan.closingCostsPaidByOthersAmount,no,yes,32,6.5,0,0,31,55.13,375.9375,945.75,2775.9375,10926.72,Investor Delivery,no,identifying-or-high-cardinality
1853,Trans Details Qualify Using P&I,standard,Boolean,YN,bool x34,$.regulationZ.usePitiForRatioIndicator,loan.regulationZ.usePitiForRatioIndicator,no,no,33,6.7,0,0,1,,,,,,Loan Setup,no,
1855,File Contacts Closer Name,standard,String,STRING,str x231,$.contacts[?(@.contactType == 'LOAN_CLOSER')].name,loan.contacts[(contactType == 'LOAN_CLOSER')].name,no,no,227,46.3,0,0,4,,,,,,Cond. Approval,no,identifying-or-high-cardinality
1856,File Contacts Closer Phone,standard,String,PHONE,str x228,$.contacts[?(@.contactType == 'LOAN_CLOSER')].phone,loan.contacts[(contactType == 'LOAN_CLOSER')].phone,no,no,224,45.7,0,0,2,,,,,,Cond. Approval,no,identifying-or-high-cardinality
1857,File Contacts Closer Email,standard,String,STRING,str x231,$.contacts[?(@.contactType == 'LOAN_CLOSER')].email,loan.contacts[(contactType == 'LOAN_CLOSER')].email,no,no,227,46.3,0,0,4,,,,,,Cond. Approval,no,identifying-or-high-cardinality
1859,Borrower Vesting Borr 1 Corp/Trust Name,standard,String,STRING,str x430,$.closingDocument.borrowerUnparsedName1,loan.closingDocument.borrowerUnparsedName1,no,no,280,57.1,148,59,340,,,,,,Started,yes,identifying-or-high-cardinality
1860,Borrower Vesting Borr 1 Org State,standard,String,STRING,str x413,$.closingDocument.borrowerOrganizedUnderTheLawsOfJurisdictionName1,loan.closingDocument.borrowerOrganizedUnderTheLawsOfJurisdictionName1,no,no,270,55.1,141,56.2,23,,,,,,Started,yes,
1861,Borrower Vesting Borr 1 Org Type,standard,String,STRING,str x645,$.closingDocument.borrowerOrganizationType1,loan.closingDocument.borrowerOrganizationType1,no,no,486,99.2,154,61.4,17,,,,,,Started,yes,
1862,Borrower Vesting Borr 1 Org Tax ID,standard,String,STRING,str x273,$.closingDocument.borrowerTaxIdentificationNumberIdentifier1,loan.closingDocument.borrowerTaxIdentificationNumberIdentifier1,no,no,190,38.8,82,32.7,215,,,,,,Submittal,yes,identifying-or-high-cardinality
1867,Borrower Vesting Borr Final Vesting to Read,standard,String,STRING,str x258,$.closingDocument.finalVestingDescription,loan.closingDocument.finalVestingDescription,no,no,186,38,69,27.5,204,,,,,,Docs Out,no,identifying-or-high-cardinality
1868,Borr Name,standard,String,STRING,str x708,$.applications[0].borrower.fullNameWithSuffix,loan.currentApplication.borrower.fullNameWithSuffix,no,no,465,94.9,215,85.7,355,,,,,,Started,no,identifying-or-high-cardinality
1869,Borrower Vesting Borr AKA,standard,String,STRING,str x46,$.applications[0].borrower.aliasName,loan.currentApplication.borrower.aliasName,no,no,43,8.8,2,0.8,34,,,,,,Investor Delivery,no,identifying-or-high-cardinality
1871,Borrower Vesting - Borrower Vesting Type,standard,String,STRING,str x706,$.applications[0].borrower.borrowerType,loan.currentApplication.borrower.borrowerType,no,no,474,96.7,204,81.3,2,,,,,,Started,no,
1872,Borrower Vesting Borr Vesting,standard,String,STRING,str x258,$.applications[0].borrower.powerOfAttorneyTitleDescription,loan.currentApplication.borrower.powerOfAttorneyTitleDescription,no,yes,180,36.7,76,30.3,3,,,,,,Docs Out,yes,
1873,Co-Borr Name,standard,String,STRING,str x61,$.applications[0].coborrower.fullNameWithSuffix,loan.currentApplication.coborrower.fullNameWithSuffix,no,no,23,4.7,37,14.7,45,,,,,,Purchasing Conditions,no,identifying-or-high-cardinality
1874,Borrower Vesting Co-Borr AKA,standard,String,STRING,str x3,$.applications[0].coborrower.aliasName,loan.currentApplication.coborrower.aliasName,no,no,3,0.6,0,0,3,,,,,,,no,identifying-or-high-cardinality
1876,Borrower Vesting - Co-Borr Vesting Type,standard,String,STRING,str x62,$.applications[0].coborrower.borrowerType,loan.currentApplication.coborrower.borrowerType,no,no,26,5.3,35,13.9,2,,,,,,Purchasing Conditions,no,
1877,Borrower Vesting Co-Borr Vesting,standard,String,STRING,str x27,$.applications[0].coborrower.powerOfAttorneyTitleDescription,loan.currentApplication.coborrower.powerOfAttorneyTitleDescription,no,yes,11,2.2,16,6.4,1,,,,,,Purchasing Conditions,no,
1881,REGZ Loan Info Plan Code,standard,String,STRING,str x185,$.closingDocument.planCode,loan.closingDocument.planCode,no,yes,183,37.3,0,0,15,,,,,,Docs Out,no,
1885,REGZ Loan Info Last Audit Date,standard,DateTime,DATE,date x243,$.closingDocument.lastAuditDate,loan.closingDocument.lastAuditDate,no,yes,239,48.8,1,0.4,118,,,,,,Started,no,identifying-or-high-cardinality
1886,REGZ Loan Info Last Document Ordered,standard,String,STRING,str x242,$.closingDocument.lastDocumentOrdered,loan.closingDocument.lastDocumentOrdered,no,yes,238,48.6,1,0.4,242,,,,,,Started,no,identifying-or-high-cardinality
1887,REGZ Loan Info Document Signing Date,standard,DateTime,DATE,date x33,$.closingDocument.documentSigningDate,loan.closingDocument.documentSigningDate,no,no,28,5.7,3,1.2,27,,,,,,Purchasing Conditions,no,identifying-or-high-cardinality
1889,HELOC Draw Period Mos,standard,Int,INTEGER,int x1,$.loanProductData.drawPeriodMonthsCount,loan.loanProductData.drawPeriodMonthsCount,no,no,0,0,0,0,1,,,,,,,no,
1890,HELOC Repay Period Mos,standard,Int,INTEGER,int x1,$.loanProductData.repayPeriodMonthsCount,loan.loanProductData.repayPeriodMonthsCount,no,no,0,0,0,0,1,,,,,,,no,
1891,HELOC Annual Fee,standard,Decimal,DECIMAL_2,int x1,$.loanProductData.annualFeeNeededAmount,loan.loanProductData.annualFeeNeededAmount,no,no,0,0,0,0,1,,,,,,,no,
1893,HELOC Max Allowable APR,standard,Decimal,DECIMAL_3,int x1,$.loanProductData.minimumAllowableApr,loan.loanProductData.minimumAllowableApr,no,no,0,0,0,0,1,,,,,,,no,
1894,Property Info Parcel #,standard,String,STRING,str x126 | date x6,$.property.assessorsParcelIdentifier,loan.property.assessorsParcelIdentifier,no,no,85,17.3,47,18.7,130,,,,,,Started,no,identifying-or-high-cardinality
1895,Prequal Minimum Payment,standard,Decimal,DECIMAL_2,float x621 | int x20,$.regulationZ.minimumPayment,loan.regulationZ.minimumPayment,no,yes,426,86.9,199,79.3,117,59.96,65.69,67.795,72.51,883.35,Started,no,identifying-or-high-cardinality
1896,Prequal Maximum Payment,standard,Decimal,DECIMAL_2,float x621 | int x19,$.regulationZ.maximumPayment,loan.regulationZ.maximumPayment,no,yes,426,86.9,199,79.3,117,56.25,65.69,67.37,77.08,87.5,Started,no,identifying-or-high-cardinality
1946,REGZ Prepymt Penalty Type of Prepay 1,standard,String,STRING,str x2,$.loanProductData.fullPrepaymentPenaltyOptionType,loan.loanProductData.fullPrepaymentPenaltyOptionType,no,no,2,0.4,0,0,2,,,,,,,no,
1947,REGZ Prepymt Penalty Prepymt Period 1,standard,Int,INTEGER,int x197,$.loanProductData.prepaymentPenaltyTermMonthsCount,loan.loanProductData.prepaymentPenaltyTermMonthsCount,no,no,178,36.3,0,0,5,6,12,12,60,60,Cond. Approval,no,
1948,REGZ Prepymt Penalty Prepymt as a % 1,standard,Decimal,DECIMAL_3,int x157,$.loanProductData.prepaymentPenaltyPercent,loan.loanProductData.prepaymentPenaltyPercent,no,no,156,31.8,0,0,4,2,3,3,5,5,Docs Out,no,
1949,Closing County,standard,String,STRING,str x10,$.closingDocument.drawCounty,loan.closingDocument.drawCounty,no,no,8,1.6,0,0,4,,,,,,Purchasing Conditions,no,
1950,Closing Hrs Docs needed prior to disbrsmnt,standard,String,STRING,str x2,$.closingDocument.hoursDocumentsNeededPriorToDisbursementCount,loan.closingDocument.hoursDocumentsNeededPriorToDisbursementCount,no,no,1,0.2,0,0,1,,,,,,,no,
1952,Closing Docs Instructions Condition Descrip,standard,String,STRING,str x17,$.closingDocument.conditionDescription,loan.closingDocument.conditionDescription,no,no,17,3.5,0,0,14,,,,,,Purchasing Conditions,no,
1957,Prequal Max Pymt Yr,standard,String,STRING,str x641,$.regulationZ.yearOfMaximumPayment,loan.regulationZ.yearOfMaximumPayment,no,yes,426,86.9,199,79.3,1,,,,,,Started,no,
1958,Prequal Sample Pymt Amt,standard,Decimal,DECIMAL_2,float x621 | int x20,$.regulationZ.samplePayments,loan.regulationZ.samplePayments,no,yes,426,86.9,199,79.3,117,359.76,394.14,406.77,435.06,5300.1,Started,no,identifying-or-high-cardinality
1961,REGZ Construction Mortgage Final Pymt Date,standard,DateTime,DATE,date x2,$.regulationZ.finalPaymentDate,loan.regulationZ.finalPaymentDate,no,no,0,0,2,0.8,1,,,,,,,no,
1962,REGZ Construction Mortgage Number of Days,standard,String,STRING,str x194,$.closingDocument.perDiemCalculationMethodType,loan.closingDocument.perDiemCalculationMethodType,no,no,1,0.2,192,76.5,2,,,,,,,no,
1963,REGZ Construction Mortgage 1st Amortization Date,standard,DateTime,DATE,date x1,$.regulationZ.firstAmortizationPaymentDate,loan.regulationZ.firstAmortizationPaymentDate,no,no,0,0,1,0.4,1,,,,,,,no,
1964,Initial Acquisition of Land,standard,Boolean,YN,bool x193,$.regulationZ.acquisition,loan.regulationZ.acquisition,no,no,1,0.2,192,76.5,1,,,,,,,no,
1967,HELOC Discounted,standard,String,STRING,str x1,$.loanProductData.discounted,loan.loanProductData.discounted,no,no,0,0,0,0,1,,,,,,,no,
1969,Trans Details Copy to Lender Check Box,standard,Boolean,YN,bool x725,$.copyBrokerToLenderIndicator,loan.copyBrokerToLenderIndicator,no,no,268,54.7,228,90.8,1,,,,,,Loan Setup,no,
1972,REGZ Prepymt Penalty Prepymt Period 2,standard,Int,INTEGER,int x113,$.loanProductData.prepaymentPenalties[?(@.prepaymentPenaltyIndex == 1)].termMonthsCount,loan.loanProductData.prepaymentPenalties[(prepaymentPenaltyIndex == 1)].termMonthsCount,no,no,112,22.9,0,0,1,12,12,12,12,12,Docs Out,no,
1973,REGZ Prepymt Penalty Prepymt as a % 2,standard,Decimal,DECIMAL_3,int x106,$.loanProductData.prepaymentPenalties[?(@.prepaymentPenaltyIndex == 1)].prepaymentPenaltyPercent,loan.loanProductData.prepaymentPenalties[(prepaymentPenaltyIndex == 1)].prepaymentPenaltyPercent,no,no,105,21.4,0,0,5,1,2,3,4,5,Docs Out,no,
1974,REGZ Prepymt Penalty Type of Prepay 3,standard,String,STRING,str x1,$.loanProductData.prepaymentPenalties[?(@.prepaymentPenaltyIndex == 2)].fullPrepaymentPenaltyOptionType,loan.loanProductData.prepaymentPenalties[(prepaymentPenaltyIndex == 2)].fullPrepaymentPenaltyOptionType,no,no,1,0.2,0,0,1,,,,,,,no,
1975,REGZ Prepymt Penalty Prepymt Period 3,standard,Int,INTEGER,int x110,$.loanProductData.prepaymentPenalties[?(@.prepaymentPenaltyIndex == 2)].termMonthsCount,loan.loanProductData.prepaymentPenalties[(prepaymentPenaltyIndex == 2)].termMonthsCount,no,no,109,22.2,0,0,1,12,12,12,12,12,Docs Out,no,
1976,REGZ Prepymt Penalty Prepymt as a % 3,standard,Decimal,DECIMAL_3,int x103,$.loanProductData.prepaymentPenalties[?(@.prepaymentPenaltyIndex == 2)].prepaymentPenaltyPercent,loan.loanProductData.prepaymentPenalties[(prepaymentPenaltyIndex == 2)].prepaymentPenaltyPercent,no,no,102,20.8,0,0,4,1,1,3,3,5,Docs Out,no,
1978,REGZ Prepymt Penalty Prepymt Period 4,standard,Int,INTEGER,int x57,$.loanProductData.prepaymentPenalties[?(@.prepaymentPenaltyIndex == 3)].termMonthsCount,loan.loanProductData.prepaymentPenalties[(prepaymentPenaltyIndex == 3)].termMonthsCount,no,no,56,11.4,0,0,1,12,12,12,12,12,Purchasing Conditions,no,
1979,REGZ Prepymt Penalty Prepymt as a % 4,standard,Decimal,DECIMAL_3,int x51,$.loanProductData.prepaymentPenalties[?(@.prepaymentPenaltyIndex == 3)].prepaymentPenaltyPercent,loan.loanProductData.prepaymentPenalties[(prepaymentPenaltyIndex == 3)].prepaymentPenaltyPercent,no,no,50,10.2,0,0,4,1,2,2,2,5,Purchasing Conditions,no,
1981,REGZ Prepymt Penalty Prepymt Period 5,standard,Int,INTEGER,int x56,$.loanProductData.prepaymentPenalties[?(@.prepaymentPenaltyIndex == 4)].termMonthsCount,loan.loanProductData.prepaymentPenalties[(prepaymentPenaltyIndex == 4)].termMonthsCount,no,no,55,11.2,0,0,1,12,12,12,12,12,Purchasing Conditions,no,
1982,REGZ Prepymt Penalty Prepymt as a % 5,standard,Decimal,DECIMAL_3,int x50,$.loanProductData.prepaymentPenalties[?(@.prepaymentPenaltyIndex == 4)].prepaymentPenaltyPercent,loan.loanProductData.prepaymentPenalties[(prepaymentPenaltyIndex == 4)].prepaymentPenaltyPercent,no,no,49,10,0,0,3,1,1,1,1,5,Purchasing Conditions,no,
1986,HELOC Termination Fee,standard,Decimal,DECIMAL_2,int x1,$.loanProductData.terminationFeeAmount,loan.loanProductData.terminationFeeAmount,no,no,0,0,0,0,1,,,,,,,no,
1987,HELOC Termination Fee Mos,standard,Int,INTEGER,int x1,$.loanProductData.terminationPeriodMonthsCount,loan.loanProductData.terminationPeriodMonthsCount,no,no,0,0,0,0,1,,,,,,,no,
1989,Trans Details Total Deductions,standard,Decimal,DECIMAL_2,float x236 | int x9,$.totalDeductionsAmount,loan.totalDeductionsAmount,no,yes,182,37.1,62,24.7,245,-3726.88,3133.205,5872.43,13398.3,142109.91,Docs Out,no,identifying-or-high-cardinality
1990,Trans Details Total Wire Transfer,standard,Decimal,DECIMAL_2,int x460 | float x236,$.totalWireTransferAmount,loan.totalWireTransferAmount,no,yes,451,92,223,88.8,585,75000,225000,360000,480000,600000,Started,no,identifying-or-high-cardinality
1991,Funding Funder Name,standard,String,STRING,str x227,$.funding.funderName,loan.funding.funderName,no,no,224,45.7,0,0,3,,,,,,Cond. Approval,no,identifying-or-high-cardinality
1992,Funding Sent to Funder Date,standard,DateTime,DATE,date x1,$.funding.sentToFunderDate,loan.funding.sentToFunderDate,no,no,1,0.2,0,0,1,,,,,,,no,
1993,Funding Type,standard,String,STRING,str x1,$.funding.fundingType,loan.funding.fundingType,no,no,1,0.2,0,0,1,,,,,,,no,
1994,Funding Close Date,standard,DateTime,DATE,date x1,$.funding.fundingCloseDate,loan.funding.fundingCloseDate,no,no,1,0.2,0,0,1,,,,,,,no,
1996,Funding Funds Ordered Date,standard,DateTime,DATE,date x1,$.funding.fundingOrderDate,loan.funding.fundingOrderDate,no,no,1,0.2,0,0,1,,,,,,,no,
1997,Funding Funds Sent Date,standard,DateTime,DATE,date x1,$.funding.fundsSentDate,loan.funding.fundsSentDate,no,no,1,0.2,0,0,1,,,,,,,no,
2001,Funding Wired To,standard,String,STRING,str x14,$.funding.fundsWireTo,loan.funding.fundsWireTo,no,no,14,2.9,0,0,1,,,,,,Purchasing Conditions,no,
2002,Funding Wired To 1 - For Further Credit To,standard,String,STRING,str x6,$.funding.wiredToForFurtherCreditTo1,loan.funding.wiredToForFurtherCreditTo1,no,no,6,1.2,0,0,6,,,,,,Purchasing Conditions,no,
2004,Funding Wired To 1 - For Credit To,standard,String,STRING,str x11,$.funding.wiredToForCreditTo1,loan.funding.wiredToForCreditTo1,no,no,11,2.2,0,0,8,,,,,,Purchasing Conditions,no,identifying-or-high-cardinality
2006,File Contacts Broker Lender Contact Name,standard,String,STRING,str x173,$.contacts[?(@.contactType == 'BROKER_LENDER')].contactName,loan.contacts[(contactType == 'BROKER_LENDER')].contactName,no,no,124,25.3,37,14.7,7,,,,,,Started,no,identifying-or-high-cardinality
2014,Shipping Actual Shipping Date,standard,DateTime,DATE,date x111,$.shipping.actualShipDate,loan.shipping.actualShipDate,no,no,110,22.4,1,0.4,68,,,,,,Purchasing Conditions,no,identifying-or-high-cardinality
2016,Shipping Shipment Method,standard,String,STRING,str x2,$.shipping.shipmentMethod,loan.shipping.shipmentMethod,no,no,2,0.4,0,0,1,,,,,,,no,
2017,Shipping Carrier Name,standard,String,STRING,str x15,$.shipping.carrierName,loan.shipping.carrierName,no,no,15,3.1,0,0,4,,,,,,Purchasing Conditions,no,identifying-or-high-cardinality
2018,Shipping Pkg Tracking Number,standard,String,STRING,str x160,$.shipping.packageTrackingNumber,loan.shipping.packageTrackingNumber,no,no,158,32.2,1,0.4,147,,,,,,Investor Delivery,no,identifying-or-high-cardinality
2023,Shipping MERS Registration Date,standard,DateTime,DATE,date x167,$.mersNumberRegistrationDate,loan.mersNumberRegistrationDate,no,no,166,33.9,0,0,97,,,,,,Investor Delivery,no,identifying-or-high-cardinality
2024,Loan Info Loan Source,standard,String,STRING,str x772,$.loanSource,loan.loanSource,no,no,490,100,251,100,6,,,,,,Started,no,
2025,Loan Info Loan Created Date,standard,DateTime,DATETIME,date x772,$.loanCreationDate,loan.loanCreationDate,no,yes,490,100,251,100,772,,,,,,Started,no,identifying-or-high-cardinality
2026,Loan Info Prepared By Name,standard,String,STRING,str x772,$.regulationZ.namePreparedBy,loan.regulationZ.namePreparedBy,no,no,490,100,251,100,25,,,,,,Started,no,identifying-or-high-cardinality
2027,Loan Info Prepared By Phone,standard,String,PHONE,str x643,$.regulationZ.phonePreparedBy,loan.regulationZ.phonePreparedBy,no,no,404,82.4,211,84.1,17,,,,,,Started,no,identifying-or-high-cardinality
2031,Rate Lock Sell Side Investor Status,standard,String,STRING,str x188,$.rateLock.sellSideInvestorStatus,loan.rateLock.sellSideInvestorStatus,no,yes,176,35.9,11,4.4,2,,,,,,Investor Delivery,no,
2033,Rate Lock Sell Side Investor Status Modification Date,standard,DateTime,DATE,date x188,$.rateLock.sellSideInvestorStatusDate,loan.rateLock.sellSideInvestorStatusDate,no,yes,176,35.9,11,4.4,109,,,,,,Investor Delivery,no,identifying-or-high-cardinality
2089,Rate Lock Request Lock Date,standard,DateTime,DATE,date x9,$.rateLock.requestLockDate,loan.rateLock.requestLockDate,no,no,9,1.8,0,0,7,,,,,,Purchasing Conditions,no,
2090,Rate Lock Request Number of Days,standard,Int,INTEGER,int x8,$.rateLock.requestNumberOfDays,loan.rateLock.requestNumberOfDays,no,no,8,1.6,0,0,4,30,30,30,32.5,45,Purchasing Conditions,no,
2091,Rate Lock Request Lock Expires Date,standard,DateTime,DATE,date x9,$.rateLock.requestLockExpires,loan.rateLock.requestLockExpires,no,no,9,1.8,0,0,8,,,,,,Purchasing Conditions,no,
2092,Rate Lock Request Base Rate,standard,Decimal,DECIMAL_3,float x7 | int x2,$.rateLock.requestRate,loan.rateLock.requestRate,no,no,9,1.8,0,0,7,6.375,6.49,6.875,7.0625,7.5,Purchasing Conditions,no,
2100,Rate Lock Request Base Rate Requested,standard,Decimal,DECIMAL_3,float x7 | int x2,$.rateLock.requestRateRequested,loan.rateLock.requestRateRequested,no,no,9,1.8,0,0,7,6.375,6.49,6.875,7.0625,7.5,Purchasing Conditions,no,
2101,Rate Lock Request Base Price Rate,standard,Decimal,DECIMAL_10,int x119 | float x54,$.rateLock.requestPriceRate,loan.rateLock.requestPriceRate,no,no,167,34.1,0,0,44,1.5,98.9062,100,100,103,Docs Out,yes,identifying-or-high-cardinality
2143,Rate Lock Request Base Price Rate Requested,standard,Decimal,DECIMAL_10,int x113 | float x54,$.rateLock.requestPriceRateRequested,loan.rateLock.requestPriceRateRequested,no,no,167,34.1,0,0,44,1.5,98.9062,100,100,103,Docs Out,no,identifying-or-high-cardinality
2207,Purchase Advice Net Sell Price,standard,Decimal,DECIMAL_6,float x50 | int x13,$.rateLock.netSellPrice,loan.rateLock.netSellPrice,no,no,56,11.4,7,2.8,46,100,100.0563,101.0625,102.5235,104.5,Investor Delivery,no,identifying-or-high-cardinality
2208,Purchase Advice Sell Amount,standard,Decimal,DECIMAL_2,float x39 | int x14,$.rateLock.netSellAmount,loan.rateLock.netSellAmount,no,no,53,10.8,0,0,52,367.9,1133.385,5450.875,9862.5,15468.75,Investor Delivery,no,identifying-or-high-cardinality
2211,Purchase Advice Principal,standard,Decimal,DECIMAL_2,int x47 | float x16,$.rateLock.principle,loan.rateLock.principle,no,no,56,11.4,7,2.8,60,80703.54,189250,263610,408125,640000,Investor Delivery,no,identifying-or-high-cardinality
2212,Purchase Advice Premium,standard,Decimal,DECIMAL_2,float x38 | int x14,$.rateLock.premium,loan.rateLock.premium,no,yes,52,10.6,0,0,51,367.9,1133.385,5450.875,9862.5,15468.75,Investor Delivery,no,identifying-or-high-cardinality
2214,Purchase Advice Amount Received,standard,Decimal,DECIMAL_2,float x59 | int x4,$.rateLock.amountReceived,loan.rateLock.amountReceived,no,no,56,11.4,7,2.8,63,78343.18,179382.575,245746.73,388669.365,647458.51,Investor Delivery,no,identifying-or-high-cardinality
2293,Trans Details Impounds Waived,standard,String,STRING,str x498,$.rateLock.impoundWavied,loan.rateLock.impoundWavied,no,no,474,96.7,19,7.6,2,,,,,,Started,no,
2301,Underwriting Approval Date,standard,DateTime,DATE,date x241,$.underwriterSummary.approvedDate,loan.underwriterSummary.approvedDate,no,no,196,40,42,16.7,112,,,,,,Cond. Approval,no,identifying-or-high-cardinality
2302,Underwriting Approval Expired Date,standard,DateTime,DATE,date x181,$.underwriterSummary.approvalExpiredDate,loan.underwriterSummary.approvalExpiredDate,no,no,180,36.7,0,0,113,,,,,,Docs Out,yes,identifying-or-high-cardinality
2305,Underwriting Clear to Close Date,standard,DateTime,DATE,date x244,$.underwriterSummary.clearToCloseDate,loan.underwriterSummary.clearToCloseDate,no,no,189,38.6,52,20.7,115,,,,,,Docs Out,no,identifying-or-high-cardinality
2306,Interviewer's License Number,standard,String,STRING,str x3,$.interviewerLicenseIdentifier,loan.interviewerLicenseIdentifier,no,no,0,0,0,0,1,,,,,,,no,identifying-or-high-cardinality
2336,Underwriting Credit Received Date,standard,DateTime,DATE,date x314,$.applications[0].borrower.creditReceivedDate,loan.currentApplication.borrower.creditReceivedDate,no,no,251,51.2,59,23.5,133,,,,,,Started,no,identifying-or-high-cardinality
2351,Underwriting Original Appraiser,standard,String,STRING,str x175,$.underwriterSummary.originalAppraiser,loan.underwriterSummary.originalAppraiser,no,no,127,25.9,47,18.7,51,,,,,,Started,no,identifying-or-high-cardinality
2352,Underwriting Appraisal Ordered Date,standard,DateTime,DATE,date x54,$.underwriterSummary.appraisalOrderedDate,loan.underwriterSummary.appraisalOrderedDate,no,no,52,10.6,1,0.4,37,,,,,,Submittal,no,identifying-or-high-cardinality
2353,Underwriting Appraisal Completed Date,standard,DateTime,DATE,date x54,$.underwriterSummary.appraisalCompletedDate,loan.underwriterSummary.appraisalCompletedDate,no,no,52,10.6,1,0.4,35,,,,,,Submittal,no,identifying-or-high-cardinality
2354,Underwriting Appraisal Expired Date,standard,DateTime,DATE,date x128,$.underwriterSummary.appraisalExpiredDate,loan.underwriterSummary.appraisalExpiredDate,no,no,83,16.9,45,17.9,73,,,,,,Started,no,identifying-or-high-cardinality
2355,Underwriting Original Appraisers Value,standard,Decimal,DECIMAL_2,int x181,$.underwriterSummary.originalAppraisersValue,loan.underwriterSummary.originalAppraisersValue,no,no,127,25.9,47,18.7,127,160000,327500,530000,663750,950000,Started,no,identifying-or-high-cardinality
2356,Underwriting Appraisal Type,standard,String,STRING,str x123,$.underwriterSummary.appraisalType,loan.underwriterSummary.appraisalType,no,no,77,15.7,46,18.3,3,,,,,,Started,no,
2357,Underwriting Review Appraiser,standard,String,STRING,str x201,$.underwriterSummary.reviewAppraiser,loan.underwriterSummary.reviewAppraiser,no,no,154,31.4,46,18.3,58,,,,,,Started,no,identifying-or-high-cardinality
2358,Underwriting Appraisal Review Type,standard,String,STRING,str x202,$.underwriterSummary.reviewType,loan.underwriterSummary.reviewType,no,no,155,31.6,46,18.3,4,,,,,,Started,no,
2359,Underwriting Appraisal Review Requested Date,standard,DateTime,DATE,date x211,$.underwriterSummary.reviewRequestedDate,loan.underwriterSummary.reviewRequestedDate,no,no,164,33.5,46,18.3,110,,,,,,Started,no,identifying-or-high-cardinality
2360,Underwriting Appraisal Review Completed Date,standard,DateTime,DATE,date x207,$.underwriterSummary.reviewCompletedDate,loan.underwriterSummary.reviewCompletedDate,no,no,161,32.9,45,17.9,120,,,,,,Started,no,identifying-or-high-cardinality
2361,Underwriting Appraisal Review Value,standard,Decimal,DECIMAL_2,int x208,$.underwriterSummary.reviewValue,loan.underwriterSummary.reviewValue,no,no,155,31.6,46,18.3,139,175000,265000,410000,712500,950000,Started,no,identifying-or-high-cardinality
2362,Underwriting Appraisal Conditions,standard,String,STRING,str x146,$.underwriterSummary.conditions,loan.underwriterSummary.conditions,no,no,145,29.6,0,0,71,,,,,,Started,no,identifying-or-high-cardinality
2363,Underwriting Flood Info Cert Number,standard,String,STRING,str x230,$.contacts[?(@.contactType == 'FLOOD_INSURANCE')].insuranceCertNumber,loan.contacts[(contactType == 'FLOOD_INSURANCE')].insuranceCertNumber,no,no,197,40.2,32,12.7,230,,,,,,Started,no,identifying-or-high-cardinality
2364,Underwriting Flood Info Determination Number,standard,String,STRING,str x230,$.contacts[?(@.contactType == 'FLOOD_INSURANCE')].insuranceDeterminationNumber,loan.contacts[(contactType == 'FLOOD_INSURANCE')].insuranceDeterminationNumber,no,no,197,40.2,32,12.7,230,,,,,,Started,no,identifying-or-high-cardinality
2365,Underwriting Flood Info Determination Date,standard,DateTime,DATE,date x231,$.contacts[?(@.contactType == 'FLOOD_INSURANCE')].insuranceDeterminationDate,loan.contacts[(contactType == 'FLOOD_INSURANCE')].insuranceDeterminationDate,no,no,197,40.2,32,12.7,105,,,,,,Started,no,identifying-or-high-cardinality
2366,Underwriting Flood Info Flood Zone,standard,Boolean,YN,bool x230,$.contacts[?(@.contactType == 'FLOOD_INSURANCE')].insuranceFloodZone,loan.contacts[(contactType == 'FLOOD_INSURANCE')].insuranceFloodZone,no,no,14,2.9,1,0.4,1,,,,,,,no,
2369,Underwriting Property Info Number of Bedrooms,standard,Int,INTEGER,int x176,$.contacts[?(@.contactType == 'FLOOD_INSURANCE')].insuranceNoOfBedrooms,loan.contacts[(contactType == 'FLOOD_INSURANCE')].insuranceNoOfBedrooms,no,no,128,26.1,47,18.7,11,1,2,3,4,12,Started,no,
2370,Purchase Advice Date,standard,DateTime,DATE,date x187,$.rateLock.date,loan.rateLock.date,no,no,175,35.7,11,4.4,109,,,,,,Investor Delivery,yes,identifying-or-high-cardinality
2371,Purchase Advice First Payment To,standard,String,STRING,str x65,$.rateLock.firstPaymentTo,loan.rateLock.firstPaymentTo,no,no,56,11.4,9,3.6,2,,,,,,Investor Delivery,no,
2372,Purchase Advice Payouts 1 Desc,standard,String,STRING,str x61,$.rateLock.purchaseAdvicePayouts[?(@.purchaseAdvicePayoutIndex == 1)].description,loan.rateLock.purchaseAdvicePayouts[(purchaseAdvicePayoutIndex == 1)].description,no,no,54,11,7,2.8,24,,,,,,Investor Delivery,no,
2373,Purchase Advice Payouts 1 Amount,standard,Decimal,DECIMAL_2,int x60 | float x1,$.rateLock.purchaseAdvicePayouts[?(@.purchaseAdvicePayoutIndex == 1)].amount,loan.rateLock.purchaseAdvicePayouts[(purchaseAdvicePayoutIndex == 1)].amount,no,no,54,11,7,2.8,16,-17720,-1095,-675,-675,10,Investor Delivery,no,
2374,Purchase Advice Payouts 2 Desc,standard,String,STRING,str x42,$.rateLock.purchaseAdvicePayouts[?(@.purchaseAdvicePayoutIndex == 2)].description,loan.rateLock.purchaseAdvicePayouts[(purchaseAdvicePayoutIndex == 2)].description,no,no,35,7.1,7,2.8,14,,,,,,Purchasing Conditions,no,
2375,Purchase Advice Payouts 2 Amount,standard,Decimal,DECIMAL_2,int x41 | float x1,$.rateLock.purchaseAdvicePayouts[?(@.purchaseAdvicePayoutIndex == 2)].amount,loan.rateLock.purchaseAdvicePayouts[(purchaseAdvicePayoutIndex == 2)].amount,no,no,35,7.1,7,2.8,15,-135000,-845,-845,-395,-1.08,Purchasing Conditions,no,
2376,Purchase Advice Payouts 3 Desc,standard,String,STRING,str x19,$.rateLock.purchaseAdvicePayouts[?(@.purchaseAdvicePayoutIndex == 3)].description,loan.rateLock.purchaseAdvicePayouts[(purchaseAdvicePayoutIndex == 3)].description,no,no,12,2.4,7,2.8,12,,,,,,Purchasing Conditions,no,
2377,Purchase Advice Payouts 3 Amount,standard,Decimal,DECIMAL_2,int x15 | float x4,$.rateLock.purchaseAdvicePayouts[?(@.purchaseAdvicePayoutIndex == 3)].amount,loan.rateLock.purchaseAdvicePayouts[(purchaseAdvicePayoutIndex == 3)].amount,no,no,12,2.4,7,2.8,12,-117015,-25100,-80,-6.95,10,Purchasing Conditions,no,
2378,Purchase Advice Payouts 4 Desc,standard,String,STRING,str x4,$.rateLock.purchaseAdvicePayouts[?(@.purchaseAdvicePayoutIndex == 4)].description,loan.rateLock.purchaseAdvicePayouts[(purchaseAdvicePayoutIndex == 4)].description,no,no,1,0.2,3,1.2,4,,,,,,,no,
2379,Purchase Advice Payouts 4 Amount,standard,Decimal,DECIMAL_2,int x3 | float x1,$.rateLock.purchaseAdvicePayouts[?(@.purchaseAdvicePayoutIndex == 4)].amount,loan.rateLock.purchaseAdvicePayouts[(purchaseAdvicePayoutIndex == 4)].amount,no,no,1,0.2,3,1.2,4,-70000,-52875,-825,226.6575,352.21,,no,
2380,Purchase Advice Payouts 5 Desc,standard,String,STRING,str x1,$.rateLock.purchaseAdvicePayouts[?(@.purchaseAdvicePayoutIndex == 5)].description,loan.rateLock.purchaseAdvicePayouts[(purchaseAdvicePayoutIndex == 5)].description,no,no,0,0,1,0.4,1,,,,,,,no,
2381,Purchase Advice Payouts 5 Amount,standard,Decimal,DECIMAL_2,int x1,$.rateLock.purchaseAdvicePayouts[?(@.purchaseAdvicePayoutIndex == 5)].amount,loan.rateLock.purchaseAdvicePayouts[(purchaseAdvicePayoutIndex == 5)].amount,no,no,0,0,1,0.4,1,,,,,,,no,
2396,Purchase Advice Confirmed By,standard,String,STRING,str x51,$.rateLock.confirmedBy,loan.rateLock.confirmedBy,no,no,45,9.2,6,2.4,5,,,,,,Investor Delivery,no,
2397,Purchase Advice Next Payment Date,standard,DateTime,DATE,date x65,$.rateLock.nextPaymentDate,loan.rateLock.nextPaymentDate,no,no,56,11.4,9,3.6,6,,,,,,Investor Delivery,no,
2398,Loan Info Subordinate Financing,standard,Decimal,DECIMAL_2,int x4,$.rateLock.totalSubordinateFinancing,loan.rateLock.totalSubordinateFinancing,no,no,0,0,0,0,3,29853,104465.25,1306026,2283750,2283750,,no,
2399,Closing Loan Info Plan Closing Provider,standard,String,STRING,str x758,$.closingDocument.closingProvider,loan.closingDocument.closingProvider,no,no,485,99,247,98.4,1,,,,,,Started,no,
2400,Closing Loan Info Loan is Locked,standard,Boolean,YN,bool x186,$.closingDocument.loanIsLocked,loan.closingDocument.loanIsLocked,no,no,184,37.6,0,0,1,,,,,,Docs Out,yes,
2402,Fees Recording Fee Deed Amount,standard,Decimal,DECIMAL_2,int x171 | float x3,$.fees[?(@.feeType == 'RecordingFee')].deedAmount,loan.fees[(feeType == 'RecordingFee')].deedAmount,no,no,54,11,2,0.8,24,25,82,85,150,575,Investor Delivery,no,
2403,Fees Recording Fee Mortgage Amount,standard,Decimal,DECIMAL_2,int x159 | float x14,$.fees[?(@.feeType == 'RecordingFee')].mortgageAmount,loan.fees[(feeType == 'RecordingFee')].mortgageAmount,no,no,167,34.1,2,0.8,60,143.75,225,275,350,575,Docs Out,no,identifying-or-high-cardinality
2404,Fees Recording Fee Releases Amount,standard,Decimal,DECIMAL_2,int x31,$.fees[?(@.feeType == 'RecordingFee')].releasesAmount,loan.fees[(feeType == 'RecordingFee')].releasesAmount,no,no,8,1.6,0,0,7,53,63.5,82.5,157.5,160,,no,
2405,Fees Recording Fee Deed Amount,standard,Decimal,DECIMAL_2,int x5 | float x2,$.fees[?(@.feeType == 'City_CountyTax_Stamps')].deedAmount,loan.fees[(feeType == 'City_CountyTax_Stamps')].deedAmount,no,no,6,1.2,1,0.4,7,10,1425,2225,3177.9,3270.25,,no,
2407,Fees Recording Fee Deed Amount,standard,Decimal,DECIMAL_2,int x11 | float x2,$.fees[?(@.feeType == 'StateTax_Stamps')].deedAmount,loan.fees[(feeType == 'StateTax_Stamps')].deedAmount,no,no,4,0.8,2,0.8,6,1177,1346.5,2193.75,4465.595,4905.38,,no,
2408,Fees Recording Fee Mortgage Amount,standard,Decimal,DECIMAL_2,int x5 | float x2,$.fees[?(@.feeType == 'StateTax_Stamps')].mortgageAmount,loan.fees[(feeType == 'StateTax_Stamps')].mortgageAmount,no,no,6,1.2,0,0,6,452.3,943.325,4365.95,9545,9980,Purchasing Conditions,no,
2411,File Contacts Loan Officer Fax,standard,String,PHONE,str x744,$.contacts[?(@.contactType == 'LOAN_OFFICER')].fax,loan.contacts[(contactType == 'LOAN_OFFICER')].fax,no,no,481,98.2,237,94.4,1,,,,,,Started,no,identifying-or-high-cardinality
2412,File Contacts Loan Processor Fax,standard,String,PHONE,str x541,$.contacts[?(@.contactType == 'LOAN_PROCESSOR')].fax,loan.contacts[(contactType == 'LOAN_PROCESSOR')].fax,no,no,393,80.2,139,55.4,1,,,,,,Started,no,identifying-or-high-cardinality
2413,File Contacts Loan Closer Fax,standard,String,PHONE,str x231,$.contacts[?(@.contactType == 'LOAN_CLOSER')].fax,loan.contacts[(contactType == 'LOAN_CLOSER')].fax,no,no,227,46.3,0,0,1,,,,,,Cond. Approval,no,identifying-or-high-cardinality
2553,Closing Docs REGZ Loan Info Disbursement Date,standard,DateTime,DATE,date x312,$.closingDocument.disbursementDate,loan.closingDocument.disbursementDate,no,no,287,58.6,18,7.2,154,,,,,,Started,no,identifying-or-high-cardinality
2554,Closing Docs Borr 1 Org Trust Date or Year,standard,String,STRING,str x249,$.closingDocument.borrowerTrustDateOrYear1,loan.closingDocument.borrowerTrustDateOrYear1,no,no,177,36.1,71,28.3,144,,,,,,Submittal,yes,identifying-or-high-cardinality
2558,Underwriting Mortgage 30 Days,standard,Int,INTEGER,int x255,$.applications[0].borrower.pass30Days,loan.currentApplication.borrower.pass30Days,no,no,4,0.8,0,0,3,1,1,2.5,4.75,5,,no,
2559,Underwriting Mortgaget 60 Days,standard,Int,INTEGER,int x255,$.applications[0].borrower.pass60Days,loan.currentApplication.borrower.pass60Days,no,no,2,0.4,0,0,2,,,,,,,no,
2560,Underwriting Mortgage 90 Days,standard,Int,INTEGER,int x255,$.applications[0].borrower.pass90Days,loan.currentApplication.borrower.pass90Days,no,no,3,0.6,0,0,3,5,5,8,12,12,,no,
2564,Underwriting Number of Tradelines,standard,Int,INTEGER,int x255,$.applications[0].borrower.numberofTradelines,loan.currentApplication.borrower.numberofTradelines,no,no,231,47.1,21,8.4,40,3,8,15,22,37,Started,no,identifying-or-high-cardinality
2573,Export Investor or Lender Loan Number,standard,String,STRING,str x2,$.exportLoanNumber,loan.exportLoanNumber,no,no,1,0.2,1,0.4,2,,,,,,,no,
2574,File Contacts Underwriter Name,standard,String,STRING,str x165,$.contacts[?(@.contactType == 'LOAN_UNDERWRITER')].name,loan.contacts[(contactType == 'LOAN_UNDERWRITER')].name,no,no,153,31.2,10,4,5,,,,,,Cond. Approval,no,identifying-or-high-cardinality
2575,File Contacts Underwriter Phone,standard,String,PHONE,str x159,$.contacts[?(@.contactType == 'LOAN_UNDERWRITER')].phone,loan.contacts[(contactType == 'LOAN_UNDERWRITER')].phone,no,no,147,30,10,4,3,,,,,,Cond. Approval,no,identifying-or-high-cardinality
2576,File Contacts Underwriter Email,standard,String,STRING,str x165,$.contacts[?(@.contactType == 'LOAN_UNDERWRITER')].email,loan.contacts[(contactType == 'LOAN_UNDERWRITER')].email,no,no,153,31.2,10,4,5,,,,,,Cond. Approval,no,identifying-or-high-cardinality
2577,File Contacts Underwriter Fax,standard,String,PHONE,str x163,$.contacts[?(@.contactType == 'LOAN_UNDERWRITER')].fax,loan.contacts[(contactType == 'LOAN_UNDERWRITER')].fax,no,no,151,30.8,10,4,1,,,,,,Cond. Approval,no,identifying-or-high-cardinality
2591,Fees Loan Origination Fee Due Lender,standard,Decimal,DECIMAL_2,int x451 | float x124,$.loanSubmission.loanSubmissionFees[?(@.loanSubmissionFeeType == 'LoanOriginationFee')].dueLender,loan.loanSubmission.loanSubmissionFees[(loanSubmissionFeeType == 'LoanOriginationFee')].dueLender,no,yes,367,74.9,203,80.9,443,1725,3600,6000,8000,15400,Started,no,identifying-or-high-cardinality
2593,Purchase Advice Expctd Principal,standard,Decimal,DECIMAL_2,int x587 | float x16,$.rateLock.expectedPrinciple,loan.rateLock.expectedPrinciple,no,no,371,75.7,210,83.7,410,100000,240000,300000,412500,600000,Started,no,identifying-or-high-cardinality
2594,Purchase Advice Expctd Premium,standard,Decimal,DECIMAL_2,float x39 | int x14,$.rateLock.expectedPremium,loan.rateLock.expectedPremium,no,no,53,10.8,0,0,52,367.9,1133.385,5450.875,9862.5,15468.75,Investor Delivery,no,identifying-or-high-cardinality
2596,Purchase Advice Expctd Payout 1 Amt,standard,Decimal,DECIMAL_2,int x61 | float x1,$.rateLock.purchaseAdvicePayouts[?(@.purchaseAdvicePayoutIndex == 1)].expectedAmount,loan.rateLock.purchaseAdvicePayouts[(purchaseAdvicePayoutIndex == 1)].expectedAmount,no,no,55,11.2,7,2.8,16,-17720,-1095,-685,-675,10,Investor Delivery,no,
2597,Purchase Advice Expctd Payout 2 Amt,standard,Decimal,DECIMAL_2,int x42 | float x1,$.rateLock.purchaseAdvicePayouts[?(@.purchaseAdvicePayoutIndex == 2)].expectedAmount,loan.rateLock.purchaseAdvicePayouts[(purchaseAdvicePayoutIndex == 2)].expectedAmount,no,no,36,7.3,7,2.8,15,-135000,-845,-845,-80,-1.08,Purchasing Conditions,no,
2598,Purchase Advice Expctd Payout 3 Amt,standard,Decimal,DECIMAL_2,int x15 | float x4,$.rateLock.purchaseAdvicePayouts[?(@.purchaseAdvicePayoutIndex == 3)].expectedAmount,loan.rateLock.purchaseAdvicePayouts[(purchaseAdvicePayoutIndex == 3)].expectedAmount,no,no,12,2.4,7,2.8,11,-117015,-25100,-80,-6.95,10,Purchasing Conditions,no,
2599,Purchase Advice Expctd Payout 4 Amt,standard,Decimal,DECIMAL_2,int x3 | float x1,$.rateLock.purchaseAdvicePayouts[?(@.purchaseAdvicePayoutIndex == 4)].expectedAmount,loan.rateLock.purchaseAdvicePayouts[(purchaseAdvicePayoutIndex == 4)].expectedAmount,no,no,1,0.2,3,1.2,4,-70000,-52875,-825,226.6575,352.21,,no,
2600,Purchase Advice Expctd Payout 5 Amt,standard,Decimal,DECIMAL_2,int x1,$.rateLock.purchaseAdvicePayouts[?(@.purchaseAdvicePayoutIndex == 5)].expectedAmount,loan.rateLock.purchaseAdvicePayouts[(purchaseAdvicePayoutIndex == 5)].expectedAmount,no,no,0,0,1,0.4,1,,,,,,,no,
2608,Purchase Advice Expctd Amt Rcvd,standard,Decimal,DECIMAL_2,int x372 | float x233,$.rateLock.expectedAmountReceived,loan.rateLock.expectedAmountReceived,no,yes,373,76.1,210,83.7,546,76500,265250,400000,508746,1250000,Started,no,identifying-or-high-cardinality
2609,Purchase Advice Principal Dif,standard,Decimal,DECIMAL_2,int x540 | float x1,$.rateLock.diffPrinciple,loan.rateLock.diffPrinciple,no,yes,316,64.5,203,80.9,372,-600000,-450000,-300000,-225000,-100000,Started,no,identifying-or-high-cardinality
2610,Purchase Advice Premium Dif,standard,Decimal,DECIMAL_2,float x3,$.rateLock.diffPremium,loan.rateLock.diffPremium,no,yes,3,0.6,0,0,3,-2295.21,-2295.21,-1.08,0.01,0.01,,no,
2612,Purchase Advice Payout 1 Amt Dif,standard,Decimal,DECIMAL_2,int x1,$.rateLock.purchaseAdvicePayouts[?(@.purchaseAdvicePayoutIndex == 1)].diffAmount,loan.rateLock.purchaseAdvicePayouts[(purchaseAdvicePayoutIndex == 1)].diffAmount,no,yes,1,0.2,0,0,1,,,,,,,no,
2613,Purchase Advice Payout 2 Amt Dif,standard,Decimal,DECIMAL_2,int x1,$.rateLock.purchaseAdvicePayouts[?(@.purchaseAdvicePayoutIndex == 2)].diffAmount,loan.rateLock.purchaseAdvicePayouts[(purchaseAdvicePayoutIndex == 2)].diffAmount,no,yes,1,0.2,0,0,1,,,,,,,no,
2614,Purchase Advice Payout 3 Amt Dif,standard,Decimal,DECIMAL_2,float x2,$.rateLock.purchaseAdvicePayouts[?(@.purchaseAdvicePayoutIndex == 3)].diffAmount,loan.rateLock.purchaseAdvicePayouts[(purchaseAdvicePayoutIndex == 3)].diffAmount,no,yes,2,0.4,0,0,2,,,,,,,no,
2624,Purchase Advice Amt Rcvd Dif,standard,Decimal,DECIMAL_2,int x368 | float x175,$.rateLock.diffAmountReceived,loan.rateLock.diffAmountReceived,no,yes,318,64.9,203,80.9,484,-1250000,-508746,-400000,-265250,-76500,Started,no,identifying-or-high-cardinality
2625,Loan Info ARM Max Life Interest Cap,standard,Decimal,DECIMAL_3,float x556 | int x88,$.loanProductData.maxLifeInterestCapPercent,loan.loanProductData.maxLifeInterestCapPercent,no,yes,426,86.9,201,80.1,93,6,6.875,7.25,8,10.75,Started,no,identifying-or-high-cardinality
2626,Loan Info Channel,standard,String,STRING,str x701,$.channel,loan.channel,no,no,440,89.8,248,98.8,4,,,,,,Started,yes,
2627,Purchase Advice Amt Due to Lender/Investor,standard,String,STRING,str x543,$.rateLock.amountDueTo,loan.rateLock.amountDueTo,no,yes,318,64.9,203,80.9,1,,,,,,Started,no,
2628,Purchase Advice Amt Paid to Lender/Investor,standard,String,STRING,str x543,$.rateLock.amountPaidTo,loan.rateLock.amountPaidTo,no,yes,318,64.9,203,80.9,1,,,,,,Started,no,
2629,Purchase Advice Reconciled Differences,standard,Decimal,DECIMAL_2,int x368 | float x175,$.rateLock.reconciledDiff,loan.rateLock.reconciledDiff,no,no,318,64.9,203,80.9,484,76500,265250,400000,508746,1250000,Started,no,identifying-or-high-cardinality
2630,Purchase Advice Confirmed Date,standard,DateTime,DATE,date x52,$.rateLock.confirmedDate,loan.rateLock.confirmedDate,no,no,46,9.4,6,2.4,23,,,,,,Investor Delivery,no,
2631,Purchase Advice Amt Due To,standard,Decimal,DECIMAL_2,int x368 | float x175,$.rateLock.amountDue,loan.rateLock.amountDue,no,yes,318,64.9,203,80.9,484,76500,265250,400000,508746,1250000,Started,no,identifying-or-high-cardinality
2822,Rate Registration Created By,standard,String,STRING,str x1,$.miscellaneous.rateRegistrationRegisteredBy,loan.miscellaneous.rateRegistrationRegisteredBy,no,yes,1,0.2,0,0,1,,,,,,,no,
2823,Rate Registration Date,standard,DateTime,DATE,date x1,$.miscellaneous.rateRegistrationRegistrationDate,loan.miscellaneous.rateRegistrationRegistrationDate,no,yes,1,0.2,0,0,1,,,,,,,no,
2826,Rate Registration Reference,standard,String,STRING,str x1,$.miscellaneous.rateRegistrationReference,loan.miscellaneous.rateRegistrationReference,no,yes,1,0.2,0,0,1,,,,,,,no,
2827,Rate Registration Loan Is Registered,standard,Boolean,YN,bool x1,$.miscellaneous.rateRegistrationLoanIsRegistered,loan.miscellaneous.rateRegistrationLoanIsRegistered,no,no,1,0.2,0,0,1,,,,,,,no,
2828,Rate Registration Created By User ID,standard,String,STRING,str x1,$.miscellaneous.rateRegistrationRegisteredUserId,loan.miscellaneous.rateRegistrationRegisteredUserId,no,yes,1,0.2,0,0,1,,,,,,,no,
2829,REGZ Prepay Penalty Mths Applied To Prpymt Pnlty Fee,standard,Int,INTEGER,int x31,$.loanProductData.monthsAppliedToPrepaymentPenaltyFeeCount,loan.loanProductData.monthsAppliedToPrepaymentPenaltyFeeCount,no,no,31,6.3,0,0,1,6,6,6,6,6,Purchasing Conditions,no,
2830,Amount REGZ Prepayment Penalty Based On,standard,String,STRING,str x154,$.loanProductData.prepaymentPenaltyBasedOn,loan.loanProductData.prepaymentPenaltyBasedOn,no,no,153,31.2,0,0,3,,,,,,Docs Out,no,
2834,Purchase Adv Actual Interest Payment from Investor,standard,Decimal,DECIMAL_2,float x57 | int x1,$.rateLock.interest,loan.rateLock.interest,no,no,55,11.2,3,1.2,57,-1373.36,-352.755,34.845,360.3775,1437.1,Investor Delivery,no,identifying-or-high-cardinality
2835,Purchase Adv Actual Impounds Transfer,standard,Decimal,DECIMAL_2,float x45 | int x2,$.rateLock.impounds,loan.rateLock.impounds,no,no,47,9.6,0,0,47,-5290.77,-2735.555,-1412.4,-916.58,-301.73,Investor Delivery,no,identifying-or-high-cardinality
2836,Purchase Adv Expected Int Pymt from Investor,standard,Decimal,DECIMAL_2,float x58 | int x1,$.rateLock.expectedInterest,loan.rateLock.expectedInterest,no,no,56,11.4,3,1.2,58,-1373.36,-352.755,34.845,360.3775,1437.1,Investor Delivery,no,identifying-or-high-cardinality
2837,Purchase Adv Expected Impounds Transfer,standard,Decimal,DECIMAL_2,float x220 | int x103,$.rateLock.expectedImpounds,loan.rateLock.expectedImpounds,no,no,308,62.9,8,3.2,306,-3419.1,830.1275,1200,2400,5125,Started,no,identifying-or-high-cardinality
2838,Purchase Adv Interest Difference,standard,Decimal,DECIMAL_2,float x1,$.rateLock.diffInterest,loan.rateLock.diffInterest,no,yes,1,0.2,0,0,1,,,,,,,no,
2839,Purchase Adv Impounds Difference,standard,Decimal,DECIMAL_2,float x175 | int x101,$.rateLock.diffImpounds,loan.rateLock.diffImpounds,no,yes,261,53.3,8,3.2,259,-5125,-2400,-1225,-982,-250,Started,no,identifying-or-high-cardinality
2843,File Contacts Submitting Broker - Lender Phone,standard,String,PHONE,str x97,$.contacts[?(@.contactType == 'BROKER_LENDER')].phone2,loan.contacts[(contactType == 'BROKER_LENDER')].phone2,no,no,72,14.7,14,5.6,4,,,,,,Started,no,identifying-or-high-cardinality
2849,Borr Actual FICO Score,standard,String,STRING,str x407,$.applications[0].borrower.middleFicoScore,loan.currentApplication.borrower.middleFicoScore,no,no,270,55.1,132,52.6,106,,,,,,Started,no,identifying-or-high-cardinality
2850,Co-Borr Actual FICO Score,standard,String,STRING,str x25,$.applications[0].coborrower.middleFicoScore,loan.currentApplication.coborrower.middleFicoScore,no,no,14,2.9,11,4.4,22,,,,,,Purchasing Conditions,no,
2851,Closing Docs REGZ Loan Info Property Identified Date,standard,DateTime,DATE,date x688,$.closingDocument.compliancePropertyIdentifiedDate,loan.closingDocument.compliancePropertyIdentifiedDate,no,no,457,93.3,208,82.9,167,,,,,,Started,no,identifying-or-high-cardinality
2852,Closing Docs REGZ Loan Info Sync Prepaid Int,standard,Boolean,YN,bool x772,$.closingDocument.syncInterestDateDisbursementDate,loan.closingDocument.syncInterestDateDisbursementDate,no,no,490,100,251,100,1,,,,,,Started,no,
2853,Lock Request Credit Score for Decision Making,standard,String,STRING,str x167,$.creditScoreToUse,loan.creditScoreToUse,no,no,140,28.6,24,9.6,81,,,,,,Started,no,identifying-or-high-cardinality
2854,File Contacts Loan Officer Cell Phone,standard,String,PHONE,str x591,$.contacts[?(@.contactType == 'LOAN_OFFICER')].cell,loan.contacts[(contactType == 'LOAN_OFFICER')].cell,no,no,372,75.9,199,79.3,9,,,,,,Started,no,identifying-or-high-cardinality
2855,File Contacts Loan Processor Cell Phone,standard,String,PHONE,str x13,$.contacts[?(@.contactType == 'LOAN_PROCESSOR')].cell,loan.contacts[(contactType == 'LOAN_PROCESSOR')].cell,no,no,2,0.4,10,4,2,,,,,,,no,identifying-or-high-cardinality
2856,File Contacts Loan Closer Cell Phone,standard,String,PHONE,str x4,$.contacts[?(@.contactType == 'LOAN_CLOSER')].cell,loan.contacts[(contactType == 'LOAN_CLOSER')].cell,no,no,3,0.6,0,0,1,,,,,,,no,identifying-or-high-cardinality
2860,Trans Details Loan Template File Applied,standard,String,STRING,str x754,$.miscellaneous.loanTemplateFile,loan.miscellaneous.loanTemplateFile,no,yes,490,100,251,100,11,,,,,,Started,no,identifying-or-high-cardinality
2861,Trans Details Loan Program Template File Applied,standard,String,STRING,str x754,$.miscellaneous.loanProgramFile,loan.miscellaneous.loanProgramFile,no,yes,490,100,251,100,12,,,,,,Started,no,identifying-or-high-cardinality
2862,Trans Details Closing Cost Program Template File Applied,standard,String,STRING,str x733,$.miscellaneous.closingCostProgramFile,loan.miscellaneous.closingCostProgramFile,no,yes,490,100,230,91.6,4,,,,,,Started,no,
2863,Trans Details Document Tracking Template File Applied,standard,String,STRING,str x167,$.miscellaneous.docSetFile,loan.miscellaneous.docSetFile,no,yes,0,0,159,63.3,2,,,,,,,no,
2864,Trans Details Form List Template File Applied,standard,String,STRING,str x754,$.miscellaneous.formListFile,loan.miscellaneous.formListFile,no,yes,490,100,251,100,6,,,,,,Started,no,identifying-or-high-cardinality
2865,Trans Details Misc Data Template File Applied,standard,String,STRING,str x754,$.miscellaneous.miscDataFile,loan.miscellaneous.miscDataFile,no,yes,490,100,251,100,10,,,,,,Started,no,identifying-or-high-cardinality
2866,Lock Request Loan Program,standard,String,STRING,str x755,$.rateLock.loanProgram,loan.rateLock.loanProgram,no,no,490,100,251,100,10,,,,,,Started,no,
2867,Lock Request Doc Type,standard,String,STRING,str x750,$.rateLock.loanDocumentationType,loan.rateLock.loanDocumentationType,no,no,486,99.2,249,99.2,6,,,,,,Started,no,
2868,Lock Request Borr First Name,standard,String,STRING,str x705,$.rateLock.lockRequestBorrowers[?(@.lrbIndex == 1)].firstName,loan.rateLock.lockRequestBorrowers[(lrbIndex == 1)].firstName,no,no,463,94.5,214,85.3,222,,,,,,Started,no,identifying-or-high-cardinality
2869,Lock Request Borr Last Name,standard,String,STRING,str x705,$.rateLock.lockRequestBorrowers[?(@.lrbIndex == 1)].lastName,loan.rateLock.lockRequestBorrowers[(lrbIndex == 1)].lastName,no,no,464,94.7,213,84.9,267,,,,,,Started,no,identifying-or-high-cardinality
2870,Lock Request Borr SSN,standard,String,SSN,str x665,$.rateLock.lockRequestBorrowers[?(@.lrbIndex == 1)].ssn,loan.rateLock.lockRequestBorrowers[(lrbIndex == 1)].ssn,no,no,442,90.2,197,78.5,283,,,,,,Started,no,identifying-or-high-cardinality
2871,Lock Request Borr Experian FICO Score,standard,String,STRING,str x408,$.rateLock.lockRequestBorrowers[?(@.lrbIndex == 1)].experianScore,loan.rateLock.lockRequestBorrowers[(lrbIndex == 1)].experianScore,no,no,270,55.1,132,52.6,115,,,,,,Started,no,identifying-or-high-cardinality
2872,Lock Request Borr TransUnion Empirica Score,standard,String,STRING,str x403,$.rateLock.lockRequestBorrowers[?(@.lrbIndex == 1)].transUnionScore,loan.rateLock.lockRequestBorrowers[(lrbIndex == 1)].transUnionScore,no,no,269,54.9,129,51.4,110,,,,,,Started,no,identifying-or-high-cardinality
2873,Lock Request Borr Equifax BEACON Score,standard,String,STRING,str x404,$.rateLock.lockRequestBorrowers[?(@.lrbIndex == 1)].equifaxScore,loan.rateLock.lockRequestBorrowers[(lrbIndex == 1)].equifaxScore,no,no,269,54.9,130,51.8,104,,,,,,Started,no,identifying-or-high-cardinality
2874,Lock Request Co-Borr First Name,standard,String,STRING,str x61,$.rateLock.lockRequestBorrowers[?(@.lrbIndex == 2)].firstName,loan.rateLock.lockRequestBorrowers[(lrbIndex == 2)].firstName,no,no,23,4.7,37,14.7,41,,,,,,Purchasing Conditions,no,identifying-or-high-cardinality
2875,Lock Request Co-Borr Last Name,standard,String,STRING,str x61,$.rateLock.lockRequestBorrowers[?(@.lrbIndex == 2)].lastName,loan.rateLock.lockRequestBorrowers[(lrbIndex == 2)].lastName,no,no,23,4.7,37,14.7,40,,,,,,Purchasing Conditions,no,identifying-or-high-cardinality
2876,Lock Request Co-Borr SSN,standard,String,SSN,str x61,$.rateLock.lockRequestBorrowers[?(@.lrbIndex == 2)].ssn,loan.rateLock.lockRequestBorrowers[(lrbIndex == 2)].ssn,no,no,23,4.7,37,14.7,43,,,,,,Purchasing Conditions,no,identifying-or-high-cardinality
2877,Lock Request Co-Borr Experian FICO Score,standard,String,STRING,str x25,$.rateLock.lockRequestBorrowers[?(@.lrbIndex == 2)].experianScore,loan.rateLock.lockRequestBorrowers[(lrbIndex == 2)].experianScore,no,no,14,2.9,11,4.4,21,,,,,,Purchasing Conditions,no,
2878,Lock Request Co-Borr TransUnion Empirica Score,standard,String,STRING,str x25,$.rateLock.lockRequestBorrowers[?(@.lrbIndex == 2)].transUnionScore,loan.rateLock.lockRequestBorrowers[(lrbIndex == 2)].transUnionScore,no,no,14,2.9,11,4.4,23,,,,,,Purchasing Conditions,no,
2879,Lock Request Co-Borr Equifax BEACON Score,standard,String,STRING,str x25,$.rateLock.lockRequestBorrowers[?(@.lrbIndex == 2)].equifaxScore,loan.rateLock.lockRequestBorrowers[(lrbIndex == 2)].equifaxScore,no,no,14,2.9,11,4.4,23,,,,,,Purchasing Conditions,no,
2880,Lock Request Co-Mort 1 First Name,standard,String,STRING,str x30,$.rateLock.lockRequestBorrowers[?(@.lrbIndex == 3)].firstName,loan.rateLock.lockRequestBorrowers[(lrbIndex == 3)].firstName,no,no,25,5.1,4,1.6,15,,,,,,Purchasing Conditions,no,identifying-or-high-cardinality
2881,Lock Request Co-Mort 1 Last Name,standard,String,STRING,str x30,$.rateLock.lockRequestBorrowers[?(@.lrbIndex == 3)].lastName,loan.rateLock.lockRequestBorrowers[(lrbIndex == 3)].lastName,no,no,25,5.1,4,1.6,15,,,,,,Purchasing Conditions,no,identifying-or-high-cardinality
2882,Lock Request Co-Mort 1 SSN,standard,String,SSN,str x29,$.rateLock.lockRequestBorrowers[?(@.lrbIndex == 3)].ssn,loan.rateLock.lockRequestBorrowers[(lrbIndex == 3)].ssn,no,no,24,4.9,4,1.6,14,,,,,,Purchasing Conditions,no,identifying-or-high-cardinality
2883,Lock Request Co-Mort 1 Experian FICO Score,standard,String,STRING,str x15,$.rateLock.lockRequestBorrowers[?(@.lrbIndex == 3)].experianScore,loan.rateLock.lockRequestBorrowers[(lrbIndex == 3)].experianScore,no,no,14,2.9,0,0,7,,,,,,Purchasing Conditions,no,
2884,Lock Request Co-Mort 1 TransUnion Empirica Score,standard,String,STRING,str x15,$.rateLock.lockRequestBorrowers[?(@.lrbIndex == 3)].transUnionScore,loan.rateLock.lockRequestBorrowers[(lrbIndex == 3)].transUnionScore,no,no,14,2.9,0,0,7,,,,,,Purchasing Conditions,no,
2885,Lock Request Co-Mort 1 Equifax BEACON Score,standard,String,STRING,str x15,$.rateLock.lockRequestBorrowers[?(@.lrbIndex == 3)].equifaxScore,loan.rateLock.lockRequestBorrowers[(lrbIndex == 3)].equifaxScore,no,no,14,2.9,0,0,7,,,,,,Purchasing Conditions,no,
2892,Lock Request Co-Mort 3 First Name,standard,String,STRING,str x3,$.rateLock.lockRequestBorrowers[?(@.lrbIndex == 5)].firstName,loan.rateLock.lockRequestBorrowers[(lrbIndex == 5)].firstName,no,no,3,0.6,0,0,3,,,,,,,no,identifying-or-high-cardinality
2893,Lock Request Co-Mort 3 Last Name,standard,String,STRING,str x3,$.rateLock.lockRequestBorrowers[?(@.lrbIndex == 5)].lastName,loan.rateLock.lockRequestBorrowers[(lrbIndex == 5)].lastName,no,no,3,0.6,0,0,2,,,,,,,no,identifying-or-high-cardinality
2894,Lock Request Co-Mort 3 SSN,standard,String,SSN,str x3,$.rateLock.lockRequestBorrowers[?(@.lrbIndex == 5)].ssn,loan.rateLock.lockRequestBorrowers[(lrbIndex == 5)].ssn,no,no,3,0.6,0,0,3,,,,,,,no,identifying-or-high-cardinality
2895,Lock Request Co-Mort 3 Experian FICO Score,standard,String,STRING,str x3,$.rateLock.lockRequestBorrowers[?(@.lrbIndex == 5)].experianScore,loan.rateLock.lockRequestBorrowers[(lrbIndex == 5)].experianScore,no,no,3,0.6,0,0,3,,,,,,,no,
2896,Lock Request Co-Mort 3 TransUnion Empirica Score,standard,String,STRING,str x3,$.rateLock.lockRequestBorrowers[?(@.lrbIndex == 5)].transUnionScore,loan.rateLock.lockRequestBorrowers[(lrbIndex == 5)].transUnionScore,no,no,3,0.6,0,0,3,,,,,,,no,
2897,Lock Request Co-Mort 3 Equifax BEACON Score,standard,String,STRING,str x3,$.rateLock.lockRequestBorrowers[?(@.lrbIndex == 5)].equifaxScore,loan.rateLock.lockRequestBorrowers[(lrbIndex == 5)].equifaxScore,no,no,3,0.6,0,0,3,,,,,,,no,
2940,Lock Request Borr Minimum FICO Score,standard,String,STRING,str x2,$.rateLock.minFico,loan.rateLock.minFico,no,no,0,0,2,0.8,2,,,,,,,no,
2941,Lock Request Co-Borr Minimum FICO Score,standard,String,STRING,str x2,$.rateLock.minFico2,loan.rateLock.minFico2,no,no,1,0.2,1,0.4,2,,,,,,,no,
2942,Lock Request Subject Property Address,standard,String,STRING,str x692,$.rateLock.subjectPropertyStreetAddress,loan.rateLock.subjectPropertyStreetAddress,no,no,461,94.1,208,82.9,651,,,,,,Started,no,identifying-or-high-cardinality
2943,Lock Request Subject Property City,standard,String,STRING,str x689,$.rateLock.subjectPropertyCity,loan.rateLock.subjectPropertyCity,no,no,457,93.3,209,83.3,247,,,,,,Started,no,identifying-or-high-cardinality
2944,Lock Request Subject Property County,standard,String,STRING,str x622,$.rateLock.subjectPropertyCounty,loan.rateLock.subjectPropertyCounty,no,no,430,87.8,171,68.1,107,,,,,,Started,no,identifying-or-high-cardinality
2945,Lock Request Subject Property State,standard,String,STATE,str x688,$.rateLock.subjectPropertyState,loan.rateLock.subjectPropertyState,no,no,456,93.1,209,83.3,15,,,,,,Started,no,
2946,Lock Request Subject Property Zip,standard,String,ZIPCODE,str x689,$.rateLock.subjectPropertyPostalCode,loan.rateLock.subjectPropertyPostalCode,no,no,458,93.5,208,82.9,503,,,,,,Started,no,identifying-or-high-cardinality
2947,Lock Request Subject Property Type,standard,String,STRING,str x548,$.rateLock.gsePropertyType,loan.rateLock.gsePropertyType,no,no,490,100,44,17.5,5,,,,,,Started,no,
2948,Lock Request Subject Property Est Value,standard,Int,INTEGER,int x407,$.rateLock.propertyEstimatedValueAmount,loan.rateLock.propertyEstimatedValueAmount,no,no,341,69.6,45,17.9,173,150000,300000,450000,700000,1500000,Started,no,identifying-or-high-cardinality
2949,Lock Request Subject Property Appraised Value,standard,Int,INTEGER,int x570,$.rateLock.propertyAppraisedValueAmount,loan.rateLock.propertyAppraisedValueAmount,no,no,364,74.3,199,79.3,237,160000,280000,480000,592500,1100000,Started,no,identifying-or-high-cardinality
2950,Lock Request Subject Property Occupancy Status,standard,String,STRING,str x763,$.rateLock.propertyUsageType,loan.rateLock.propertyUsageType,no,no,490,100,251,100,2,,,,,,Started,no,
2951,Lock Request Loan Purpose,standard,String,STRING,str x735,$.rateLock.lockRequestLoanPurposeType,loan.rateLock.lockRequestLoanPurposeType,no,no,460,93.9,251,100,3,,,,,,Started,no,
2952,Lock Request Loan Type,standard,String,STRING,str x767,$.rateLock.mortgageType,loan.rateLock.mortgageType,no,no,490,100,251,100,3,,,,,,Started,no,
2953,Lock Request Amort Type,standard,String,STRING,str x766,$.rateLock.loanAmortizationType,loan.rateLock.loanAmortizationType,no,no,490,100,251,100,2,,,,,,Started,no,
2958,Lock Request Lein Position,standard,String,STRING,str x767,$.rateLock.lienPriorityType,loan.rateLock.lienPriorityType,no,no,490,100,251,100,2,,,,,,Started,no,
2959,Lock Request Term Months,standard,Int,INTEGER,int x760,$.rateLock.loanAmortizationTermMonths,loan.rateLock.loanAmortizationTermMonths,no,no,490,100,251,100,7,1,12,24,360,480,Started,no,
2960,Lock Request Term Due In,standard,Int,INTEGER,int x749,$.rateLock.balloonLoanMaturityTermMonths,loan.rateLock.balloonLoanMaturityTermMonths,no,no,490,100,251,100,7,1,12,24,360,480,Started,no,
2961,Lock Request Impounds Waived,standard,String,STRING,str x498,$.rateLock.requestImpoundWaived,loan.rateLock.requestImpoundWaived,no,no,474,96.7,19,7.6,2,,,,,,Started,no,
2963,Lock Request Prepay Penalty,standard,String,STRING,str x771,$.rateLock.requestPrepayPenalty,loan.rateLock.requestPrepayPenalty,no,no,465,94.9,0,0,1,,,,,,Started,no,
2964,Lock Request Penalty Term,standard,String,STRING,str x1,$.rateLock.requestPenaltyTerm,loan.rateLock.requestPenaltyTerm,no,no,1,0.2,0,0,1,,,,,,,no,
2965,Lock Request Loan Amount,standard,Decimal,DECIMAL_2,int x696,$.rateLock.borrowerRequestedLoanAmount,loan.rateLock.borrowerRequestedLoanAmount,no,no,450,91.8,223,88.8,476,120000,216000,360000,450000,600000,Started,no,identifying-or-high-cardinality
2966,Lock Request Est Closing Date,standard,DateTime,DATE,date x439,$.rateLock.loanScheduledClosingDate,loan.rateLock.loanScheduledClosingDate,no,no,301,61.4,134,53.4,185,,,,,,Started,no,identifying-or-high-cardinality
2967,Lock Request Loan Program File,standard,String,STRING,str x265,$.rateLock.loanProgramFile,loan.rateLock.loanProgramFile,no,yes,214,43.7,44,17.5,10,,,,,,Started,no,identifying-or-high-cardinality
2970,Borrower Vesting Borr Beneficiaries,standard,String,STRING,str x3,$.closingDocument.beneficiaries,loan.closingDocument.beneficiaries,no,no,3,0.6,0,0,1,,,,,,,no,
2971,Funding Worksheet Deduction Items,standard,String,STRING,str x245,$.fundingDeductionList,loan.fundingDeductionList,no,yes,182,37.1,62,24.7,135,,,,,,Docs Out,no,identifying-or-high-cardinality
2977,Property Info Flood Certification Identifier,standard,String,STRING,str x231,$.property.floodCertificationIdentifier,loan.property.floodCertificationIdentifier,no,no,197,40.2,32,12.7,230,,,,,,Started,no,identifying-or-high-cardinality
2982,Trans Details Interest Only Indicator,standard,Boolean,YN,bool x772,$.regulationZ.interestOnlyIndicator,loan.regulationZ.interestOnlyIndicator,no,no,43,8.8,251,100,1,,,,,,,no,
2984,Underwriting Approved By,standard,String,STRING,str x4,$.underwriterSummary.approvedBy,loan.underwriterSummary.approvedBy,no,no,4,0.8,0,0,1,,,,,,,no,
2996,HUD 92900 LT Subject Property Type,standard,String,STRING,str x52,$.hudLoanData.propertyType,loan.hudLoanData.propertyType,no,no,50,10.2,1,0.4,3,,,,,,Submittal,no,
3025,HUD 92900 LT Total Fixed Unpaid Balance,standard,Decimal,DECIMAL_2,int x264 | float x143,$.hudLoanData.totalFixedUnpaidBalance,loan.hudLoanData.totalFixedUnpaidBalance,no,yes,348,71,43,17.1,300,452,162364,425883,3374298.26,13237528.94,Started,no,identifying-or-high-cardinality
3031,HUD 92900 LT CHUMS ID# For Loan Purpose,standard,String,STRING,str x706,$.hudLoanData.loanPurpose,loan.hudLoanData.loanPurpose,no,yes,460,93.9,222,88.4,3,,,,,,Started,no,
3032,File Contacts-Lender License,standard,String,STRING,str x315,$.contacts[?(@.contactType == 'LENDER_INVESTOR')].license,loan.contacts[(contactType == 'LENDER_INVESTOR')].license,no,no,228,46.5,82,32.7,3,,,,,,Started,no,identifying-or-high-cardinality
3035,Lock Request First Subordinate Amount,standard,Decimal,DECIMAL_2,int x695 | float x1,$.rateLock.firstSubordinateAmount,loan.rateLock.firstSubordinateAmount,no,no,450,91.8,223,88.8,478,120000,216000,360000,450000,600000,Started,no,identifying-or-high-cardinality
3036,Lock Request Second Subordinate Amount,standard,Decimal,DECIMAL_2,int x3,$.rateLock.secondSubordinateAmount,loan.rateLock.secondSubordinateAmount,no,no,0,0,0,0,3,75000,75000,100465,2283750,2283750,,no,
3038,Lock Request Purchase Price Amount,standard,Decimal,DECIMAL_2,int x329 | float x1,$.rateLock.purchasePriceAmount,loan.rateLock.purchasePriceAmount,no,no,111,22.7,207,82.5,201,95000,260000,350000,465000,1250000,Started,no,identifying-or-high-cardinality
3040,Do Not Check Email When Loan File Is Saved,standard,String,STRING,str x3,$.doNotCheckEmail,loan.doNotCheckEmail,no,yes,1,0.2,2,0.8,1,,,,,,,no,identifying-or-high-cardinality
3043,Lock Request Loan Amnt Excluding MIP/PMI,standard,Decimal,DECIMAL_2,int x696,$.rateLock.baseLoanAmount,loan.rateLock.baseLoanAmount,no,no,450,91.8,223,88.8,476,120000,216000,360000,450000,600000,Started,no,identifying-or-high-cardinality
3046,Lock Request MI Premium/Funding Lock,standard,Boolean,YN,bool x176,$.rateLock.lockField,loan.rateLock.lockField,no,no,162,33.1,0,0,1,,,,,,Submittal,no,
3051,Loan Info Loan Import Status,standard,Boolean,YN,bool x220,$.loanImportStatusIndicator,loan.loanImportStatusIndicator,no,no,178,36.3,26,10.4,1,,,,,,Submittal,no,
3054,Trans Details First Pymt Adj Date,standard,DateTime,DATE,date x48,$.loanProductData.scheduledFirstPaymentAdjustmentDate,loan.loanProductData.scheduledFirstPaymentAdjustmentDate,no,no,43,8.8,4,1.6,23,,,,,,Loan Setup,no,
3077,FHA Management Appraisal Lookup By,standard,String,STRING,str x129,$.fhaVaLoan.appraisalLookupBy,loan.fhaVaLoan.appraisalLookupBy,no,no,83,16.9,46,18.3,1,,,,,,Started,no,
3121,Trans Details Disclosed APR,standard,Decimal,DECIMAL_3,float x203,$.regulationZ.disclosedAprPercent,loan.regulationZ.disclosedAprPercent,no,no,202,41.2,0,0,178,0.167,7.055,7.227,7.3807,8.595,Started,no,identifying-or-high-cardinality
3134,Sec 35 HPML Average Prime Offer Rate,standard,Decimal,DECIMAL_3,float x11,$.section32.section35AveragePrimeRate,loan.section32.section35AveragePrimeRate,no,no,11,2.2,0,0,6,5.98,6.41,6.51,6.52,6.57,Purchasing Conditions,no,
3137,GFE Last Disclosed Date,standard,DateTime,DATE,date x202,$.regulationZ.lastDisclosedDate,loan.regulationZ.lastDisclosedDate,no,yes,202,41.2,0,0,107,,,,,,Started,no,identifying-or-high-cardinality
3138,GFE Disclosure Method,standard,String,STRING,str x202,$.regulationZ.disclosureMethod,loan.regulationZ.disclosureMethod,no,no,202,41.2,0,0,1,,,,,,Started,no,
3139,GFE Last Disclosed By,standard,String,STRING,str x202,$.regulationZ.lastDisclosedBy,loan.regulationZ.lastDisclosedBy,no,yes,202,41.2,0,0,5,,,,,,Started,no,identifying-or-high-cardinality
3140,GFE Expiration Date,standard,DateTime,DATE,date x184,$.regulationZ.gfeExpirationDate,loan.regulationZ.gfeExpirationDate,no,yes,183,37.3,0,0,99,,,,,,Docs Out,no,identifying-or-high-cardinality
3142,Application Date,standard,DateTime,DATE,date x301,$.regulationZ.gfeApplicationDate,loan.regulationZ.gfeApplicationDate,no,no,284,58,7,2.8,131,,,,,,Started,no,identifying-or-high-cardinality
3143,Initial Disclosure Due Date,standard,DateTime,DATE,date x301,$.regulationZ.initialDisclosureDueDate,loan.regulationZ.initialDisclosureDueDate,no,yes,284,58,7,2.8,128,,,,,,Started,no,identifying-or-high-cardinality
3144,Initial Disclosure Provided Date,standard,DateTime,DATE,date x202,$.regulationZ.initialDisclosureProvidedDate,loan.regulationZ.initialDisclosureProvidedDate,no,yes,202,41.2,0,0,108,,,,,,Started,no,identifying-or-high-cardinality
3147,Earliest Closing Date,standard,DateTime,DATE,date x190,$.regulationZ.earliestClosingDate,loan.regulationZ.earliestClosingDate,no,yes,190,38.8,0,0,104,,,,,,Started,no,identifying-or-high-cardinality
3148,GFE Initial GFE Disclosure Provided Date,standard,DateTime,DATE,date x202,$.regulationZ.initialGfeDisclosureProvidedDate,loan.regulationZ.initialGfeDisclosureProvidedDate,no,yes,202,41.2,0,0,108,,,,,,Started,no,identifying-or-high-cardinality
3149,GFE Initial GFE Disclosure Received Date,standard,DateTime,DATE,date x193,$.regulationZ.initialGfeDisclosureReceivedDate,loan.regulationZ.initialGfeDisclosureReceivedDate,no,yes,193,39.4,0,0,106,,,,,,Started,no,identifying-or-high-cardinality
3150,GFE Redisclosure Provided Date,standard,DateTime,DATE,date x24,$.regulationZ.gfeRedisclosureProvidedDate,loan.regulationZ.gfeRedisclosureProvidedDate,no,yes,24,4.9,0,0,23,,,,,,Purchasing Conditions,no,
3151,GFE Redisclosure Received Date,standard,DateTime,DATE,date x22,$.regulationZ.gfeRedisclosureReceivedDate,loan.regulationZ.gfeRedisclosureReceivedDate,no,yes,22,4.5,0,0,20,,,,,,Purchasing Conditions,no,
3152,TIL Intl Disclosure Provided Date,standard,DateTime,DATE,date x202,$.regulationZ.initialTilDisclosureProvidedDate,loan.regulationZ.initialTilDisclosureProvidedDate,no,yes,202,41.2,0,0,108,,,,,,Started,no,identifying-or-high-cardinality
3153,TIL Intl TIL Disclosure Rcvd Date,standard,DateTime,DATE,date x193,$.regulationZ.initialTilDisclosureReceivedDate,loan.regulationZ.initialTilDisclosureReceivedDate,no,yes,193,39.4,0,0,106,,,,,,Started,no,identifying-or-high-cardinality
3154,TIL Redisclosure Provided Date,standard,DateTime,DATE,date x23,$.regulationZ.tilRedisclosureProvidedDate,loan.regulationZ.tilRedisclosureProvidedDate,no,yes,23,4.7,0,0,22,,,,,,Purchasing Conditions,no,
3155,TIL Redisclosure Rcvd Date,standard,DateTime,DATE,date x21,$.regulationZ.tilRedisclosureReceivedDate,loan.regulationZ.tilRedisclosureReceivedDate,no,yes,21,4.3,0,0,20,,,,,,Purchasing Conditions,no,
3156, Last CD Sent Date,standard,DateTime,DATE,date x202,$.regulationZ.tilLastDisclosedDate,loan.regulationZ.tilLastDisclosedDate,no,no,202,41.2,0,0,106,,,,,,Started,no,identifying-or-high-cardinality
3157,TIL Disclosure Method Drpdwn,standard,String,STRING,str x202,$.regulationZ.tilDisclosureMethod,loan.regulationZ.tilDisclosureMethod,no,yes,202,41.2,0,0,1,,,,,,Started,no,
3158,TIL Last Disclosed By,standard,String,STRING,str x202,$.regulationZ.tilLastDisclosedBy,loan.regulationZ.tilLastDisclosedBy,no,yes,202,41.2,0,0,5,,,,,,Started,no,identifying-or-high-cardinality
3160,HUD-1Tolerance Lmt Violation,standard,Boolean,YN,bool x772,$.regulationZ.hud1ToleranceViolatedIndicator,loan.regulationZ.hud1ToleranceViolatedIndicator,no,yes,183,37.3,162,64.5,1,,,,,,Docs Out,no,
3163,GFE Last Disclosure Rcvd Date,standard,DateTime,DATE,date x196,$.regulationZ.lastDisclosedGfeReceivedDate,loan.regulationZ.lastDisclosedGfeReceivedDate,no,yes,196,40,0,0,107,,,,,,Started,no,identifying-or-high-cardinality
3174,Co-Borr Race No Co Applicant,standard,Boolean,YN,bool x238,$.applications[0].coborrower.noCoApplicantIndicator,loan.currentApplication.coborrower.noCoApplicantIndicator,no,no,217,44.3,16,6.4,1,,,,,,Started,no,
3200,Trans Details Lock Date Modification Timestamp,standard,DateTime,DATETIME,date x186,$.loanSubmission.lockDateTime,loan.loanSubmission.lockDateTime,no,no,185,37.8,0,0,186,,,,,,Docs Out,no,identifying-or-high-cardinality
3201,GFE Redisclosure Required Due to Rate Lock,standard,Boolean,YN,bool x772,$.regulationZ.gfeRateLockRedisclosureRequiredIndicator,loan.regulationZ.gfeRateLockRedisclosureRequiredIndicator,no,no,148,30.2,0,0,1,,,,,,Docs Out,no,
3237,File Contacts Broker Lender Company ID,standard,String,STRING,str x746,$.contacts[?(@.contactType == 'BROKER_LENDER')].companyId,loan.contacts[(contactType == 'BROKER_LENDER')].companyId,no,no,481,98.2,237,94.4,1,,,,,,Started,no,
3238,NMLS Loan Originator ID,standard,String,STRING,str x716,$.nmlsLoanOriginatorId,loan.nmlsLoanOriginatorId,no,no,453,92.4,235,93.6,5,,,,,,Started,no,identifying-or-high-cardinality
3239,Trans Details Interviewer ID,standard,String,STRING,str x746,$.interviewersId,loan.interviewersId,no,no,482,98.4,237,94.4,21,,,,,,Started,no,
3241,Lock Request Loan to Value (LTV),standard,Decimal,DECIMAL_3,int x418 | float x257,$.rateLock.ltv,loan.rateLock.ltv,no,yes,441,90,211,84.1,280,50,70,75,80,170.297,Started,no,identifying-or-high-cardinality
3242,Lock RequestCOmbined Loan to Value (CLTV),standard,Decimal,DECIMAL_3,int x412 | float x263,$.rateLock.combinedLtv,loan.rateLock.combinedLtv,no,yes,441,90,211,84.1,285,50,70,75,80,170.297,Started,no,identifying-or-high-cardinality
3243,Supervisory Appraisal Co License #,standard,String,STRING,str x1,$.underwriterSummary.supervisoryAppraiserLicenseNumber,loan.underwriterSummary.supervisoryAppraiserLicenseNumber,no,no,1,0.2,0,0,1,,,,,,,no,identifying-or-high-cardinality
3244,State Disc - Lender's NMLS Ref #,standard,String,STRING,str x679,$.contacts[?(@.contactType == 'LENDER_INVESTOR')].nmlsLicense,loan.contacts[(contactType == 'LENDER_INVESTOR')].nmlsLicense,no,no,459,93.7,214,85.3,1,,,,,,Started,no,identifying-or-high-cardinality
3245,Property Info Number of Stories,standard,Decimal,DECIMAL_1,int x168 | float x8,$.property.numberOfStories,loan.property.numberOfStories,no,no,129,26.3,46,18.3,8,1,2,2,3,5,Started,no,
3246,Disclosed Fees Total Finance Charges,standard,Decimal,DECIMAL_2,float x194 | int x9,$.regulationZ.disclosedFinanceCharge,loan.regulationZ.disclosedFinanceCharge,no,no,202,41.2,0,0,194,6710,230612.84,306960.205,498801.165,1169539.65,Started,no,identifying-or-high-cardinality
3247,TIL Last Disclosed Borrower Received Date,standard,DateTime,DATE,date x197,$.regulationZ.tilLastDisclosedBorrowerReceivedDate,loan.regulationZ.tilLastDisclosedBorrowerReceivedDate,no,no,197,40.2,0,0,108,,,,,,Started,no,identifying-or-high-cardinality
3249,Borrower SSN Verification Purpose of the Transaction,standard,String,STRING,str x531,$.applications[0].borrower.transactionPurposeDescription,loan.currentApplication.borrower.transactionPurposeDescription,no,no,482,98.4,36,14.3,2,,,,,,Started,no,identifying-or-high-cardinality
3250,Borrower SSN Verification Number of Days Valid for Consent,standard,Int,INTEGER,int x532,$.applications[0].borrower.validDaysForConsentCount,loan.currentApplication.borrower.validDaysForConsentCount,no,no,483,98.6,36,14.3,1,60,60,60,60,60,Started,no,identifying-or-high-cardinality
3251,Coborrower SSN Verification Purpose of the Transaction,standard,String,STRING,str x11,$.applications[0].coborrower.transactionPurposeDescription,loan.currentApplication.coborrower.transactionPurposeDescription,no,no,3,0.6,0,0,3,,,,,,,no,identifying-or-high-cardinality
3252,Coborrower SSN Verification Number of Days Valid for Consent,standard,Int,INTEGER,int x13,$.applications[0].coborrower.validDaysForConsentCount,loan.currentApplication.coborrower.validDaysForConsentCount,no,no,5,1,0,0,1,60,60,60,60,60,,no,identifying-or-high-cardinality
3260,Closing Date for Billing Purposes,standard,DateTime,DATE,date x404,$.closingBillingDate,loan.closingBillingDate,no,yes,287,58.6,111,44.2,204,,,,,,Docs Out,no,identifying-or-high-cardinality
3261,Closing Docs 1003 Signature Date,standard,DateTime,DATE,date x214,$.closingDocument.signatureDateFor1003,loan.closingDocument.signatureDateFor1003,no,no,174,35.5,25,10,120,,,,,,Submittal,no,identifying-or-high-cardinality
3264,REGZ-TIL Interest Rate and Payment Summary Table - Include Escrowed Taxes and Insurance,standard,Boolean,YN,bool x414,$.regulationZ.includeTaxesInsuranceIndicator,loan.regulationZ.includeTaxesInsuranceIndicator,no,yes,402,82,8,3.2,1,,,,,,Started,no,
3267,REGZ-TIL Interest Rate and Payment Summary Table - Initial Taxes and Insurance Amount,standard,Decimal,DECIMAL_2,float x292 | int x122,$.regulationZ.regulationZInterestRatePeriods[?(@.regulationZInterestRatePeriodType == 'InitialPeriod')].taxInsuranceAmount,loan.regulationZ.regulationZInterestRatePeriods[(regulationZInterestRatePeriodType == 'InitialPeriod')].taxInsuranceAmount,no,yes,402,82,8,3.2,380,182.5,300,618,1000,2562.5,Started,no,identifying-or-high-cardinality
3268,REGZ-TIL Interest Rate and Payment Summary Table - Initial Total Estimated Monthly Payment,standard,Decimal,DECIMAL_2,float x642 | int x27,$.regulationZ.regulationZInterestRatePeriods[?(@.regulationZInterestRatePeriodType == 'InitialPeriod')].totalPayment,loan.regulationZ.regulationZInterestRatePeriods[(regulationZInterestRatePeriodType == 'InitialPeriod')].totalPayment,no,yes,451,92,201,80.1,655,915.63,1423.06,2579.91,3574.19,8087.9,Started,no,identifying-or-high-cardinality
3280,REGZ-TIL Interest Rate and Payment Summary Table - Maximum Ever - Adjustment Date,standard,DateTime,DATE,date x50,$.regulationZ.regulationZInterestRatePeriods[?(@.regulationZInterestRatePeriodType == 'MaximumEverPeriod')].adjustmentDate,loan.regulationZ.regulationZInterestRatePeriods[(regulationZInterestRatePeriodType == 'MaximumEverPeriod')].adjustmentDate,no,yes,45,9.2,4,1.6,25,,,,,,Loan Setup,no,
3281,REGZ-TIL Interest Rate and Payment Summary Table - Maximum Ever - Principal Payment,standard,Decimal,DECIMAL_2,float x49 | int x1,$.regulationZ.regulationZInterestRatePeriods[?(@.regulationZInterestRatePeriodType == 'MaximumEverPeriod')].principalPayment,loan.regulationZ.regulationZInterestRatePeriods[(regulationZInterestRatePeriodType == 'MaximumEverPeriod')].principalPayment,no,yes,45,9.2,4,1.6,48,151.56,638.11,823.61,1355.86,522874.89,Loan Setup,no,identifying-or-high-cardinality
3282,REGZ-TIL Interest Rate and Payment Summary Table - Maximum Ever - Interest Payment,standard,Decimal,DECIMAL_2,float x47 | int x1,$.regulationZ.regulationZInterestRatePeriods[?(@.regulationZInterestRatePeriodType == 'MaximumEverPeriod')].interestPayment,loan.regulationZ.regulationZInterestRatePeriods[(regulationZInterestRatePeriodType == 'MaximumEverPeriod')].interestPayment,no,yes,44,9,4,1.6,46,979.69,2214.84,2605.47,3726.56,25333.33,Loan Setup,no,identifying-or-high-cardinality
3283,REGZ-TIL Interest Rate and Payment Summary Table - Maximum Ever - Taxes and Insurance Amount,standard,Decimal,DECIMAL_2,float x28 | int x10,$.regulationZ.regulationZInterestRatePeriods[?(@.regulationZInterestRatePeriodType == 'MaximumEverPeriod')].taxInsuranceAmount,loan.regulationZ.regulationZInterestRatePeriods[(regulationZInterestRatePeriodType == 'MaximumEverPeriod')].taxInsuranceAmount,no,yes,38,7.8,0,0,37,230.11,594.58,724.395,946.4475,2178,Loan Setup,no,identifying-or-high-cardinality
3284,REGZ-TIL Interest Rate and Payment Summary Table - Maximum Ever - Total Estimated Monthly Payment,standard,Decimal,DECIMAL_2,float x49 | int x1,$.regulationZ.regulationZInterestRatePeriods[?(@.regulationZInterestRatePeriodType == 'MaximumEverPeriod')].totalPayment,loan.regulationZ.regulationZInterestRatePeriods[(regulationZInterestRatePeriodType == 'MaximumEverPeriod')].totalPayment,no,yes,45,9.2,4,1.6,49,1417.59,3415.9125,4373.445,6674.1975,548208.22,Loan Setup,no,identifying-or-high-cardinality
3287,REGZ-TIL Interest Rate and Payment Summary Table - Construction - Due Date,standard,DateTime,DATE,date x221,$.regulationZ.dueDate,loan.regulationZ.dueDate,no,yes,0,0,219,87.3,71,,,,,,,no,identifying-or-high-cardinality
3288,REGZ-TIL Interest Rate and Payment Summary Table - Construction - Outstanding Balance,standard,Decimal,DECIMAL_2,float x176 | int x45,$.regulationZ.outstandingBalance,loan.regulationZ.outstandingBalance,no,yes,0,0,219,87.3,218,98816.67,158735.3675,344257.505,441519.4875,910000,,no,identifying-or-high-cardinality
3290,REGZ-TIL Interest Rate and Payment Summary Table - Worst Case Scenario Monthly Payment,standard,Decimal,DECIMAL_2,float x640 | int x27,$.regulationZ.regulationZInterestRatePeriods[?(@.regulationZInterestRatePeriodType == 'InitialPeriod')].monthlyPayment,loan.regulationZ.regulationZInterestRatePeriods[(regulationZInterestRatePeriodType == 'InitialPeriod')].monthlyPayment,no,yes,449,91.6,199,79.3,620,559.42,1061.11,1379.55,2214.84,5525.4,Started,no,identifying-or-high-cardinality
3291,REGZ Payment Frequency Type Description,standard,String,STRING,str x744,$.regulationZ.paymentFrequencyType,loan.regulationZ.paymentFrequencyType,no,yes,475,96.9,245,97.6,1,,,,,,Started,no,
3296,Loan Info ARM Rounded Margin + Index,standard,Decimal,DECIMAL_3,float x1,$.regulationZ.roundedMarginPlusIndexPercent,loan.regulationZ.roundedMarginPlusIndexPercent,no,yes,0,0,0,0,1,,,,,,,no,
3297,Social Security Number Verification Company Agent Name,standard,String,STRING,str x580,$.contacts[?(@.contactType == 'BROKER_LENDERSsnCompanyAgent')].name,loan.contacts[(contactType == 'BROKER_LENDERSsnCompanyAgent')].name,no,no,336,68.6,227,90.4,4,,,,,,Started,no,identifying-or-high-cardinality
3298,Social Security Number Verification Company Agent Address,standard,String,STRING,str x765,$.contacts[?(@.contactType == 'BROKER_LENDERSsnCompanyAgent')].address,loan.contacts[(contactType == 'BROKER_LENDERSsnCompanyAgent')].address,no,no,483,98.6,251,100,7,,,,,,Started,no,identifying-or-high-cardinality
3299,Social Security Number Verification Company Agent City,standard,String,STRING,str x765,$.contacts[?(@.contactType == 'BROKER_LENDERSsnCompanyAgent')].city,loan.contacts[(contactType == 'BROKER_LENDERSsnCompanyAgent')].city,no,no,483,98.6,251,100,3,,,,,,Started,no,identifying-or-high-cardinality
3300,Social Security Number Verification Company Agent State,standard,String,STATE,str x765,$.contacts[?(@.contactType == 'BROKER_LENDERSsnCompanyAgent')].state,loan.contacts[(contactType == 'BROKER_LENDERSsnCompanyAgent')].state,no,no,483,98.6,251,100,2,,,,,,Started,no,identifying-or-high-cardinality
3301,Social Security Number Verification Company Agent ZipCode,standard,String,ZIPCODE,str x765,$.contacts[?(@.contactType == 'BROKER_LENDERSsnCompanyAgent')].postalCode,loan.contacts[(contactType == 'BROKER_LENDERSsnCompanyAgent')].postalCode,no,no,483,98.6,251,100,4,,,,,,Started,no,identifying-or-high-cardinality
3311,Total Lender Fees Collected,standard,Decimal,DECIMAL_2,int x573 | float x144,$.regulationZ.totalLenderFees,loan.regulationZ.totalLenderFees,no,no,481,98.2,230,91.6,491,2095,2095,4720,8095,17495,Started,no,identifying-or-high-cardinality
3331,Conforming Loan Indicator,standard,String,STRING,str x572,$.conformingJumbo,loan.conformingJumbo,no,no,396,80.8,155,61.8,2,,,,,,Started,no,
3332,Lender Channel,standard,String,STRING,str x701,$.lenderChannel,loan.lenderChannel,no,no,440,89.8,248,98.8,3,,,,,,Started,no,
3335,Occupancy Type,standard,String,STRING,str x764,$.occupancyType,loan.occupancyType,no,no,490,100,251,100,2,,,,,,Started,no,
3342,Commitment Mortgagee Name,standard,String,STRING,str x770,$.commitmentTerms.mortgageeName,loan.commitmentTerms.mortgageeName,no,no,488,99.6,251,100,3,,,,,,Started,no,identifying-or-high-cardinality
3343,Commitment Mortgagee Addr,standard,String,STRING,str x769,$.commitmentTerms.mortgageeAddress,loan.commitmentTerms.mortgageeAddress,no,no,487,99.4,251,100,4,,,,,,Started,no,
3344,Commitment Mortgagee City,standard,String,STRING,str x769,$.commitmentTerms.mortgageeCity,loan.commitmentTerms.mortgageeCity,no,no,487,99.4,251,100,2,,,,,,Started,no,identifying-or-high-cardinality
3345,Commitment Mortgagee State,standard,String,STATE,str x769,$.commitmentTerms.mortgageeState,loan.commitmentTerms.mortgageeState,no,no,487,99.4,251,100,2,,,,,,Started,no,
3346,Commitment Mortgagee Zip,standard,String,ZIPCODE,str x769,$.commitmentTerms.mortgageePostalCode,loan.commitmentTerms.mortgageePostalCode,no,no,487,99.4,251,100,2,,,,,,Started,no,identifying-or-high-cardinality
3422,Purchase Advice Actual Sell Price,standard,Decimal,DECIMAL_6,float x49 | int x13,$.rateLock.actualSellPrice,loan.rateLock.actualSellPrice,no,no,55,11.2,7,2.8,45,100,100.0563,101.0625,102.5235,104.5,Investor Delivery,no,identifying-or-high-cardinality
3423,Purchase Advice Diff Sell Price,standard,Decimal,DECIMAL_6,float x3,$.rateLock.diffSellPrice,loan.rateLock.diffSellPrice,no,yes,3,0.6,0,0,2,-100.25,-100.25,0,0,0,,no,
3424,Purchase Advice Actual Sell Amount,standard,Decimal,DECIMAL_2,float x38 | int x14,$.rateLock.actualSellAmount,loan.rateLock.actualSellAmount,no,no,52,10.6,0,0,51,367.9,1133.385,5450.875,9862.5,15468.75,Investor Delivery,no,identifying-or-high-cardinality
3425,Purchase Advice Diff Sell Amount,standard,Decimal,DECIMAL_2,float x2,$.rateLock.diffSellAmount,loan.rateLock.diffSellAmount,no,yes,2,0.4,0,0,2,,,,,,,no,
3430,Use Point for Calculation SRP and Price Balancing,standard,Boolean,YN,bool x58,$.rateLock.usePoint,loan.rateLock.usePoint,no,no,50,10.2,7,2.8,1,,,,,,Purchasing Conditions,no,
3514,Purchase Advice Date First Payment to Investor,standard,DateTime,DATE,date x65,$.rateLock.firstPaymentToInvestorDate,loan.rateLock.firstPaymentToInvestorDate,no,no,56,11.4,9,3.6,6,,,,,,Investor Delivery,no,
3515,Borrower Can Demonstrate 12-Month Mortgage/Rental History,standard,Boolean,YN,bool x1,$.twelveMonthMortgageRentalHistoryIndicator,loan.twelveMonthMortgageRentalHistoryIndicator,no,no,1,0.2,0,0,1,,,,,,,no,
3516,Lock Request Borr Self Employed,standard,Boolean,YN,bool x17,$.rateLock.employmentBorrowerSelfEmployedIndicator1,loan.rateLock.employmentBorrowerSelfEmployedIndicator1,no,no,4,0.8,0,0,1,,,,,,,no,
3517,Lock Request Co-Borr Self Employed,standard,Boolean,YN,bool x507,$.rateLock.employmentBorrowerSelfEmployedIndicator2,loan.rateLock.employmentBorrowerSelfEmployedIndicator2,no,no,297,60.6,19,7.6,1,,,,,,Loan Setup,no,
3518,Lock Request Co-Mort1 Self Employed,standard,Boolean,YN,bool x6,$.rateLock.employmentBorrowerSelfEmployedIndicator3,loan.rateLock.employmentBorrowerSelfEmployedIndicator3,no,no,3,0.6,0,0,1,,,,,,,no,
3529,Lock Request Subject Property # Units,standard,Int,INTEGER,int x671,$.rateLock.financedNumberOfUnits,loan.rateLock.financedNumberOfUnits,no,no,450,91.8,200,79.7,10,1,2,3,4,10,Started,no,
3530,Lock Request Borrower Can Demonstrate 12-Month Mortgage/Rental History,standard,Boolean,YN,bool x1,$.rateLock.twelveMonthMortgageRentalHistoryIndicator,loan.rateLock.twelveMonthMortgageRentalHistoryIndicator,no,no,1,0.2,0,0,1,,,,,,,no,
3535,Rate Lock Sell Side Servicer,standard,String,STRING,str x1,$.rateLock.sellSideServicer,loan.rateLock.sellSideServicer,no,no,1,0.2,0,0,1,,,,,,,no,
3536,REGZ Prepay Penalty Mths Hard Prepayment Period,standard,Int,INTEGER,int x1,$.loanProductData.hardPrepaymentPenaltyMonths,loan.loanProductData.hardPrepaymentPenaltyMonths,no,no,1,0.2,0,0,1,,,,,,,no,
3537,Social Security Number Verification Company Agent Name,standard,String,STRING,str x723,$.contacts[?(@.contactType == 'BROKER_LENDERSsnCompany')].name,loan.contacts[(contactType == 'BROKER_LENDERSsnCompany')].name,no,no,489,99.8,228,90.8,2,,,,,,Started,no,identifying-or-high-cardinality
3538,Social Security Number Verification Company Agent Address,standard,String,STRING,str x723,$.contacts[?(@.contactType == 'BROKER_LENDERSsnCompany')].address,loan.contacts[(contactType == 'BROKER_LENDERSsnCompany')].address,no,no,489,99.8,228,90.8,2,,,,,,Started,no,identifying-or-high-cardinality
3539,Social Security Number Verification Company Agent City,standard,String,STRING,str x723,$.contacts[?(@.contactType == 'BROKER_LENDERSsnCompany')].city,loan.contacts[(contactType == 'BROKER_LENDERSsnCompany')].city,no,no,489,99.8,228,90.8,1,,,,,,Started,no,identifying-or-high-cardinality
3540,Social Security Number Verification Company Agent State,standard,String,STATE,str x723,$.contacts[?(@.contactType == 'BROKER_LENDERSsnCompany')].state,loan.contacts[(contactType == 'BROKER_LENDERSsnCompany')].state,no,no,489,99.8,228,90.8,1,,,,,,Started,no,identifying-or-high-cardinality
3541,Social Security Number Verification Company Agent ZipCode,standard,String,ZIPCODE,str x723,$.contacts[?(@.contactType == 'BROKER_LENDERSsnCompany')].postalCode,loan.contacts[(contactType == 'BROKER_LENDERSsnCompany')].postalCode,no,no,489,99.8,228,90.8,1,,,,,,Started,no,identifying-or-high-cardinality
3542,Closing State,standard,String,STATE,str x10,$.closingDocument.closingState,loan.closingDocument.closingState,no,no,8,1.6,0,0,2,,,,,,Purchasing Conditions,no,
3543,Property Info # of Lot Acres,standard,Decimal,DECIMAL_2,float x130 | int x3,$.property.lotAcres,loan.property.lotAcres,no,no,85,17.3,45,17.9,35,0.03,0.06,0.1,0.17,0.68,Started,no,identifying-or-high-cardinality
3548,PMI Midpoint Cancelation Date,standard,DateTime,DATE,date x403,$.regulationZ.pmiMidpointCancelationDate,loan.regulationZ.pmiMidpointCancelationDate,no,yes,288,58.8,110,43.8,30,,,,,,Started,no,identifying-or-high-cardinality
3557,First Adjustment Minimum Value,standard,Decimal,DECIMAL_3,float x556 | int x88,$.firstAdjustmentMinimum,loan.firstAdjustmentMinimum,no,no,426,86.9,201,80.1,93,6,6.875,7.25,8,10.75,Started,no,identifying-or-high-cardinality
3558,Property Info Type of Recording Jurisdiction,standard,String,STRING,str x772,$.property.typeRecordingJurisdiction,loan.property.typeRecordingJurisdiction,no,no,490,100,251,100,1,,,,,,Started,no,
3559,Property Info Name of Recording Jurisdiction,standard,String,STRING,str x623,$.property.nameRecordingJurisdiction,loan.property.nameRecordingJurisdiction,no,no,430,87.8,171,68.1,107,,,,,,Started,no,identifying-or-high-cardinality
3614,1098 Tax Year,standard,String,STRING,str x406,$.miscellaneous.closingTaxYear,loan.miscellaneous.closingTaxYear,no,no,288,58.8,112,44.6,3,,,,,,Docs Out,no,
3615,Mortgage Interest Received,standard,Decimal,DECIMAL_2,float x216 | int x2,$.miscellaneous.closingTaxYearInterestReceived,loan.miscellaneous.closingTaxYearInterestReceived,no,no,205,41.8,9,3.6,213,118.66,230.14,506.3,844.64,3761.1,Docs Out,no,identifying-or-high-cardinality
3624,Date the Appraisal was provided to the Borrower,standard,DateTime,DATE,date x45,$.regulationZ.initialGfeAppraisalProvidedDate,loan.regulationZ.initialGfeAppraisalProvidedDate,no,no,44,9,0,0,34,,,,,,Submittal,no,identifying-or-high-cardinality
3629,The state license number for the interviewer's company.,standard,String,STRING,str x338,$.interviewersCompanyStateLicense,loan.interviewersCompanyStateLicense,no,no,232,47.3,91,36.3,1,,,,,,Started,no,identifying-or-high-cardinality
3632,HUD 1003 Addendum Lender Co Name,standard,String,STRING,str x706,$.fhaVaLoan.lenderName,loan.fhaVaLoan.lenderName,no,no,466,95.1,232,92.4,9,,,,,,Started,no,identifying-or-high-cardinality
3633,HUD 1003 Addendum Lender Addr,standard,String,STRING,str x693,$.fhaVaLoan.lenderAddress,loan.fhaVaLoan.lenderAddress,no,no,458,93.5,228,90.8,4,,,,,,Started,no,
3634,HUD 1003 Addendum Lender City,standard,String,STRING,str x693,$.fhaVaLoan.lenderCity,loan.fhaVaLoan.lenderCity,no,no,458,93.5,228,90.8,2,,,,,,Started,no,identifying-or-high-cardinality
3635,HUD 1003 Addendum Lender State,standard,String,STATE,str x693,$.fhaVaLoan.lenderState,loan.fhaVaLoan.lenderState,no,no,458,93.5,228,90.8,2,,,,,,Started,no,
3636,HUD 1003 Addendum Lender Zip,standard,String,ZIPCODE,str x693,$.fhaVaLoan.lenderPostalCode,loan.fhaVaLoan.lenderPostalCode,no,no,458,93.5,228,90.8,2,,,,,,Started,no,identifying-or-high-cardinality
3637,HUD 1003 Addendum Lender Info NMLS,standard,String,STRING,str x679,$.fhaVaLoan.lenderNmls,loan.fhaVaLoan.lenderNmls,no,no,459,93.7,214,85.3,1,,,,,,Started,no,identifying-or-high-cardinality
3639,HUD 1003 Addendum Use Default Lender,standard,Boolean,YN,bool x772,$.fhaVaLoan.useDefaultLenderInfo,loan.fhaVaLoan.useDefaultLenderInfo,no,no,490,100,251,100,1,,,,,,Started,no,
3840,No Co-applicant Indicator,standard,Boolean,YN,bool x510,$.applications[0].coborrower.hmdaNoCoApplicantIndicator,loan.currentApplication.coborrower.hmdaNoCoApplicantIndicator,no,no,185,37.8,16,6.4,1,,,,,,Cond. Approval,no,
3841,Rate Lock Request Type,standard,String,STRING,str x771,$.rateLock.requestLockType,loan.rateLock.requestLockType,no,no,489,99.8,251,100,2,,,,,,Started,no,
3855,Sec 35 HPML Sales Contract Date,standard,DateTime,DATE,date x56,$.section32.section35SalesContractDate,loan.section32.section35SalesContractDate,no,no,12,2.4,44,17.5,46,,,,,,Purchasing Conditions,no,identifying-or-high-cardinality
3860,Borr SSA-89 Mortgage Service Indicator,standard,Boolean,YN,bool x525,$.applications[0].borrower.ssa89MortgageServiceIndicator,loan.currentApplication.borrower.ssa89MortgageServiceIndicator,no,no,483,98.6,36,14.3,1,,,,,,Started,no,
3866,Coborrower SSA-89 Mortgage Service Indicator,standard,Boolean,YN,bool x8,$.applications[0].coborrower.ssa89MortgageServiceIndicator,loan.currentApplication.coborrower.ssa89MortgageServiceIndicator,no,no,8,1.6,0,0,1,,,,,,,no,
3876,Trans Details Late Fee,standard,Decimal,DECIMAL_2,float x465 | int x8,$.regulationZ.lateFee,loan.regulationZ.lateFee,no,yes,448,91.4,16,6.4,440,27.97,59.12,75.79,126.87,276.27,Started,no,identifying-or-high-cardinality
3877,Trans Details Total Late Payment,standard,Decimal,DECIMAL_2,float x464 | int x9,$.regulationZ.totalLatePayment,loan.regulationZ.totalLatePayment,no,yes,448,91.4,16,6.4,444,587.39,1241.59,1591.66,2664.37,5801.67,Started,no,identifying-or-high-cardinality
3887,Disclosed Daily Interest Charges,standard,Decimal,DECIMAL_2,float x190 | int x1,$.regulationZ.disclosedDailyInterestCharge,loan.regulationZ.disclosedDailyInterestCharge,no,no,190,38.8,0,0,184,14.38,188.47,632.88,1148.9825,3626.57,Started,no,identifying-or-high-cardinality
3894,Enforce County Loan Limit,standard,Boolean,YN,bool x772,$.enforceCountyLoanLimit,loan.enforceCountyLoanLimit,no,no,490,100,251,100,1,,,,,,Started,no,
3895,File Contacts-Lender Type,standard,String,STRING,str x216,$.contacts[?(@.contactType == 'LENDER_INVESTOR')].lenderType,loan.contacts[(contactType == 'LENDER_INVESTOR')].lenderType,no,no,162,33.1,51,20.3,1,,,,,,Started,no,identifying-or-high-cardinality
3897,File Contacts-Lender License Type,standard,String,STRING,str x130,$.contacts[?(@.contactType == 'LENDER_INVESTOR')].licenseType,loan.contacts[(contactType == 'LENDER_INVESTOR')].licenseType,no,no,105,21.4,23,9.2,2,,,,,,Started,no,identifying-or-high-cardinality
3900,REGZ Loan Info DOC Report GUID,standard,String,STRING,str x242,$.closingDocument.docReportGuid,loan.closingDocument.docReportGuid,no,yes,238,48.6,1,0.4,242,,,,,,Started,no,identifying-or-high-cardinality
3925,Correspondent Loan Status - Note Date,standard,DateTime,DATE,date x2,$.correspondent.noteDate,loan.correspondent.noteDate,no,no,1,0.2,0,0,1,,,,,,,no,
3933,Correspondent Loan Status - Late Fee - Frequency,standard,String,STRING,str x1,$.correspondent.lateFeeFrequency,loan.correspondent.lateFeeFrequency,no,no,0,0,0,0,1,,,,,,,no,
3936,Correspondent Loan Status - Late Fee Charge Type,standard,String,STRING,str x1,$.correspondent.lateFeeChargeType,loan.correspondent.lateFeeChargeType,no,no,0,0,0,0,1,,,,,,,no,
3968,Trans Details Interviewer Email,standard,String,STRING,str x747,$.interviewerEmail,loan.interviewerEmail,no,no,482,98.4,237,94.4,21,,,,,,Started,yes,identifying-or-high-cardinality
3969,"Use New LE, CD, GFE And HUD",standard,String,STRING,str x772,$.useNew2015FormsIndicator,loan.useNew2015FormsIndicator,no,no,490,100,251,100,2,,,,,,Started,no,
3983,eConsent Date,standard,DateTime,DATE,date x192,$.regulationZ.eSignConsentDate,loan.regulationZ.eSignConsentDate,no,yes,190,38.8,1,0.4,104,,,,,,Started,no,identifying-or-high-cardinality
3984,Borrower 1 eConsent Status,standard,String,STRING,str x199,$.regulationZ.eSignConsentBorrowerStatus1,loan.regulationZ.eSignConsentBorrowerStatus1,no,no,197,40.2,1,0.4,1,,,,,,Started,no,
3985,eConsent Borrower Date Accepted Pair 1,standard,DateTime,DATE,date x199,$.regulationZ.eSignConsentBorrowerDateAccepted1,loan.regulationZ.eSignConsentBorrowerDateAccepted1,no,no,197,40.2,1,0.4,107,,,,,,Started,no,identifying-or-high-cardinality
3986,eConsent Borrower IP Address Pair 1,standard,String,STRING,str x199,$.regulationZ.eSignConsentBorrowerIpAddress1,loan.regulationZ.eSignConsentBorrowerIpAddress1,no,no,197,40.2,1,0.4,142,,,,,,Started,no,identifying-or-high-cardinality
3987,eConsent Borrower Source Pair 1,standard,String,STRING,str x199,$.regulationZ.eSignConsentBorrowerSource1,loan.regulationZ.eSignConsentBorrowerSource1,no,no,197,40.2,1,0.4,1,,,,,,Started,no,
3988,Co-Borrower 1 eConsent Status,standard,String,STRING,str x12,$.regulationZ.eSignConsentCoBorrowerStatus1,loan.regulationZ.eSignConsentCoBorrowerStatus1,no,no,12,2.4,0,0,1,,,,,,Purchasing Conditions,no,
3989,eConsent Co-Borrower Date Accepted Pair 1,standard,DateTime,DATE,date x12,$.regulationZ.eSignConsentCoBorrowerDateAccepted1,loan.regulationZ.eSignConsentCoBorrowerDateAccepted1,no,no,12,2.4,0,0,11,,,,,,Purchasing Conditions,no,
3990,eConsent Co-Borrower IP Address Pair 1,standard,String,STRING,str x12,$.regulationZ.eSignConsentCoBorrowerIpAddress1,loan.regulationZ.eSignConsentCoBorrowerIpAddress1,no,no,12,2.4,0,0,11,,,,,,Purchasing Conditions,no,identifying-or-high-cardinality
3991,eConsent Co-Borrower Source Pair 1,standard,String,STRING,str x12,$.regulationZ.eSignConsentCoBorrowerSource1,loan.regulationZ.eSignConsentCoBorrowerSource1,no,no,12,2.4,0,0,1,,,,,,Purchasing Conditions,no,
3992,Borrower 2 eConsent Status,standard,String,STRING,str x4,$.regulationZ.eSignConsentBorrowerStatus2,loan.regulationZ.eSignConsentBorrowerStatus2,no,no,4,0.8,0,0,1,,,,,,,no,
3993,eConsent Borrower Date Accepted Pair 2,standard,DateTime,DATE,date x4,$.regulationZ.eSignConsentBorrowerDateAccepted2,loan.regulationZ.eSignConsentBorrowerDateAccepted2,no,no,4,0.8,0,0,4,,,,,,,no,
3994,eConsent Borrower IP Address Pair 2,standard,String,STRING,str x4,$.regulationZ.eSignConsentBorrowerIpAddress2,loan.regulationZ.eSignConsentBorrowerIpAddress2,no,no,4,0.8,0,0,4,,,,,,,no,identifying-or-high-cardinality
3995,eConsent Borrower Source Pair 2,standard,String,STRING,str x4,$.regulationZ.eSignConsentBorrowerSource2,loan.regulationZ.eSignConsentBorrowerSource2,no,no,4,0.8,0,0,1,,,,,,,no,
4000,Borrower First Name,standard,String,STRING,str x705,$.applications[0].borrower.firstName,loan.currentApplication.borrower.firstName,no,no,463,94.5,214,85.3,221,,,,,,Started,yes,identifying-or-high-cardinality
4001,Borrower Middle Name,standard,String,STRING,str x126,$.applications[0].borrower.middleName,loan.currentApplication.borrower.middleName,no,no,92,18.8,29,11.6,53,,,,,,Started,no,identifying-or-high-cardinality
4002,Borrower Last Name,standard,String,STRING,str x705,$.applications[0].borrower.lastName,loan.currentApplication.borrower.lastName,no,no,464,94.7,213,84.9,268,,,,,,Started,yes,identifying-or-high-cardinality
4004,Co-Borrower First Name,standard,String,STRING,str x61,$.applications[0].coborrower.firstName,loan.currentApplication.coborrower.firstName,no,no,23,4.7,37,14.7,41,,,,,,Purchasing Conditions,no,identifying-or-high-cardinality
4005,Co-Borrower Middle Name,standard,String,STRING,str x10,$.applications[0].coborrower.middleName,loan.currentApplication.coborrower.middleName,no,no,9,1.8,1,0.4,9,,,,,,,no,identifying-or-high-cardinality
4006,Co-Borrower Last Name,standard,String,STRING,str x61,$.applications[0].coborrower.lastName,loan.currentApplication.coborrower.lastName,no,no,23,4.7,37,14.7,40,,,,,,Purchasing Conditions,no,identifying-or-high-cardinality
4008,Borrower Vesting Type,standard,String,STRING,str x692,$.applications[0].borrower.borrowerTypeInSummary,loan.currentApplication.borrower.borrowerTypeInSummary,no,no,489,99.8,193,76.9,2,,,,,,Started,yes,
4009,Co-Borrower Vesting Type,standard,String,STRING,str x54,$.applications[0].coborrower.borrowerTypeInSummary,loan.currentApplication.coborrower.borrowerTypeInSummary,no,no,21,4.3,32,12.7,2,,,,,,Purchasing Conditions,no,
4012,Base LTV Ratio Percent,standard,Int,INTEGER,int x685,$.bltv,loan.bltv,no,no,442,90.2,219,87.3,118,55,75,80,104,137,Started,no,identifying-or-high-cardinality
4017,Disclosed Product,standard,String,STRING,str x1,$.regulationZ.disclosedProduct,loan.regulationZ.disclosedProduct,no,no,0,0,0,0,1,,,,,,,no,
4018,Disclosed Prepayment,standard,Boolean,YN,bool x1,$.regulationZ.disclosedPrepayment,loan.regulationZ.disclosedPrepayment,no,no,0,0,0,0,1,,,,,,,no,
4023,Borrower 3 eConsent Status,standard,String,STRING,str x2,$.regulationZ.eSignConsentBorrowerStatus3,loan.regulationZ.eSignConsentBorrowerStatus3,no,no,2,0.4,0,0,1,,,,,,,no,
4024,eConsent Borrower Date Accepted Pair 3,standard,DateTime,DATE,date x2,$.regulationZ.eSignConsentBorrowerDateAccepted3,loan.regulationZ.eSignConsentBorrowerDateAccepted3,no,no,2,0.4,0,0,2,,,,,,,no,
4025,eConsent Borrower IP Address Pair 3,standard,String,STRING,str x2,$.regulationZ.eSignConsentBorrowerIpAddress3,loan.regulationZ.eSignConsentBorrowerIpAddress3,no,no,2,0.4,0,0,2,,,,,,,no,identifying-or-high-cardinality
4026,eConsent Borrower Source Pair 3,standard,String,STRING,str x2,$.regulationZ.eSignConsentBorrowerSource3,loan.regulationZ.eSignConsentBorrowerSource3,no,no,2,0.4,0,0,1,,,,,,,no,
4063,Loan ID #,standard,String,STRING,str x207,$.loanIdNumber,loan.loanIdNumber,no,no,168,34.3,35,13.9,207,,,,,,Started,no,identifying-or-high-cardinality
4071,REGZ Total Amt All Principal and Interest,standard,Decimal,DECIMAL_2,float x587 | int x104,$.regulationZ.totalOfPrincipalAndInterest,loan.regulationZ.totalOfPrincipalAndInterest,no,no,450,91.8,223,88.8,647,132733.56,350245.73,496638.38,947162.78,1989145.82,Started,no,identifying-or-high-cardinality
4073,Borr Authorized Credit Report Indicator,standard,Boolean,YN,bool x527,$.applications[0].borrower.authorizedCreditReportIndicator,loan.currentApplication.borrower.authorizedCreditReportIndicator,no,no,482,98.4,37,14.7,1,,,,,,Started,no,
4074,Borr Date Authorized Credit Report,standard,DateTime,DATE,date x8,$.applications[0].borrower.authorizedCreditReportDate,loan.currentApplication.borrower.authorizedCreditReportDate,no,no,7,1.4,1,0.4,8,,,,,,,no,
4075,Borr Credit Report Authorization Method,standard,String,STRING,str x526,$.applications[0].borrower.creditReportAuthorizationMethod,loan.currentApplication.borrower.creditReportAuthorizationMethod,no,no,482,98.4,38,15.1,2,,,,,,Started,no,
4076,Co-Borrower Authorized Credit Report Indicator,standard,Boolean,YN,bool x11,$.applications[0].coborrower.authorizedCreditReportIndicator,loan.currentApplication.coborrower.authorizedCreditReportIndicator,no,no,4,0.8,1,0.4,1,,,,,,,no,
4077,Co-Borrower Date Authorized Credit Report,standard,DateTime,DATE,date x2,$.applications[0].coborrower.authorizedCreditReportDate,loan.currentApplication.coborrower.authorizedCreditReportDate,no,no,1,0.2,1,0.4,2,,,,,,,no,
4078,Co-Borrower Credit Report Authorization Method,standard,String,STRING,str x5,$.applications[0].coborrower.creditReportAuthorizationMethod,loan.currentApplication.coborrower.creditReportAuthorizationMethod,no,no,3,0.6,2,0.8,2,,,,,,,no,
4079,Credit Report Comment,standard,String,STRING,str x1,$.applications[0].borrower.commentOfCreditReport,loan.currentApplication.borrower.commentOfCreditReport,no,no,1,0.2,0,0,1,,,,,,,no,
4082,Is CD Valid for Earliest Closing Date Calculation,standard,Boolean,YN,bool x760,$.closingCost.gfe2010.isCdValidForEarliestClosingDate,loan.closingCost.gfe2010.isCdValidForEarliestClosingDate,no,yes,0,0,0,0,1,,,,,,,no,
4083,Trans Details Lender Credits In Funding,standard,Decimal,DECIMAL_2,int x24 | float x8,$.lenderCreditsInFunding,loan.lenderCreditsInFunding,no,yes,29,5.9,1,0.4,29,55.13,618.1875,1278.125,3257.8125,10926.72,Investor Delivery,no,identifying-or-high-cardinality
4085,Trans Details Monthly PI Payment Amount For LE1 and CD1,standard,Decimal,DECIMAL_2,float x639 | int x52,$.monthlyPiPaymentAmountForLe1andCd1,loan.monthlyPiPaymentAmountForLe1andCd1,no,no,449,91.6,199,79.3,619,559.42,1061.11,1379.55,2214.84,5525.4,Started,no,identifying-or-high-cardinality
4091,File Contacts Appraisal Co Appraisal Made (As Is or As Improved),standard,String,STRING,str x129,$.contacts[?(@.contactType == 'APPRAISAL_COMPANY')].appraisalMade,loan.contacts[(contactType == 'APPRAISAL_COMPANY')].appraisalMade,no,no,83,16.9,46,18.3,2,,,,,,Started,no,
4106,Correspondent Loan Status - Unpaid Principal Balance,standard,Decimal,DECIMAL_2,float x5 | int x2,$.correspondent.unpaidPrincipalBalance,loan.correspondent.unpaidPrincipalBalance,no,no,7,1.4,0,0,7,146427.86,218953.32,233807.81,506250,909305.3,Purchasing Conditions,no,
4108,Borrower Consent Request Date,standard,DateTime,DATE,date x198,$.applications[0].borrower.borrowerConsentRequestDate,loan.currentApplication.borrower.borrowerConsentRequestDate,no,no,198,40.4,0,0,107,,,,,,Started,no,identifying-or-high-cardinality
4109,Co-Borrower Consent Request Date,standard,DateTime,DATE,date x13,$.applications[0].coborrower.borrowerConsentRequestDate,loan.currentApplication.coborrower.borrowerConsentRequestDate,no,no,13,2.7,0,0,12,,,,,,Purchasing Conditions,no,
4112,Correspondent Loan Status - Late Days End Trigger  Date,standard,String,STRING,str x772,$.correspondent.lateDaysEndTrigger,loan.correspondent.lateDaysEndTrigger,no,no,490,100,251,100,1,,,,,,Started,no,
4113,Initial Interest Rate,standard,Decimal,DECIMAL_3,float x556 | int x88,$.initialInterestRate,loan.initialInterestRate,no,no,426,86.9,201,80.1,93,6,6.875,7.25,8,10.75,Started,no,identifying-or-high-cardinality
4114,Borrower Est Closing Date,standard,DateTime,DATE,date x4,$.loanProductData.borrowerEstimatedClosingDate,loan.loanProductData.borrowerEstimatedClosingDate,no,no,3,0.6,1,0.4,3,,,,,,,no,
4131,Co-Borr Trans Details Application Taken By,standard,String,STRING,str x509,$.applications[0].coborrower.applicationTakenMethodType,loan.currentApplication.coborrower.applicationTakenMethodType,no,no,483,98.6,20,8,2,,,,,,Started,no,
4132,Co-Borr Was the Ethnicity of the Borrower collected on the basis of visual observation or surname?,standard,String,STRING,str x238,$.applications[0].coborrower.isEthnicityBasedOnVisual,loan.currentApplication.coborrower.isEthnicityBasedOnVisual,no,no,217,44.3,16,6.4,1,,,,,,Started,no,
4133,Co-Borr Was the Race of the Borrower collected on the basis of visual observation or surname?,standard,String,STRING,str x238,$.applications[0].coborrower.isRaceBasedOnVisual,loan.currentApplication.coborrower.isRaceBasedOnVisual,no,no,217,44.3,16,6.4,1,,,,,,Started,no,
4134,Co-Borr Was the Sex of the Co-Borrower collected on the basis of visual observation or surname?,standard,String,STRING,str x238,$.applications[0].coborrower.isSexBasedOnVisual,loan.currentApplication.coborrower.isSexBasedOnVisual,no,no,217,44.3,16,6.4,1,,,,,,Started,no,
4142,Use 2018 DI,standard,Boolean,YN,bool x772,$.use2018DiIndicator,loan.use2018DiIndicator,no,no,490,100,251,100,1,,,,,,Started,no,
4143,Borr Trans Details Application Taken By,standard,String,STRING,str x737,$.applications[0].borrower.applicationTakenMethodType,loan.currentApplication.borrower.applicationTakenMethodType,no,no,490,100,233,92.8,3,,,,,,Started,yes,
4155,Borr Native Hawaiian Indicator,standard,Boolean,YN,bool x12,$.applications[0].borrower.hmdaNativeHawaiianIndicator,loan.currentApplication.borrower.hmdaNativeHawaiianIndicator,no,no,0,0,1,0.4,1,,,,,,,no,
4156,Borr Guamanian or Chamorro Indicator,standard,Boolean,YN,bool x12,$.applications[0].borrower.hmdaGuamanianOrChamorroIndicator,loan.currentApplication.borrower.hmdaGuamanianOrChamorroIndicator,no,no,0,0,1,0.4,1,,,,,,,no,
4174,Borr Credit Score for Decision Making,standard,String,RA_STRING,str x66,$.applications[0].borrower.hmdaCreditScoreForDecisionMaking,loan.currentApplication.borrower.hmdaCreditScoreForDecisionMaking,no,no,55,11.2,10,4,2,,,,,,Started,no,
4175,Borr Credit Scoring Model,standard,String,STRING,str x65,$.applications[0].borrower.hmdaCreditScoringModel,loan.currentApplication.borrower.hmdaCreditScoringModel,no,no,55,11.2,9,3.6,1,,,,,,Started,no,
4177,Co-Borr Credit Score for Decision Making,standard,String,RA_STRING,str x516,$.applications[0].coborrower.hmdaCreditScoreForDecisionMaking,loan.currentApplication.coborrower.hmdaCreditScoreForDecisionMaking,no,no,483,98.6,26,10.4,2,,,,,,Started,no,
4178,Co-Borr Credit Scoring Model,standard,String,STRING,str x516,$.applications[0].coborrower.hmdaCreditScoringModel,loan.currentApplication.coborrower.hmdaCreditScoringModel,no,no,483,98.6,26,10.4,2,,,,,,Started,no,
4180,VA Maximum Seller Contribution (4%),standard,Decimal,DECIMAL_2,int x631 | float x1,$.mcaw.maximumSellerContribution4Percent,loan.mcaw.maximumSellerContribution4Percent,no,no,356,72.7,199,79.3,229,6400,11200,19000,23000,44000,Started,no,identifying-or-high-cardinality
4183,HMDA Age,standard,String,RA_INTEGER,str x668,$.applications[0].borrower.hmdaAge,loan.currentApplication.borrower.hmdaAge,no,no,443,90.4,198,78.9,48,,,,,,Started,no,
4184,HMDA Age,standard,String,RA_INTEGER,str x268,$.applications[0].coborrower.hmdaAge,loan.currentApplication.coborrower.hmdaAge,no,no,206,42,56,22.3,26,,,,,,Started,no,
4186,Late Charge Basis,standard,Decimal,DECIMAL_2,float x640 | int x32,$.regulationZ.lateChargeBasis,loan.regulationZ.lateChargeBasis,no,no,452,92.2,202,80.5,655,915.63,1419.42,2288.82,3784.395,8087.9,Started,no,identifying-or-high-cardinality
4188,Co-Borr Ethnicity No Co Applicant,standard,Boolean,YN,bool x507,$.applications[0].coborrower.noCoApplicantEthnicityIndicator,loan.currentApplication.coborrower.noCoApplicantEthnicityIndicator,no,no,185,37.8,16,6.4,1,,,,,,Cond. Approval,no,
4189,Co-Borr Sex No Co Applicant,standard,Boolean,YN,bool x513,$.applications[0].coborrower.noCoApplicantSexIndicator,loan.currentApplication.coborrower.noCoApplicantSexIndicator,no,no,185,37.8,16,6.4,1,,,,,,Cond. Approval,no,
4193,Borr Female Indicator,standard,Boolean,YN,bool x150,$.applications[0].borrower.hmdaGendertypeFemaleIndicator,loan.currentApplication.borrower.hmdaGendertypeFemaleIndicator,no,no,24,4.9,1,0.4,1,,,,,,,no,
4194,Borr male Indicator,standard,Boolean,YN,bool x238,$.applications[0].borrower.hmdaGendertypeMaleIndicator,loan.currentApplication.borrower.hmdaGendertypeMaleIndicator,no,no,185,37.8,26,10.4,1,,,,,,Started,no,
4195,Borr Do Not Wish Indicator,standard,Boolean,YN,bool x568,$.applications[0].borrower.hmdaGendertypeDoNotWishIndicator,loan.currentApplication.borrower.hmdaGendertypeDoNotWishIndicator,no,no,183,37.3,26,10.4,1,,,,,,Cond. Approval,no,
4196,Borr Not Applicable Indicator,standard,Boolean,YN,bool x542,$.applications[0].borrower.hmdaGendertypeNotApplicableIndicator,loan.currentApplication.borrower.hmdaGendertypeNotApplicableIndicator,no,no,0,0,3,1.2,1,,,,,,,no,
4197,Co-Borr Female Indicator,standard,Boolean,YN,bool x9,$.applications[0].coborrower.hmdaGendertypeFemaleIndicator,loan.currentApplication.coborrower.hmdaGendertypeFemaleIndicator,no,no,1,0.2,1,0.4,1,,,,,,,no,
4198,Co-Borr Race Male Indicator,standard,Boolean,YN,bool x10,$.applications[0].coborrower.hmdaGendertypeMaleIndicator,loan.currentApplication.coborrower.hmdaGendertypeMaleIndicator,no,no,7,1.4,1,0.4,1,,,,,,,no,
4199,Co-Borr Do Not Wish Indicator,standard,Boolean,YN,bool x10,$.applications[0].coborrower.hmdaGendertypeDoNotWishIndicator,loan.currentApplication.coborrower.hmdaGendertypeDoNotWishIndicator,no,no,4,0.8,2,0.8,1,,,,,,,no,
4205,Borr Do Not Wish Indicator,standard,Boolean,YN,bool x749,$.applications[0].borrower.hmdaEthnicityDoNotWishIndicator,loan.currentApplication.borrower.hmdaEthnicityDoNotWishIndicator,no,no,487,99.4,229,91.2,1,,,,,,Started,no,
4206,Co-Borr Do Not Wish Indicator,standard,Boolean,YN,bool x228,$.applications[0].coborrower.hmdaEthnicityDoNotWishIndicator,loan.currentApplication.coborrower.hmdaEthnicityDoNotWishIndicator,no,no,9,1.8,2,0.8,1,,,,,,,no,
4209,Rate Lock Request Lock Status,standard,String,STRING,str x11,$.rateLock.requestLockStatus,loan.rateLock.requestLockStatus,no,no,8,1.6,2,0.8,3,,,,,,,no,
4211,Borr Not Hispanic or Latino Indicator,standard,Boolean,YN,bool x68,$.applications[0].borrower.hmdaEthnicityNotHispanicLatinoIndicator,loan.currentApplication.borrower.hmdaEthnicityNotHispanicLatinoIndicator,no,no,48,9.8,8,3.2,1,,,,,,Cond. Approval,no,
4214,Co-Borr Not Hispanic or Latino Indicator,standard,Boolean,YN,bool x6,$.applications[0].coborrower.hmdaEthnicityNotHispanicLatinoIndicator,loan.currentApplication.coborrower.hmdaEthnicityNotHispanicLatinoIndicator,no,no,2,0.4,0,0,1,,,,,,,no,
4215,Co-Borr Not Applicable Indicator,standard,Boolean,YN,bool x5,$.applications[0].coborrower.hmdaEthnicityNotApplicableIndicator,loan.currentApplication.coborrower.hmdaEthnicityNotApplicableIndicator,no,no,1,0.2,0,0,1,,,,,,,no,
4216,Hmda Race Reported Field 1,standard,String,STRING,str x254,$.applications[0].borrower.hmdaRaceReportedField1,loan.currentApplication.borrower.hmdaRaceReportedField1,no,no,48,9.8,193,76.9,5,,,,,,Submittal,no,
4217,Borr Hmda Race Reported Field 2,standard,String,STRING,str x1,$.applications[0].borrower.hmdaRaceReportedField2,loan.currentApplication.borrower.hmdaRaceReportedField2,no,no,0,0,1,0.4,1,,,,,,,no,
4218,Borr Hmda Race Reported Field 3,standard,String,STRING,str x1,$.applications[0].borrower.hmdaRaceReportedField3,loan.currentApplication.borrower.hmdaRaceReportedField3,no,no,0,0,1,0.4,1,,,,,,,no,
4219,Borr Hmda Race Reported Field 4,standard,String,STRING,str x1,$.applications[0].borrower.hmdaRaceReportedField4,loan.currentApplication.borrower.hmdaRaceReportedField4,no,no,0,0,1,0.4,1,,,,,,,no,
4221,Borr Hmda Ethnicity Reported Field 1,standard,String,STRING,str x67,$.applications[0].borrower.hmdaEthnicityReportedField1,loan.currentApplication.borrower.hmdaEthnicityReportedField1,no,no,48,9.8,8,3.2,1,,,,,,Cond. Approval,no,
4226,Co-Borr Hmda Race Reported Field 1,standard,String,STRING,str x242,$.applications[0].coborrower.hmdaRaceReportedField1,loan.currentApplication.coborrower.hmdaRaceReportedField1,no,no,219,44.7,18,7.2,3,,,,,,Started,no,
4231,Co-Borr Hmda Ethnicity Reported Field 1,standard,String,STRING,str x209,$.applications[0].coborrower.hmdaEthnicityReportedField1,loan.currentApplication.coborrower.hmdaEthnicityReportedField1,no,no,188,38.4,16,6.4,3,,,,,,Started,no,
4236,Borr Hmda Ethnicity Reported Fields,standard,String,STRING,str x67,$.applications[0].borrower.hmdaEthnicityReportedFields,loan.currentApplication.borrower.hmdaEthnicityReportedFields,no,yes,48,9.8,8,3.2,1,,,,,,Cond. Approval,no,
4237,Borr Hmda Race Reported Fields,standard,String,STRING,str x254,$.applications[0].borrower.hmdaRaceReportedFields,loan.currentApplication.borrower.hmdaRaceReportedFields,no,yes,48,9.8,193,76.9,5,,,,,,Submittal,no,
4238,Co-Borr Hmda Ethnicity Reported Fields,standard,String,STRING,str x209,$.applications[0].coborrower.hmdaEthnicityReportedFields,loan.currentApplication.coborrower.hmdaEthnicityReportedFields,no,yes,188,38.4,16,6.4,3,,,,,,Started,no,
4239,Co-Borr Hmda Race Reported Fields,standard,String,STRING,str x242,$.applications[0].coborrower.hmdaRaceReportedFields,loan.currentApplication.coborrower.hmdaRaceReportedFields,no,yes,219,44.7,18,7.2,3,,,,,,Started,no,
4244,Borr Information Not Provided,standard,Boolean,YN,bool x183,$.applications[0].borrower.hmdaRaceInfoNotProvided,loan.currentApplication.borrower.hmdaRaceInfoNotProvided,no,no,2,0.4,181,72.1,1,,,,,,,no,
4247,Co-Borr Information Not Provided,standard,Boolean,YN,bool x1,$.applications[0].coborrower.hmdaRaceInfoNotProvided,loan.currentApplication.coborrower.hmdaRaceInfoNotProvided,no,no,0,0,1,0.4,1,,,,,,,no,
4252,Borr I do not wish to provide this information,standard,Boolean,YN,bool x567,$.applications[0].borrower.hmdaRaceDoNotWishProvideIndicator,loan.currentApplication.borrower.hmdaRaceDoNotWishProvideIndicator,no,no,484,98.8,46,18.3,1,,,,,,Started,no,
4253,Co-Borr I do not wish to provide this information,standard,Boolean,YN,bool x15,$.applications[0].coborrower.hmdaRaceDoNotWishProvideIndicator,loan.currentApplication.coborrower.hmdaRaceDoNotWishProvideIndicator,no,no,9,1.8,2,0.8,1,,,,,,,no,
4254,Initial Acquisition of Land,standard,Boolean,YN,bool x207,$.rateLock.currentAcquisition,loan.rateLock.currentAcquisition,no,no,1,0.2,192,76.5,1,,,,,,,no,
4460,Number of Borrower Pairs,standard,Int,INTEGER,int x772,$.borrowerPairCount,loan.borrowerPairCount,no,yes,490,100,251,100,3,1,1,1,2,3,Started,no,
4461,Fee Level Disclosures Indicator,standard,Boolean,YN,bool x772,$.regulationZ.feeLevelDisclosuresIndicator,loan.regulationZ.feeLevelDisclosuresIndicator,no,no,490,100,251,100,1,,,,,,Started,no,
4463,Rate Lock Request - Borrower/Lender Paid,standard,String,STRING,str x758,$.rateLock.borrLenderPaid,loan.rateLock.borrLenderPaid,no,no,482,98.4,251,100,1,,,,,,Started,no,
4464,HELOC Payment Basis,standard,String,STRING,str x1,$.loanProductData.helocPaymentBasis,loan.loanProductData.helocPaymentBasis,no,no,0,0,0,0,1,,,,,,,no,
4465,HELOC Rate,standard,String,STRING,str x1,$.loanProductData.helocRate,loan.loanProductData.helocRate,no,no,0,0,0,0,1,,,,,,,no,
4466,HELOC Calculation Sign,standard,String,STRING,str x1,$.loanProductData.helocCalcSign,loan.loanProductData.helocCalcSign,no,no,0,0,0,0,1,,,,,,,no,
4467,HELOC Percent,standard,Decimal,DECIMAL_3,int x1,$.loanProductData.helocPercent,loan.loanProductData.helocPercent,no,no,0,0,0,0,1,,,,,,,no,
4472,HELOC Force Minimum Payment,standard,Boolean,YN,bool x1,$.loanProductData.helocForceMinimumPayment,loan.loanProductData.helocForceMinimumPayment,no,no,0,0,0,0,1,,,,,,,no,
4473,HELOC Qualifying Balance,standard,String,STRING,str x1,$.loanProductData.helocQualifyingBalance,loan.loanProductData.helocQualifyingBalance,no,no,0,0,0,0,1,,,,,,,no,
4474,HELOC Qualifying Term,standard,Int,INTEGER,int x1,$.loanProductData.helocQualifyingTerm,loan.loanProductData.helocQualifyingTerm,no,no,0,0,0,0,1,,,,,,,no,
4475,HELOC Initial Payment Basis,standard,String,STRING,str x1,$.loanProductData.helocInitialPaymentBasis,loan.loanProductData.helocInitialPaymentBasis,no,no,0,0,0,0,1,,,,,,,no,
4476,HELOC Initial Rate,standard,String,STRING,str x1,$.loanProductData.helocInitialRate,loan.loanProductData.helocInitialRate,no,no,0,0,0,0,1,,,,,,,no,
4477,HELOC Initial Calculation Sign,standard,String,STRING,str x1,$.loanProductData.helocInitialCalcSign,loan.loanProductData.helocInitialCalcSign,no,no,0,0,0,0,1,,,,,,,no,
4478,HELOC Initial Percent,standard,Decimal,DECIMAL_3,int x1,$.loanProductData.helocInitialPercent,loan.loanProductData.helocInitialPercent,no,no,0,0,0,0,1,,,,,,,no,
4483,HELOC Initial Force Minimum Payment,standard,Boolean,YN,bool x1,$.loanProductData.helocInitialForceMinimumPayment,loan.loanProductData.helocInitialForceMinimumPayment,no,no,0,0,0,0,1,,,,,,,no,
4484,Heloc Initial Balance Used,standard,String,STRING,str x1,$.loanProductData.helocInitialBalanceUsed,loan.loanProductData.helocInitialBalanceUsed,no,no,0,0,0,0,1,,,,,,,no,
4494,HELOC Lien Position,standard,String,STRING,str x768,$.loanProductData.helocLienPosition,loan.loanProductData.helocLienPosition,no,no,490,100,251,100,2,,,,,,Started,no,
4502,File Contacts Title Co Officer Title,standard,String,STRING,str x1,$.contacts[?(@.contactType == 'TITLE_COMPANY')].contactTitle,loan.contacts[(contactType == 'TITLE_COMPANY')].contactTitle,no,no,1,0.2,0,0,1,,,,,,,no,
4508,File Contacts Loan Officer Title,standard,String,STRING,str x256,$.contacts[?(@.contactType == 'LOAN_OFFICER')].contactTitle,loan.contacts[(contactType == 'LOAN_OFFICER')].contactTitle,no,no,166,33.9,76,30.3,2,,,,,,Started,no,
4509,File Contacts Loan Processor Title,standard,String,STRING,str x108,$.contacts[?(@.contactType == 'LOAN_PROCESSOR')].contactTitle,loan.contacts[(contactType == 'LOAN_PROCESSOR')].contactTitle,no,no,94,19.2,12,4.8,3,,,,,,Loan Setup,no,
4514,Rate Lock Request - Trans Details HCLTV/HTLTV,standard,Decimal,DECIMAL_3,int x413 | float x263,$.rateLock.hcltvHtltv,loan.rateLock.hcltvHtltv,no,no,442,90.2,211,84.1,285,50,70,75,80,170.297,Started,no,identifying-or-high-cardinality
4516,Lock Request Subject Property Street Address,standard,String,STRING,str x690,$.rateLock.subjectPropertyPropertyStreetAddress,loan.rateLock.subjectPropertyPropertyStreetAddress,no,no,459,93.7,208,82.9,648,,,,,,Started,no,identifying-or-high-cardinality
4517,Lock Request Subject Property Unit Type,standard,String,STRING,str x4,$.rateLock.subjectPropertyUnitType,loan.rateLock.subjectPropertyUnitType,no,no,3,0.6,1,0.4,2,,,,,,,no,
4518,Lock Request Subject Property Unit Number,standard,String,STRING,str x17,$.rateLock.subjectPropertyUnitNumber,loan.rateLock.subjectPropertyUnitNumber,no,no,15,3.1,1,0.4,16,,,,,,Started,no,
4519,Rate Lock Request - Freddie Mac HELOC Credit Limit,standard,Decimal,DECIMAL_2,int x772,$.rateLock.helocCreditLimit,loan.rateLock.helocCreditLimit,no,no,0,0,0,0,1,,,,,,,no,
4520,Valuation Used for LTV,standard,Decimal,DECIMAL_3,int x276,$.valuationUsed,loan.valuationUsed,no,no,230,46.9,30,12,161,160000,262500,365000,587500,1250000,Started,no,identifying-or-high-cardinality
4521,Existing Liens And Draw Used,standard,Decimal,DECIMAL_3,int x439,$.existingLiensAndDrawUsed,loan.existingLiensAndDrawUsed,no,no,375,76.5,47,18.7,275,75000,221250,300000,412500,600000,Started,no,identifying-or-high-cardinality
4522,Existing Liens Used,standard,Decimal,DECIMAL_3,int x16,$.existingLiensUsed,loan.existingLiensUsed,no,no,10,2,0,0,14,110000,128450,199593.5,360625.5,2283750,Completion,no,
4523,Target CLTV,standard,Decimal,DECIMAL_6,int x1,$.targetCltv,loan.targetCltv,no,no,0,0,1,0.4,1,,,,,,,no,
4524,Target HCLTV,standard,Decimal,DECIMAL_6,int x1,$.targetHcltv,loan.targetHcltv,no,no,0,0,1,0.4,1,,,,,,,no,
4526,Calculated Loan Amount,standard,Decimal,DECIMAL_3,int x1,$.calculatedLoanAmount,loan.calculatedLoanAmount,no,no,0,0,1,0.4,1,,,,,,,no,
4549,Daily Periodic Rate Percent,standard,Decimal,DECIMAL_10,float x1,$.loanProductData.helocDailyPeriodicRate,loan.loanProductData.helocDailyPeriodicRate,no,no,0,0,0,0,1,,,,,,,no,identifying-or-high-cardinality
4550,Monthly Periodic Rate Percent,standard,Decimal,DECIMAL_10,float x1,$.loanProductData.helocMonthlyPeriodicRate,loan.loanProductData.helocMonthlyPeriodicRate,no,no,0,0,0,0,1,,,,,,,no,identifying-or-high-cardinality
4556,Heloc Escrow Account Indicator,standard,Boolean,YN,bool x437,$.loanProductData.helocEscrowAccountIndicator,loan.loanProductData.helocEscrowAccountIndicator,no,no,172,35.1,0,0,1,,,,,,Docs Out,no,identifying-or-high-cardinality
4559,HELOC Draw Payment Basis,standard,Boolean,YN,bool x772,$.loanProductData.helocDrawPaymentBasis,loan.loanProductData.helocDrawPaymentBasis,no,no,490,100,251,100,1,,,,,,Started,no,
4568,HELOC Repayment Basis,standard,Boolean,YN,bool x772,$.loanProductData.helocRepaymentBasis,loan.loanProductData.helocRepaymentBasis,no,no,490,100,251,100,1,,,,,,Started,no,
4660,WareHouse Lender Wire Amount(From Warehouse Lender to Lender/Closing Agent),standard,Decimal,DECIMAL_2,float x1,$.funding.wireAmount,loan.funding.wireAmount,no,yes,1,0.2,0,0,1,,,,,,,no,
4662,Print Trust Name(s) on LE/CD Addendum,standard,Boolean,YN,bool x514,$.closingDocument.printTrustNameIndicator,loan.closingDocument.printTrustNameIndicator,no,no,489,99.8,19,7.6,1,,,,,,Started,no,identifying-or-high-cardinality
4667,Trans Details Credit 1 Source,standard,String,STRING,str x2,$.purchaseCredits[?(@.purchaseCreditIndex == 1)].purchaseCreditSource,loan.purchaseCredits[(purchaseCreditIndex == 1)].purchaseCreditSource,no,no,2,0.4,0,0,1,,,,,,,no,
4668,Trans Details Credit 2 Source,standard,String,STRING,str x1,$.purchaseCredits[?(@.purchaseCreditIndex == 2)].purchaseCreditSource,loan.purchaseCredits[(purchaseCreditIndex == 2)].purchaseCreditSource,no,no,1,0.2,0,0,1,,,,,,,no,
4672,Lender Representative,standard,String,STRING,str x742,$.loanProductData.lenderRepresentative,loan.loanProductData.lenderRepresentative,no,no,490,100,246,98,2,,,,,,Started,no,
4673,Lender Representative First/ Last Name,standard,String,STRING,str x618,$.loanProductData.lenderRepresentativeFirstLastName,loan.loanProductData.lenderRepresentativeFirstLastName,no,no,393,80.2,222,88.4,19,,,,,,Started,no,identifying-or-high-cardinality
4674,Lender Representative Email address,standard,String,STRING,str x618,$.loanProductData.lenderRepresentativeEmailAddress,loan.loanProductData.lenderRepresentativeEmailAddress,no,no,393,80.2,222,88.4,19,,,,,,Started,no,identifying-or-high-cardinality
4675,Lender Representative Role ID,standard,String,STRING,str x742,$.loanProductData.lenderRepresentativeRoleId,loan.loanProductData.lenderRepresentativeRoleId,no,yes,490,100,246,98,2,,,,,,Started,no,
4676,Lender Representative Work Phone,standard,String,PHONE,str x604,$.loanProductData.lenderRepresentativeWorkPhone,loan.loanProductData.lenderRepresentativeWorkPhone,no,no,386,78.8,215,85.7,17,,,,,,Started,no,identifying-or-high-cardinality
4677,Lender Representative Cell Phone,standard,String,PHONE,str x453,$.loanProductData.lenderRepresentativeCellPhone,loan.loanProductData.lenderRepresentativeCellPhone,no,no,269,54.9,183,72.9,9,,,,,,Started,no,identifying-or-high-cardinality
4681,File Contacts Seller Country,standard,String,STRING,str x10,$.contacts[?(@.contactType == 'SELLER')].country,loan.contacts[(contactType == 'SELLER')].country,no,no,10,2,0,0,1,,,,,,Purchasing Conditions,no,
4682,Lender Representative User ID,standard,String,STRING,str x618,$.loanProductData.lenderRepresentativeUserId,loan.loanProductData.lenderRepresentativeUserId,no,no,393,80.2,222,88.4,20,,,,,,Started,no,
4683,Lender Representative Job Title,standard,String,STRING,str x178,$.loanProductData.lenderRepresentativeJobTitle,loan.loanProductData.lenderRepresentativeJobTitle,no,no,115,23.5,63,25.1,2,,,,,,Started,no,
4684,Lender Representative User Type,standard,String,STRING,str x708,$.loanProductData.lenderRepresentativeUserType,loan.loanProductData.lenderRepresentativeUserType,no,yes,463,94.5,240,95.6,2,,,,,,Started,no,
4685,Loan Workflow Id,standard,String,STRING,str x7,$.workFlowId,loan.workFlowId,no,no,6,1.2,1,0.4,1,,,,,,,no,
4689,eClose Closing Type,standard,String,STRING,str x515,$.closingDocument.eCloseClosingType,loan.closingDocument.eCloseClosingType,no,no,490,100,19,7.6,2,,,,,,Started,no,
4711,Condominium Project Type Indicator,standard,Boolean,YN,bool x20,$.rateLock.condominiumIndicator,loan.rateLock.condominiumIndicator,no,no,16,3.3,0,0,1,,,,,,Purchasing Conditions,no,
4713,Planned Unit Development Project Type Indicator,standard,Boolean,YN,bool x221,$.rateLock.pudIndicator,loan.rateLock.pudIndicator,no,no,1,0.2,0,0,1,,,,,,,no,
4714,Property is not located in a project Indicator,standard,Boolean,YN,bool x537,$.rateLock.notInProjectIndicator,loan.rateLock.notInProjectIndicator,no,no,482,98.4,32,12.7,1,,,,,,Started,no,
4715,Borr SSA-89 Open Retirement Acct,standard,Boolean,YN,bool x1,$.applications[0].borrower.ssa89OpenRetirementAcct,loan.currentApplication.borrower.ssa89OpenRetirementAcct,no,no,0,0,1,0.4,1,,,,,,,no,
4722,MERS Organization ID,standard,String,STRING,str x771,$.mersOrgId,loan.mersOrgId,no,no,490,100,251,100,1,,,,,,Started,no,
4723,MERS Original Mortgagee (MOM),standard,Boolean,YN,bool x771,$.mom,loan.mom,no,no,490,100,251,100,1,,,,,,Started,no,
4745, Loan Amount Rounding Indicator,standard,Boolean,YN,bool x772,$.isLoanAmountRounding,loan.isLoanAmountRounding,no,no,490,100,251,100,1,,,,,,Started,no,
4746,Zero Percent Payment Options,standard,String,STRING,str x772,$.regulationZ.zeroPercentPaymentOption,loan.regulationZ.zeroPercentPaymentOption,no,no,490,100,251,100,1,,,,,,Started,no,
4747,Interest Accrual for APR,standard,String,STRING,str x772,$.regulationZ.interestAccrual,loan.regulationZ.interestAccrual,no,yes,490,100,251,100,1,,,,,,Started,no,
4750,Prequal Credit Report Indicator ,standard,Boolean,YN,bool x314,$.applications[0].prequalCreditReportIndicator,loan.currentApplication.prequalCreditReportIndicator,no,no,2,0.4,25,10,1,,,,,,,no,
4796,Use Itemized Credits,standard,Boolean,YN,bool x43,$.useItemizedCredits,loan.useItemizedCredits,no,no,40,8.2,1,0.4,1,,,,,,Investor Delivery,no,
4811,eSigner Representative / USDA,standard,String,STRING,str x8,$.loanProductData.usdaEsignerRepresentative,loan.loanProductData.usdaEsignerRepresentative,no,no,0,0,0,0,1,,,,,,,no,
4814,eSigner Representative / FHA/VA,standard,String,STRING,str x8,$.loanProductData.fhaVaEsignerRepresentative,loan.loanProductData.fhaVaEsignerRepresentative,no,no,0,0,0,0,1,,,,,,,no,
4818,eSigner Representative / FHA/VA Mortgagee,standard,String,STRING,str x8,$.loanProductData.fhaVaMortgageEsignerRepresentative,loan.loanProductData.fhaVaMortgageEsignerRepresentative,no,no,0,0,0,0,1,,,,,,,no,
4824,eSigner Representative / Commitment Issued By,standard,String,STRING,str x8,$.loanProductData.commitmentIssuedByEsignerRepresentative,loan.loanProductData.commitmentIssuedByEsignerRepresentative,no,no,0,0,0,0,1,,,,,,,no,
4844,USDA eSigner Role ID,standard,String,STRING,str x8,$.loanProductData.usdaEsignerRoleId,loan.loanProductData.usdaEsignerRoleId,no,yes,0,0,0,0,1,,,,,,,no,
4846,FHA/VA Mortgagee eSigner Role ID,standard,String,STRING,str x8,$.loanProductData.fhaVaMortgageeEsignerRoleId,loan.loanProductData.fhaVaMortgageeEsignerRoleId,no,yes,0,0,0,0,1,,,,,,,no,
4847,Commitment Issued By eSigner Role ID,standard,String,STRING,str x8,$.loanProductData.commitmentIssuedByEsignerRoleId,loan.loanProductData.commitmentIssuedByEsignerRoleId,no,yes,0,0,0,0,1,,,,,,,no,
4851,USDA eSigner User Type,standard,String,STRING,str x5,$.loanProductData.usdaEsignerUserType,loan.loanProductData.usdaEsignerUserType,no,yes,0,0,0,0,1,,,,,,,no,
4853,FHA/VA Mortgagee eSigner User Type,standard,String,STRING,str x5,$.loanProductData.fhaVaMortgageeEsignerUserType,loan.loanProductData.fhaVaMortgageeEsignerUserType,no,yes,0,0,0,0,1,,,,,,,no,
4854,Commitment Issued By eSigner User Type,standard,String,STRING,str x5,$.loanProductData.commitmentIssuedByEsignerUserType,loan.loanProductData.commitmentIssuedByEsignerUserType,no,yes,0,0,0,0,1,,,,,,,no,
4912,ARM Index Precision,standard,String,STRING,str x763,$.armIndexPrecision,loan.armIndexPrecision,no,no,481,98.2,251,100,1,,,,,,Started,no,
4917,Borrower - Home Phone Preferred,standard,Boolean,YN,bool x514,$.applications[0].borrower.homePhonePreferred,loan.currentApplication.borrower.homePhonePreferred,no,no,482,98.4,20,8,1,,,,,,Started,no,identifying-or-high-cardinality
4919,Borrower - Cell Phone Preferred,standard,Boolean,YN,bool x511,$.applications[0].borrower.cellPhonePreferred,loan.currentApplication.borrower.cellPhonePreferred,no,no,484,98.8,19,7.6,1,,,,,,Started,no,identifying-or-high-cardinality
4920,Borrower - Text Message Preferred,standard,Boolean,YN,bool x6,$.applications[0].borrower.textMessagePreferred,loan.currentApplication.borrower.textMessagePreferred,no,no,5,1,1,0.4,1,,,,,,,no,
4921,Borrower - Home Email Preferred,standard,Boolean,YN,bool x513,$.applications[0].borrower.homeEmailPreferred,loan.currentApplication.borrower.homeEmailPreferred,no,no,485,99,19,7.6,1,,,,,,Started,no,identifying-or-high-cardinality
4922,Borrower - Work Email Preferred,standard,Boolean,YN,bool x1,$.applications[0].borrower.workEmailPreferred,loan.currentApplication.borrower.workEmailPreferred,no,no,1,0.2,0,0,1,,,,,,,no,identifying-or-high-cardinality
4932,CoBorrower - Home Phone Preferred,standard,Boolean,YN,bool x7,$.applications[0].coborrower.homePhonePreferred,loan.currentApplication.coborrower.homePhonePreferred,no,no,5,1,1,0.4,1,,,,,,,no,identifying-or-high-cardinality
4934,CoBorrower - Cell Phone Preferred,standard,Boolean,YN,bool x3,$.applications[0].coborrower.cellPhonePreferred,loan.currentApplication.coborrower.cellPhonePreferred,no,no,1,0.2,1,0.4,1,,,,,,,no,identifying-or-high-cardinality
4935,CoBorrower - Text Message Preferred,standard,Boolean,YN,bool x2,$.applications[0].coborrower.textMessagePreferred,loan.currentApplication.coborrower.textMessagePreferred,no,no,1,0.2,0,0,1,,,,,,,no,
4936,CoBorrower - Home Email Preferred,standard,Boolean,YN,bool x7,$.applications[0].coborrower.homeEmailPreferred,loan.currentApplication.coborrower.homeEmailPreferred,no,no,5,1,0,0,1,,,,,,,no,identifying-or-high-cardinality
4970,Area Median Income (AMI) Year Used,standard,Int,INTEGER,int x603,$.affordableHousingAreaMedianIncomeYear,loan.affordableHousingAreaMedianIncomeYear,no,no,420,85.7,162,64.5,2,2024,2025,2025,2025,2025,Started,no,
4971,Area Median Income (AMI) 80%,standard,Decimal,DECIMAL_2,int x603,$.affordableHousingAreaMedianIncome80Perc,loan.affordableHousingAreaMedianIncome80Perc,no,no,420,85.7,162,64.5,39,64720,83280,90560,99760,119120,Started,no,identifying-or-high-cardinality
4972,Area Median Income (AMI) 50%,standard,Decimal,DECIMAL_2,int x603,$.affordableHousingAreaMedianIncome50Perc,loan.affordableHousingAreaMedianIncome50Perc,no,no,420,85.7,162,64.5,39,40450,52050,56600,62350,74450,Started,no,identifying-or-high-cardinality
4975,Condo Approved Indicator,standard,Boolean,YN,bool x3,$.tsum.condoApprovedIndicator,loan.tsum.condoApprovedIndicator,no,no,1,0.2,0,0,1,,,,,,,no,
5003,Ready Disclosure at Lock Package Date,standard,DateTime,DATE,date x186,$.atLockReadyForDisclosureDate,loan.atLockReadyForDisclosureDate,no,no,185,37.8,0,0,102,,,,,,Docs Out,no,identifying-or-high-cardinality
5006,Pre-Approval Credit Report,standard,Boolean,YN,bool x314,$.applications[0].preApprovalCreditReport,loan.currentApplication.preApprovalCreditReport,no,no,16,3.3,4,1.6,1,,,,,,Docs Out,no,
5007,Ready Disclosure Change of Circumstance Package Date,standard,DateTime,DATE,date x215,$.changeCircumstanceReadyForDisclosureDate,loan.changeCircumstanceReadyForDisclosureDate,no,no,157,32,49,19.5,118,,,,,,Started,no,identifying-or-high-cardinality
5017,Metropolitan Statistical Area (MSA) Name,standard,String,STRING,str x644,$.msaName,loan.msaName,no,no,432,88.2,191,76.1,42,,,,,,Started,no,identifying-or-high-cardinality
5018,Actual Median Family Income Year Used for Lookup,standard,Int,INTEGER,int x644,$.actualMfiYear,loan.actualMfiYear,no,no,432,88.2,191,76.1,1,2020,2020,2020,2020,2020,Started,no,
5019,Estimated Median Family Income Year Used for Lookup,standard,Int,INTEGER,int x644,$.estimatedMfiYear,loan.estimatedMfiYear,no,no,432,88.2,191,76.1,2,2023,2024,2024,2024,2024,Started,no,
5020,Actual Median Family Income 100%,standard,Decimal,DECIMAL_2,int x644,$.actualMfiHundredPercent,loan.actualMfiHundredPercent,no,no,432,88.2,191,76.1,42,53794,79766,93218,107827,119192,Started,no,identifying-or-high-cardinality
5021,Estimated Median Family Income 100%,standard,Decimal,DECIMAL_2,int x644,$.estimatedMfiHundredPercent,loan.estimatedMfiHundredPercent,no,no,432,88.2,191,76.1,42,65600,94800,114800,125900,146500,Started,no,identifying-or-high-cardinality
5046,USPS Address Date Time Validated,standard,DateTime,DATETIME,date x328,$.uspsAddressDateTimeValidated,loan.uspsAddressDateTimeValidated,no,yes,233,47.6,94,37.5,327,,,,,,Started,no,identifying-or-high-cardinality
5047,USPS Address Validation,standard,Boolean,YN,bool x334,$.uspsAddressValidationIndicator,loan.uspsAddressValidationIndicator,no,yes,227,46.3,92,36.7,1,,,,,,Started,no,identifying-or-high-cardinality
5048,USPS Validated Street Address,standard,String,STRING,str x328,$.uspsValidatedStreetAddress,loan.uspsValidatedStreetAddress,no,yes,233,47.6,94,37.5,316,,,,,,Started,no,identifying-or-high-cardinality
5049,USPS Validated City,standard,String,STRING,str x328,$.uspsValidatedCity,loan.uspsValidatedCity,no,yes,233,47.6,94,37.5,112,,,,,,Started,no,identifying-or-high-cardinality
5050,USPS Validated State,standard,String,STRING,str x328,$.uspsValidatedState,loan.uspsValidatedState,no,yes,233,47.6,94,37.5,13,,,,,,Started,no,
5051,USPS Validated Zip,standard,String,STRING,str x328,$.uspsValidatedZip,loan.uspsValidatedZip,no,yes,233,47.6,94,37.5,306,,,,,,Started,no,identifying-or-high-cardinality
5052,Non-HELOC Qualifying Payment,standard,Decimal,DECIMAL_2,float x140 | int x1,$.nonHelocQualifyingPayment,loan.nonHelocQualifyingPayment,no,yes,128,26.1,13,5.2,137,598.77,1021.78,1942.84,3414.13,6630.48,LO Prep,no,identifying-or-high-cardinality
5055,Borrower Government ID Type,standard,String,STRING,str x5,$.applications[0].borrower.governmentIdentificationType,loan.currentApplication.borrower.governmentIdentificationType,no,no,5,1,0,0,1,,,,,,,no,
5056,Co-Borrower Government ID Type,standard,String,STRING,str x2,$.applications[0].coborrower.governmentIdentificationType,loan.currentApplication.coborrower.governmentIdentificationType,no,no,2,0.4,0,0,1,,,,,,,no,
5063,HUD Expenses Other Subtotal,standard,Decimal,DECIMAL_2,float x25 | int x2,$.commitmentTerms.otherSubtotal,loan.commitmentTerms.otherSubtotal,no,no,27,5.5,0,0,27,5.41,37.455,78,145.845,473.67,Purchasing Conditions,no,identifying-or-high-cardinality
AEA.X1,Itemize Escrow Number of Lines in Escrow Output,standard,Int,INTEGER,int x772,$.hud1Es.hud1EsItemizesTotalLines,loan.hud1Es.hud1EsItemizesTotalLines,no,no,490,100,251,100,1,12,12,12,12,12,Started,no,
ANALYZER.X19,Credit Analyzer Expiration Date,standard,DateTime,DATE,date x4,$.analyzers[?(@.analyzerType == 'Credit')].expirationDate,loan.analyzers[(analyzerType == 'Credit')].expirationDate,no,no,4,0.8,0,0,3,,,,,,,no,
ANALYZER.X20,Income Analyzer Expiration Date,standard,DateTime,DATE,date x4,$.analyzers[?(@.analyzerType == 'Income')].expirationDate,loan.analyzers[(analyzerType == 'Income')].expirationDate,no,no,4,0.8,0,0,3,,,,,,,no,
ANALYZER.X21,Asset Analyzer Expiration Date,standard,DateTime,DATE,date x4,$.analyzers[?(@.analyzerType == 'Asset')].expirationDate,loan.analyzers[(analyzerType == 'Asset')].expirationDate,no,no,4,0.8,0,0,3,,,,,,,no,
ANALYZER.X22,Collateral Analyzer Expiration Date,standard,DateTime,DATE,date x4,$.analyzers[?(@.analyzerType == 'Collateral')].expirationDate,loan.analyzers[(analyzerType == 'Collateral')].expirationDate,no,no,4,0.8,0,0,3,,,,,,,no,
ANALYZER.X23,Overall Analyzer Expiration Date,standard,DateTime,DATE,date x4,$.analyzerOverallExpirationDate,loan.analyzerOverallExpirationDate,no,no,4,0.8,0,0,3,,,,,,,no,
ARM.IdxLkbckPrd,ARM Index Lookback Period,standard,String,STRING,str x515,$.loanProductData.indexLookbackPeriod,loan.loanProductData.indexLookbackPeriod,no,no,490,100,19,7.6,1,,,,,,Started,no,
BKRPCC,Fees Total Closing Costs Broker,standard,Decimal,DECIMAL_2,int x1,$.brokerPaidClosingCostsAmount,loan.brokerPaidClosingCostsAmount,no,no,1,0.2,0,0,1,,,,,,,no,
BORCIT,Field BORCIT,standard,String,STRING,str x279,$.applications[0].borrower.citizenshipResidencyType,loan.currentApplication.borrower.citizenshipResidencyType,no,yes,213,43.5,49,19.5,1,,,,,,Started,no,
BORPAIRID,Borrower Pair ID,standard,String,STRING,str x772,$.applications[0].borrowerPairId,loan.currentApplication.borrowerPairId,no,yes,490,100,251,100,7,,,,,,Started,no,
BORPCC,Fees Total Closing Costs Borr,standard,Decimal,DECIMAL_2,float x613 | int x119,$.borrowerPaidClosingCostsAmount,loan.borrowerPaidClosingCostsAmount,no,no,489,99.8,232,92.4,674,2995,3006.97,3106.88,8082.21,581645,Started,no,identifying-or-high-cardinality
Borr.OccupancyIntent,Borrower Vesting Borr POA Occupancy Intent,standard,String,STRING,str x5,$.applications[0].borrower.poaOccupancyIntent,loan.currentApplication.borrower.poaOccupancyIntent,no,no,3,0.6,1,0.4,1,,,,,,,no,
Borr.TrusteeOf,Borrower Vesting Borr Trustee Of,standard,String,STRING,str x193,$.applications[0].borrower.vestingTrusteeOfType,loan.currentApplication.borrower.vestingTrusteeOfType,no,no,134,27.3,59,23.5,2,,,,,,Docs Out,no,
CALCREQUIRED,Payment Schedule Calculation is Required,standard,Boolean,YN,bool x742,$.paymentScheduleCalcRequiredIndicator,loan.paymentScheduleCalcRequiredIndicator,no,no,478,97.6,244,97.2,1,,,,,,Started,no,
CASASRN.X16,Freddie Mac Total Present Housing Expense,standard,Decimal,DECIMAL_2,int x3 | float x1,$.freddieMac.presentHousingExpense,loan.freddieMac.presentHousingExpense,no,yes,3,0.6,1,0.4,4,2400,2519.9075,3939.815,6500,7000,,no,
CASASRN.X78,Freddie Mac Total Reserves,standard,Decimal,DECIMAL_2,float x296 | int x101,$.freddieMac.reserves,loan.freddieMac.reserves,no,no,190,38.8,193,76.9,337,-540895,-2356.97,-2256.97,-2256.97,176817.86,Started,no,identifying-or-high-cardinality
CASASRN.X79,Freddie Mac Lender Cash Out Amt,standard,Decimal,DECIMAL_2,float x264 | int x37,$.property.freCashOutAmount,loan.property.freCashOutAmount,no,no,265,54.1,3,1.2,274,34728.28,119044.51,162122.22,243045.455,932291.3,Started,no,identifying-or-high-cardinality
CASASRN.X99,Freddie Mac Total All Mo Pymts,standard,Decimal,DECIMAL_2,float x576 | int x103,$.freddieMac.allMonthlyPayments,loan.freddieMac.allMonthlyPayments,no,yes,454,92.7,204,81.3,641,915.63,2328.82,6118,14146,127964.18,Started,no,identifying-or-high-cardinality
CASASRN.X109,Freddie Mac Lender Net Purch Price,standard,Decimal,DECIMAL_2,int x329 | float x1,$.freddieMac.netPurchasePrice,loan.freddieMac.netPurchasePrice,no,no,111,22.7,208,82.9,202,95000,260000,350000,465000,1250000,Started,no,identifying-or-high-cardinality
CASASRN.X142,Freddie Mac Lender Orig Interest Rate,standard,Decimal,DECIMAL_3,float x556 | int x88,$.freddieMac.originalIntRate,loan.freddieMac.originalIntRate,no,no,426,86.9,201,80.1,93,6,6.875,7.25,8,10.75,Started,no,identifying-or-high-cardinality
CASASRN.X168,Freddie Mac HELOC Credit Limit,standard,String,STRING,str x1,$.freddieMac.helocCreditLimit,loan.freddieMac.helocCreditLimit,no,no,0,0,0,0,1,,,,,,,no,
CASASRN.X174,Freddie Mac Total Debt,standard,Decimal,DECIMAL_2,int x23,$.freddieMac.nonOccupantNonHousingDebt,loan.freddieMac.nonOccupantNonHousingDebt,no,yes,21,4.3,1,0.4,14,75,677,9222,9222,14521,Purchasing Conditions,no,
CASASRN.X201,Freddie Mac Additional Data - Occupancy Housing Ratio,standard,Decimal,DECIMAL_3,int x3,$.applications[0].freddieMacOccupantHousingRatio,loan.currentApplication.freddieMacOccupantHousingRatio,no,yes,1,0.2,0,0,3,9,9,24,262,262,,no,
CASASRN.X202,Freddie Mac Additional Data - Occupancy Debt Ratio,standard,Decimal,DECIMAL_3,int x270,$.applications[0].freddieMacOccupantDebtRatio,loan.currentApplication.freddieMacOccupantDebtRatio,no,yes,258,52.7,2,0.8,218,2,6.5,20,42,245,Started,no,identifying-or-high-cardinality
CASASRN.X217,Freddie Mac LTV,standard,Decimal,DECIMAL_4,int x407 | float x270,$.freddieMac.ltv,loan.freddieMac.ltv,no,no,442,90.2,212,84.5,286,50,70,75,80,170.2971,Started,no,identifying-or-high-cardinality
CASASRN.X218,Freddie Mac TLTV,standard,Decimal,DECIMAL_4,int x401 | float x276,$.freddieMac.tltv,loan.freddieMac.tltv,no,no,442,90.2,212,84.5,291,50,70,75,80,170.2971,Started,no,identifying-or-high-cardinality
CASASRN.X219,Freddie Mac HTLTV,standard,Decimal,DECIMAL_4,int x401 | float x276,$.freddieMac.htltv,loan.freddieMac.htltv,no,no,442,90.2,212,84.5,291,50,70,75,80,170.2971,Started,no,identifying-or-high-cardinality
CD1.X1,Closing Disclosure - CD Date Issued,standard,DateTime,DATE,date x3,$.closingCost.closingDisclosure1.cdDateIssued,loan.closingCost.closingDisclosure1.cdDateIssued,no,no,1,0.2,0,0,2,,,,,,,no,
CD1.X2,Closing Disclosure - Seller Names,standard,String,STRING,str x59,$.closingCost.closingDisclosure1.sellerNames,loan.closingCost.closingDisclosure1.sellerNames,no,no,46,9.4,13,5.2,53,,,,,,Investor Delivery,no,identifying-or-high-cardinality
CD1.X3,"Closing Disclosure - Estimated Taxes, Insurance and Assessments",standard,Decimal,DECIMAL_2,int x452 | float x320,$.closingCost.closingDisclosure1.estimatedTaxesInsuranceAssessments,loan.closingCost.closingDisclosure1.estimatedTaxesInsuranceAssessments,no,no,412,84.1,30,12,413,200,313.99,600,1168.965,2562.5,Started,no,identifying-or-high-cardinality
CD1.X4,Closing Disclosure - In Escrow Property Taxes,standard,String,STRING,str x772,$.closingCost.closingDisclosure1.inEscrowPropertyTaxes,loan.closingCost.closingDisclosure1.inEscrowPropertyTaxes,no,no,490,100,251,100,3,,,,,,Started,no,
CD1.X5,Closing Disclosure - In Escrow Homeowner Insurance,standard,String,STRING,str x772,$.closingCost.closingDisclosure1.inEscrowHomeownerInsurance,loan.closingCost.closingDisclosure1.inEscrowHomeownerInsurance,no,no,490,100,251,100,3,,,,,,Started,no,
CD1.X6,Closing Disclosure - In Escrow Other,standard,String,STRING,str x772,$.closingCost.closingDisclosure1.inEscrowOther,loan.closingCost.closingDisclosure1.inEscrowOther,no,no,490,100,251,100,3,,,,,,Started,no,
CD1.X7,Closing Disclosure - Projected Calculation - Column 1 - Year,standard,Int,INTEGER,int x690,$.closingCost.closingDisclosure1.ppc1Year,loan.closingCost.closingDisclosure1.ppc1Year,no,no,449,91.6,223,88.8,5,1,1,10,30,40,Started,no,
CD1.X8,Closing Disclosure - Projected Calculation - Column 1 - Minimum Principal and Interest Payment,standard,Decimal,DECIMAL_2,float x638 | int x31,$.closingCost.closingDisclosure1.ppc1MinimumPiPayment,loan.closingCost.closingDisclosure1.ppc1MinimumPiPayment,no,no,448,91.4,199,79.3,617,559.42,1061.11,1379.55,2214.84,5525.4,Started,no,identifying-or-high-cardinality
CD1.X9,Closing Disclosure - Projected Calculation - Column 1 - Maximum Principal and Interest Payment,standard,Decimal,DECIMAL_2,float x638 | int x32,$.closingCost.closingDisclosure1.ppc1MaximumPiPayment,loan.closingCost.closingDisclosure1.ppc1MaximumPiPayment,no,no,448,91.4,199,79.3,618,559.42,1061.11,1379.55,2214.84,5525.4,Started,no,identifying-or-high-cardinality
CD1.X10,Closing Disclosure - Projected Calculation - Column 1 - Interest Only,standard,Boolean,YN,bool x690,$.closingCost.closingDisclosure1.ppc1InterestOnly,loan.closingCost.closingDisclosure1.ppc1InterestOnly,no,no,43,8.8,223,88.8,1,,,,,,,no,
CD1.X12,Closing Disclosure - Projected Calculation - Column 1 - Estimated Escrow Amount,standard,Decimal,DECIMAL_2,int x413 | float x277,$.closingCost.closingDisclosure1.ppc1EstimatedEscrowAmount,loan.closingCost.closingDisclosure1.ppc1EstimatedEscrowAmount,no,no,362,73.9,6,2.4,349,200,430,618,1000,2562.5,Started,no,identifying-or-high-cardinality
CD1.X13,Closing Disclosure - Projected Calculation - Column 1 - Minimum Monthly Payment,standard,Decimal,DECIMAL_2,float x640 | int x29,$.closingCost.closingDisclosure1.ppc1MinimumMonthlyPayment,loan.closingCost.closingDisclosure1.ppc1MinimumMonthlyPayment,no,no,448,91.4,201,80.1,649,915.63,1333.33,2214.84,3574.19,8087.9,Started,no,identifying-or-high-cardinality
CD1.X14,Closing Disclosure - Projected Calculation - Column 1 - Maximum Monthly Payment,standard,Decimal,DECIMAL_2,float x640 | int x30,$.closingCost.closingDisclosure1.ppc1MaximumMonthlyPayment,loan.closingCost.closingDisclosure1.ppc1MaximumMonthlyPayment,no,no,448,91.4,201,80.1,650,915.63,1333.33,2214.84,3574.19,8087.9,Started,no,identifying-or-high-cardinality
CD1.X15,Closing Disclosure - Projected Calculation - Column 2 - Year From,standard,Int,INTEGER,int x48,$.closingCost.closingDisclosure1.ppc2YearFrom,loan.closingCost.closingDisclosure1.ppc2YearFrom,no,no,43,8.8,4,1.6,3,2,3,11,11,11,Loan Setup,no,
CD1.X16,Closing Disclosure - Projected Calculation - Column 2 - Year To,standard,Int,INTEGER,int x268,$.closingCost.closingDisclosure1.ppc2YearTo,loan.closingCost.closingDisclosure1.ppc2YearTo,no,no,44,9,222,88.4,4,1,1,1,30,40,Started,no,
CD1.X17,Closing Disclosure - Projected Calculation - Column 2 - Minimum Principal and Interest Payment,standard,Decimal,DECIMAL_2,float x224 | int x44,$.closingCost.closingDisclosure1.ppc2MinimumPiPayment,loan.closingCost.closingDisclosure1.ppc2MinimumPiPayment,no,no,44,9,222,88.4,263,2452.17,78858.7325,271353.625,402177,910000,Started,no,identifying-or-high-cardinality
CD1.X18,Closing Disclosure - Projected Calculation - Column 2 - Maximum Principal and Interest Payment,standard,Decimal,DECIMAL_2,float x224 | int x44,$.closingCost.closingDisclosure1.ppc2MaximumPiPayment,loan.closingCost.closingDisclosure1.ppc2MaximumPiPayment,no,no,44,9,222,88.4,263,2452.17,78858.7325,271353.625,402177,910000,Started,no,identifying-or-high-cardinality
CD1.X21,Closing Disclosure - Projected Calculation - Column 2 - Estimated Escrow Amount,standard,Decimal,DECIMAL_2,int x247 | float x21,$.closingCost.closingDisclosure1.ppc2EstimatedEscrowAmount,loan.closingCost.closingDisclosure1.ppc2EstimatedEscrowAmount,no,no,24,4.9,6,2.4,29,230.11,701.925,891.625,1187.93,8750,Purchasing Conditions,no,identifying-or-high-cardinality
CD1.X22,Closing Disclosure - Projected Calculation - Column 2 - Minimum Monthly Payment,standard,Decimal,DECIMAL_2,float x226 | int x42,$.closingCost.closingDisclosure1.ppc2MinimumMonthlyPayment,loan.closingCost.closingDisclosure1.ppc2MinimumMonthlyPayment,no,no,44,9,222,88.4,263,2452.17,79035.9375,271353.625,402177,910000,Started,no,identifying-or-high-cardinality
CD1.X23,Closing Disclosure - Projected Calculation - Column 2 - Maximum Monthly Payment,standard,Decimal,DECIMAL_2,float x226 | int x42,$.closingCost.closingDisclosure1.ppc2MaximumMonthlyPayment,loan.closingCost.closingDisclosure1.ppc2MaximumMonthlyPayment,no,no,44,9,222,88.4,263,2452.17,79035.9375,271353.625,402177,910000,Started,no,identifying-or-high-cardinality
CD1.X43,Closing Disclosure - Projected Calculation - Estimated Escrow Indicator,standard,Boolean,YN,bool x371,$.closingCost.closingDisclosure1.ppcEstimatedEscrowIndicator,loan.closingCost.closingDisclosure1.ppcEstimatedEscrowIndicator,no,no,362,73.9,6,2.4,1,,,,,,Started,no,
CD1.X47,Last CD Sent Date,standard,DateTime,DATE,date x1,$.closingCost.closingDisclosure1.disclosureLastSentDate,loan.closingCost.closingDisclosure1.disclosureLastSentDate,no,no,0,0,0,0,1,,,,,,,no,identifying-or-high-cardinality
CD1.X48,Closing Disclosure - Disclosure By,standard,String,STRING,str x1,$.closingCost.closingDisclosure1.disclosureBy,loan.closingCost.closingDisclosure1.disclosureBy,no,no,0,0,0,0,1,,,,,,,no,
CD1.X49,Closing Disclosure - Disclosure Sent Method,standard,String,STRING,str x1,$.closingCost.closingDisclosure1.disclosureSentMethod,loan.closingCost.closingDisclosure1.disclosureSentMethod,no,no,0,0,0,0,1,,,,,,,no,
CD1.X69,Closing Disclosure - Total Cash To Close,standard,Decimal,DECIMAL_2,int x544 | float x228,$.closingCost.closingDisclosure1.totalCashToClose,loan.closingCost.closingDisclosure1.totalCashToClose,no,no,445,90.8,211,84.1,608,-356250,1250,100491.57,210000,600000,Started,no,identifying-or-high-cardinality
CD1.XD1,Closing Disclosure - Projected Calculation - Column 1 - Range Payment Indicator,standard,Boolean,YN,bool x691,$.closingCost.closingDisclosure1.rangePaymentIndicatorC1,loan.closingCost.closingDisclosure1.rangePaymentIndicatorC1,no,yes,0,0,0,0,1,,,,,,,no,
CD1.XD8,Closing Disclosure-Projected Calculation-Column 1-Minimum Principal and Interest Payment UI Value,standard,String,STRING,str x670,$.closingCost.closingDisclosure1.ppc1MinimumPiPaymentUi,loan.closingCost.closingDisclosure1.ppc1MinimumPiPaymentUi,no,yes,448,91.4,199,79.3,618,,,,,,Started,no,identifying-or-high-cardinality
CD1.XD9,Closing Disclosure-Projected Calculation-Column 1-Maximum Principal and Interest Payment UI Value,standard,String,STRING,str x671,$.closingCost.closingDisclosure1.ppc1MaximumPiPaymentUi,loan.closingCost.closingDisclosure1.ppc1MaximumPiPaymentUi,no,yes,448,91.4,199,79.3,619,,,,,,Started,no,identifying-or-high-cardinality
CD1.XD12,Closing Disclosure - Projected Calculation - Column 1 - Estimated Escrow Amount UI Value,standard,String,STRING,str x691,$.closingCost.closingDisclosure1.ppc1EstimatedEscrowAmountUi,loan.closingCost.closingDisclosure1.ppc1EstimatedEscrowAmountUi,no,yes,362,73.9,6,2.4,350,,,,,,Started,no,identifying-or-high-cardinality
CD1.XD13,Closing Disclosure-Projected Calculation-Column 1-Minimum Monthly Payment UI Value,standard,String,STRING,str x670,$.closingCost.closingDisclosure1.ppc1MinimumMonthlyPaymentUi,loan.closingCost.closingDisclosure1.ppc1MinimumMonthlyPaymentUi,no,yes,448,91.4,201,80.1,650,,,,,,Started,no,identifying-or-high-cardinality
CD1.XD14,Closing Disclosure-Projected Calculation-Column 1-Maximum Monthly Payment UI Value,standard,String,STRING,str x671,$.closingCost.closingDisclosure1.ppc1MaximumMonthlyPaymentUi,loan.closingCost.closingDisclosure1.ppc1MaximumMonthlyPaymentUi,no,yes,448,91.4,201,80.1,651,,,,,,Started,no,identifying-or-high-cardinality
CD1.XD17,Closing Disclosure-Projected Calculation-Column 2-Minimum Principal and Interest Payment UI Value,standard,String,STRING,str x268,$.closingCost.closingDisclosure1.ppc2MinimumPiPaymentUi,loan.closingCost.closingDisclosure1.ppc2MinimumPiPaymentUi,no,yes,44,9,222,88.4,263,,,,,,Started,no,identifying-or-high-cardinality
CD1.XD18,Closing Disclosure-Projected Calculation-Column 2-Maximum Principal and Interest Payment UI Value,standard,String,STRING,str x268,$.closingCost.closingDisclosure1.ppc2MaximumPiPaymentUi,loan.closingCost.closingDisclosure1.ppc2MaximumPiPaymentUi,no,yes,44,9,222,88.4,263,,,,,,Started,no,identifying-or-high-cardinality
CD1.XD21,Closing Disclosure - Projected Calculation - Column 2 - Estimated Escrow Amount UI Value,standard,String,STRING,str x268,$.closingCost.closingDisclosure1.ppc2EstimatedEscrowAmountUi,loan.closingCost.closingDisclosure1.ppc2EstimatedEscrowAmountUi,no,yes,24,4.9,6,2.4,29,,,,,,Purchasing Conditions,no,identifying-or-high-cardinality
CD1.XD22,Closing Disclosure-Projected Calculation-Column 2-Minimum Monthly Payment UI Value,standard,String,STRING,str x268,$.closingCost.closingDisclosure1.ppc2MinimumMonthlyPaymentUi,loan.closingCost.closingDisclosure1.ppc2MinimumMonthlyPaymentUi,no,yes,44,9,222,88.4,263,,,,,,Started,no,identifying-or-high-cardinality
CD1.XD23,Closing Disclosure-Projected Calculation-Column 2-Maximum Monthly Payment UI Value,standard,String,STRING,str x268,$.closingCost.closingDisclosure1.ppc2MaximumMonthlyPaymentUi,loan.closingCost.closingDisclosure1.ppc2MaximumMonthlyPaymentUi,no,yes,44,9,222,88.4,263,,,,,,Started,no,identifying-or-high-cardinality
CD2.XBCCAC,Closing disclosure - Borrower Paid Closing Cost At Closing,standard,Decimal,DECIMAL_2,int x620 | float x152,$.closingCost.closingDisclosure2.borrowerClosingCostAtClosing,loan.closingCost.closingDisclosure2.borrowerClosingCostAtClosing,no,no,156,31.8,1,0.4,161,-3131.5,-780.22,-326.49,-142.92,10983.14,Docs Out,no,identifying-or-high-cardinality
CD2.XBCCBC,Closing disclosure - Borrower Paid Closing Cost Before Closing,standard,Decimal,DECIMAL_2,int x772,$.closingCost.closingDisclosure2.borrowerClosingCostBeforeClosing,loan.closingCost.closingDisclosure2.borrowerClosingCostBeforeClosing,no,no,6,1.2,0,0,1,750,750,750,750,750,,no,
CD2.XLCAC,Closing disclosure - Total Borrower Paid At Closing,standard,Decimal,DECIMAL_2,int x768 | float x4,$.closingCost.closingDisclosure2.totalBorrowerPaidAtClosing,loan.closingCost.closingDisclosure2.totalBorrowerPaidAtClosing,no,no,6,1.2,1,0.4,7,112.14,2245,3200,8245,16054.02,,no,
CD2.XLCBC,Closing disclosure - Total Borrower Paid Before Closing,standard,Decimal,DECIMAL_2,int x772,$.closingCost.closingDisclosure2.totalBorrowerPaidBeforeClosing,loan.closingCost.closingDisclosure2.totalBorrowerPaidBeforeClosing,no,no,6,1.2,0,0,1,750,750,750,750,750,,no,
CD2.XLDLC,CD Last Disclosed Loan Costs,standard,Decimal,DECIMAL_2,int x1,$.closingCost.closingDisclosure2.lastDisclosedLoanCosts,loan.closingCost.closingDisclosure2.lastDisclosedLoanCosts,no,no,0,0,0,0,1,,,,,,,no,identifying-or-high-cardinality
CD2.XLDOC,CD Last Disclosed Other Costs,standard,Decimal,DECIMAL_2,float x1,$.closingCost.closingDisclosure2.lastDisclosedOtherCosts,loan.closingCost.closingDisclosure2.lastDisclosedOtherCosts,no,no,0,0,0,0,1,,,,,,,no,identifying-or-high-cardinality
CD2.XOCAC,Closing disclosure - Total Other Cost At Closing,standard,Decimal,DECIMAL_2,int x622 | float x150,$.closingCost.closingDisclosure2.totalOtherCostAtClosing,loan.closingCost.closingDisclosure2.totalOtherCostAtClosing,no,no,155,31.6,0,0,158,-3131.5,-780.22,-326.49,-142.92,2738.14,Docs Out,no,identifying-or-high-cardinality
CD2.XSTA,Closing disclosure - A. Origination Charges,standard,Decimal,DECIMAL_2,int x772,$.closingCost.closingDisclosure2.originationChargesSubTotal,loan.closingCost.closingDisclosure2.originationChargesSubTotal,no,no,6,1.2,1,0.4,5,2095,2095,4335,8095,12095,,no,
CD2.XSTB,Closing disclosure - B. Services Borrower Did Not Shop For,standard,Decimal,DECIMAL_2,int x768 | float x4,$.closingCost.closingDisclosure2.servicesDidNotShopSubTotal,loan.closingCost.closingDisclosure2.servicesDidNotShopSubTotal,no,no,6,1.2,0,0,5,112.14,648.1,900,900,3959.02,,no,
CD2.XSTD,Loan Costs,standard,Decimal,DECIMAL_2,int x768 | float x4,$.closingCost.closingDisclosure2.totalLoanCost,loan.closingCost.closingDisclosure2.totalLoanCost,no,no,6,1.2,1,0.4,7,112.14,2995,3200,8995,16054.02,,no,
CD2.XSTE,Closing disclosure - E.Taxes and Other Government Fees,standard,Decimal,DECIMAL_2,int x772,$.closingCost.closingDisclosure2.taxesGovermentFeesSubTotal,loan.closingCost.closingDisclosure2.taxesGovermentFeesSubTotal,no,no,0,0,0,0,1,,,,,,,no,
CD2.XSTF,Closing disclosure - F. Prepaids,standard,Decimal,DECIMAL_2,int x765 | float x7,$.closingCost.closingDisclosure2.prepaidsSubTotal,loan.closingCost.closingDisclosure2.prepaidsSubTotal,no,no,3,0.6,0,0,7,150.14,205.48,388.52,1222.9675,1449,,no,
CD2.XSTG,Closing disclosure - G. Initial Escrow Payment at Closing,standard,Decimal,DECIMAL_2,int x628 | float x144,$.closingCost.closingDisclosure2.initialEscrowSubTotal,loan.closingCost.closingDisclosure2.initialEscrowSubTotal,no,no,155,31.6,0,0,156,-3131.5,-780.22,-394.815,-145.51,2508,Docs Out,no,identifying-or-high-cardinality
CD2.XSTI,Other Costs,standard,Decimal,DECIMAL_2,int x622 | float x150,$.closingCost.closingDisclosure2.totalOtherCost,loan.closingCost.closingDisclosure2.totalOtherCost,no,no,155,31.6,0,0,158,-3131.5,-780.22,-326.49,-142.92,2738.14,Docs Out,no,identifying-or-high-cardinality
CD2.XSTJ,Closing disclosure - J. Total Closing Costs (BORROWER Paid),standard,Decimal,DECIMAL_2,int x618 | float x154,$.closingCost.closingDisclosure2.totalClosingCost,loan.closingCost.closingDisclosure2.totalClosingCost,no,no,162,33.1,2,0.8,168,-6547.72,-2109.485,-504.01,-142.92,11733.14,Docs Out,no,identifying-or-high-cardinality
CD2.XSTLC,Lender Credits,standard,Decimal,DECIMAL_2,int x24 | float x8,$.closingCost.closingDisclosure2.closingCostLenderCredits,loan.closingCost.closingDisclosure2.closingCostLenderCredits,no,no,29,5.9,1,0.4,29,55.13,618.1875,1278.125,3257.8125,10926.72,Investor Delivery,no,identifying-or-high-cardinality
CD3.X1,Closing Costs Paid At Closing,standard,Decimal,DECIMAL_2,float x154 | int x23,$.closingCost.closingDisclosure3.closingCostsPaidAtClosing,loan.closingCost.closingDisclosure3.closingCostsPaidAtClosing,no,no,162,33.1,2,0.8,168,-6547.72,-2109.485,-504.01,-142.92,10983.14,Started,no,identifying-or-high-cardinality
CD3.X21,Total Due from Borrower At Closing,standard,Decimal,DECIMAL_2,int x597 | float x175,$.closingCost.closingDisclosure3.totalDuefromBorrowerAtClosing,loan.closingCost.closingDisclosure3.totalDuefromBorrowerAtClosing,no,no,251,51.2,207,82.5,367,100000,260000,350000,457500,1250000,LO Prep,no,identifying-or-high-cardinality
CD3.X22,Total Paid Already by or on Behalf of Borower at Closing ,standard,Decimal,DECIMAL_2,int x753 | float x19,$.closingCost.closingDisclosure3.totalPaidAlreadybyoronBehalfofBoroweratClosing,loan.closingCost.closingDisclosure3.totalPaidAlreadybyoronBehalfofBoroweratClosing,no,no,449,91.6,223,88.8,494,120000,210000,375000,450000,637500,Started,no,identifying-or-high-cardinality
CD3.X23,Cash To Close,standard,Decimal,DECIMAL_2,int x596 | float x176,$.closingCost.closingDisclosure3.cashToClose,loan.closingCost.closingDisclosure3.cashToClose,no,no,447,91.2,210,83.7,582,-800000,-375000,-187500,-35000,172498,Started,no,identifying-or-high-cardinality
CD3.X38,Total Due to Seller at Closing M,standard,Decimal,DECIMAL_2,int x752 | float x20,$.closingCost.closingDisclosure3.totalDuetoSelleratClosingM,loan.closingCost.closingDisclosure3.totalDuetoSelleratClosingM,no,no,110,22.4,207,82.5,215,100000,280000,360000,457500,1250000,LO Prep,no,identifying-or-high-cardinality
CD3.X39,Total Due from Seller at Closing N ,standard,Decimal,DECIMAL_2,int x753 | float x19,$.closingCost.closingDisclosure3.totalDuefromSelleratClosingN,loan.closingCost.closingDisclosure3.totalDuefromSelleratClosingN,no,no,23,4.7,0,0,23,156.68,11941.24,67249.64,206107.18,332603.33,,no,
CD3.X40,Cash,standard,Decimal,DECIMAL_2,int x746 | float x26,$.closingCost.closingDisclosure3.cash,loan.closingCost.closingDisclosure3.cash,no,no,110,22.4,207,82.5,215,100000,280000,360000,457500,1250000,LO Prep,no,identifying-or-high-cardinality
CD3.X41,Total From K,standard,Decimal,DECIMAL_2,int x597 | float x175,$.closingCost.closingDisclosure3.totalFromK,loan.closingCost.closingDisclosure3.totalFromK,no,no,251,51.2,207,82.5,367,100000,260000,350000,457500,1250000,LO Prep,no,identifying-or-high-cardinality
CD3.X42,Total From L ,standard,Decimal,DECIMAL_2,int x753 | float x19,$.closingCost.closingDisclosure3.totalFromL,loan.closingCost.closingDisclosure3.totalFromL,no,no,449,91.6,223,88.8,494,120000,210000,375000,450000,637500,Started,no,identifying-or-high-cardinality
CD3.X43,Total From M,standard,Decimal,DECIMAL_2,int x752 | float x20,$.closingCost.closingDisclosure3.totalFromM,loan.closingCost.closingDisclosure3.totalFromM,no,no,110,22.4,207,82.5,215,100000,280000,360000,457500,1250000,LO Prep,no,identifying-or-high-cardinality
CD3.X44,Total From N,standard,Decimal,DECIMAL_2,int x753 | float x19,$.closingCost.closingDisclosure3.totalFromN,loan.closingCost.closingDisclosure3.totalFromN,no,no,23,4.7,0,0,23,156.68,11941.24,67249.64,206107.18,332603.33,,no,
CD3.X45,Closing disclosure - Final Cash To Close,standard,Decimal,DECIMAL_2,int x598 | float x174,$.closingCost.closingDisclosure3.finalCashToClose,loan.closingCost.closingDisclosure3.finalCashToClose,no,no,274,55.9,207,82.5,458,-525000,-85000,-11746,61500,250000,LO Prep,no,identifying-or-high-cardinality
CD3.X48,From To Borrower,standard,String,STRING,str x772,$.closingCost.closingDisclosure3.fromToBorrower,loan.closingCost.closingDisclosure3.fromToBorrower,no,no,490,100,251,100,2,,,,,,Started,no,
CD3.X49,From To Seller,standard,String,STRING,str x772,$.closingCost.closingDisclosure3.fromToSeller,loan.closingCost.closingDisclosure3.fromToSeller,no,no,490,100,251,100,1,,,,,,Started,no,
CD3.X50,Liability To 1,standard,String,STRING,str x214,$.closingCost.closingDisclosure3.liabilityTo1,loan.closingCost.closingDisclosure3.liabilityTo1,no,no,195,39.8,19,7.6,84,,,,,,Started,no,identifying-or-high-cardinality
CD3.X51,Liability To 3,standard,String,STRING,str x7,$.closingCost.closingDisclosure3.liabilityTo2,loan.closingCost.closingDisclosure3.liabilityTo2,no,no,7,1.4,0,0,7,,,,,,,no,identifying-or-high-cardinality
CD3.X52,Liability To 3,standard,String,STRING,str x1,$.closingCost.closingDisclosure3.liabilityTo3,loan.closingCost.closingDisclosure3.liabilityTo3,no,no,1,0.2,0,0,1,,,,,,,no,identifying-or-high-cardinality
CD3.X53,Liability To 4,standard,String,STRING,str x1,$.closingCost.closingDisclosure3.liabilityTo4,loan.closingCost.closingDisclosure3.liabilityTo4,no,no,1,0.2,0,0,1,,,,,,,no,identifying-or-high-cardinality
CD3.X54,Liability To  5,standard,String,STRING,str x1,$.closingCost.closingDisclosure3.liabilityTo5,loan.closingCost.closingDisclosure3.liabilityTo5,no,no,1,0.2,0,0,1,,,,,,,no,
CD3.X65,Liability Amount 1,standard,Decimal,DECIMAL_2,float x141 | int x76,$.closingCost.closingDisclosure3.liabilityAmount1,loan.closingCost.closingDisclosure3.liabilityAmount1,no,no,199,40.6,18,7.2,191,58800,200000,318895.73,501787.97,845682.35,Started,no,identifying-or-high-cardinality
CD3.X66,Liability Amount 3,standard,Decimal,DECIMAL_2,float x5 | int x2,$.closingCost.closingDisclosure3.liabilityAmount2,loan.closingCost.closingDisclosure3.liabilityAmount2,no,no,7,1.4,0,0,7,47.82,1055.45,70893.54,140000,404090.37,,no,
CD3.X67,Liability Amount 3,standard,Decimal,DECIMAL_2,float x1,$.closingCost.closingDisclosure3.liabilityAmount3,loan.closingCost.closingDisclosure3.liabilityAmount3,no,no,1,0.2,0,0,1,,,,,,,no,
CD3.X68,Liability Amount 4,standard,Decimal,DECIMAL_2,float x1,$.closingCost.closingDisclosure3.liabilityAmount4,loan.closingCost.closingDisclosure3.liabilityAmount4,no,no,1,0.2,0,0,1,,,,,,,no,
CD3.X69,Liability Amount  5,standard,Decimal,DECIMAL_2,float x1,$.closingCost.closingDisclosure3.liabilityAmount5,loan.closingCost.closingDisclosure3.liabilityAmount5,no,no,1,0.2,0,0,1,,,,,,,no,
CD3.X80,Liability Total,standard,Decimal,DECIMAL_2,int x630 | float x142,$.closingCost.closingDisclosure3.liabilityTotal,loan.closingCost.closingDisclosure3.liabilityTotal,no,no,199,40.6,18,7.2,191,58800,200000,318895.73,501787.97,845682.35,Submittal,no,identifying-or-high-cardinality
CD3.X81,Loan Amount,standard,Decimal,DECIMAL_2,int x772,$.closingCost.closingDisclosure3.loanAmount,loan.closingCost.closingDisclosure3.loanAmount,no,no,449,91.6,222,88.4,475,120000,216000,360000,450000,600000,Started,no,identifying-or-high-cardinality
CD3.X82,CD3 Total Closing Cost J,standard,Decimal,DECIMAL_2,int x618 | float x154,$.closingCost.closingDisclosure3.cd3TotalClosingCostJ,loan.closingCost.closingDisclosure3.cd3TotalClosingCostJ,no,no,162,33.1,2,0.8,168,-6547.72,-2109.485,-504.01,-142.92,11733.14,Docs Out,no,identifying-or-high-cardinality
CD3.X83,CD3 Closing Costs Paid Before Closing,standard,Decimal,DECIMAL_2,int x772,$.closingCost.closingDisclosure3.cd3ClosingCostsPaidBeforeClosing,loan.closingCost.closingDisclosure3.cd3ClosingCostsPaidBeforeClosing,no,no,6,1.2,0,0,1,750,750,750,750,750,,no,
CD3.X84,CD3 Total Payoffs And Payments K,standard,Decimal,DECIMAL_2,int x630 | float x142,$.closingCost.closingDisclosure3.cd3TotalPayoffsAndPaymentsK,loan.closingCost.closingDisclosure3.cd3TotalPayoffsAndPaymentsK,no,no,199,40.6,18,7.2,191,58800,200000,318895.73,501787.97,845682.35,Submittal,no,identifying-or-high-cardinality
CD3.X85,CD3 Cash To Close,standard,Decimal,DECIMAL_2,int x549 | float x223,$.closingCost.closingDisclosure3.cd3CashToClose,loan.closingCost.closingDisclosure3.cd3CashToClose,no,no,452,92.2,222,88.4,605,8000,195000,356250,450000,600000,Started,no,identifying-or-high-cardinality
CD3.X86,CD3 Cash To Close From To Borrower,standard,String,STRING,str x772,$.closingCost.closingDisclosure3.cd3CashToCloseFromToBorrower,loan.closingCost.closingDisclosure3.cd3CashToCloseFromToBorrower,no,no,490,100,251,100,2,,,,,,Started,no,
CD3.X92,LE CD3 Cash To Close From To Borrower,standard,String,STRING,str x769,$.closingCost.closingDisclosure3.lecd3CashToCloseFromToBorrower,loan.closingCost.closingDisclosure3.lecd3CashToCloseFromToBorrower,no,no,488,99.6,250,99.6,1,,,,,,Started,no,
CD3.X102,STD Final Total Closing Cost J,standard,Decimal,DECIMAL_2,int x618 | float x154,$.closingCost.closingDisclosure3.stdFinalTotalClosingCostJ,loan.closingCost.closingDisclosure3.stdFinalTotalClosingCostJ,no,no,162,33.1,2,0.8,168,-6547.72,-2109.485,-504.01,-142.92,11733.14,Docs Out,no,identifying-or-high-cardinality
CD3.X103, STD Final CD3 Closing Costs Paid Before Closing,standard,Decimal,DECIMAL_2,int x772,$.closingCost.closingDisclosure3.stdFinalCd3ClosingCostsPaidBeforeClosing,loan.closingCost.closingDisclosure3.stdFinalCd3ClosingCostsPaidBeforeClosing,no,no,6,1.2,0,0,1,750,750,750,750,750,,no,
CD3.X104,STD Final Closing Cost Financed,standard,Decimal,DECIMAL_2,int x732 | float x40,$.closingCost.closingDisclosure3.stdFinalClosingCostFinanced,loan.closingCost.closingDisclosure3.stdFinalClosingCostFinanced,no,no,42,8.6,2,0.8,45,-4679.54,-1021.645,-473.58,-223.745,-67.6,,no,identifying-or-high-cardinality
CD3.X105,STD Final Down Payment,standard,Decimal,DECIMAL_2,int x768 | float x4,$.closingCost.closingDisclosure3.stdFinalDownPayment,loan.closingCost.closingDisclosure3.stdFinalDownPayment,no,no,103,21,52,20.7,137,5000,51500,95500,172498,350000,LO Prep,no,identifying-or-high-cardinality
CD3.X106,STD Final  Deposit,standard,Decimal,DECIMAL_2,int x771 | float x1,$.closingCost.closingDisclosure3.stdFinalDeposit,loan.closingCost.closingDisclosure3.stdFinalDeposit,no,no,40,8.2,1,0.4,24,1250,9250,10000,28125,130000,Investor Delivery,no,
CD3.X107,STD Final Fund For Borrower,standard,Decimal,DECIMAL_2,int x721 | float x51,$.closingCost.closingDisclosure3.stdFinalFundForBorrower,loan.closingCost.closingDisclosure3.stdFinalFundForBorrower,no,no,89,18.2,155,61.8,227,1250,22975,62500,168750,525000,,no,identifying-or-high-cardinality
CD3.X109,STD Final Adjustment And Other Credits,standard,Decimal,DECIMAL_2,int x736 | float x36,$.closingCost.closingDisclosure3.stdFinalAdjustmentAndOtherCredits,loan.closingCost.closingDisclosure3.stdFinalAdjustmentAndOtherCredits,no,no,36,7.3,1,0.4,37,-3277.97,-812.965,1208.57,10527.39,85568.75,,no,identifying-or-high-cardinality
CD3.X111,STD Total Closing Cost Did Change Col,standard,String,STRING,str x772,$.closingCost.closingDisclosure3.stdTotalClosingCostDidChangeCol,loan.closingCost.closingDisclosure3.stdTotalClosingCostDidChangeCol,no,no,490,100,251,100,2,,,,,,Started,no,
CD3.X112,STD Total Closing Cost Before CLosing Did Change Col,standard,String,STRING,str x772,$.closingCost.closingDisclosure3.stdTotalClosingCostBeforeClosingDidChangeCol,loan.closingCost.closingDisclosure3.stdTotalClosingCostBeforeClosingDidChangeCol,no,no,490,100,251,100,2,,,,,,Started,no,
CD3.X113,STD Down Payment Did Change Col,standard,String,STRING,str x772,$.closingCost.closingDisclosure3.stdDownPaymentDidChangeCol,loan.closingCost.closingDisclosure3.stdDownPaymentDidChangeCol,no,no,490,100,251,100,2,,,,,,Started,no,
CD3.X114,STD Deposit Did Change Col,standard,String,STRING,str x772,$.closingCost.closingDisclosure3.stdDepositDidChangeCol,loan.closingCost.closingDisclosure3.stdDepositDidChangeCol,no,no,490,100,251,100,2,,,,,,Started,no,
CD3.X115,STD Funds for Borrower Did Change Col,standard,String,STRING,str x772,$.closingCost.closingDisclosure3.stdFundsForBorrowerDidChangeCol,loan.closingCost.closingDisclosure3.stdFundsForBorrowerDidChangeCol,no,no,490,100,251,100,2,,,,,,Started,no,
CD3.X116,STD Seller Credits Did Change Col,standard,String,STRING,str x772,$.closingCost.closingDisclosure3.stdSellerCreditsDidChangeCol,loan.closingCost.closingDisclosure3.stdSellerCreditsDidChangeCol,no,no,490,100,251,100,1,,,,,,Started,no,
CD3.X117,STD Adjustments Did Change Col,standard,String,STRING,str x772,$.closingCost.closingDisclosure3.stdAdjustmentsDidChangeCol,loan.closingCost.closingDisclosure3.stdAdjustmentsDidChangeCol,no,no,490,100,251,100,2,,,,,,Started,no,
CD3.X118,ALT Loan Amount Did Change Col,standard,String,STRING,str x772,$.closingCost.closingDisclosure3.altLoanAmountDidChangeCol,loan.closingCost.closingDisclosure3.altLoanAmountDidChangeCol,no,no,490,100,251,100,2,,,,,,Started,no,
CD3.X119,ALT Total Closing Cost Did Change Col,standard,String,STRING,str x772,$.closingCost.closingDisclosure3.altTotalClosingCostDidChangeCol,loan.closingCost.closingDisclosure3.altTotalClosingCostDidChangeCol,no,no,490,100,251,100,2,,,,,,Started,no,
CD3.X120,ALT CLosing Cost Before Did Change Col,standard,String,STRING,str x772,$.closingCost.closingDisclosure3.altClosingCostBeforeClosingDidChangeCol,loan.closingCost.closingDisclosure3.altClosingCostBeforeClosingDidChangeCol,no,no,490,100,251,100,2,,,,,,Started,no,
CD3.X121,ALT Total Payoffs Did Change Col,standard,String,STRING,str x772,$.closingCost.closingDisclosure3.altTotalPayoffsDidChangeCol,loan.closingCost.closingDisclosure3.altTotalPayoffsDidChangeCol,no,no,490,100,251,100,2,,,,,,Started,no,
CD3.X122,ALT Cash To Close Did Change Col,standard,String,STRING,str x772,$.closingCost.closingDisclosure3.altCashToCloseDidChangeCol,loan.closingCost.closingDisclosure3.altCashToCloseDidChangeCol,no,no,490,100,251,100,2,,,,,,Started,no,
CD3.X123,STD Total Closing Cost Remark,standard,String,STRING,str x173,$.closingCost.closingDisclosure3.stdTotalClosingCostRemark,loan.closingCost.closingDisclosure3.stdTotalClosingCostRemark,no,no,165,33.7,1,0.4,3,,,,,,Docs Out,no,
CD3.X124,STD Down Payment IncDec Remark,standard,String,STRING,str x231,$.closingCost.closingDisclosure3.stdDownPaymentIncDecRemark,loan.closingCost.closingDisclosure3.stdDownPaymentIncDecRemark,no,no,125,25.5,97,38.6,1,,,,,,Started,no,
CD3.X125,STD Down Payment Section Remark,standard,String,STRING,str x230,$.closingCost.closingDisclosure3.stdDownPaymentSectionRemark,loan.closingCost.closingDisclosure3.stdDownPaymentSectionRemark,no,no,124,25.3,97,38.6,3,,,,,,Started,no,
CD3.X126,STD Deposit IncDec Remark,standard,String,STRING,str x43,$.closingCost.closingDisclosure3.stdDepositIncDecRemark,loan.closingCost.closingDisclosure3.stdDepositIncDecRemark,no,no,40,8.2,2,0.8,1,,,,,,Investor Delivery,no,
CD3.X127,STD Funds For Borrower IncDec Remark,standard,String,STRING,str x408,$.closingCost.closingDisclosure3.stdFundsForBorrowerIncDecRemark,loan.closingCost.closingDisclosure3.stdFundsForBorrowerIncDecRemark,no,no,227,46.3,170,67.7,1,,,,,,Started,no,
CD3.X130,ALT Loan Amount IncDec Remark,standard,String,STRING,str x694,$.closingCost.closingDisclosure3.altLoanAmountIncDecRemark,loan.closingCost.closingDisclosure3.altLoanAmountIncDecRemark,no,no,449,91.6,222,88.4,1,,,,,,Started,no,
CD3.X131,ALT Total Closing Cost Remark,standard,String,STRING,str x173,$.closingCost.closingDisclosure3.altTotalClosingCostRemark,loan.closingCost.closingDisclosure3.altTotalClosingCostRemark,no,no,165,33.7,1,0.4,3,,,,,,Docs Out,no,
CD3.X133,ALT Cash To Close Remark,standard,Decimal,DECIMAL_2,int x285 | float x45,$.closingCost.closingDisclosure3.altCashToCloseRemark,loan.closingCost.closingDisclosure3.altCashToCloseRemark,no,no,45,9.2,2,0.8,51,-3199.51,-1007.22,-462.36,-173.2,2649,,no,identifying-or-high-cardinality
CD3.X134,STD Closing Cost Financed Did Change Col,standard,String,STRING,str x772,$.closingCost.closingDisclosure3.stdClosingCostFinancedDidChangeCol,loan.closingCost.closingDisclosure3.stdClosingCostFinancedDidChangeCol,no,no,490,100,251,100,2,,,,,,Started,no,
CD3.X223,Closing Disclosure Page 3 - Due from Borrower at Closing (line 5) - Fee Description - Line 1,standard,String,STRING,str x2,$.closingCost.closingDisclosure3.ucdDetails[?(@.section == 'K' && @.lineNumber == 5 && @.feeIndex == 1)].feeDesc,loan.closingCost.closingDisclosure3.ucdDetails[(section == 'K' && lineNumber == 5 && feeIndex == 1)].feeDesc,no,no,2,0.4,0,0,2,,,,,,,no,
CD3.X224,Closing Disclosure Page 3 - Due from Borrower at Closing (line 5) - Fee Amount - Line 1,standard,Decimal,DECIMAL_2,float x1 | int x1,$.closingCost.closingDisclosure3.ucdDetails[?(@.section == 'K' && @.lineNumber == 5 && @.feeIndex == 1)].feeAmount,loan.closingCost.closingDisclosure3.ucdDetails[(section == 'K' && lineNumber == 5 && feeIndex == 1)].feeAmount,no,no,2,0.4,0,0,2,,,,,,,no,
CD3.X491,Closing Disclosure Page 3 - Due to Seller at Closing (line 5) - Fee Description - Line 01,standard,String,STRING,str x1,$.closingCost.closingDisclosure3.ucdDetails[?(@.section == 'M' && @.lineNumber == 5 && @.feeIndex == 1)].feeDesc,loan.closingCost.closingDisclosure3.ucdDetails[(section == 'M' && lineNumber == 5 && feeIndex == 1)].feeDesc,no,no,1,0.2,0,0,1,,,,,,,no,
CD3.X492,Closing Disclosure Page 3 - Due to Seller at Closing (line 5) - Fee Amount - Line 01,standard,Decimal,DECIMAL_2,float x1,$.closingCost.closingDisclosure3.ucdDetails[?(@.section == 'M' && @.lineNumber == 5 && @.feeIndex == 1)].feeAmount,loan.closingCost.closingDisclosure3.ucdDetails[(section == 'M' && lineNumber == 5 && feeIndex == 1)].feeAmount,no,no,1,0.2,0,0,1,,,,,,,no,
CD3.X1502,UCD K Line Subtotal,standard,Decimal,DECIMAL_2,int x742 | float x30,$.closingCost.closingDisclosure3.ucdkSubTotal,loan.closingCost.closingDisclosure3.ucdkSubTotal,no,no,32,6.5,1,0.4,32,32.78,181.955,784.565,1135.2325,9903.6,,no,identifying-or-high-cardinality
CD3.X1503,UCD K Line Subtotal,standard,Decimal,DECIMAL_2,int x754 | float x18,$.closingCost.closingDisclosure3.ucdlSubTotal,loan.closingCost.closingDisclosure3.ucdlSubTotal,no,no,19,3.9,0,0,19,156.68,3140.18,9520.18,27000,85688.41,,no,
CD3.X1504,UCD Total Adjustments And Other Credits,standard,Decimal,DECIMAL_2,int x736 | float x36,$.closingCost.closingDisclosure3.ucdTotalAdjustmentsAndOtherCredits,loan.closingCost.closingDisclosure3.ucdTotalAdjustmentsAndOtherCredits,no,no,36,7.3,1,0.4,37,-85568.75,-10527.39,-1208.57,812.965,3277.97,,no,identifying-or-high-cardinality
CD3.X1506,Total Adjustments And Other Credits,standard,Decimal,DECIMAL_2,int x736 | float x36,$.closingCost.closingDisclosure3.totalAdjustmentsAndOtherCredits,loan.closingCost.closingDisclosure3.totalAdjustmentsAndOtherCredits,no,no,36,7.3,1,0.4,37,-85568.75,-10527.39,-1208.57,812.965,3277.97,,no,identifying-or-high-cardinality
CD4.X2,Negative Amortization,standard,String,STRING,str x759,$.closingCost.closingDisclosure4.negativeAmortization,loan.closingCost.closingDisclosure4.negativeAmortization,no,no,490,100,251,100,1,,,,,,Started,no,
CD4.X4,Escrow Other1,standard,Boolean,YN,bool x48,$.closingCost.closingDisclosure4.other1,loan.closingCost.closingDisclosure4.other1,no,no,40,8.2,0,0,1,,,,,,Investor Delivery,no,
CD4.X5,Escrow Other2,standard,Boolean,YN,bool x30,$.closingCost.closingDisclosure4.other2,loan.closingCost.closingDisclosure4.other2,no,no,21,4.3,0,0,1,,,,,,Purchasing Conditions,no,
CD4.X6,Escrow Other3,standard,Boolean,YN,bool x7,$.closingCost.closingDisclosure4.other3,loan.closingCost.closingDisclosure4.other3,no,no,7,1.4,0,0,1,,,,,,,no,
CD4.X9,Closing Disclosure Page 4 Escrow Indicator,standard,Boolean,YN,bool x187,$.closingCost.closingDisclosure4.escrowIndicator,loan.closingCost.closingDisclosure4.escrowIndicator,no,no,3,0.6,0,0,1,,,,,,,no,
CD4.X10,Closing Disclosure Page 4 Monthly Escrow Payment,standard,Decimal,DECIMAL_2,int x414 | float x277,$.closingCost.closingDisclosure4.monthlyEscrowPayment,loan.closingCost.closingDisclosure4.monthlyEscrowPayment,no,no,362,73.9,6,2.4,350,200,430,618,1000,2562.5,Started,no,identifying-or-high-cardinality
CD4.X23,Interest Only Payments,standard,Boolean,YN,bool x772,$.closingCost.closingDisclosure4.interestOnlyPayments,loan.closingCost.closingDisclosure4.interestOnlyPayments,no,no,43,8.8,250,99.6,1,,,,,,,no,
CD4.X30,First Change Min Amount,standard,String,STRING,str x269,$.closingCost.closingDisclosure4.firstChangeAmt,loan.closingCost.closingDisclosure4.firstChangeAmt,no,no,43,8.8,223,88.8,264,,,,,,Loan Setup,no,identifying-or-high-cardinality
CD4.X33,Subsequent Changes,standard,String,STRING,str x296,$.closingCost.closingDisclosure4.subsequentChanges,loan.closingCost.closingDisclosure4.subsequentChanges,no,no,43,8.8,250,99.6,1,,,,,,Loan Setup,no,
CD4.X34,Maximum Payment Amount,standard,String,STRING,str x269,$.closingCost.closingDisclosure4.maximumPaymentAmt,loan.closingCost.closingDisclosure4.maximumPaymentAmt,no,no,43,8.8,223,88.8,49,,,,,,Loan Setup,no,identifying-or-high-cardinality
CD4.X35,First Change Min Amt,standard,Decimal,DECIMAL_2,float x225 | int x44,$.closingCost.closingDisclosure4.firstChangeMinAmt,loan.closingCost.closingDisclosure4.firstChangeMinAmt,no,no,45,9.2,222,88.4,264,2452.17,78858.7325,271353.625,402177,910000,Loan Setup,no,identifying-or-high-cardinality
CD4.X36,First Change Max Amt,standard,Decimal,DECIMAL_2,float x225 | int x44,$.closingCost.closingDisclosure4.firstChangeMaxAmt,loan.closingCost.closingDisclosure4.firstChangeMaxAmt,no,no,45,9.2,222,88.4,264,2452.17,78858.7325,271353.625,402177,910000,Loan Setup,no,identifying-or-high-cardinality
CD4.X37,FirstChange Payment,standard,String,STRING,str x271,$.closingCost.closingDisclosure4.firstChangePayment,loan.closingCost.closingDisclosure4.firstChangePayment,no,no,45,9.2,223,88.8,4,,,,,,Loan Setup,no,
CD4.X38,Max payment Amt,standard,Decimal,DECIMAL_2,float x50,$.closingCost.closingDisclosure4.maxPaymentAmt,loan.closingCost.closingDisclosure4.maxPaymentAmt,no,no,45,9.2,4,1.6,48,1134.97,2851.37,3376.56,5082.42,548208.22,Loan Setup,no,identifying-or-high-cardinality
CD4.X39,Max Payment,standard,String,STRING,str x271,$.closingCost.closingDisclosure4.maxPayment,loan.closingCost.closingDisclosure4.maxPayment,no,no,45,9.2,223,88.8,4,,,,,,Loan Setup,no,
CD4.X40,Closing Disclosure Page 4 Escrowed Property Costs Within 1 Year of Consummation,standard,Decimal,DECIMAL_2,int x4,$.closingCost.closingDisclosure4.totalDisbursed1YearConsummation,loan.closingCost.closingDisclosure4.totalDisbursed1YearConsummation,no,no,2,0.4,0,0,4,6424,6570,7104,12519,14292,,no,
CD4.X43,Partial Payments - None,standard,String,STRING,str x747,$.closingCost.closingDisclosure4.partialPaymentNone,loan.closingCost.closingDisclosure4.partialPaymentNone,no,no,490,100,251,100,1,,,,,,Started,no,
CD4.X44,Closing Disclosure Page 4 - Initial Escrow Payment,standard,Decimal,DECIMAL_2,int x7,$.closingCost.closingDisclosure4.initialEscrowPayment,loan.closingCost.closingDisclosure4.initialEscrowPayment,no,no,3,0.6,0,0,6,1200,1760,2382,2508,6000,,no,
CD4.X46,Closing Disclosure Page 4 Interest Only Payment Months,standard,Int,INTEGER,int x296,$.closingCost.closingDisclosure4.interestOnlyPaymentMonths,loan.closingCost.closingDisclosure4.interestOnlyPaymentMonths,no,no,43,8.8,250,99.6,4,1,12,24,48,120,Loan Setup,no,
CD4.X51,Escrowed Property Costs Basis,standard,String,STRING,str x772,$.closingCost.closingDisclosure4.escrowedPropertyCostsBasis,loan.closingCost.closingDisclosure4.escrowedPropertyCostsBasis,no,no,490,100,251,100,2,,,,,,Started,no,
CD5.X1,Closing disclosure 5 - Total Payments,standard,Decimal,DECIMAL_2,float x590 | int x182,$.closingCost.closingDisclosure5.totalPayments,loan.closingCost.closingDisclosure5.totalPayments,no,no,451,92,223,88.8,653,132733.56,374173.255,500000,947162.78,1989145.82,Started,no,identifying-or-high-cardinality
CD5.X7,Lender Name,standard,String,STRING,str x515,$.closingCost.closingDisclosure5.lenderName,loan.closingCost.closingDisclosure5.lenderName,no,no,490,100,19,7.6,1,,,,,,Started,no,identifying-or-high-cardinality
CD5.X8,Lender Address,standard,String,STRING,str x515,$.closingCost.closingDisclosure5.lenderAddress,loan.closingCost.closingDisclosure5.lenderAddress,no,no,490,100,19,7.6,1,,,,,,Started,no,identifying-or-high-cardinality
CD5.X9,Lender City,standard,String,STRING,str x515,$.closingCost.closingDisclosure5.lenderCity,loan.closingCost.closingDisclosure5.lenderCity,no,no,490,100,19,7.6,1,,,,,,Started,no,identifying-or-high-cardinality
CD5.X10,Lender State,standard,String,STATE,str x515,$.closingCost.closingDisclosure5.lenderState,loan.closingCost.closingDisclosure5.lenderState,no,no,490,100,19,7.6,1,,,,,,Started,no,
CD5.X11,Lender Zip,standard,String,ZIPCODE,str x3,$.closingCost.closingDisclosure5.lenderZip,loan.closingCost.closingDisclosure5.lenderZip,no,no,2,0.4,0,0,1,,,,,,,no,identifying-or-high-cardinality
CD5.X12,Lender NMLS ID,standard,String,STRING,str x515,$.closingCost.closingDisclosure5.lenderNmlsId,loan.closingCost.closingDisclosure5.lenderNmlsId,no,no,490,100,19,7.6,1,,,,,,Started,no,identifying-or-high-cardinality
CD5.X13,Lender ST License ID,standard,String,STRING,str x515,$.closingCost.closingDisclosure5.lenderStLicenseId,loan.closingCost.closingDisclosure5.lenderStLicenseId,no,no,490,100,19,7.6,1,,,,,,Started,no,identifying-or-high-cardinality
CD5.X14,Lender Contact,standard,String,STRING,str x515,$.closingCost.closingDisclosure5.lenderContact,loan.closingCost.closingDisclosure5.lenderContact,no,no,490,100,19,7.6,1,,,,,,Started,no,
CD5.X15,Lender Contact NMLSID,standard,String,STRING,str x515,$.closingCost.closingDisclosure5.lenderContactNmlsId,loan.closingCost.closingDisclosure5.lenderContactNmlsId,no,no,490,100,19,7.6,1,,,,,,Started,no,
CD5.X16,Lender Contact ST License ID,standard,String,STRING,str x2,$.closingCost.closingDisclosure5.lenderContactAtLicenseId,loan.closingCost.closingDisclosure5.lenderContactAtLicenseId,no,no,1,0.2,0,0,1,,,,,,,no,identifying-or-high-cardinality
CD5.X17,Lender Email,standard,String,STRING,str x515,$.closingCost.closingDisclosure5.lenderEmail,loan.closingCost.closingDisclosure5.lenderEmail,no,no,490,100,19,7.6,1,,,,,,Started,no,identifying-or-high-cardinality
CD5.X18,Lender Phone,standard,String,PHONE,str x515,$.closingCost.closingDisclosure5.lenderPhone,loan.closingCost.closingDisclosure5.lenderPhone,no,no,490,100,19,7.6,1,,,,,,Started,no,identifying-or-high-cardinality
CD5.X55,SettlementAgent Name,standard,String,STRING,str x51,$.closingCost.closingDisclosure5.settlementAgentName,loan.closingCost.closingDisclosure5.settlementAgentName,no,no,36,7.3,13,5.2,40,,,,,,Investor Delivery,no,identifying-or-high-cardinality
CD5.X56,SettlementAgent Address,standard,String,STRING,str x5,$.closingCost.closingDisclosure5.settlementAgentAddress,loan.closingCost.closingDisclosure5.settlementAgentAddress,no,no,3,0.6,0,0,4,,,,,,,no,identifying-or-high-cardinality
CD5.X57,SettlementAgent City,standard,String,STRING,str x5,$.closingCost.closingDisclosure5.settlementAgentCity,loan.closingCost.closingDisclosure5.settlementAgentCity,no,no,3,0.6,0,0,4,,,,,,,no,identifying-or-high-cardinality
CD5.X58,SettlementAgent State,standard,String,STATE,str x5,$.closingCost.closingDisclosure5.settlementAgentState,loan.closingCost.closingDisclosure5.settlementAgentState,no,no,2,0.4,0,0,2,,,,,,,no,
CD5.X59,SettlementAgent Zip,standard,String,ZIPCODE,str x4,$.closingCost.closingDisclosure5.settlementAgentZip,loan.closingCost.closingDisclosure5.settlementAgentZip,no,no,2,0.4,0,0,3,,,,,,,no,identifying-or-high-cardinality
CD5.X60,SettlementAgent NMLS ID,standard,String,STRING,str x3,$.closingCost.closingDisclosure5.settlementAgentNmlsId,loan.closingCost.closingDisclosure5.settlementAgentNmlsId,no,no,2,0.4,0,0,2,,,,,,,no,identifying-or-high-cardinality
CD5.X61,SettlementAgent ST License ID,standard,String,STRING,str x3,$.closingCost.closingDisclosure5.settlementAgentStLicenseId,loan.closingCost.closingDisclosure5.settlementAgentStLicenseId,no,no,2,0.4,0,0,2,,,,,,,no,identifying-or-high-cardinality
CD5.X62,SettlementAgent Contact,standard,String,STRING,str x5,$.closingCost.closingDisclosure5.settlementAgentContact,loan.closingCost.closingDisclosure5.settlementAgentContact,no,no,3,0.6,0,0,4,,,,,,,no,
CD5.X63,SettlementAgent Contact NMLSID,standard,String,STRING,str x3,$.closingCost.closingDisclosure5.settlementAgentContactNmlsId,loan.closingCost.closingDisclosure5.settlementAgentContactNmlsId,no,no,2,0.4,0,0,2,,,,,,,no,
CD5.X64,Settlement Agent Contact ST License ID,standard,String,STRING,str x3,$.closingCost.closingDisclosure5.settlementAgentContactAtLicenseId,loan.closingCost.closingDisclosure5.settlementAgentContactAtLicenseId,no,no,2,0.4,0,0,2,,,,,,,no,identifying-or-high-cardinality
CD5.X65,SettlementAgent Email,standard,String,STRING,str x4,$.closingCost.closingDisclosure5.settlementAgentEmail,loan.closingCost.closingDisclosure5.settlementAgentEmail,no,no,2,0.4,0,0,3,,,,,,,no,identifying-or-high-cardinality
CD5.X66,SettlementAgent Phone,standard,String,PHONE,str x4,$.closingCost.closingDisclosure5.settlementAgentPhone,loan.closingCost.closingDisclosure5.settlementAgentPhone,no,no,3,0.6,0,0,3,,,,,,,no,identifying-or-high-cardinality
CD5.X67,Closing Disclosure - Signature Type,standard,String,STRING,str x772,$.closingCost.closingDisclosure5.signatureType,loan.closingCost.closingDisclosure5.signatureType,no,no,490,100,251,100,1,,,,,,Started,no,identifying-or-high-cardinality
CLID,File Contacts Closer Login ID,standard,String,STRING,str x231,$.contacts[?(@.contactType == 'LOAN_CLOSER')].loginId,loan.contacts[(contactType == 'LOAN_CLOSER')].loginId,no,no,227,46.3,0,0,4,,,,,,Cond. Approval,no,
Closing.DocStkOrdr,Closing Document Stacking Order,standard,String,STRING,str x187,$.closingDocsStackingOrder,loan.closingDocsStackingOrder,no,no,183,37.3,1,0.4,1,,,,,,Docs Out,no,
COBORCIT,Field COBORCIT,standard,String,STRING,str x5,$.applications[0].coborrower.citizenshipResidencyType,loan.currentApplication.coborrower.citizenshipResidencyType,no,yes,4,0.8,1,0.4,1,,,,,,,no,
CoBorr.TrusteeOf,Borrower Vesting Co-Borr Trustee Of,standard,String,STRING,str x20,$.applications[0].coborrower.vestingTrusteeOfType,loan.currentApplication.coborrower.vestingTrusteeOfType,no,no,9,1.8,11,4.4,1,,,,,,Purchasing Conditions,no,
COMPLIANCEREVIEW.X1,Mavent Compliance Review Result,standard,String,STRING,str x11,$.miscellaneous.maventReviewResult,loan.miscellaneous.maventReviewResult,no,yes,11,2.2,0,0,2,,,,,,Purchasing Conditions,no,
COMPLIANCEREVIEW.X2,Mavent Compliance Review Ordered By,standard,String,STRING,str x11,$.miscellaneous.maventOrderedBy,loan.miscellaneous.maventOrderedBy,no,yes,11,2.2,0,0,1,,,,,,Purchasing Conditions,no,
COMPLIANCEREVIEW.X3,Mavent Compliance Review Ordered Date,standard,DateTime,DATE,date x11,$.miscellaneous.maventOrderedDate,loan.miscellaneous.maventOrderedDate,no,yes,11,2.2,0,0,9,,,,,,Purchasing Conditions,no,
COMPLIANCEREVIEW.X5,Mavent Compliance Review Enterprise Result,standard,String,STRING,str x11,$.miscellaneous.maventEnterpriseResult,loan.miscellaneous.maventEnterpriseResult,no,yes,11,2.2,0,0,3,,,,,,Purchasing Conditions,no,
COMPLIANCEREVIEW.X6,Mavent Compliance Review GSE Result,standard,String,STRING,str x11,$.miscellaneous.maventGseResult,loan.miscellaneous.maventGseResult,no,yes,11,2.2,0,0,1,,,,,,Purchasing Conditions,no,
COMPLIANCEREVIEW.X7,Mavent Compliance Review High Cost Result,standard,String,STRING,str x11,$.miscellaneous.maventHighCostResult,loan.miscellaneous.maventHighCostResult,no,yes,11,2.2,0,0,3,,,,,,Purchasing Conditions,no,
COMPLIANCEREVIEW.X8,Mavent Compliance Review HMDA Result,standard,String,STRING,str x11,$.miscellaneous.maventHmdaResult,loan.miscellaneous.maventHmdaResult,no,yes,11,2.2,0,0,2,,,,,,Purchasing Conditions,no,
COMPLIANCEREVIEW.X9,Mavent Compliance Review License Result,standard,String,STRING,str x11,$.miscellaneous.maventLicenseResult,loan.miscellaneous.maventLicenseResult,no,yes,11,2.2,0,0,2,,,,,,Purchasing Conditions,no,identifying-or-high-cardinality
COMPLIANCEREVIEW.X11,Mavent Compliance Review Other Result,standard,String,STRING,str x11,$.miscellaneous.maventOtherResult,loan.miscellaneous.maventOtherResult,no,yes,11,2.2,0,0,2,,,,,,Purchasing Conditions,no,
COMPLIANCEREVIEW.X12,Mavent Compliance Review State Result,standard,String,STRING,str x11,$.miscellaneous.maventStateResult,loan.miscellaneous.maventStateResult,no,yes,11,2.2,0,0,2,,,,,,Purchasing Conditions,no,
COMPLIANCEREVIEW.X14,Mavent Compliance Review TILA Tolerance Result,standard,String,STRING,str x11,$.miscellaneous.maventTilaToleranceResult,loan.miscellaneous.maventTilaToleranceResult,no,yes,11,2.2,0,0,3,,,,,,Purchasing Conditions,no,
COMPLIANCEREVIEW.X15,Mavent Compliance Review Auto Order Indicator,standard,Boolean,YN,bool x236,$.miscellaneous.maventAutoOrderIndicator,loan.miscellaneous.maventAutoOrderIndicator,no,yes,206,42,17,6.8,1,,,,,,Submittal,no,
COMPLIANCEREVIEW.X16,Mavent Compliance Review HPML Result,standard,String,STRING,str x11,$.miscellaneous.maventHpmlResult,loan.miscellaneous.maventHpmlResult,no,yes,11,2.2,0,0,1,,,,,,Purchasing Conditions,no,
COMPLIANCEREVIEW.X17,Mavent Compliance Review NMLS Result,standard,String,STRING,str x11,$.miscellaneous.maventNmlsResult,loan.miscellaneous.maventNmlsResult,no,yes,11,2.2,0,0,1,,,,,,Purchasing Conditions,no,identifying-or-high-cardinality
COMPLIANCEREVIEW.X18,Mavent Compliance Review ATR/QM Result,standard,String,STRING,str x11,$.miscellaneous.maventAtrqmResult,loan.miscellaneous.maventAtrqmResult,no,yes,11,2.2,0,0,2,,,,,,Purchasing Conditions,no,
COMPLIANCEREVIEW.X19,Mavent Compliance Review Average Percentage Rate,standard,Decimal,DECIMAL_3,float x11,$.miscellaneous.averagePercentageRate,loan.miscellaneous.averagePercentageRate,no,yes,11,2.2,0,0,11,6.764,6.774,7.605,8.28,9.334,Purchasing Conditions,no,
COMPLIANCEREVIEW.X20,Mavent Compliance Review Finance Charge Amount,standard,Decimal,DECIMAL_2,float x11,$.miscellaneous.financeChargeAmount,loan.miscellaneous.financeChargeAmount,no,yes,11,2.2,0,0,11,151370.19,213697.32,451113.07,766355.24,875156.77,Purchasing Conditions,no,
COMPLIANCEREVIEW.X23,Mavent Compliance Review QM Points and Fees Total,standard,Decimal,DECIMAL_2,float x1,$.miscellaneous.qmPointsAndFeesTotal,loan.miscellaneous.qmPointsAndFeesTotal,no,yes,1,0.2,0,0,1,,,,,,,no,
COMPLIANCEREVIEW.X24,Mavent Compliance Review Ability-to-Repay Loan Type,standard,String,STRING,str x11,$.miscellaneous.abilityToRepayLoanType,loan.miscellaneous.abilityToRepayLoanType,no,yes,11,2.2,0,0,2,,,,,,Purchasing Conditions,no,
COMPLIANCEREVIEW.X25,Mavent Compliance Review Qualified Mortgage Loan Type,standard,String,STRING,str x1,$.miscellaneous.qualifiedMortgageLoanType,loan.miscellaneous.qualifiedMortgageLoanType,no,yes,1,0.2,0,0,1,,,,,,,no,
COMPLIANCEREVIEW.X26,Mavent Compliance Review Qualified Mortgage Eligible,standard,String,STRING,str x11,$.miscellaneous.qualifiedMortgageEligible,loan.miscellaneous.qualifiedMortgageEligible,no,yes,11,2.2,0,0,2,,,,,,Purchasing Conditions,no,
COMPLIANCEREVIEW.X27,Mavent Compliance Review Higher-Priced Covered Trans,standard,String,STRING,str x11,$.miscellaneous.higherPricedCoveredTrans,loan.miscellaneous.higherPricedCoveredTrans,no,yes,11,2.2,0,0,2,,,,,,Purchasing Conditions,no,
COMPLIANCEREVIEW.X28,Mavent Compliance Review Loan Term And Features,standard,String,STRING,str x11,$.miscellaneous.loanTermAndFeatures,loan.miscellaneous.loanTermAndFeatures,no,yes,11,2.2,0,0,1,,,,,,Purchasing Conditions,no,
COMPLIANCEREVIEW.X29,Mavent Compliance Review QM Points and Fees Limit,standard,String,STRING,str x11,$.miscellaneous.qmPointsAndFeesLimit,loan.miscellaneous.qmPointsAndFeesLimit,no,yes,11,2.2,0,0,2,,,,,,Purchasing Conditions,no,
COMPLIANCEREVIEW.X30,Mavent Compliance Review Underwriting Factors,standard,String,STRING,str x11,$.miscellaneous.underwritingFactors,loan.miscellaneous.underwritingFactors,no,yes,11,2.2,0,0,2,,,,,,Purchasing Conditions,no,
COMPLIANCEREVIEW.X31,Mavent Compliance Review QM Price-Based Limit,standard,String,STRING,str x11,$.miscellaneous.qmPriceBasedLimit,loan.miscellaneous.qmPriceBasedLimit,no,yes,11,2.2,0,0,2,,,,,,Purchasing Conditions,no,
COMPLIANCEREVIEW.X32,Mavent Compliance Review Review ID,standard,String,STRING,str x11,$.miscellaneous.reviewId,loan.miscellaneous.reviewId,no,yes,11,2.2,0,0,11,,,,,,Purchasing Conditions,no,identifying-or-high-cardinality
COMPLIANCEVERSION.CD3X1505,Pre2017KBYOAmendments Indicator ,standard,String,STRING,str x759,$.miscellaneous.complianceVersionCd3X1505,loan.miscellaneous.complianceVersionCd3X1505,no,yes,488,99.6,250,99.6,1,,,,,,Started,no,
COMPLIANCEVERSION.NEWBUYDOWNENABLED,Buydown Calculation - New Buydown Feature Enabled Flag,standard,Boolean,YN,bool x772,$.miscellaneous.newBuyDownEnabled,loan.miscellaneous.newBuyDownEnabled,no,yes,490,100,251,100,1,,,,,,Started,no,
COMPLIANCEVERSION.X1,Encompass Version When Disclosure Tracking Log is Added to Loan,standard,String,STRING,str x772,$.miscellaneous.savedLogVersion,loan.miscellaneous.savedLogVersion,no,yes,490,100,251,100,5,,,,,,Started,no,
CONST.X5,Construction Management Loan Info - Max LTV %,standard,Decimal,DECIMAL_3,int x1,$.constructionManagement.maxLtvPercent,loan.constructionManagement.maxLtvPercent,no,no,0,0,1,0.4,1,,,,,,,no,
CONST.X8,Construction Management Loan Info - Holdback $,standard,Decimal,DECIMAL_2,int x187 | float x2,$.constructionManagement.holdbackAmount,loan.constructionManagement.holdbackAmount,no,no,0,0,177,70.5,119,8750,30000,60000,100000,220000,,no,identifying-or-high-cardinality
Constr.FstIntChgAdj,Construction 1st Int. Change Adj.,standard,String,STRING,str x1,$.regulationZ.constructionFirstIntChangeAdjType,loan.regulationZ.constructionFirstIntChangeAdjType,no,no,0,0,1,0.4,1,,,,,,,no,
ConsumerConnectSiteID,Consumer Connect SiteID,standard,String,STRING,str x573,$.consumerConnectSiteId,loan.consumerConnectSiteId,no,no,351,71.6,213,84.9,1,,,,,,Started,no,identifying-or-high-cardinality
CORRESPONDENT.X510,Correspondent Auto Order Indicator,standard,Boolean,YN,bool x1,$.correspondent.autoOrderIndicator,loan.correspondent.autoOrderIndicator,no,no,0,0,0,0,1,,,,,,,no,
CPA.ADDLESCROW.1007Amount,Additional Escrow Payment Collection - Line 1007 Amount,standard,Decimal,DECIMAL_2,float x38 | int x2,$.rateLock.correspondentAdditionalEscrowAmount1007,loan.rateLock.correspondentAdditionalEscrowAmount1007,no,no,40,8.2,0,0,40,7.55,74.66,121.69,246.225,780.64,Investor Delivery,no,identifying-or-high-cardinality
CPA.ADDLESCROW.1007Description,Additional Escrow Payment Collection - Line 1007 Description,standard,String,STRING,str x50,$.rateLock.correspondentAdditionalEscrowDescription1007,loan.rateLock.correspondentAdditionalEscrowDescription1007,no,no,50,10.2,0,0,13,,,,,,Investor Delivery,no,
CPA.ADDLESCROW.1008Amount,Additional Escrow Payment Collection - Line 1008 Amount,standard,Decimal,DECIMAL_2,float x18 | int x3,$.rateLock.correspondentAdditionalEscrowAmount1008,loan.rateLock.correspondentAdditionalEscrowAmount1008,no,no,21,4.3,0,0,19,12.74,54.25,102.88,231.675,579.41,Purchasing Conditions,no,
CPA.ADDLESCROW.1008Description,Additional Escrow Payment Collection - Line 1008 Description,standard,String,STRING,str x30,$.rateLock.correspondentAdditionalEscrowDescription1008,loan.rateLock.correspondentAdditionalEscrowDescription1008,no,no,30,6.1,0,0,11,,,,,,Purchasing Conditions,no,
CPA.ADDLESCROW.1009Amount,Additional Escrow Payment Collection - Line 1009 Amount,standard,Decimal,DECIMAL_2,float x7,$.rateLock.correspondentAdditionalEscrowAmount1009,loan.rateLock.correspondentAdditionalEscrowAmount1009,no,no,7,1.4,0,0,7,5.75,23.7,46.82,53.74,62.06,,no,
CPA.ADDLESCROW.1009Description,Additional Escrow Payment Collection - Line 1009 Description,standard,String,STRING,str x7,$.rateLock.correspondentAdditionalEscrowDescription1009,loan.rateLock.correspondentAdditionalEscrowDescription1009,no,no,7,1.4,0,0,5,,,,,,,no,
CPA.ADDLESCROW.CityPropertyTax,Additional Escrow Payment Collection - City Property Tax,standard,Decimal,DECIMAL_2,float x4 | int x1,$.rateLock.correspondentAdditionalEscrowCityPropertyTax,loan.rateLock.correspondentAdditionalEscrowCityPropertyTax,no,no,5,1,0,0,5,28.22,53.425,107,459.465,796.06,,no,identifying-or-high-cardinality
CPA.ADDLESCROW.FloodInsurance,Additional Escrow Payment Collection - Flood Insurance,standard,Decimal,DECIMAL_2,float x9 | int x1,$.rateLock.correspondentAdditionalEscrowFloodInsurance,loan.rateLock.correspondentAdditionalEscrowFloodInsurance,no,no,10,2,0,0,9,24,63.335,83.28,126.1925,473.67,Purchasing Conditions,no,
CPA.ADDLESCROW.HomeInsurance,Additional Escrow Payment Collection - Homeowners Insurance,standard,Decimal,DECIMAL_2,float x236 | int x129,$.rateLock.correspondentAdditionalEscrowHomeInsurance,loan.rateLock.correspondentAdditionalEscrowHomeInsurance,no,no,356,72.7,6,2.4,283,40,90,100,150,1200,Started,no,identifying-or-high-cardinality
CPA.ADDLESCROW.PropertyTax,Additional Escrow Payment Collection - Property Tax,standard,Decimal,DECIMAL_2,float x265 | int x104,$.rateLock.correspondentAdditionalEscrowPropertyTax,loan.rateLock.correspondentAdditionalEscrowPropertyTax,no,no,359,73.3,6,2.4,332,51.18,210.6125,498,800,1812.5,Started,no,identifying-or-high-cardinality
CPA.ESCROWDISBURSE.1007Description,Escrow Disbursements - Line 1007 Description,standard,String,STRING,str x50,$.rateLock.correspondentEscrowDisbursementsDescription1007,loan.rateLock.correspondentEscrowDisbursementsDescription1007,no,no,50,10.2,0,0,13,,,,,,Investor Delivery,no,
CPA.ESCROWDISBURSE.1008Description,Escrow Disbursements - Line 1008 Description,standard,String,STRING,str x30,$.rateLock.correspondentEscrowDisbursementsDescription1008,loan.rateLock.correspondentEscrowDisbursementsDescription1008,no,no,30,6.1,0,0,11,,,,,,Purchasing Conditions,no,
CPA.ESCROWDISBURSE.1009Description,Escrow Disbursements - Line 1009 Description,standard,String,STRING,str x7,$.rateLock.correspondentEscrowDisbursementsDescription1009,loan.rateLock.correspondentEscrowDisbursementsDescription1009,no,no,7,1.4,0,0,5,,,,,,,no,
CPA.ESCROWDISBURSE.EsrowFundedByInvestor,Escrow Disbursements - Total Escrow Net Funded by Investor,standard,Decimal,DECIMAL_2,float x284 | int x133,$.rateLock.correspondentEscrowDisbursementsEsrowFundedByInvestor,loan.rateLock.correspondentEscrowDisbursementsEsrowFundedByInvestor,no,no,403,82.2,8,3.2,385,365,600,1240,2150,5125,Started,no,identifying-or-high-cardinality
CPA.FCD.1007Amount,Final CD - Line 1007 Amount,standard,Decimal,DECIMAL_2,float x38 | int x2,$.rateLock.correspondentFinalCdAmount1007,loan.rateLock.correspondentFinalCdAmount1007,no,no,40,8.2,0,0,40,52.85,215.94,466.56,1396.525,6245.12,Investor Delivery,no,identifying-or-high-cardinality
CPA.FCD.1007Description,Final CD - Line 1007 Description,standard,String,STRING,str x50,$.rateLock.correspondentFinalCdDescription1007,loan.rateLock.correspondentFinalCdDescription1007,no,no,50,10.2,0,0,13,,,,,,Investor Delivery,no,
CPA.FCD.1008Amount,Final CD - Line 1008 Amount,standard,Decimal,DECIMAL_2,float x18 | int x3,$.rateLock.correspondentFinalCdAmount1008,loan.rateLock.correspondentFinalCdAmount1008,no,no,21,4.3,0,0,20,50.96,276.94,682.66,1723.03,6373.51,Purchasing Conditions,no,
CPA.FCD.1008Description,Final CD - Line 1008 Description,standard,String,STRING,str x30,$.rateLock.correspondentFinalCdDescription1008,loan.rateLock.correspondentFinalCdDescription1008,no,no,30,6.1,0,0,11,,,,,,Purchasing Conditions,no,
CPA.FCD.1009Amount,Final CD - Line 1009 Amount,standard,Decimal,DECIMAL_2,float x7,$.rateLock.correspondentFinalCdAmount1009,loan.rateLock.correspondentFinalCdAmount1009,no,no,7,1.4,0,0,7,34.5,94.8,310.3,351.9,477.6,,no,
CPA.FCD.1009Description,Final CD - Line 1009 Description,standard,String,STRING,str x7,$.rateLock.correspondentFinalCdDescription1009,loan.rateLock.correspondentFinalCdDescription1009,no,no,7,1.4,0,0,5,,,,,,,no,
CPA.FCD.AggAdjAmount,Final CD - Aggregate Adjustment Amount,standard,Decimal,DECIMAL_2,float x144 | int x10,$.rateLock.correspondentFinalCdAggAdjAmount,loan.rateLock.correspondentFinalCdAggAdjAmount,no,no,154,31.4,0,0,152,-3131.5,-807.72,-462.36,-160,-67.6,Docs Out,no,identifying-or-high-cardinality
CPA.FCD.CityPropertyTax,Final CD - City Property Tax,standard,Decimal,DECIMAL_2,float x4 | int x1,$.rateLock.correspondentFinalCdCityPropertyTax,loan.rateLock.correspondentFinalCdCityPropertyTax,no,no,5,1,0,0,5,141.1,231.05,737.22,1665.87,2388.18,,no,identifying-or-high-cardinality
CPA.FCD.FloodInsurance,Final CD - Flood Insurance,standard,Decimal,DECIMAL_2,float x10 | int x2,$.rateLock.correspondentFinalCdFloodInsurance,loan.rateLock.correspondentFinalCdFloodInsurance,no,no,12,2.4,0,0,12,72,124.125,239.55,397.635,2368.35,Purchasing Conditions,no,
CPA.FCD.HomeInsurance,Final CD - Homeowners Insurance,standard,Decimal,DECIMAL_2,float x226 | int x182,$.rateLock.correspondentFinalCdHomeInsurance,loan.rateLock.correspondentFinalCdHomeInsurance,no,no,395,80.6,8,3.2,310,100,200,232,375,2400,Started,no,identifying-or-high-cardinality
CPA.FCD.PropertyTax,Final CD - Property Tax,standard,Decimal,DECIMAL_2,float x265 | int x146,$.rateLock.correspondentFinalCdPropertyTax,loan.rateLock.correspondentFinalCdPropertyTax,no,no,397,81,8,3.2,355,185,428.3,1000,1600,3625,Started,no,identifying-or-high-cardinality
CPA.FCD.ReservesCollectedAtClosing,Final CD - Reservces Collected at Closing,standard,Decimal,DECIMAL_2,float x284 | int x133,$.rateLock.correspondentFinalCdReservesCollectedAtClosing,loan.rateLock.correspondentFinalCdReservesCollectedAtClosing,no,no,403,82.2,8,3.2,385,365,600,1240,2150,5125,Started,no,identifying-or-high-cardinality
CPA.PaymentHistory.FirstBorrowerPaymentDueDate,Correspondent Purchase Advice Payment History Calculator 1st Payment Due from Borrower ,standard,DateTime,DATE,date x403,$.rateLock.correspondentPaymentHistoryFirstBorrowerPaymentDueDate,loan.rateLock.correspondentPaymentHistoryFirstBorrowerPaymentDueDate,no,no,287,58.6,110,43.8,18,,,,,,Started,no,
CPA.PaymentHistory.NoteDate,Correspondent Purchase Advice Payment History Calculator Note Date,standard,DateTime,DATE,date x1,$.rateLock.correspondentPaymentHistoryNoteDate,loan.rateLock.correspondentPaymentHistoryNoteDate,no,no,1,0.2,0,0,1,,,,,,,no,
CT.DOT.InitialRequest.DaysOutstanding,DOT Mort Days Outstanding,standard,String,STRING,str x2,$.collateralTracking.ctDotInitDaysOutstanding,loan.collateralTracking.ctDotInitDaysOutstanding,no,no,2,0.4,0,0,1,,,,,,,no,
CT.DOT.InitialRequest.NextFollowupDate,DOT Mort Next Follow-up Date,standard,DateTime,DATE,date x2,$.collateralTracking.ctDotInitNextFollowupDate,loan.collateralTracking.ctDotInitNextFollowupDate,no,no,2,0.4,0,0,2,,,,,,,no,
CT.DOT.InitialRequest.PurchaseDate,DOT Mort Note or Purchase Date,standard,DateTime,DATE,date x2,$.collateralTracking.ctDotInitPurchaseDate,loan.collateralTracking.ctDotInitPurchaseDate,no,no,2,0.4,0,0,2,,,,,,,no,
CT.FTP.InitialRequest.DaysOutstanding,FTP Days Outstanding,standard,String,STRING,str x2,$.collateralTracking.ctFtpInitDaysOutstanding,loan.collateralTracking.ctFtpInitDaysOutstanding,no,no,2,0.4,0,0,1,,,,,,,no,
CT.FTP.InitialRequest.NextFollowupDate,FTP Next Follow-up Date,standard,DateTime,DATE,date x2,$.collateralTracking.ctFtpInitNextFollowupDate,loan.collateralTracking.ctFtpInitNextFollowupDate,no,no,2,0.4,0,0,2,,,,,,,no,
CUST01FV,DSCR,custom,DECIMAL_2,DECIMAL_2,float x322 | int x20,$.customFields[?(@.fieldName == 'CUST01FV')].value,loan.customFields[(fieldName == 'CUST01FV')].value,no,,324,66.1,8,3.2,116,1,1.04,1.15,1.3,1.7,Started,yes,identifying-or-high-cardinality
CUST02FV,,custom,DECIMAL_2,DECIMAL_2,float x1,$.customFields[?(@.fieldName == 'CUST02FV')].value,loan.customFields[(fieldName == 'CUST02FV')].value,no,,1,0.2,0,0,1,,,,,,,no,identifying-or-high-cardinality
CX.1STPAYMENTDATETONEWS,1st Payment Date to New Servicer,custom,DATE,DATE,date x142,$.customFields[?(@.fieldName == 'CX.1STPAYMENTDATETONEWS')].value,loan.customFields[(fieldName == 'CX.1STPAYMENTDATETONEWS')].value,no,,142,29,0,0,9,,,,,,Investor Delivery,no,
CX.ACCRUALTYPE,Accrual Type,custom,DROPDOWNLIST,DROPDOWNLIST,str x220,$.customFields[?(@.fieldName == 'CX.ACCRUALTYPE')].value,loan.customFields[(fieldName == 'CX.ACCRUALTYPE')].value,no,,1,0.2,219,87.3,2,,,,,,,yes,
CX.ACTAULARV,ACTAUL ARV,custom,DECIMAL_4,DECIMAL_4,int x217 | float x131,$.customFields[?(@.fieldName == 'CX.ACTAULARV')].value,loan.customFields[(fieldName == 'CX.ACTAULARV')].value,no,,0,0,193,76.9,135,53.8732,70,75,75,76,,yes,identifying-or-high-cardinality
CX.ACTAULLTC,ACTAUL LTC ,custom,DECIMAL_4,DECIMAL_4,float x162 | int x31,$.customFields[?(@.fieldName == 'CX.ACTAULLTC')].value,loan.customFields[(fieldName == 'CX.ACTAULLTC')].value,no,,0,0,192,76.5,131,71.4454,90.8648,92.5,92.5,100,,yes,identifying-or-high-cardinality
CX.ACTUALINITIALLTV,Actual initial LTV ,custom,DECIMAL_4,DECIMAL_4,int x404 | float x65,$.customFields[?(@.fieldName == 'CX.ACTUALINITIALLTV')].value,loan.customFields[(fieldName == 'CX.ACTUALINITIALLTV')].value,no,,0,0,159,63.3,71,72.2188,90,90,90,100,,yes,identifying-or-high-cardinality
CX.ADDITIONALCOSTSINCLUDED,Additional Costs Included In LTC,custom,DECIMAL_2,DECIMAL_2,int x253 | float x2,$.customFields[?(@.fieldName == 'CX.ADDITIONALCOSTSINCLUDED')].value,loan.customFields[(fieldName == 'CX.ADDITIONALCOSTSINCLUDED')].value,no,,0,0,4,1.6,4,11784.48,17588.36,152632.67,386316.335,425000,,no,
CX.APIECE,A PIECE,custom,DECIMAL_2,DECIMAL_2,int x8,$.customFields[?(@.fieldName == 'CX.APIECE')].value,loan.customFields[(fieldName == 'CX.APIECE')].value,no,,0,0,8,3.2,8,84000,170638.75,334375,369750,448500,,no,
CX.APPLYCALCULATEDLOAN,Apply calculated loan amount to real loan amount,custom,X,X,bool x175,$.customFields[?(@.fieldName == 'CX.APPLYCALCULATEDLOAN')].value,loan.customFields[(fieldName == 'CX.APPLYCALCULATEDLOAN')].value,no,,0,0,175,69.7,1,,,,,,,no,
CX.APPLYCALCULATEDPURCHASE,Apply calculated Purchase price to real Purchase price,custom,X,X,bool x167,$.customFields[?(@.fieldName == 'CX.APPLYCALCULATEDPURCHASE')].value,loan.customFields[(fieldName == 'CX.APPLYCALCULATEDPURCHASE')].value,no,,3,0.6,164,65.3,1,,,,,,,no,
CX.APPRAISALORDER, appraisal order,custom,DROPDOWNLIST,DROPDOWNLIST,str x287,$.customFields[?(@.fieldName == 'CX.APPRAISALORDER')].value,loan.customFields[(fieldName == 'CX.APPRAISALORDER')].value,no,,271,55.3,13,5.2,4,,,,,,Started,yes,
CX.APPRAISALTYPE,APPRAISALTYPE,custom,DROPDOWN,DROPDOWN,str x146,$.customFields[?(@.fieldName == 'CX.APPRAISALTYPE')].value,loan.customFields[(fieldName == 'CX.APPRAISALTYPE')].value,no,,0,0,146,58.2,5,,,,,,,no,
CX.ASISVALUE,As Is Value,custom,DECIMAL_2,DECIMAL_2,int x195,$.customFields[?(@.fieldName == 'CX.ASISVALUE')].value,loan.customFields[(fieldName == 'CX.ASISVALUE')].value,no,,0,0,195,77.7,124,85000,150000,335000,440000,910000,,yes,identifying-or-high-cardinality
CX.ASSETS,Assets,custom,DROPDOWNLIST,DROPDOWNLIST,str x268,$.customFields[?(@.fieldName == 'CX.ASSETS')].value,loan.customFields[(fieldName == 'CX.ASSETS')].value,no,,116,23.7,152,60.6,4,,,,,,Started,yes,
CX.ASSETSANDRESERVES-NOT,Assets and reserves - Notes,custom,STRING,STRING,str x11,$.customFields[?(@.fieldName == 'CX.ASSETSANDRESERVES-NOT')].value,loan.customFields[(fieldName == 'CX.ASSETSANDRESERVES-NOT')].value,no,,8,1.6,3,1.2,11,,,,,,,no,
CX.ASSIGNEDTOPROCESSOR,Assigned to Processor,custom,DATE,DATE,date x329,$.customFields[?(@.fieldName == 'CX.ASSIGNEDTOPROCESSOR')].value,loan.customFields[(fieldName == 'CX.ASSIGNEDTOPROCESSOR')].value,no,,218,44.5,107,42.6,128,,,,,,LO Prep,no,identifying-or-high-cardinality
CX.ASSIGNMENTALLOWED,Allowed assignment amount,custom,DECIMAL_2,DECIMAL_2,int x744 | float x2,$.customFields[?(@.fieldName == 'CX.ASSIGNMENTALLOWED')].value,loan.customFields[(fieldName == 'CX.ASSIGNMENTALLOWED')].value,no,,3,0.6,68,27.1,42,5000,17000,25000,39000,66600,,no,identifying-or-high-cardinality
CX.ASSIGNMENTFEE,Assignment Fee,custom,DECIMAL_2,DECIMAL_2,int x259,$.customFields[?(@.fieldName == 'CX.ASSIGNMENTFEE')].value,loan.customFields[(fieldName == 'CX.ASSIGNMENTFEE')].value,no,,3,0.6,68,27.1,39,5000,20000,30000,40500,100000,,yes,identifying-or-high-cardinality
CX.ASSIGNMENTOFCONTRACT?,Assignment of contract? ,custom,X,X,bool x1,$.customFields[?(@.fieldName == 'CX.ASSIGNMENTOFCONTRACT?')].value,loan.customFields[(fieldName == 'CX.ASSIGNMENTOFCONTRACT?')].value,no,,0,0,1,0.4,1,,,,,,,no,
CX.ASSIGNMENTOFCONTRACTAM,Assignment of contract$,custom,DECIMAL_2,DECIMAL_2,int x1,$.customFields[?(@.fieldName == 'CX.ASSIGNMENTOFCONTRACTAM')].value,loan.customFields[(fieldName == 'CX.ASSIGNMENTOFCONTRACTAM')].value,no,,0,0,1,0.4,1,,,,,,,no,
CX.BORROWERINTERNALPROJECT,Borrower Internal Projects Exited,custom,STRING,STRING,str x116,$.customFields[?(@.fieldName == 'CX.BORROWERINTERNALPROJECT')].value,loan.customFields[(fieldName == 'CX.BORROWERINTERNALPROJECT')].value,no,,0,0,54,21.5,12,,,,,,,no,
CX.BPIECE,B PIECE,custom,DECIMAL_2,DECIMAL_2,int x469,$.customFields[?(@.fieldName == 'CX.BPIECE')].value,loan.customFields[(fieldName == 'CX.BPIECE')].value,no,,0,0,8,3.2,8,3000,16398.75,28000,48813.75,59400,,no,
CX.BPIECESTRUCTURE,B Piece Structure ,custom,X,X,bool x7,$.customFields[?(@.fieldName == 'CX.BPIECESTRUCTURE')].value,loan.customFields[(fieldName == 'CX.BPIECESTRUCTURE')].value,no,,0,0,7,2.8,1,,,,,,,no,
CX.BPSCOMPANYEXPECTS,BPS Company expects  ,custom,STRING,STRING,str x158,$.customFields[?(@.fieldName == 'CX.BPSCOMPANYEXPECTS')].value,loan.customFields[(fieldName == 'CX.BPSCOMPANYEXPECTS')].value,no,,117,23.9,0,0,60,,,,,,Docs Out,no,identifying-or-high-cardinality
CX.BRRRS,Number of fix-and-holds / BRRRs,custom,INTEGER,INTEGER,int x255,$.customFields[?(@.fieldName == 'CX.BRRRS')].value,loan.customFields[(fieldName == 'CX.BRRRS')].value,no,,0,0,47,18.7,7,,,,,,,no,
CX.BUYPRICE,BUYPRICE $,custom,STRING,STRING,str x178,$.customFields[?(@.fieldName == 'CX.BUYPRICE')].value,loan.customFields[(fieldName == 'CX.BUYPRICE')].value,no,,64,13.1,0,0,61,,,,,,Final Docs,yes,identifying-or-high-cardinality
CX.CAPITALPROVIDER,Capital provider ,custom,DROPDOWNLIST,DROPDOWNLIST,str x175,$.customFields[?(@.fieldName == 'CX.CAPITALPROVIDER')].value,loan.customFields[(fieldName == 'CX.CAPITALPROVIDER')].value,no,,0,0,175,69.7,8,,,,,,,yes,
CX.CAPITALPROVIDERBUYRATE,Capital provider buy rate,custom,DECIMAL_4,DECIMAL_4,float x83 | int x10,$.customFields[?(@.fieldName == 'CX.CAPITALPROVIDERBUYRATE')].value,loan.customFields[(fieldName == 'CX.CAPITALPROVIDERBUYRATE')].value,no,,0,0,93,37.1,26,7.5,9.625,9.74,9.84,11.5,,no,identifying-or-high-cardinality
CX.CASHINHAND,cash in hand,custom,DECIMAL_2,DECIMAL_2,int x1,$.customFields[?(@.fieldName == 'CX.CASHINHAND')].value,loan.customFields[(fieldName == 'CX.CASHINHAND')].value,no,,1,0.2,0,0,1,,,,,,,no,
CX.CDC.CHANGES,CD yes no box for CD changes,custom,YN,YN,bool x772,$.customFields[?(@.fieldName == 'CX.CDC.CHANGES')].value,loan.customFields[(fieldName == 'CX.CDC.CHANGES')].value,no,,489,99.8,250,99.6,1,,,,,,Started,no,
CX.CHANGEINVESTINGATCLOS,Change in vesting at closing?,custom,X,X,bool x10,$.customFields[?(@.fieldName == 'CX.CHANGEINVESTINGATCLOS')].value,loan.customFields[(fieldName == 'CX.CHANGEINVESTINGATCLOS')].value,no,,9,1.8,1,0.4,1,,,,,,,no,
CX.CLOSINGFEES-APPLICATIO,Closing Fees - Application & Commitment  ,custom,DECIMAL_2,DECIMAL_2,int x174,$.customFields[?(@.fieldName == 'CX.CLOSINGFEES-APPLICATIO')].value,loan.customFields[(fieldName == 'CX.CLOSINGFEES-APPLICATIO')].value,no,,154,31.4,0,0,5,-450,2095,2095,2095,2095,Docs Out,no,
CX.CONFIRMEDINUNDERWRITING,Confirmed in Underwriting ,custom,X,X,bool x222,$.customFields[?(@.fieldName == 'CX.CONFIRMEDINUNDERWRITING')].value,loan.customFields[(fieldName == 'CX.CONFIRMEDINUNDERWRITING')].value,no,,219,44.7,1,0.4,1,,,,,,Loan Setup,no,
CX.CONFIRMPITIMATCHINVEST,Confirm PITI Match investor approval,custom,X,X,bool x1,$.customFields[?(@.fieldName == 'CX.CONFIRMPITIMATCHINVEST')].value,loan.customFields[(fieldName == 'CX.CONFIRMPITIMATCHINVEST')].value,no,,1,0.2,0,0,1,,,,,,,no,
CX.CREDITCARDFORPOC,Credit Card  for POC,custom,STRING,STRING,str x27,$.customFields[?(@.fieldName == 'CX.CREDITCARDFORPOC')].value,loan.customFields[(fieldName == 'CX.CREDITCARDFORPOC')].value,no,,23,4.7,4,1.6,27,,,,,,Purchasing Conditions,no,identifying-or-high-cardinality
CX.CROSSCOLLATERALIZEDFLAG,Cross Collateralized Flag,custom,DROPDOWNLIST,DROPDOWNLIST,str x216,$.customFields[?(@.fieldName == 'CX.CROSSCOLLATERALIZEDFLAG')].value,loan.customFields[(fieldName == 'CX.CROSSCOLLATERALIZEDFLAG')].value,no,,1,0.2,215,85.7,1,,,,,,,yes,
CX.CURRENTUSER.CELLPHONE,CURRENTUSER.CELLPHONE,custom,STRING,STRING,str x266,$.customFields[?(@.fieldName == 'CX.CURRENTUSER.CELLPHONE')].value,loan.customFields[(fieldName == 'CX.CURRENTUSER.CELLPHONE')].value,no,,131,26.7,127,50.6,9,,,,,,Started,no,identifying-or-high-cardinality
CX.CURRENTUSER.EMAIL,CURRENTUSER.EMAIL,custom,STRING,STRING,str x741,$.customFields[?(@.fieldName == 'CX.CURRENTUSER.EMAIL')].value,loan.customFields[(fieldName == 'CX.CURRENTUSER.EMAIL')].value,no,,478,97.6,248,98.8,31,,,,,,Started,no,identifying-or-high-cardinality
CX.CURRENTUSER.FIRSTNAME,CURRENTUSER.FIRSTNAME,custom,STRING,STRING,str x741,$.customFields[?(@.fieldName == 'CX.CURRENTUSER.FIRSTNAME')].value,loan.customFields[(fieldName == 'CX.CURRENTUSER.FIRSTNAME')].value,no,,478,97.6,248,98.8,28,,,,,,Started,no,identifying-or-high-cardinality
CX.CURRENTUSER.ID,Current Logged In User ID,custom,STRING,STRING,str x741,$.customFields[?(@.fieldName == 'CX.CURRENTUSER.ID')].value,loan.customFields[(fieldName == 'CX.CURRENTUSER.ID')].value,no,,478,97.6,248,98.8,29,,,,,,Started,no,identifying-or-high-cardinality
CX.CURRENTUSER.LASTNAME,CURRENTUSER.LASTNAME,custom,STRING,STRING,str x741,$.customFields[?(@.fieldName == 'CX.CURRENTUSER.LASTNAME')].value,loan.customFields[(fieldName == 'CX.CURRENTUSER.LASTNAME')].value,no,,478,97.6,248,98.8,26,,,,,,Started,no,identifying-or-high-cardinality
CX.CURRENTUSER.NAME,Current Logged In User Full Name,custom,STRING,STRING,str x741,$.customFields[?(@.fieldName == 'CX.CURRENTUSER.NAME')].value,loan.customFields[(fieldName == 'CX.CURRENTUSER.NAME')].value,no,,478,97.6,248,98.8,29,,,,,,Started,no,identifying-or-high-cardinality
CX.CURRENTUSER.NMLSEXPIRE,CURRENTUSER.NMLSEXPIRE,custom,STRING,STRING,str x741,$.customFields[?(@.fieldName == 'CX.CURRENTUSER.NMLSEXPIRE')].value,loan.customFields[(fieldName == 'CX.CURRENTUSER.NMLSEXPIRE')].value,no,,478,97.6,248,98.8,2,,,,,,Started,no,
CX.CURRENTUSER.NMLSID,CURRENTUSER.NMLSID,custom,STRING,STRING,str x333,$.customFields[?(@.fieldName == 'CX.CURRENTUSER.NMLSID')].value,loan.customFields[(fieldName == 'CX.CURRENTUSER.NMLSID')].value,no,,182,37.1,138,55,5,,,,,,Started,no,
CX.CURRENTUSER.PERSONA,Current Logged In User Personas,custom,STRING,STRING,str x741,$.customFields[?(@.fieldName == 'CX.CURRENTUSER.PERSONA')].value,loan.customFields[(fieldName == 'CX.CURRENTUSER.PERSONA')].value,no,,478,97.6,248,98.8,24,,,,,,Started,no,identifying-or-high-cardinality
CX.CURRENTUSER.PHONE,CURRENTUSER.PHONE,custom,STRING,STRING,str x491,$.customFields[?(@.fieldName == 'CX.CURRENTUSER.PHONE')].value,loan.customFields[(fieldName == 'CX.CURRENTUSER.PHONE')].value,no,,316,64.5,161,64.1,17,,,,,,Started,no,identifying-or-high-cardinality
CX.CURRENTUSER.USERGROUPS,CURRENTUSER.USERGROUPS,custom,STRING,STRING,str x741,$.customFields[?(@.fieldName == 'CX.CURRENTUSER.USERGROUPS')].value,loan.customFields[(fieldName == 'CX.CURRENTUSER.USERGROUPS')].value,no,,478,97.6,248,98.8,1,,,,,,Started,no,
CX.CUSTEMDOCDATE,CUSTEMDOCDATE,custom,DATE,DATE,date x74,$.customFields[?(@.fieldName == 'CX.CUSTEMDOCDATE')].value,loan.customFields[(fieldName == 'CX.CUSTEMDOCDATE')].value,no,,0,0,74,29.5,46,,,,,,,no,identifying-or-high-cardinality
CX.CX.RTLRESERVEOFLOAN,RTL Reserve percentage of loan $,custom,DECIMAL_2,DECIMAL_2,int x551 | float x6,$.customFields[?(@.fieldName == 'CX.CX.RTLRESERVEOFLOAN')].value,loan.customFields[(fieldName == 'CX.CX.RTLRESERVEOFLOAN')].value,no,,0,0,12,4.8,12,5000,19425,22956.25,26780.625,72143913.6,,no,
CX.CX.TOUCHES.AD,CX.TOUCHES.AD,custom,INTEGER,INTEGER,int x533,$.customFields[?(@.fieldName == 'CX.CX.TOUCHES.AD')].value,loan.customFields[(fieldName == 'CX.CX.TOUCHES.AD')].value,no,,336,68.6,187,74.5,29,,,,,,Started,no,identifying-or-high-cardinality
CX.CX.TOUCHES.AD2,CX.TOUCHES.AD2,custom,DECIMAL_2,DECIMAL_2,float x530 | int x3,$.customFields[?(@.fieldName == 'CX.CX.TOUCHES.AD2')].value,loan.customFields[(fieldName == 'CX.CX.TOUCHES.AD2')].value,no,,334,68.2,187,74.5,159,0.01,0.05,0.07,0.13,0.59,Started,no,identifying-or-high-cardinality
CX.CX.TOUCHES.ADS,CX.TOUCHES.ADS,custom,STRING,STRING,str x533,$.customFields[?(@.fieldName == 'CX.CX.TOUCHES.ADS')].value,loan.customFields[(fieldName == 'CX.CX.TOUCHES.ADS')].value,no,,336,68.6,187,74.5,435,,,,,,Started,no,identifying-or-high-cardinality
CX.DATEACQUIRED,date property acquired,custom,DATE,DATE,date x132,$.customFields[?(@.fieldName == 'CX.DATEACQUIRED')].value,loan.customFields[(fieldName == 'CX.DATEACQUIRED')].value,no,,130,26.5,1,0.4,123,,,,,,Started,no,identifying-or-high-cardinality
CX.DATEOFLASTTRANSACTION,Date of last transaction,custom,DATE,DATE,date x3,$.customFields[?(@.fieldName == 'CX.DATEOFLASTTRANSACTION')].value,loan.customFields[(fieldName == 'CX.DATEOFLASTTRANSACTION')].value,no,,3,0.6,0,0,3,,,,,,,no,identifying-or-high-cardinality
CX.DEALPROJECTTYPE,Deal / Project type,custom,DROPDOWNLIST,DROPDOWNLIST,str x212,$.customFields[?(@.fieldName == 'CX.DEALPROJECTTYPE')].value,loan.customFields[(fieldName == 'CX.DEALPROJECTTYPE')].value,no,,1,0.2,211,84.1,6,,,,,,,yes,
CX.DEFERREDORIGINATIONFEE,Deferred origination fee ,custom,STRING,STRING,str x7,$.customFields[?(@.fieldName == 'CX.DEFERREDORIGINATIONFEE')].value,loan.customFields[(fieldName == 'CX.DEFERREDORIGINATIONFEE')].value,no,,0,0,0,0,0,,,,,,,no,
CX.DOCPROBE,Doc Probe,custom,X,X,bool x2,$.customFields[?(@.fieldName == 'CX.DOCPROBE')].value,loan.customFields[(fieldName == 'CX.DOCPROBE')].value,no,,0,0,2,0.8,1,,,,,,,no,
CX.DSCRALA,DSCR apply loan amount,custom,X,X,bool x357,$.customFields[?(@.fieldName == 'CX.DSCRALA')].value,loan.customFields[(fieldName == 'CX.DSCRALA')].value,no,,292,59.6,60,23.9,1,,,,,,Started,no,
CX.DSCRLOANAMOUNT,DSCR LOAN AMOUNT,custom,DECIMAL_2,DECIMAL_2,int x727 | float x17,$.customFields[?(@.fieldName == 'CX.DSCRLOANAMOUNT')].value,loan.customFields[(fieldName == 'CX.DSCRLOANAMOUNT')].value,no,,306,62.4,8,3.2,250,86250,200000,356250,450000,770000,Started,yes,identifying-or-high-cardinality
CX.DSCRLTV,DSCR LTV,custom,DECIMAL_4,DECIMAL_4,int x306 | float x22,$.customFields[?(@.fieldName == 'CX.DSCRLTV')].value,loan.customFields[(fieldName == 'CX.DSCRLTV')].value,no,,315,64.3,9,3.6,41,16.074,70,75,80,95,Started,yes,identifying-or-high-cardinality
CX.EFFECTIVEPURCHASE,Effective purchase price,custom,DECIMAL_2,DECIMAL_2,int x743 | float x3,$.customFields[?(@.fieldName == 'CX.EFFECTIVEPURCHASE')].value,loan.customFields[(fieldName == 'CX.EFFECTIVEPURCHASE')].value,no,,15,3.1,199,79.3,144,85000,175000,342500,440000,910000,,yes,identifying-or-high-cardinality
CX.ESTIMATEFICO,Estimate FICO,custom,STRING,STRING,str x34,$.customFields[?(@.fieldName == 'CX.ESTIMATEFICO')].value,loan.customFields[(fieldName == 'CX.ESTIMATEFICO')].value,no,,20,4.1,14,5.6,18,,,,,,Purchasing Conditions,no,
CX.EVOLVE.INDICATOR,Evolve indicator,custom,STRING,STRING,str x4,$.customFields[?(@.fieldName == 'CX.EVOLVE.INDICATOR')].value,loan.customFields[(fieldName == 'CX.EVOLVE.INDICATOR')].value,no,,4,0.8,0,0,1,,,,,,,no,
CX.EXITPLAN,Exit plan,custom,DROPDOWNLIST,DROPDOWNLIST,str x209,$.customFields[?(@.fieldName == 'CX.EXITPLAN')].value,loan.customFields[(fieldName == 'CX.EXITPLAN')].value,no,,1,0.2,208,82.9,4,,,,,,,yes,
CX.EXP,EXP HOI,custom,DATE,DATE,date x1,$.customFields[?(@.fieldName == 'CX.EXP')].value,loan.customFields[(fieldName == 'CX.EXP')].value,no,,1,0.2,0,0,1,,,,,,,no,
CX.EXPASSET,exp Asset,custom,DATE,DATE,date x1,$.customFields[?(@.fieldName == 'CX.EXPASSET')].value,loan.customFields[(fieldName == 'CX.EXPASSET')].value,no,,1,0.2,0,0,1,,,,,,,no,
CX.EXPCOGS,EXP COGS,custom,DATE,DATE,date x1,$.customFields[?(@.fieldName == 'CX.EXPCOGS')].value,loan.customFields[(fieldName == 'CX.EXPCOGS')].value,no,,1,0.2,0,0,1,,,,,,,no,
CX.EXPCREDITREPORT,EXP Credit report,custom,DATE,DATE,date x1,$.customFields[?(@.fieldName == 'CX.EXPCREDITREPORT')].value,loan.customFields[(fieldName == 'CX.EXPCREDITREPORT')].value,no,,1,0.2,0,0,1,,,,,,,no,
CX.EXPERIENCEDINVESTOR:SUM,Experienced investor: summary of prior investment experience?,custom,STRING,STRING,str x3,$.customFields[?(@.fieldName == 'CX.EXPERIENCEDINVESTOR:SUM')].value,loan.customFields[(fieldName == 'CX.EXPERIENCEDINVESTOR:SUM')].value,no,,3,0.6,0,0,2,,,,,,,no,
CX.EXPLAINCHANGEOFVESTING,Explain change of vesting ,custom,STRING,STRING,str x5,$.customFields[?(@.fieldName == 'CX.EXPLAINCHANGEOFVESTING')].value,loan.customFields[(fieldName == 'CX.EXPLAINCHANGEOFVESTING')].value,no,,3,0.6,2,0.8,5,,,,,,,no,identifying-or-high-cardinality
CX.EXPMORTGAGEHOUSINGHISTO,EXP Mortgage housing history,custom,DATE,DATE,date x1,$.customFields[?(@.fieldName == 'CX.EXPMORTGAGEHOUSINGHISTO')].value,loan.customFields[(fieldName == 'CX.EXPMORTGAGEHOUSINGHISTO')].value,no,,1,0.2,0,0,1,,,,,,,no,
CX.EXPOSURELIMITSANDMAXIM,Exposure limits and maximum number of financed properties,custom,STRING,STRING,str x2,$.customFields[?(@.fieldName == 'CX.EXPOSURELIMITSANDMAXIM')].value,loan.customFields[(fieldName == 'CX.EXPOSURELIMITSANDMAXIM')].value,no,,1,0.2,0,0,1,,,,,,,no,
CX.EXPPAYOFF,EXP Payoff,custom,DATE,DATE,date x1,$.customFields[?(@.fieldName == 'CX.EXPPAYOFF')].value,loan.customFields[(fieldName == 'CX.EXPPAYOFF')].value,no,,1,0.2,0,0,1,,,,,,,no,
CX.EXPTITLEPOLICY,EXP Title Policy,custom,DATE,DATE,date x1,$.customFields[?(@.fieldName == 'CX.EXPTITLEPOLICY')].value,loan.customFields[(fieldName == 'CX.EXPTITLEPOLICY')].value,no,,1,0.2,0,0,1,,,,,,,no,
CX.EXTRALIQUIDITY,Extra liquidity,custom,DECIMAL_2,DECIMAL_2,int x56 | float x1,$.customFields[?(@.fieldName == 'CX.EXTRALIQUIDITY')].value,loan.customFields[(fieldName == 'CX.EXTRALIQUIDITY')].value,no,,0,0,6,2.4,6,-2000,4000,8163.35,24290,36050,,no,
CX.FCNT.DOCS.EMPTY,File Counter Plugin - # of Empty Docs in the Loan.  Docs without Files,custom,INTEGER,INTEGER,int x1,$.customFields[?(@.fieldName == 'CX.FCNT.DOCS.EMPTY')].value,loan.customFields[(fieldName == 'CX.FCNT.DOCS.EMPTY')].value,no,,1,0.2,0,0,1,,,,,,,no,
CX.FCNT.DOCS.TOTAL,File Counter Plugin - Total # of Docs in the Loan.  Empty + Docs with Files,custom,INTEGER,INTEGER,int x1,$.customFields[?(@.fieldName == 'CX.FCNT.DOCS.TOTAL')].value,loan.customFields[(fieldName == 'CX.FCNT.DOCS.TOTAL')].value,no,,1,0.2,0,0,1,,,,,,,no,
CX.FCNT.DOCS.UNTITLED,File Counter Plugin - # of Untitled Docs in the Loan.  Docs which were not named.,custom,INTEGER,INTEGER,int x1,$.customFields[?(@.fieldName == 'CX.FCNT.DOCS.UNTITLED')].value,loan.customFields[(fieldName == 'CX.FCNT.DOCS.UNTITLED')].value,no,,0,0,0,0,0,,,,,,,no,
CX.FCNT.ENUM.MSEC,File Counter Plugin - Time in Milliseconds spent enumerating files and docs,custom,INTEGER,INTEGER,int x1,$.customFields[?(@.fieldName == 'CX.FCNT.ENUM.MSEC')].value,loan.customFields[(fieldName == 'CX.FCNT.ENUM.MSEC')].value,no,,1,0.2,0,0,1,,,,,,,no,
CX.FCNT.FILES.TOTAL,File Counter Plugin - Total # of Files in the Loan.  Unassigned + Files in Docs,custom,INTEGER,INTEGER,int x1,$.customFields[?(@.fieldName == 'CX.FCNT.FILES.TOTAL')].value,loan.customFields[(fieldName == 'CX.FCNT.FILES.TOTAL')].value,no,,1,0.2,0,0,1,,,,,,,no,
CX.FCNT.FILES.UNASS,File Counter Plugin - # of Unassigned Files in the Loan,custom,INTEGER,INTEGER,int x1,$.customFields[?(@.fieldName == 'CX.FCNT.FILES.UNASS')].value,loan.customFields[(fieldName == 'CX.FCNT.FILES.UNASS')].value,no,,1,0.2,0,0,1,,,,,,,no,
CX.FEMA.DISASTER.FOUND,Number of Disasters Found,custom,INTEGER,INTEGER,int x447,$.customFields[?(@.fieldName == 'CX.FEMA.DISASTER.FOUND')].value,loan.customFields[(fieldName == 'CX.FEMA.DISASTER.FOUND')].value,no,,0,0,0,0,0,,,,,,,no,
CX.FEMA.DISASTER.IA.PROG.1,IA Program 1,custom,YN,YN,bool x449,$.customFields[?(@.fieldName == 'CX.FEMA.DISASTER.IA.PROG.1')].value,loan.customFields[(fieldName == 'CX.FEMA.DISASTER.IA.PROG.1')].value,no,,0,0,0,0,0,,,,,,,no,
CX.FEMA.DISASTER.IA.PROG.2,IA Program 2,custom,YN,YN,bool x449,$.customFields[?(@.fieldName == 'CX.FEMA.DISASTER.IA.PROG.2')].value,loan.customFields[(fieldName == 'CX.FEMA.DISASTER.IA.PROG.2')].value,no,,0,0,0,0,0,,,,,,,no,
CX.FEMA.DISASTER.IA.PROG.3,IA Program 3,custom,YN,YN,bool x449,$.customFields[?(@.fieldName == 'CX.FEMA.DISASTER.IA.PROG.3')].value,loan.customFields[(fieldName == 'CX.FEMA.DISASTER.IA.PROG.3')].value,no,,0,0,0,0,0,,,,,,,no,
CX.FEMA.DISASTER.IA.PROG.4,IA Program 4,custom,YN,YN,bool x449,$.customFields[?(@.fieldName == 'CX.FEMA.DISASTER.IA.PROG.4')].value,loan.customFields[(fieldName == 'CX.FEMA.DISASTER.IA.PROG.4')].value,no,,0,0,0,0,0,,,,,,,no,
CX.FEMA.DISASTER.IA.PROG.5,IA Program 5,custom,YN,YN,bool x449,$.customFields[?(@.fieldName == 'CX.FEMA.DISASTER.IA.PROG.5')].value,loan.customFields[(fieldName == 'CX.FEMA.DISASTER.IA.PROG.5')].value,no,,0,0,0,0,0,,,,,,,no,
CX.FEMA.DISASTER.IH.PROG.1,IH Program 1,custom,YN,YN,bool x449,$.customFields[?(@.fieldName == 'CX.FEMA.DISASTER.IH.PROG.1')].value,loan.customFields[(fieldName == 'CX.FEMA.DISASTER.IH.PROG.1')].value,no,,0,0,0,0,0,,,,,,,no,
CX.FEMA.DISASTER.IH.PROG.2,IH Program 2,custom,YN,YN,bool x449,$.customFields[?(@.fieldName == 'CX.FEMA.DISASTER.IH.PROG.2')].value,loan.customFields[(fieldName == 'CX.FEMA.DISASTER.IH.PROG.2')].value,no,,0,0,0,0,0,,,,,,,no,
CX.FEMA.DISASTER.IH.PROG.3,IH Program 3,custom,YN,YN,bool x449,$.customFields[?(@.fieldName == 'CX.FEMA.DISASTER.IH.PROG.3')].value,loan.customFields[(fieldName == 'CX.FEMA.DISASTER.IH.PROG.3')].value,no,,0,0,0,0,0,,,,,,,no,
CX.FEMA.DISASTER.IH.PROG.4,IH Program 4,custom,YN,YN,bool x449,$.customFields[?(@.fieldName == 'CX.FEMA.DISASTER.IH.PROG.4')].value,loan.customFields[(fieldName == 'CX.FEMA.DISASTER.IH.PROG.4')].value,no,,0,0,0,0,0,,,,,,,no,
CX.FEMA.DISASTER.IH.PROG.5,IH Program 5,custom,YN,YN,bool x449,$.customFields[?(@.fieldName == 'CX.FEMA.DISASTER.IH.PROG.5')].value,loan.customFields[(fieldName == 'CX.FEMA.DISASTER.IH.PROG.5')].value,no,,0,0,0,0,0,,,,,,,no,
CX.FEMA.DISASTER.OUTSTANDING,Number of Outstanding Disasters,custom,INTEGER,INTEGER,int x447,$.customFields[?(@.fieldName == 'CX.FEMA.DISASTER.OUTSTANDING')].value,loan.customFields[(fieldName == 'CX.FEMA.DISASTER.OUTSTANDING')].value,no,,0,0,0,0,0,,,,,,,no,
CX.FEMA.LAST.RUN,Date FEMA Last Ran,custom,DATE,DATE,date x447,$.customFields[?(@.fieldName == 'CX.FEMA.LAST.RUN')].value,loan.customFields[(fieldName == 'CX.FEMA.LAST.RUN')].value,no,,345,70.4,96,38.2,128,,,,,,Started,no,identifying-or-high-cardinality
CX.FEMA.LAST.RUN.USER,User ID that triggered plugin to run,custom,STRING,STRING,str x447,$.customFields[?(@.fieldName == 'CX.FEMA.LAST.RUN.USER')].value,loan.customFields[(fieldName == 'CX.FEMA.LAST.RUN.USER')].value,no,,345,70.4,96,38.2,19,,,,,,Started,no,
CX.FF.AMT.1,Funding Fee Amount,custom,DECIMAL_2,DECIMAL_2,int x5 | float x2,$.customFields[?(@.fieldName == 'CX.FF.AMT.1')].value,loan.customFields[(fieldName == 'CX.FF.AMT.1')].value,no,,7,1.4,0,0,6,-750,-750,1595,2680,4320,,no,
CX.FF.AMT.2,Funding Fee Amount,custom,DECIMAL_2,DECIMAL_2,float x4 | int x3,$.customFields[?(@.fieldName == 'CX.FF.AMT.2')].value,loan.customFields[(fieldName == 'CX.FF.AMT.2')].value,no,,7,1.4,0,0,6,11.97,500,1595,2055.44,2197.54,,no,
CX.FF.AMT.3,Funding Fee Amount,custom,DECIMAL_2,DECIMAL_2,float x5 | int x2,$.customFields[?(@.fieldName == 'CX.FF.AMT.3')].value,loan.customFields[(fieldName == 'CX.FF.AMT.3')].value,no,,7,1.4,0,0,6,-3468.75,500,787.07,1210.79,2002.98,,no,
CX.FF.AMT.4,Funding Fee Amount,custom,DECIMAL_2,DECIMAL_2,float x5 | int x2,$.customFields[?(@.fieldName == 'CX.FF.AMT.4')].value,loan.customFields[(fieldName == 'CX.FF.AMT.4')].value,no,,7,1.4,0,0,6,-534.6,76.21,950,1493.1,1795.92,,no,
CX.FF.AMT.5,Funding Fee Amount,custom,DECIMAL_2,DECIMAL_2,float x6,$.customFields[?(@.fieldName == 'CX.FF.AMT.5')].value,loan.customFields[(fieldName == 'CX.FF.AMT.5')].value,no,,6,1.2,0,0,5,-1144.56,-805.05,11.97,192.5675,541.64,,no,
CX.FF.AMT.6,Funding Fee Amount,custom,DECIMAL_2,DECIMAL_2,float x4,$.customFields[?(@.fieldName == 'CX.FF.AMT.6')].value,loan.customFields[(fieldName == 'CX.FF.AMT.6')].value,no,,4,0.8,0,0,4,503.88,517.7175,714.45,2013.5625,2394.86,,no,
CX.FF.AMT.7,Funding Fee Amount,custom,DECIMAL_2,DECIMAL_2,float x4,$.customFields[?(@.fieldName == 'CX.FF.AMT.7')].value,loan.customFields[(fieldName == 'CX.FF.AMT.7')].value,no,,4,0.8,0,0,4,-458.48,-236.235,524.37,657.9975,671.25,,no,
CX.FF.AMT.8,Funding Fee Amount,custom,DECIMAL_2,DECIMAL_2,float x2 | int x1,$.customFields[?(@.fieldName == 'CX.FF.AMT.8')].value,loan.customFields[(fieldName == 'CX.FF.AMT.8')].value,no,,3,0.6,0,0,3,662.84,662.84,1399,2148.39,2148.39,,no,
CX.FF.AMT.9,Funding Fee Amount,custom,DECIMAL_2,DECIMAL_2,float x2 | int x1,$.customFields[?(@.fieldName == 'CX.FF.AMT.9')].value,loan.customFields[(fieldName == 'CX.FF.AMT.9')].value,no,,3,0.6,0,0,3,-861,-861,-206.08,62.72,62.72,,no,
CX.FF.AMT.10,Funding Fee Amount,custom,DECIMAL_2,DECIMAL_2,float x1,$.customFields[?(@.fieldName == 'CX.FF.AMT.10')].value,loan.customFields[(fieldName == 'CX.FF.AMT.10')].value,no,,1,0.2,0,0,1,,,,,,,no,
CX.FF.DESC.1,Funding Fee Description,custom,STRING,STRING,str x7,$.customFields[?(@.fieldName == 'CX.FF.DESC.1')].value,loan.customFields[(fieldName == 'CX.FF.DESC.1')].value,no,,7,1.4,0,0,5,,,,,,,no,
CX.FF.DESC.2,Funding Fee Description,custom,STRING,STRING,str x7,$.customFields[?(@.fieldName == 'CX.FF.DESC.2')].value,loan.customFields[(fieldName == 'CX.FF.DESC.2')].value,no,,7,1.4,0,0,5,,,,,,,no,
CX.FF.DESC.3,Funding Fee Description,custom,STRING,STRING,str x7,$.customFields[?(@.fieldName == 'CX.FF.DESC.3')].value,loan.customFields[(fieldName == 'CX.FF.DESC.3')].value,no,,7,1.4,0,0,5,,,,,,,no,
CX.FF.DESC.4,Funding Fee Description,custom,STRING,STRING,str x7,$.customFields[?(@.fieldName == 'CX.FF.DESC.4')].value,loan.customFields[(fieldName == 'CX.FF.DESC.4')].value,no,,7,1.4,0,0,5,,,,,,,no,
CX.FF.DESC.5,Funding Fee Description,custom,STRING,STRING,str x6,$.customFields[?(@.fieldName == 'CX.FF.DESC.5')].value,loan.customFields[(fieldName == 'CX.FF.DESC.5')].value,no,,6,1.2,0,0,4,,,,,,,no,
CX.FF.DESC.6,Funding Fee Description,custom,STRING,STRING,str x4,$.customFields[?(@.fieldName == 'CX.FF.DESC.6')].value,loan.customFields[(fieldName == 'CX.FF.DESC.6')].value,no,,4,0.8,0,0,2,,,,,,,no,
CX.FF.DESC.7,Funding Fee Description,custom,STRING,STRING,str x4,$.customFields[?(@.fieldName == 'CX.FF.DESC.7')].value,loan.customFields[(fieldName == 'CX.FF.DESC.7')].value,no,,4,0.8,0,0,2,,,,,,,no,
CX.FF.DESC.8,Funding Fee Description,custom,STRING,STRING,str x3,$.customFields[?(@.fieldName == 'CX.FF.DESC.8')].value,loan.customFields[(fieldName == 'CX.FF.DESC.8')].value,no,,3,0.6,0,0,1,,,,,,,no,
CX.FF.DESC.9,Funding Fee Description,custom,STRING,STRING,str x3,$.customFields[?(@.fieldName == 'CX.FF.DESC.9')].value,loan.customFields[(fieldName == 'CX.FF.DESC.9')].value,no,,3,0.6,0,0,2,,,,,,,no,
CX.FF.DESC.10,Funding Fee Description,custom,STRING,STRING,str x1,$.customFields[?(@.fieldName == 'CX.FF.DESC.10')].value,loan.customFields[(fieldName == 'CX.FF.DESC.10')].value,no,,1,0.2,0,0,1,,,,,,,no,
CX.FF.LINEID.1,Funding Fee Line Item,custom,STRING,STRING,str x7,$.customFields[?(@.fieldName == 'CX.FF.LINEID.1')].value,loan.customFields[(fieldName == 'CX.FF.LINEID.1')].value,no,,7,1.4,0,0,5,,,,,,,no,
CX.FF.LINEID.2,Funding Fee Line Item,custom,STRING,STRING,str x7,$.customFields[?(@.fieldName == 'CX.FF.LINEID.2')].value,loan.customFields[(fieldName == 'CX.FF.LINEID.2')].value,no,,7,1.4,0,0,5,,,,,,,no,
CX.FF.LINEID.3,Funding Fee Line Item,custom,STRING,STRING,str x7,$.customFields[?(@.fieldName == 'CX.FF.LINEID.3')].value,loan.customFields[(fieldName == 'CX.FF.LINEID.3')].value,no,,7,1.4,0,0,5,,,,,,,no,
CX.FF.LINEID.4,Funding Fee Line Item,custom,STRING,STRING,str x7,$.customFields[?(@.fieldName == 'CX.FF.LINEID.4')].value,loan.customFields[(fieldName == 'CX.FF.LINEID.4')].value,no,,7,1.4,0,0,5,,,,,,,no,
CX.FF.LINEID.5,Funding Fee Line Item,custom,STRING,STRING,str x6,$.customFields[?(@.fieldName == 'CX.FF.LINEID.5')].value,loan.customFields[(fieldName == 'CX.FF.LINEID.5')].value,no,,6,1.2,0,0,4,,,,,,,no,
CX.FF.LINEID.6,Funding Fee Line Item,custom,STRING,STRING,str x4,$.customFields[?(@.fieldName == 'CX.FF.LINEID.6')].value,loan.customFields[(fieldName == 'CX.FF.LINEID.6')].value,no,,4,0.8,0,0,2,,,,,,,no,
CX.FF.LINEID.7,Funding Fee Line Item,custom,STRING,STRING,str x4,$.customFields[?(@.fieldName == 'CX.FF.LINEID.7')].value,loan.customFields[(fieldName == 'CX.FF.LINEID.7')].value,no,,4,0.8,0,0,2,,,,,,,no,
CX.FF.LINEID.8,Funding Fee Line Item,custom,STRING,STRING,str x3,$.customFields[?(@.fieldName == 'CX.FF.LINEID.8')].value,loan.customFields[(fieldName == 'CX.FF.LINEID.8')].value,no,,3,0.6,0,0,1,,,,,,,no,
CX.FF.LINEID.9,Funding Fee Line Item,custom,STRING,STRING,str x3,$.customFields[?(@.fieldName == 'CX.FF.LINEID.9')].value,loan.customFields[(fieldName == 'CX.FF.LINEID.9')].value,no,,3,0.6,0,0,2,,,,,,,no,
CX.FF.LINEID.10,Funding Fee Line Item,custom,STRING,STRING,str x1,$.customFields[?(@.fieldName == 'CX.FF.LINEID.10')].value,loan.customFields[(fieldName == 'CX.FF.LINEID.10')].value,no,,1,0.2,0,0,1,,,,,,,no,
CX.FF.PAYEE.1,Funding Fee Payee,custom,STRING,STRING,str x1,$.customFields[?(@.fieldName == 'CX.FF.PAYEE.1')].value,loan.customFields[(fieldName == 'CX.FF.PAYEE.1')].value,no,,1,0.2,0,0,1,,,,,,,no,
CX.FF.PAYEE.2,Funding Fee Payee,custom,STRING,STRING,str x1,$.customFields[?(@.fieldName == 'CX.FF.PAYEE.2')].value,loan.customFields[(fieldName == 'CX.FF.PAYEE.2')].value,no,,1,0.2,0,0,1,,,,,,,no,
CX.FF.PAYEE.4,Funding Fee Payee,custom,STRING,STRING,str x3,$.customFields[?(@.fieldName == 'CX.FF.PAYEE.4')].value,loan.customFields[(fieldName == 'CX.FF.PAYEE.4')].value,no,,3,0.6,0,0,2,,,,,,,no,
CX.FF.PAYEE.5,Funding Fee Payee,custom,STRING,STRING,str x3,$.customFields[?(@.fieldName == 'CX.FF.PAYEE.5')].value,loan.customFields[(fieldName == 'CX.FF.PAYEE.5')].value,no,,3,0.6,0,0,3,,,,,,,no,
CX.FF.PB.1,Funding Fee Paid By,custom,STRING,STRING,str x7,$.customFields[?(@.fieldName == 'CX.FF.PB.1')].value,loan.customFields[(fieldName == 'CX.FF.PB.1')].value,no,,7,1.4,0,0,1,,,,,,,no,
CX.FF.PB.2,Funding Fee Paid By,custom,STRING,STRING,str x7,$.customFields[?(@.fieldName == 'CX.FF.PB.2')].value,loan.customFields[(fieldName == 'CX.FF.PB.2')].value,no,,7,1.4,0,0,1,,,,,,,no,
CX.FF.PB.3,Funding Fee Paid By,custom,STRING,STRING,str x7,$.customFields[?(@.fieldName == 'CX.FF.PB.3')].value,loan.customFields[(fieldName == 'CX.FF.PB.3')].value,no,,7,1.4,0,0,2,,,,,,,no,
CX.FF.PB.4,Funding Fee Paid By,custom,STRING,STRING,str x6,$.customFields[?(@.fieldName == 'CX.FF.PB.4')].value,loan.customFields[(fieldName == 'CX.FF.PB.4')].value,no,,6,1.2,0,0,1,,,,,,,no,
CX.FF.PB.5,Funding Fee Paid By,custom,STRING,STRING,str x4,$.customFields[?(@.fieldName == 'CX.FF.PB.5')].value,loan.customFields[(fieldName == 'CX.FF.PB.5')].value,no,,4,0.8,0,0,1,,,,,,,no,
CX.FF.PB.6,Funding Fee Paid By,custom,STRING,STRING,str x4,$.customFields[?(@.fieldName == 'CX.FF.PB.6')].value,loan.customFields[(fieldName == 'CX.FF.PB.6')].value,no,,4,0.8,0,0,1,,,,,,,no,
CX.FF.PB.7,Funding Fee Paid By,custom,STRING,STRING,str x3,$.customFields[?(@.fieldName == 'CX.FF.PB.7')].value,loan.customFields[(fieldName == 'CX.FF.PB.7')].value,no,,3,0.6,0,0,1,,,,,,,no,
CX.FF.PB.8,Funding Fee Paid By,custom,STRING,STRING,str x3,$.customFields[?(@.fieldName == 'CX.FF.PB.8')].value,loan.customFields[(fieldName == 'CX.FF.PB.8')].value,no,,3,0.6,0,0,1,,,,,,,no,
CX.FF.PB.9,Funding Fee Paid By,custom,STRING,STRING,str x1,$.customFields[?(@.fieldName == 'CX.FF.PB.9')].value,loan.customFields[(fieldName == 'CX.FF.PB.9')].value,no,,1,0.2,0,0,1,,,,,,,no,
CX.FF.POC.AMT.1,Funding Fee POC Amount,custom,DECIMAL_2,DECIMAL_2,int x7,$.customFields[?(@.fieldName == 'CX.FF.POC.AMT.1')].value,loan.customFields[(fieldName == 'CX.FF.POC.AMT.1')].value,no,,0,0,0,0,0,,,,,,,no,
CX.FF.POC.AMT.2,Funding Fee POC Amount,custom,DECIMAL_2,DECIMAL_2,int x7,$.customFields[?(@.fieldName == 'CX.FF.POC.AMT.2')].value,loan.customFields[(fieldName == 'CX.FF.POC.AMT.2')].value,no,,0,0,0,0,0,,,,,,,no,
CX.FF.POC.AMT.3,Funding Fee POC Amount,custom,DECIMAL_2,DECIMAL_2,int x7,$.customFields[?(@.fieldName == 'CX.FF.POC.AMT.3')].value,loan.customFields[(fieldName == 'CX.FF.POC.AMT.3')].value,no,,0,0,0,0,0,,,,,,,no,
CX.FF.POC.AMT.4,Funding Fee POC Amount,custom,DECIMAL_2,DECIMAL_2,int x7,$.customFields[?(@.fieldName == 'CX.FF.POC.AMT.4')].value,loan.customFields[(fieldName == 'CX.FF.POC.AMT.4')].value,no,,0,0,0,0,0,,,,,,,no,
CX.FF.POC.AMT.5,Funding Fee POC Amount,custom,DECIMAL_2,DECIMAL_2,int x6,$.customFields[?(@.fieldName == 'CX.FF.POC.AMT.5')].value,loan.customFields[(fieldName == 'CX.FF.POC.AMT.5')].value,no,,0,0,0,0,0,,,,,,,no,
CX.FF.POC.AMT.6,Funding Fee POC Amount,custom,DECIMAL_2,DECIMAL_2,int x4,$.customFields[?(@.fieldName == 'CX.FF.POC.AMT.6')].value,loan.customFields[(fieldName == 'CX.FF.POC.AMT.6')].value,no,,0,0,0,0,0,,,,,,,no,
CX.FF.POC.AMT.7,Funding Fee POC Amount,custom,DECIMAL_2,DECIMAL_2,int x4,$.customFields[?(@.fieldName == 'CX.FF.POC.AMT.7')].value,loan.customFields[(fieldName == 'CX.FF.POC.AMT.7')].value,no,,0,0,0,0,0,,,,,,,no,
CX.FF.POC.AMT.8,Funding Fee POC Amount,custom,DECIMAL_2,DECIMAL_2,int x3,$.customFields[?(@.fieldName == 'CX.FF.POC.AMT.8')].value,loan.customFields[(fieldName == 'CX.FF.POC.AMT.8')].value,no,,0,0,0,0,0,,,,,,,no,
CX.FF.POC.AMT.9,Funding Fee POC Amount,custom,DECIMAL_2,DECIMAL_2,int x3,$.customFields[?(@.fieldName == 'CX.FF.POC.AMT.9')].value,loan.customFields[(fieldName == 'CX.FF.POC.AMT.9')].value,no,,0,0,0,0,0,,,,,,,no,
CX.FF.POC.AMT.10,Funding Fee POC Amount,custom,DECIMAL_2,DECIMAL_2,int x1,$.customFields[?(@.fieldName == 'CX.FF.POC.AMT.10')].value,loan.customFields[(fieldName == 'CX.FF.POC.AMT.10')].value,no,,0,0,0,0,0,,,,,,,no,
CX.FF.PT.1,Funding Fee Paid To,custom,STRING,STRING,str x7,$.customFields[?(@.fieldName == 'CX.FF.PT.1')].value,loan.customFields[(fieldName == 'CX.FF.PT.1')].value,no,,7,1.4,0,0,1,,,,,,,no,
CX.FF.PT.2,Funding Fee Paid To,custom,STRING,STRING,str x7,$.customFields[?(@.fieldName == 'CX.FF.PT.2')].value,loan.customFields[(fieldName == 'CX.FF.PT.2')].value,no,,7,1.4,0,0,1,,,,,,,no,
CX.FF.PT.3,Funding Fee Paid To,custom,STRING,STRING,str x7,$.customFields[?(@.fieldName == 'CX.FF.PT.3')].value,loan.customFields[(fieldName == 'CX.FF.PT.3')].value,no,,7,1.4,0,0,1,,,,,,,no,
CX.FF.PT.4,Funding Fee Paid To,custom,STRING,STRING,str x6,$.customFields[?(@.fieldName == 'CX.FF.PT.4')].value,loan.customFields[(fieldName == 'CX.FF.PT.4')].value,no,,6,1.2,0,0,1,,,,,,,no,
CX.FF.PT.5,Funding Fee Paid To,custom,STRING,STRING,str x4,$.customFields[?(@.fieldName == 'CX.FF.PT.5')].value,loan.customFields[(fieldName == 'CX.FF.PT.5')].value,no,,4,0.8,0,0,1,,,,,,,no,
CX.FF.PT.6,Funding Fee Paid To,custom,STRING,STRING,str x4,$.customFields[?(@.fieldName == 'CX.FF.PT.6')].value,loan.customFields[(fieldName == 'CX.FF.PT.6')].value,no,,4,0.8,0,0,1,,,,,,,no,
CX.FF.PT.7,Funding Fee Paid To,custom,STRING,STRING,str x3,$.customFields[?(@.fieldName == 'CX.FF.PT.7')].value,loan.customFields[(fieldName == 'CX.FF.PT.7')].value,no,,3,0.6,0,0,1,,,,,,,no,
CX.FF.PT.8,Funding Fee Paid To,custom,STRING,STRING,str x3,$.customFields[?(@.fieldName == 'CX.FF.PT.8')].value,loan.customFields[(fieldName == 'CX.FF.PT.8')].value,no,,3,0.6,0,0,1,,,,,,,no,
CX.FF.PT.9,Funding Fee Paid To,custom,STRING,STRING,str x1,$.customFields[?(@.fieldName == 'CX.FF.PT.9')].value,loan.customFields[(fieldName == 'CX.FF.PT.9')].value,no,,1,0.2,0,0,1,,,,,,,no,
CX.FF.PTC.AMT.1,Funding Fee PTC Amount,custom,DECIMAL_2,DECIMAL_2,int x7,$.customFields[?(@.fieldName == 'CX.FF.PTC.AMT.1')].value,loan.customFields[(fieldName == 'CX.FF.PTC.AMT.1')].value,no,,0,0,0,0,0,,,,,,,no,
CX.FF.PTC.AMT.2,Funding Fee PTC Amount,custom,DECIMAL_2,DECIMAL_2,int x7,$.customFields[?(@.fieldName == 'CX.FF.PTC.AMT.2')].value,loan.customFields[(fieldName == 'CX.FF.PTC.AMT.2')].value,no,,0,0,0,0,0,,,,,,,no,
CX.FF.PTC.AMT.3,Funding Fee PTC Amount,custom,DECIMAL_2,DECIMAL_2,int x7,$.customFields[?(@.fieldName == 'CX.FF.PTC.AMT.3')].value,loan.customFields[(fieldName == 'CX.FF.PTC.AMT.3')].value,no,,0,0,0,0,0,,,,,,,no,
CX.FF.PTC.AMT.4,Funding Fee PTC Amount,custom,DECIMAL_2,DECIMAL_2,int x7,$.customFields[?(@.fieldName == 'CX.FF.PTC.AMT.4')].value,loan.customFields[(fieldName == 'CX.FF.PTC.AMT.4')].value,no,,0,0,0,0,0,,,,,,,no,
CX.FF.PTC.AMT.5,Funding Fee PTC Amount,custom,DECIMAL_2,DECIMAL_2,int x6,$.customFields[?(@.fieldName == 'CX.FF.PTC.AMT.5')].value,loan.customFields[(fieldName == 'CX.FF.PTC.AMT.5')].value,no,,0,0,0,0,0,,,,,,,no,
CX.FF.PTC.AMT.6,Funding Fee PTC Amount,custom,DECIMAL_2,DECIMAL_2,int x4,$.customFields[?(@.fieldName == 'CX.FF.PTC.AMT.6')].value,loan.customFields[(fieldName == 'CX.FF.PTC.AMT.6')].value,no,,0,0,0,0,0,,,,,,,no,
CX.FF.PTC.AMT.7,Funding Fee PTC Amount,custom,DECIMAL_2,DECIMAL_2,int x4,$.customFields[?(@.fieldName == 'CX.FF.PTC.AMT.7')].value,loan.customFields[(fieldName == 'CX.FF.PTC.AMT.7')].value,no,,0,0,0,0,0,,,,,,,no,
CX.FF.PTC.AMT.8,Funding Fee PTC Amount,custom,DECIMAL_2,DECIMAL_2,int x3,$.customFields[?(@.fieldName == 'CX.FF.PTC.AMT.8')].value,loan.customFields[(fieldName == 'CX.FF.PTC.AMT.8')].value,no,,0,0,0,0,0,,,,,,,no,
CX.FF.PTC.AMT.9,Funding Fee PTC Amount,custom,DECIMAL_2,DECIMAL_2,int x3,$.customFields[?(@.fieldName == 'CX.FF.PTC.AMT.9')].value,loan.customFields[(fieldName == 'CX.FF.PTC.AMT.9')].value,no,,0,0,0,0,0,,,,,,,no,
CX.FF.PTC.AMT.10,Funding Fee PTC Amount,custom,DECIMAL_2,DECIMAL_2,int x1,$.customFields[?(@.fieldName == 'CX.FF.PTC.AMT.10')].value,loan.customFields[(fieldName == 'CX.FF.PTC.AMT.10')].value,no,,0,0,0,0,0,,,,,,,no,
CX.FILENOTESTASKPAGE,FILE NOTES ON TASK PAGE,custom,STRING,STRING,str x10,$.customFields[?(@.fieldName == 'CX.FILENOTESTASKPAGE')].value,loan.customFields[(fieldName == 'CX.FILENOTESTASKPAGE')].value,no,,10,2,0,0,9,,,,,,,no,identifying-or-high-cardinality
CX.FILLALLPROVIDERS,Fill all providers,custom,X,X,bool x1,$.customFields[?(@.fieldName == 'CX.FILLALLPROVIDERS')].value,loan.customFields[(fieldName == 'CX.FILLALLPROVIDERS')].value,no,,1,0.2,0,0,1,,,,,,,no,
CX.FILLEDCLICKUP,Filled Clickup,custom,X,X,bool x273,$.customFields[?(@.fieldName == 'CX.FILLEDCLICKUP')].value,loan.customFields[(fieldName == 'CX.FILLEDCLICKUP')].value,no,,265,54.1,7,2.8,1,,,,,,Started,yes,
CX.FILLEDPREQUALFORM,Filled Prequal Form,custom,X,X,bool x270,$.customFields[?(@.fieldName == 'CX.FILLEDPREQUALFORM')].value,loan.customFields[(fieldName == 'CX.FILLEDPREQUALFORM')].value,no,,264,53.9,5,2,1,,,,,,Started,no,
CX.FINALINITIALLOAN,Final Initial Loan $,custom,DECIMAL_2,DECIMAL_2,int x171 | float x5,$.customFields[?(@.fieldName == 'CX.FINALINITIALLOAN')].value,loan.customFields[(fieldName == 'CX.FINALINITIALLOAN')].value,no,,0,0,174,69.3,161,63175,151875,312750,382375,775500,,yes,identifying-or-high-cardinality
CX.FINALINITIALLOAN$,Final Initial Loan $,custom,DECIMAL_2,DECIMAL_2,int x5,$.customFields[?(@.fieldName == 'CX.FINALINITIALLOAN$')].value,loan.customFields[(fieldName == 'CX.FINALINITIALLOAN$')].value,no,,0,0,5,2,5,81000,191250,394250,465750,517500,,no,
CX.FINALIZEINITIALLOAN,Finalize initial loan ,custom,X,X,bool x160,$.customFields[?(@.fieldName == 'CX.FINALIZEINITIALLOAN')].value,loan.customFields[(fieldName == 'CX.FINALIZEINITIALLOAN')].value,no,,0,0,160,63.7,1,,,,,,,no,
CX.FINANCEDINTERESTRESERVE, financed interest reserve,custom,DECIMAL_2,DECIMAL_2,int x255,$.customFields[?(@.fieldName == 'CX.FINANCEDINTERESTRESERVE')].value,loan.customFields[(fieldName == 'CX.FINANCEDINTERESTRESERVE')].value,no,,0,0,71,28.3,53,1600,5650,15000,25000,120000,,yes,identifying-or-high-cardinality
CX.FINANCEDREHABBUDGET,Financed Rehab Budget,custom,DECIMAL_2,DECIMAL_2,int x615 | float x2,$.customFields[?(@.fieldName == 'CX.FINANCEDREHABBUDGET')].value,loan.customFields[(fieldName == 'CX.FINANCEDREHABBUDGET')].value,no,,0,0,189,75.3,128,8750,38000,60000,100000,220000,,yes,identifying-or-high-cardinality
CX.FIXANDFLIPINITIALMONTHLYI,fix and flip initial monthly interest,custom,DECIMAL_2,DECIMAL_2,int x441 | float x142,$.customFields[?(@.fieldName == 'CX.FIXANDFLIPINITIALMONTHLYI')].value,loan.customFields[(fieldName == 'CX.FIXANDFLIPINITIALMONTHLYI')].value,no,,0,0,164,65.3,161,513.3,1039,2051.44,2931.27,9562.5,,no,identifying-or-high-cardinality
CX.FORMATIONDATE,Formation date,custom,DATE,DATE,date x5,$.customFields[?(@.fieldName == 'CX.FORMATIONDATE')].value,loan.customFields[(fieldName == 'CX.FORMATIONDATE')].value,no,,4,0.8,1,0.4,5,,,,,,,no,
CX.FREECLEAR,FREE and CLEAR,custom,X,X,bool x47,$.customFields[?(@.fieldName == 'CX.FREECLEAR')].value,loan.customFields[(fieldName == 'CX.FREECLEAR')].value,no,,46,9.4,1,0.4,1,,,,,,Started,no,
CX.FUNDEDDATE,Funded Date,custom,DATE,DATE,date x384,$.customFields[?(@.fieldName == 'CX.FUNDEDDATE')].value,loan.customFields[(fieldName == 'CX.FUNDEDDATE')].value,no,,273,55.7,107,42.6,207,,,,,,Investor Delivery,yes,identifying-or-high-cardinality
CX.GOVERNMENTIDENTIFICATION,Government Identification,custom,X,X,bool x274,$.customFields[?(@.fieldName == 'CX.GOVERNMENTIDENTIFICATION')].value,loan.customFields[(fieldName == 'CX.GOVERNMENTIDENTIFICATION')].value,no,,268,54.7,5,2,1,,,,,,Started,no,
CX.HIGHERSCOREBORRCOBORR,Higher qualifying score between borrower and co borrower ,custom,STRING,STRING,str x556,$.customFields[?(@.fieldName == 'CX.HIGHERSCOREBORRCOBORR')].value,loan.customFields[(fieldName == 'CX.HIGHERSCOREBORRCOBORR')].value,no,,242,49.4,128,51,101,,,,,,Loan Setup,no,identifying-or-high-cardinality
CX.HOLDBACK, Margin and hold back,custom,X,X,bool x171,$.customFields[?(@.fieldName == 'CX.HOLDBACK')].value,loan.customFields[(fieldName == 'CX.HOLDBACK')].value,no,,170,34.7,0,0,1,,,,,,Docs Out,yes,
CX.INITIALDISCLOSURESSIGNE,Initial Disclosures Signed & Saved to file,custom,X,X,bool x223,$.customFields[?(@.fieldName == 'CX.INITIALDISCLOSURESSIGNE')].value,loan.customFields[(fieldName == 'CX.INITIALDISCLOSURESSIGNE')].value,no,,221,45.1,1,0.4,1,,,,,,Loan Setup,no,
CX.INITIALDOCSEMAIL,Initial Docs email,custom,X,X,bool x1,$.customFields[?(@.fieldName == 'CX.INITIALDOCSEMAIL')].value,loan.customFields[(fieldName == 'CX.INITIALDOCSEMAIL')].value,no,,1,0.2,0,0,1,,,,,,,no,identifying-or-high-cardinality
"CX.INITIALDOCSINFILE(ID,","Initial Docs in file (ID, Purchase contract)",custom,X,X,bool x2,"$.customFields[?(@.fieldName == 'CX.INITIALDOCSINFILE(ID,')].value","loan.customFields[(fieldName == 'CX.INITIALDOCSINFILE(ID,')].value",no,,2,0.4,0,0,1,,,,,,,no,
CX.INSURANCECONTACT,Insurance Contact,custom,STRING,STRING,str x54,$.customFields[?(@.fieldName == 'CX.INSURANCECONTACT')].value,loan.customFields[(fieldName == 'CX.INSURANCECONTACT')].value,no,,51,10.4,3,1.2,43,,,,,,Submittal,no,identifying-or-high-cardinality
CX.INSURANCEORDERED,Insurance Ordered,custom,X,X,bool x240,$.customFields[?(@.fieldName == 'CX.INSURANCEORDERED')].value,loan.customFields[(fieldName == 'CX.INSURANCEORDERED')].value,no,,229,46.7,8,3.2,1,,,,,,Loan Setup,yes,
CX.INVESTORPROGRAMNAME,Investor program name,custom,STRING,STRING,str x6,$.customFields[?(@.fieldName == 'CX.INVESTORPROGRAMNAME')].value,loan.customFields[(fieldName == 'CX.INVESTORPROGRAMNAME')].value,no,,0,0,6,2.4,6,,,,,,,no,identifying-or-high-cardinality
CX.ISKA,signed iska,custom,X,X,bool x153,$.customFields[?(@.fieldName == 'CX.ISKA')].value,loan.customFields[(fieldName == 'CX.ISKA')].value,no,,151,30.8,1,0.4,1,,,,,,Docs Out,no,
CX.ISMORTGAGEONCREDIT?,Is mortgage on credit?   Which creditor? $? Explanation if no mortgage,custom,STRING,STRING,str x42,$.customFields[?(@.fieldName == 'CX.ISMORTGAGEONCREDIT?')].value,loan.customFields[(fieldName == 'CX.ISMORTGAGEONCREDIT?')].value,no,,42,8.6,0,0,29,,,,,,Loan Setup,no,identifying-or-high-cardinality
CX.KM.ALPHAORDER.CHECK,KM Plugin - Show In Alpha Order checkbox Check,custom,YN,YN,bool x659,$.customFields[?(@.fieldName == 'CX.KM.ALPHAORDER.CHECK')].value,loan.customFields[(fieldName == 'CX.KM.ALPHAORDER.CHECK')].value,no,,6,1.2,2,0.8,1,,,,,,,no,
CX.KM.ALPHAORDER.DISABLED,KM Plugin - Show In Alpha Order checkbox disabled,custom,YN,YN,bool x659,$.customFields[?(@.fieldName == 'CX.KM.ALPHAORDER.DISABLED')].value,loan.customFields[(fieldName == 'CX.KM.ALPHAORDER.DISABLED')].value,no,,0,0,0,0,0,,,,,,,no,
CX.KM.HC.CALL,KM Plugin - HC call URL,custom,STRING,STRING,str x520,$.customFields[?(@.fieldName == 'CX.KM.HC.CALL')].value,loan.customFields[(fieldName == 'CX.KM.HC.CALL')].value,no,,336,68.6,176,70.1,4,,,,,,Started,no,
CX.KM.HC.COUNT,KM Plugin - Total Count of HCPs on the loan,custom,INTEGER,INTEGER,int x630,$.customFields[?(@.fieldName == 'CX.KM.HC.COUNT')].value,loan.customFields[(fieldName == 'CX.KM.HC.COUNT')].value,no,,337,68.8,176,70.1,1,,,,,,Started,no,
CX.KM.HC.IMPORTED,KM Plugin - HC have imported,custom,X,X,bool x520,$.customFields[?(@.fieldName == 'CX.KM.HC.IMPORTED')].value,loan.customFields[(fieldName == 'CX.KM.HC.IMPORTED')].value,no,,336,68.6,176,70.1,1,,,,,,Started,no,
CX.KM.HC.RESP,KM Plugin - HC response from server,custom,STRING,STRING,str x524,$.customFields[?(@.fieldName == 'CX.KM.HC.RESP')].value,loan.customFields[(fieldName == 'CX.KM.HC.RESP')].value,no,,339,69.2,176,70.1,164,,,,,,Started,no,identifying-or-high-cardinality
CX.KM.HC.TRIGGER,KM Plugin - Trigger HC sync,custom,STRING,STRING,str x1,$.customFields[?(@.fieldName == 'CX.KM.HC.TRIGGER')].value,loan.customFields[(fieldName == 'CX.KM.HC.TRIGGER')].value,no,,1,0.2,0,0,1,,,,,,,no,
CX.KM.IFTRIGGER,KM Plugin - Input Form Manager loan ready trigger,custom,YN,YN,bool x659,$.customFields[?(@.fieldName == 'CX.KM.IFTRIGGER')].value,loan.customFields[(fieldName == 'CX.KM.IFTRIGGER')].value,no,,404,82.4,241,96,1,,,,,,Started,no,
CX.KM.LB.MANCOLOR.TR,Loan Banner Manual Trigger Trigger,custom,YN,YN,bool x659,$.customFields[?(@.fieldName == 'CX.KM.LB.MANCOLOR.TR')].value,loan.customFields[(fieldName == 'CX.KM.LB.MANCOLOR.TR')].value,no,,404,82.4,241,96,1,,,,,,Started,no,
CX.KM.SHOWALL.CHECK,KM Plugin - Show All checkbox check,custom,YN,YN,bool x659,$.customFields[?(@.fieldName == 'CX.KM.SHOWALL.CHECK')].value,loan.customFields[(fieldName == 'CX.KM.SHOWALL.CHECK')].value,no,,4,0.8,5,2,1,,,,,,,no,
CX.KM.SHOWALL.DISABLED,KM Plugin - Show All checkbox disabled,custom,YN,YN,bool x659,$.customFields[?(@.fieldName == 'CX.KM.SHOWALL.DISABLED')].value,loan.customFields[(fieldName == 'CX.KM.SHOWALL.DISABLED')].value,no,,0,0,0,0,0,,,,,,,no,
CX.KM.USER.PERSONAS,KM Plugin - Current User Personas,custom,STRING,STRING,str x659,$.customFields[?(@.fieldName == 'CX.KM.USER.PERSONAS')].value,loan.customFields[(fieldName == 'CX.KM.USER.PERSONAS')].value,no,,405,82.7,241,96,24,,,,,,Started,no,identifying-or-high-cardinality
CX.LANDLORDCONTACTINFORMAT,Landlord contact information,custom,STRING,STRING,str x16,$.customFields[?(@.fieldName == 'CX.LANDLORDCONTACTINFORMAT')].value,loan.customFields[(fieldName == 'CX.LANDLORDCONTACTINFORMAT')].value,no,,16,3.3,0,0,14,,,,,,Purchasing Conditions,no,identifying-or-high-cardinality
CX.LEASEINFORMATION:ACTIVE,Lease information: active lease or month-to-month?,custom,STRING,STRING,str x2,$.customFields[?(@.fieldName == 'CX.LEASEINFORMATION:ACTIVE')].value,loan.customFields[(fieldName == 'CX.LEASEINFORMATION:ACTIVE')].value,no,,2,0.4,0,0,2,,,,,,,no,identifying-or-high-cardinality
CX.LLCCORP,LLCCORP,custom,DROPDOWNLIST,DROPDOWNLIST,str x5,$.customFields[?(@.fieldName == 'CX.LLCCORP')].value,loan.customFields[(fieldName == 'CX.LLCCORP')].value,no,,4,0.8,1,0.4,1,,,,,,,no,
CX.LLCDOCUMENTS,LLC Documents,custom,X,X,bool x271,$.customFields[?(@.fieldName == 'CX.LLCDOCUMENTS')].value,loan.customFields[(fieldName == 'CX.LLCDOCUMENTS')].value,no,,265,54.1,5,2,1,,,,,,Started,yes,
CX.LLCNAME,LLCNAME,custom,STRING,STRING,str x5,$.customFields[?(@.fieldName == 'CX.LLCNAME')].value,loan.customFields[(fieldName == 'CX.LLCNAME')].value,no,,4,0.8,1,0.4,5,,,,,,,no,
CX.LLCSTATE,LLCSTATE,custom,STRING,STRING,str x5,$.customFields[?(@.fieldName == 'CX.LLCSTATE')].value,loan.customFields[(fieldName == 'CX.LLCSTATE')].value,no,,4,0.8,1,0.4,5,,,,,,,no,
CX.LOAN.FOLDER.CURRENT,Loan Folder - Current Loan Folder - Updated when loan is opened,custom,STRING,STRING,str x741,$.customFields[?(@.fieldName == 'CX.LOAN.FOLDER.CURRENT')].value,loan.customFields[(fieldName == 'CX.LOAN.FOLDER.CURRENT')].value,no,,478,97.6,248,98.8,12,,,,,,Started,no,
CX.LOAN.FOLDER.MOVE,Loan Folder - Set to Loan Folder where Loan should be moved when it's saved,custom,STRING,STRING,str x48,$.customFields[?(@.fieldName == 'CX.LOAN.FOLDER.MOVE')].value,loan.customFields[(fieldName == 'CX.LOAN.FOLDER.MOVE')].value,no,,32,6.5,15,6,5,,,,,,Purchasing Conditions,no,
CX.LOANTOBEVESTED,LOANTOBEVESTED,custom,DROPDOWNLIST,DROPDOWNLIST,str x528,$.customFields[?(@.fieldName == 'CX.LOANTOBEVESTED')].value,loan.customFields[(fieldName == 'CX.LOANTOBEVESTED')].value,no,,309,63.1,215,85.7,2,,,,,,Started,yes,
CX.LOCOMPENSATION,LO Compensation ,custom,DECIMAL_2,DECIMAL_2,int x155 | float x22,$.customFields[?(@.fieldName == 'CX.LOCOMPENSATION')].value,loan.customFields[(fieldName == 'CX.LOCOMPENSATION')].value,no,,69,14.1,0,0,37,1,55,100,789.5,9018.75,Docs Out,yes,identifying-or-high-cardinality
CX.LOWEROFASISVALUEANDPURCHA,Lower of as IS value and purchase price ,custom,STRING,STRING,str x556,$.customFields[?(@.fieldName == 'CX.LOWEROFASISVALUEANDPURCHA')].value,loan.customFields[(fieldName == 'CX.LOWEROFASISVALUEANDPURCHA')].value,no,,0,0,181,72.1,129,,,,,,,no,identifying-or-high-cardinality
CX.MAXARV,Max ARV LTV for this borrower / tier,custom,DECIMAL_4,DECIMAL_4,int x217 | float x2,$.customFields[?(@.fieldName == 'CX.MAXARV')].value,loan.customFields[(fieldName == 'CX.MAXARV')].value,no,,1,0.2,218,86.9,7,59.375,70,75,75,76,,yes,
CX.MAXASSIGNMEN$,Max assignment $,custom,DECIMAL_2,DECIMAL_2,int x254 | float x1,$.customFields[?(@.fieldName == 'CX.MAXASSIGNMEN$')].value,loan.customFields[(fieldName == 'CX.MAXASSIGNMEN$')].value,no,,7,1.4,246,98,11,4400,50000,100000,100000,9999999,,no,
CX.MAXASSIGNMENT,Max assignment % of base purchase,custom,DECIMAL_4,DECIMAL_4,int x259,$.customFields[?(@.fieldName == 'CX.MAXASSIGNMENT')].value,loan.customFields[(fieldName == 'CX.MAXASSIGNMENT')].value,no,,7,1.4,250,99.6,7,10,15,15,20,200,,no,
CX.MAXINITIALLOAN,Max initial loan amount ,custom,DECIMAL_2,DECIMAL_2,int x218 | float x6,$.customFields[?(@.fieldName == 'CX.MAXINITIALLOAN')].value,loan.customFields[(fieldName == 'CX.MAXINITIALLOAN')].value,no,,0,0,194,77.3,162,76500,135000,310500,387000,819000,,no,identifying-or-high-cardinality
CX.MAXINITIALLTV,Max initial LTV %,custom,DECIMAL_4,DECIMAL_4,int x212 | float x7,$.customFields[?(@.fieldName == 'CX.MAXINITIALLTV')].value,loan.customFields[(fieldName == 'CX.MAXINITIALLTV')].value,no,,1,0.2,218,86.9,15,55.89,90,90,95,100,,yes,
CX.MAXLOANBYARVLTV,Max loan by ARV LTV,custom,DECIMAL_2,DECIMAL_2,int x193 | float x2,$.customFields[?(@.fieldName == 'CX.MAXLOANBYARVLTV')].value,loan.customFields[(fieldName == 'CX.MAXLOANBYARVLTV')].value,no,,1,0.2,194,77.3,133,98000,225000,390000,478125,1012500,,no,identifying-or-high-cardinality
CX.MAXLOANBYLTC,Max loan by LTC,custom,DECIMAL_2,DECIMAL_2,int x152 | float x57,$.customFields[?(@.fieldName == 'CX.MAXLOANBYLTC')].value,loan.customFields[(fieldName == 'CX.MAXLOANBYLTC')].value,no,,0,0,195,77.7,186,105912.5,161875,342250,448072.5,642875,,no,identifying-or-high-cardinality
CX.MAXLOANVIR, Max loan  according to value increase ratio,custom,DECIMAL_2,DECIMAL_2,int x520 | float x20,$.customFields[?(@.fieldName == 'CX.MAXLOANVIR')].value,loan.customFields[(fieldName == 'CX.MAXLOANVIR')].value,no,,179,36.5,1,0.4,130,34425,153000,210375,382500,1211250,Loan Setup,no,identifying-or-high-cardinality
CX.MAXLTC,Max LTC for this borrower / tier,custom,DECIMAL_4,DECIMAL_4,float x151 | int x68,$.customFields[?(@.fieldName == 'CX.MAXLTC')].value,loan.customFields[(fieldName == 'CX.MAXLTC')].value,no,,1,0.2,218,86.9,16,55.88,90,92.5,95.5,110,,yes,
CX.MAXTOTALLOAN,Max total loan amount ,custom,DECIMAL_2,DECIMAL_2,int x371 | float x6,$.customFields[?(@.fieldName == 'CX.MAXTOTALLOAN')].value,loan.customFields[(fieldName == 'CX.MAXTOTALLOAN')].value,no,,0,0,193,76.9,182,98000,210000,345000,410000,570000,,yes,identifying-or-high-cardinality
CX.MIDDLESCORE,middle score,custom,STRING,STRING,str x577,$.customFields[?(@.fieldName == 'CX.MIDDLESCORE')].value,loan.customFields[(fieldName == 'CX.MIDDLESCORE')].value,no,,260,53.1,130,51.8,106,,,,,,Loan Setup,no,identifying-or-high-cardinality
CX.MIDDLESCORECOB,Middle Score Co bo ,custom,STRING,STRING,str x24,$.customFields[?(@.fieldName == 'CX.MIDDLESCORECOB')].value,loan.customFields[(fieldName == 'CX.MIDDLESCORECOB')].value,no,,13,2.7,11,4.4,21,,,,,,Purchasing Conditions,no,identifying-or-high-cardinality
CX.MIDHIGHERSCOREBORRCOBORR,Higher qualifying score between borrower and co borrower ,custom,STRING,STRING,str x556,$.customFields[?(@.fieldName == 'CX.MIDHIGHERSCOREBORRCOBORR')].value,loan.customFields[(fieldName == 'CX.MIDHIGHERSCOREBORRCOBORR')].value,no,,242,49.4,128,51,101,,,,,,Loan Setup,no,identifying-or-high-cardinality
CX.MINIMUMBORROWERCONTRIBU,Minimum borrower contribution requirement,custom,DROPDOWNLIST,DROPDOWNLIST,str x2,$.customFields[?(@.fieldName == 'CX.MINIMUMBORROWERCONTRIBU')].value,loan.customFields[(fieldName == 'CX.MINIMUMBORROWERCONTRIBU')].value,no,,2,0.4,0,0,2,,,,,,,no,
CX.MULTIPROPERTYFLAG,Multiproperty Flag,custom,DROPDOWNLIST,DROPDOWNLIST,str x216,$.customFields[?(@.fieldName == 'CX.MULTIPROPERTYFLAG')].value,loan.customFields[(fieldName == 'CX.MULTIPROPERTYFLAG')].value,no,,1,0.2,215,85.7,2,,,,,,,yes,
CX.NUMBEROFFIXANDFLIPS,Number of fix and flips done,custom,INTEGER,INTEGER,int x253,$.customFields[?(@.fieldName == 'CX.NUMBEROFFIXANDFLIPS')].value,loan.customFields[(fieldName == 'CX.NUMBEROFFIXANDFLIPS')].value,no,,0,0,102,40.6,17,,,,,,,no,
CX.NUMBEROFMONTHSSINCEPU,number of months since purchase or most recent cash-out?,custom,STRING,STRING,str x6,$.customFields[?(@.fieldName == 'CX.NUMBEROFMONTHSSINCEPU')].value,loan.customFields[(fieldName == 'CX.NUMBEROFMONTHSSINCEPU')].value,no,,6,1.2,0,0,5,,,,,,,no,
CX.NUMBEROFOCCUPIEDUNITS,Number of occupied units and number of vacant units?,custom,STRING,STRING,str x4,$.customFields[?(@.fieldName == 'CX.NUMBEROFOCCUPIEDUNITS')].value,loan.customFields[(fieldName == 'CX.NUMBEROFOCCUPIEDUNITS')].value,no,,4,0.8,0,0,4,,,,,,,no,
CX.NUMBEROFSIMILARDEALS,Number of “similar” deals,custom,INTEGER,INTEGER,int x253,$.customFields[?(@.fieldName == 'CX.NUMBEROFSIMILARDEALS')].value,loan.customFields[(fieldName == 'CX.NUMBEROFSIMILARDEALS')].value,no,,0,0,3,1.2,2,,,,,,,no,
CX.ORIGINALCONTRACTPURCHASEP,Original Purchase price,custom,DECIMAL_2,DECIMAL_2,int x214 | float x1,$.customFields[?(@.fieldName == 'CX.ORIGINALCONTRACTPURCHASEP')].value,loan.customFields[(fieldName == 'CX.ORIGINALCONTRACTPURCHASEP')].value,no,,15,3.1,199,79.3,134,75000,132500,285000,400000,910000,Purchasing Conditions,yes,identifying-or-high-cardinality
CX.ORIGINATIONFEE,Origination fee ,custom,STRING,STRING,str x178,$.customFields[?(@.fieldName == 'CX.ORIGINATIONFEE')].value,loan.customFields[(fieldName == 'CX.ORIGINATIONFEE')].value,no,,96,19.6,0,0,54,,,,,,Investor Delivery,yes,identifying-or-high-cardinality
CX.OTHERFILECONTACT,Other File Contact,custom,STRING,STRING,str x5,$.customFields[?(@.fieldName == 'CX.OTHERFILECONTACT')].value,loan.customFields[(fieldName == 'CX.OTHERFILECONTACT')].value,no,,5,1,0,0,3,,,,,,,no,identifying-or-high-cardinality
CX.OTHERREO,OTHER REO,custom,INTEGER,INTEGER,int x252,$.customFields[?(@.fieldName == 'CX.OTHERREO')].value,loan.customFields[(fieldName == 'CX.OTHERREO')].value,no,,0,0,4,1.6,4,,,,,,,no,
CX.OUTOFPOCKETREHAB,Out of pocket rehab ,custom,DECIMAL_2,DECIMAL_2,int x615 | float x2,$.customFields[?(@.fieldName == 'CX.OUTOFPOCKETREHAB')].value,loan.customFields[(fieldName == 'CX.OUTOFPOCKETREHAB')].value,no,,0,0,55,21.9,54,-500000,-146250,1317.5,33075,476600,,yes,identifying-or-high-cardinality
CX.PAIR1.BORROWER.FICO,Borrower Pair 1 FICO,custom,INTEGER,INTEGER,int x408,$.customFields[?(@.fieldName == 'CX.PAIR1.BORROWER.FICO')].value,loan.customFields[(fieldName == 'CX.PAIR1.BORROWER.FICO')].value,no,,270,55.1,132,52.6,106,,,,,,Started,no,identifying-or-high-cardinality
CX.PAIR1.COBORROWER.FICO,Co-Borrower Pair 1 FICO,custom,INTEGER,INTEGER,int x25,$.customFields[?(@.fieldName == 'CX.PAIR1.COBORROWER.FICO')].value,loan.customFields[(fieldName == 'CX.PAIR1.COBORROWER.FICO')].value,no,,14,2.9,11,4.4,22,,,,,,Purchasing Conditions,no,
CX.PAIR2.BORROWER.FICO,Borrower Pair 2 FICO,custom,INTEGER,INTEGER,int x15,$.customFields[?(@.fieldName == 'CX.PAIR2.BORROWER.FICO')].value,loan.customFields[(fieldName == 'CX.PAIR2.BORROWER.FICO')].value,no,,14,2.9,0,0,7,,,,,,Purchasing Conditions,no,
CX.PAIR3.BORROWER.FICO,Borrower Pair 3 FICO,custom,INTEGER,INTEGER,int x3,$.customFields[?(@.fieldName == 'CX.PAIR3.BORROWER.FICO')].value,loan.customFields[(fieldName == 'CX.PAIR3.BORROWER.FICO')].value,no,,3,0.6,0,0,3,,,,,,,no,
CX.PAIRS16,Borrower Pair 1-6,custom,INTEGER,INTEGER,int x408,$.customFields[?(@.fieldName == 'CX.PAIRS16')].value,loan.customFields[(fieldName == 'CX.PAIRS16')].value,no,,270,55.1,132,52.6,113,,,,,,Started,no,identifying-or-high-cardinality
CX.PITIA,Total PITIA (P&I + Taxes + Insurance + MI + HOA),custom,DECIMAL,DECIMAL,float x700 | int x70,$.customFields[?(@.fieldName == 'CX.PITIA')].value,loan.customFields[(fieldName == 'CX.PITIA')].value,no,,488,99.6,250,99.6,701,-584076.36,2245,2256.97,2356.97,1075763.75,Started,no,identifying-or-high-cardinality
CX.POST-REHABSQFT,Post-Rehab Sqft,custom,STRING,STRING,str x114,$.customFields[?(@.fieldName == 'CX.POST-REHABSQFT')].value,loan.customFields[(fieldName == 'CX.POST-REHABSQFT')].value,no,,0,0,114,45.4,105,,,,,,,no,identifying-or-high-cardinality
CX.PPPTERM,PPP TERM,custom,DROPDOWNLIST,DROPDOWNLIST,str x307,$.customFields[?(@.fieldName == 'CX.PPPTERM')].value,loan.customFields[(fieldName == 'CX.PPPTERM')].value,no,,296,60.4,9,3.6,7,,,,,,Started,yes,
CX.PPPTYPE,PPP Type,custom,DROPDOWNLIST,DROPDOWNLIST,str x302,$.customFields[?(@.fieldName == 'CX.PPPTYPE')].value,loan.customFields[(fieldName == 'CX.PPPTYPE')].value,no,,291,59.4,9,3.6,8,,,,,,Started,yes,
CX.PRE-REHABSQFT,Pre-Rehab Sqft,custom,STRING,STRING,str x116,$.customFields[?(@.fieldName == 'CX.PRE-REHABSQFT')].value,loan.customFields[(fieldName == 'CX.PRE-REHABSQFT')].value,no,,0,0,116,46.2,107,,,,,,,no,identifying-or-high-cardinality
CX.PRICINGDETAILS,Pricing details priced based on charge. ,custom,STRING,STRING,str x6,$.customFields[?(@.fieldName == 'CX.PRICINGDETAILS')].value,loan.customFields[(fieldName == 'CX.PRICINGDETAILS')].value,no,,6,1.2,0,0,6,,,,,,,no,
CX.PROPERTYTYPE,PROPERTY TYPE,custom,DROPDOWNLIST,DROPDOWNLIST,str x506,$.customFields[?(@.fieldName == 'CX.PROPERTYTYPE')].value,loan.customFields[(fieldName == 'CX.PROPERTYTYPE')].value,no,,318,64.9,182,72.5,7,,,,,,Started,yes,
CX.PULLEDCREDIT,pulled credit,custom,DROPDOWNLIST,DROPDOWNLIST,str x279,$.customFields[?(@.fieldName == 'CX.PULLEDCREDIT')].value,loan.customFields[(fieldName == 'CX.PULLEDCREDIT')].value,no,,271,55.3,6,2.4,5,,,,,,Started,yes,
CX.PURCHASECONTRACT-FORP,Purchase contract - For purchase transaction,custom,X,X,bool x185,$.customFields[?(@.fieldName == 'CX.PURCHASECONTRACT-FORP')].value,loan.customFields[(fieldName == 'CX.PURCHASECONTRACT-FORP')].value,no,,55,11.2,130,51.8,1,,,,,,LO Prep,no,
CX.RECENTLYLISTEDFORSALE?,Recently listed for sale? ,custom,X,X,bool x3,$.customFields[?(@.fieldName == 'CX.RECENTLYLISTEDFORSALE?')].value,loan.customFields[(fieldName == 'CX.RECENTLYLISTEDFORSALE?')].value,no,,3,0.6,0,0,1,,,,,,,no,
CX.REHABBUDGET,Rehab Budget,custom,DECIMAL_2,DECIMAL_2,int x195,$.customFields[?(@.fieldName == 'CX.REHABBUDGET')].value,loan.customFields[(fieldName == 'CX.REHABBUDGET')].value,no,,0,0,194,77.3,104,15000,39000,60000,100000,600000,,yes,identifying-or-high-cardinality
CX.REHABTYPE,REHAB TYPE,custom,DROPDOWNLIST,DROPDOWNLIST,str x172,$.customFields[?(@.fieldName == 'CX.REHABTYPE')].value,loan.customFields[(fieldName == 'CX.REHABTYPE')].value,no,,0,0,172,68.5,5,,,,,,,yes,
CX.RENT-PAYINGTENANT,Rent-paying tenant,custom,DROPDOWNLIST,DROPDOWNLIST,str x1,$.customFields[?(@.fieldName == 'CX.RENT-PAYINGTENANT')].value,loan.customFields[(fieldName == 'CX.RENT-PAYINGTENANT')].value,no,,1,0.2,0,0,1,,,,,,,no,
CX.RENTFREEEXPLANATION-L,Rent Free Explanation - LOE,custom,STRING,STRING,str x18,$.customFields[?(@.fieldName == 'CX.RENTFREEEXPLANATION-L')].value,loan.customFields[(fieldName == 'CX.RENTFREEEXPLANATION-L')].value,no,,18,3.7,0,0,15,,,,,,Purchasing Conditions,no,identifying-or-high-cardinality
CX.REOEONCREDIT,REO Entered on Credit,custom,X,X,bool x195,$.customFields[?(@.fieldName == 'CX.REOEONCREDIT')].value,loan.customFields[(fieldName == 'CX.REOEONCREDIT')].value,no,,193,39.4,1,0.4,1,,,,,,Loan Setup,no,
CX.REOINFORMATION,REO Information,custom,STRING,STRING,str x6,$.customFields[?(@.fieldName == 'CX.REOINFORMATION')].value,loan.customFields[(fieldName == 'CX.REOINFORMATION')].value,no,,6,1.2,0,0,4,,,,,,Purchasing Conditions,no,identifying-or-high-cardinality
CX.REPEATBORROWER,Repeat Borrower,custom,DROPDOWNLIST,DROPDOWNLIST,str x133,$.customFields[?(@.fieldName == 'CX.REPEATBORROWER')].value,loan.customFields[(fieldName == 'CX.REPEATBORROWER')].value,no,,0,0,133,53,2,,,,,,,no,
CX.RESERVES, Reserves,custom,DROPDOWNLIST,DROPDOWNLIST,str x430,$.customFields[?(@.fieldName == 'CX.RESERVES')].value,loan.customFields[(fieldName == 'CX.RESERVES')].value,no,,277,56.5,152,60.6,7,,,,,,Started,yes,
CX.REVIEWEDFILEWITHTEAML,Reviewed file with team lead ,custom,X,X,bool x1,$.customFields[?(@.fieldName == 'CX.REVIEWEDFILEWITHTEAML')].value,loan.customFields[(fieldName == 'CX.REVIEWEDFILEWITHTEAML')].value,no,,1,0.2,0,0,1,,,,,,,no,
CX.RTLCASHTOCLOSEESTIMAT,Cash to close (Estimate),custom,DECIMAL_2,DECIMAL_2,float x295 | int x263,$.customFields[?(@.fieldName == 'CX.RTLCASHTOCLOSEESTIMAT')].value,loan.customFields[(fieldName == 'CX.RTLCASHTOCLOSEESTIMAT')].value,no,,331,67.6,214,85.3,448,144.24,2095,2245,3745,854845,Started,yes,identifying-or-high-cardinality
CX.RTLDOWNPAYMENT,rtl Down payment ,custom,DECIMAL_2,DECIMAL_2,int x552 | float x5,$.customFields[?(@.fieldName == 'CX.RTLDOWNPAYMENT')].value,loan.customFields[(fieldName == 'CX.RTLDOWNPAYMENT')].value,no,,85,17.3,173,68.9,219,11000,32575,60000,300000,1250000,LO Prep,yes,identifying-or-high-cardinality
CX.RTLMOREQUIREDRESERVES,RTL months required reserve ,custom,STRING,STRING,str x142,$.customFields[?(@.fieldName == 'CX.RTLMOREQUIREDRESERVES')].value,loan.customFields[(fieldName == 'CX.RTLMOREQUIREDRESERVES')].value,no,,0,0,132,52.6,3,,,,,,,no,
CX.RTLPERRESERVEOFLOAN,RTL Percentage reserve of loan ,custom,DECIMAL_4,DECIMAL_4,int x52 | float x1,$.customFields[?(@.fieldName == 'CX.RTLPERRESERVEOFLOAN')].value,loan.customFields[(fieldName == 'CX.RTLPERRESERVEOFLOAN')].value,no,,0,0,12,4.8,2,5,5,5,5,22266.64,,no,
CX.RTLRESERVEDOLLAR,RTL Reserve dollar amount ,custom,DECIMAL_2,DECIMAL_2,int x461 | float x96,$.customFields[?(@.fieldName == 'CX.RTLRESERVEDOLLAR')].value,loan.customFields[(fieldName == 'CX.RTLRESERVEDOLLAR')].value,no,,0,0,110,43.8,108,2746.89,4554.06,10779.99,17898,45898.32,,no,identifying-or-high-cardinality
CX.RTLRESERVEOFLOAN,RTL Reserve percentage of loan $,custom,DECIMAL_2,DECIMAL_2,int x551 | float x6,$.customFields[?(@.fieldName == 'CX.RTLRESERVEOFLOAN')].value,loan.customFields[(fieldName == 'CX.RTLRESERVEOFLOAN')].value,no,,0,0,12,4.8,12,5000,19425,22956.25,26780.625,72143913.6,,no,
CX.RTLTITLEOTHERCOSTS,RTL Title & Other Costs,custom,DECIMAL_2,DECIMAL_2,int x65 | float x2,$.customFields[?(@.fieldName == 'CX.RTLTITLEOTHERCOSTS')].value,loan.customFields[(fieldName == 'CX.RTLTITLEOTHERCOSTS')].value,no,,0,0,37,14.7,8,3000,5000,5000,5000,10000,,no,
CX.SCOPEOFWORKINFILE,Scope of work in file,custom,X,X,bool x2,$.customFields[?(@.fieldName == 'CX.SCOPEOFWORKINFILE')].value,loan.customFields[(fieldName == 'CX.SCOPEOFWORKINFILE')].value,no,,0,0,2,0.8,1,,,,,,,no,
CX.SELLLOCKPRICE,SELLLOCKPRICE,custom,STRING,STRING,str x180,$.customFields[?(@.fieldName == 'CX.SELLLOCKPRICE')].value,loan.customFields[(fieldName == 'CX.SELLLOCKPRICE')].value,no,,167,34.1,0,0,114,,,,,,Docs Out,yes,identifying-or-high-cardinality
CX.SELLLOCKPRICEA,SELLLOCKPRICE$,custom,STRING,STRING,str x177,$.customFields[?(@.fieldName == 'CX.SELLLOCKPRICEA')].value,loan.customFields[(fieldName == 'CX.SELLLOCKPRICEA')].value,no,,68,13.9,0,0,66,,,,,,Final Docs,no,identifying-or-high-cardinality
CX.SENTOUTINITIALDISCLOSU,Sent out initial disclosures ,custom,X,X,bool x229,$.customFields[?(@.fieldName == 'CX.SENTOUTINITIALDISCLOSU')].value,loan.customFields[(fieldName == 'CX.SENTOUTINITIALDISCLOSU')].value,no,,227,46.3,1,0.4,1,,,,,,Loan Setup,no,
CX.SERVICINGTRANSFERDATE,Servicing transfer date,custom,DATE,DATE,date x3,$.customFields[?(@.fieldName == 'CX.SERVICINGTRANSFERDATE')].value,loan.customFields[(fieldName == 'CX.SERVICINGTRANSFERDATE')].value,no,,3,0.6,0,0,1,,,,,,,no,
CX.SETUPTHEPPPSECTION,Set up the PPP  Section,custom,X,X,bool x1,$.customFields[?(@.fieldName == 'CX.SETUPTHEPPPSECTION')].value,loan.customFields[(fieldName == 'CX.SETUPTHEPPPSECTION')].value,no,,1,0.2,0,0,1,,,,,,,no,
CX.SUBJECTMORTGAGESTATEMEN,Subject mortgage statement - For refi,custom,X,X,bool x213,$.customFields[?(@.fieldName == 'CX.SUBJECTMORTGAGESTATEMEN')].value,loan.customFields[(fieldName == 'CX.SUBJECTMORTGAGESTATEMEN')].value,no,,208,42.4,2,0.8,1,,,,,,Started,no,
CX.SUBMITEDTOINVESTOR,Submited to Investor ,custom,X,X,bool x227,$.customFields[?(@.fieldName == 'CX.SUBMITEDTOINVESTOR')].value,loan.customFields[(fieldName == 'CX.SUBMITEDTOINVESTOR')].value,no,,224,45.7,1,0.4,1,,,,,,Loan Setup,no,
CX.TABLEFUNDER,TABLE FUNDER,custom,DROPDOWNLIST,DROPDOWNLIST,str x512,$.customFields[?(@.fieldName == 'CX.TABLEFUNDER')].value,loan.customFields[(fieldName == 'CX.TABLEFUNDER')].value,no,,319,65.1,186,74.1,10,,,,,,Started,yes,
CX.TITLECONTACT,Title Contact,custom,STRING,STRING,str x62,$.customFields[?(@.fieldName == 'CX.TITLECONTACT')].value,loan.customFields[(fieldName == 'CX.TITLECONTACT')].value,no,,58,11.8,4,1.6,42,,,,,,Loan Setup,no,identifying-or-high-cardinality
CX.TITLEORDERED,Title Ordered,custom,X,X,bool x252,$.customFields[?(@.fieldName == 'CX.TITLEORDERED')].value,loan.customFields[(fieldName == 'CX.TITLEORDERED')].value,no,,239,48.8,10,4,1,,,,,,Loan Setup,yes,
CX.TODAYS.DATE,Today's Current Date,custom,DATE,DATE,date x772,$.customFields[?(@.fieldName == 'CX.TODAYS.DATE')].value,loan.customFields[(fieldName == 'CX.TODAYS.DATE')].value,no,,490,100,251,100,164,,,,,,Started,no,identifying-or-high-cardinality
CX.TOTALCOST,Total project cost,custom,DECIMAL_2,DECIMAL_2,int x487 | float x5,$.customFields[?(@.fieldName == 'CX.TOTALCOST')].value,loan.customFields[(fieldName == 'CX.TOTALCOST')].value,no,,0,0,196,78.1,177,80000,180000,392250,551675,695000,,yes,identifying-or-high-cardinality
CX.TOTALEXPERIENCEDEALS,Total experience deals,custom,INTEGER,INTEGER,int x250,$.customFields[?(@.fieldName == 'CX.TOTALEXPERIENCEDEALS')].value,loan.customFields[(fieldName == 'CX.TOTALEXPERIENCEDEALS')].value,no,,0,0,136,54.2,18,,,,,,,yes,
CX.TOTALLIQUIDITY,Total liquidity requirement ,custom,DECIMAL_2,DECIMAL_2,float x334 | int x224,$.customFields[?(@.fieldName == 'CX.TOTALLIQUIDITY')].value,loan.customFields[(fieldName == 'CX.TOTALLIQUIDITY')].value,no,,331,67.6,214,85.3,450,144.24,2095,2245,3857.14,854845,Started,no,identifying-or-high-cardinality
CX.TOTALVALUEINCREASE,Total value increase ,custom,DECIMAL_2,DECIMAL_2,int x539 | float x1,$.customFields[?(@.fieldName == 'CX.TOTALVALUEINCREASE')].value,loan.customFields[(fieldName == 'CX.TOTALVALUEINCREASE')].value,no,,262,53.5,181,72.1,262,40000,200000,400000,590000,850000,Started,no,identifying-or-high-cardinality
CX.TOTALVERIFIEDEXPERIENCE,Total Verified experience,custom,STRING,STRING,str x15,$.customFields[?(@.fieldName == 'CX.TOTALVERIFIEDEXPERIENCE')].value,loan.customFields[(fieldName == 'CX.TOTALVERIFIEDEXPERIENCE')].value,no,,0,0,13,5.2,5,,,,,,,no,
CX.TOUCHES.ALL.USERHOURS,User Touches - All User-Hours - One User Per Line,custom,STRING,STRING,str x736,$.customFields[?(@.fieldName == 'CX.TOUCHES.ALL.USERHOURS')].value,loan.customFields[(fieldName == 'CX.TOUCHES.ALL.USERHOURS')].value,no,,475,96.9,248,98.8,548,,,,,,Started,no,identifying-or-high-cardinality
CX.TOUCHES.LO,User Touches - LO Counter,custom,INTEGER,INTEGER,int x512,$.customFields[?(@.fieldName == 'CX.TOUCHES.LO')].value,loan.customFields[(fieldName == 'CX.TOUCHES.LO')].value,no,,315,64.3,186,74.1,52,,,,,,Started,no,identifying-or-high-cardinality
CX.TOUCHES.LO.HOURS,User Touches - LO Hours,custom,DECIMAL_2,DECIMAL_2,float x506 | int x6,$.customFields[?(@.fieldName == 'CX.TOUCHES.LO.HOURS')].value,loan.customFields[(fieldName == 'CX.TOUCHES.LO.HOURS')].value,no,,313,63.9,185,73.7,272,0.01,0.09,0.18,0.43,1.16,Started,no,identifying-or-high-cardinality
CX.TOUCHES.LO.USERHOURS,User Touches - LO User-Hours - One User Per Line,custom,STRING,STRING,str x512,$.customFields[?(@.fieldName == 'CX.TOUCHES.LO.USERHOURS')].value,loan.customFields[(fieldName == 'CX.TOUCHES.LO.USERHOURS')].value,no,,315,64.3,186,74.1,509,,,,,,Started,no,identifying-or-high-cardinality
CX.TOUCHES.LP,User Touches - LP Counter,custom,INTEGER,INTEGER,int x437,$.customFields[?(@.fieldName == 'CX.TOUCHES.LP')].value,loan.customFields[(fieldName == 'CX.TOUCHES.LP')].value,no,,296,60.4,135,53.8,81,,,,,,Started,no,identifying-or-high-cardinality
CX.TOUCHES.LP.HOURS,User Touches - LP Hours,custom,DECIMAL_2,DECIMAL_2,float x419 | int x18,$.customFields[?(@.fieldName == 'CX.TOUCHES.LP.HOURS')].value,loan.customFields[(fieldName == 'CX.TOUCHES.LP.HOURS')].value,no,,286,58.4,128,51,334,0.01,0.13,0.37,1.9875,7.76,Started,no,identifying-or-high-cardinality
CX.TOUCHES.LP.USERHOURS,User Touches - LP User-Hours - One User Per Line,custom,STRING,STRING,str x437,$.customFields[?(@.fieldName == 'CX.TOUCHES.LP.USERHOURS')].value,loan.customFields[(fieldName == 'CX.TOUCHES.LP.USERHOURS')].value,no,,296,60.4,135,53.8,417,,,,,,Started,no,identifying-or-high-cardinality
CX.TOUCHES.UNASS.CNT,User Touches - Unassigned User Counter,custom,INTEGER,INTEGER,int x51,$.customFields[?(@.fieldName == 'CX.TOUCHES.UNASS.CNT')].value,loan.customFields[(fieldName == 'CX.TOUCHES.UNASS.CNT')].value,no,,45,9.2,6,2.4,5,,,,,,Purchasing Conditions,no,
CX.TOUCHES.UNASS.HOURS,User Touches - Unassigned Users Hours,custom,DECIMAL_2,DECIMAL_2,float x51,$.customFields[?(@.fieldName == 'CX.TOUCHES.UNASS.HOURS')].value,loan.customFields[(fieldName == 'CX.TOUCHES.UNASS.HOURS')].value,no,,45,9.2,6,2.4,25,0.06,0.07,0.13,0.25,1.32,Purchasing Conditions,no,
CX.TOUCHES.UNASS.USERHOURS,User Touches - Unassigned User-Hours - One User Per Line,custom,STRING,STRING,str x51,$.customFields[?(@.fieldName == 'CX.TOUCHES.UNASS.USERHOURS')].value,loan.customFields[(fieldName == 'CX.TOUCHES.UNASS.USERHOURS')].value,no,,45,9.2,6,2.4,43,,,,,,Purchasing Conditions,no,identifying-or-high-cardinality
CX.TOUCHES.UNASS.USERS,User Touches - List of Unassigned User IDs,custom,STRING,STRING,str x51,$.customFields[?(@.fieldName == 'CX.TOUCHES.UNASS.USERS')].value,loan.customFields[(fieldName == 'CX.TOUCHES.UNASS.USERS')].value,no,,45,9.2,6,2.4,2,,,,,,Purchasing Conditions,no,
CX.TOUCHES.UW,User Touches - UE Counter,custom,INTEGER,INTEGER,int x4,$.customFields[?(@.fieldName == 'CX.TOUCHES.UW')].value,loan.customFields[(fieldName == 'CX.TOUCHES.UW')].value,no,,4,0.8,0,0,4,,,,,,,no,
CX.TOUCHES.UW.HOURS,User Touches - UW Hours,custom,DECIMAL_2,DECIMAL_2,float x4,$.customFields[?(@.fieldName == 'CX.TOUCHES.UW.HOURS')].value,loan.customFields[(fieldName == 'CX.TOUCHES.UW.HOURS')].value,no,,4,0.8,0,0,4,1.47,1.6625,2.95,7.155,8.32,,no,
CX.TOUCHES.UW.USERHOURS,User Touches - UW User-Hours - One User Per Line,custom,STRING,STRING,str x4,$.customFields[?(@.fieldName == 'CX.TOUCHES.UW.USERHOURS')].value,loan.customFields[(fieldName == 'CX.TOUCHES.UW.USERHOURS')].value,no,,4,0.8,0,0,4,,,,,,,no,
CX.TRADELINEREQUIREMENTDET,Tradeline Requirement details,custom,STRING,STRING,str x1,$.customFields[?(@.fieldName == 'CX.TRADELINEREQUIREMENTDET')].value,loan.customFields[(fieldName == 'CX.TRADELINEREQUIREMENTDET')].value,no,,1,0.2,0,0,1,,,,,,,no,
CX.UC.APPRAISED.VALUE,UW Comparison - Appraised Value,custom,INTEGER,INTEGER,int x38,$.customFields[?(@.fieldName == 'CX.UC.APPRAISED.VALUE')].value,loan.customFields[(fieldName == 'CX.UC.APPRAISED.VALUE')].value,no,,37,7.6,1,0.4,35,,,,,,Purchasing Conditions,no,identifying-or-high-cardinality
CX.UC.CHANGES,UW Comparison - Changes,custom,DROPDOWNLIST,DROPDOWNLIST,str x772,$.customFields[?(@.fieldName == 'CX.UC.CHANGES')].value,loan.customFields[(fieldName == 'CX.UC.CHANGES')].value,no,,490,100,251,100,2,,,,,,Started,no,
CX.UC.CLTV,UW Comparison - CLTV,custom,DECIMAL_3,DECIMAL_3,int x45 | float x23,$.customFields[?(@.fieldName == 'CX.UC.CLTV')].value,loan.customFields[(fieldName == 'CX.UC.CLTV')].value,no,,64,13.1,2,0.8,30,18.182,74.773,75,80,104.783,Cond. Approval,no,identifying-or-high-cardinality
CX.UC.FICO,UW Comparison - Fico,custom,INTEGER,INTEGER,int x16,$.customFields[?(@.fieldName == 'CX.UC.FICO')].value,loan.customFields[(fieldName == 'CX.UC.FICO')].value,no,,15,3.1,1,0.4,13,,,,,,Purchasing Conditions,no,
CX.UC.FUNDS.VERIFIED,UW Comparison - Funds verified ,custom,DECIMAL_2,DECIMAL_2,int x6 | float x2,$.customFields[?(@.fieldName == 'CX.UC.FUNDS.VERIFIED')].value,loan.customFields[(fieldName == 'CX.UC.FUNDS.VERIFIED')].value,no,,6,1.2,0,0,8,22090,36250,73092.5,137565.045,270000,,no,
CX.UC.IMPOUNDS,UW Comparison - Impounds,custom,YN,YN,bool x73,$.customFields[?(@.fieldName == 'CX.UC.IMPOUNDS')].value,loan.customFields[(fieldName == 'CX.UC.IMPOUNDS')].value,no,,66,13.5,1,0.4,1,,,,,,Cond. Approval,no,
CX.UC.INVESTOR,UW Comparison - Investor,custom,STRING,STRING,str x33,$.customFields[?(@.fieldName == 'CX.UC.INVESTOR')].value,loan.customFields[(fieldName == 'CX.UC.INVESTOR')].value,no,,31,6.3,1,0.4,18,,,,,,Cond. Approval,no,
CX.UC.LOAN.AMT,UW Comparison - Loan Amount,custom,DECIMAL_2,DECIMAL_2,int x70,$.customFields[?(@.fieldName == 'CX.UC.LOAN.AMT')].value,loan.customFields[(fieldName == 'CX.UC.LOAN.AMT')].value,no,,66,13.5,2,0.8,63,135000,251250,438000,530250,875000,Cond. Approval,no,identifying-or-high-cardinality
CX.UC.LOAN.PROGRAM,UW Comparison - Loan Program,custom,STRING,STRING,str x71,$.customFields[?(@.fieldName == 'CX.UC.LOAN.PROGRAM')].value,loan.customFields[(fieldName == 'CX.UC.LOAN.PROGRAM')].value,no,,66,13.5,2,0.8,5,,,,,,Cond. Approval,no,
CX.UC.LOAN.PURPOSE,UW Comparison - Loan Purpose,custom,STRING,STRING,str x70,$.customFields[?(@.fieldName == 'CX.UC.LOAN.PURPOSE')].value,loan.customFields[(fieldName == 'CX.UC.LOAN.PURPOSE')].value,no,,66,13.5,2,0.8,3,,,,,,Cond. Approval,no,
CX.UC.LOAN.TERM,UW Comparison - Loan Term,custom,INTEGER,INTEGER,int x73,$.customFields[?(@.fieldName == 'CX.UC.LOAN.TERM')].value,loan.customFields[(fieldName == 'CX.UC.LOAN.TERM')].value,no,,68,13.9,2,0.8,3,,,,,,Cond. Approval,no,
CX.UC.LOAN.TYPE,UW Comparison - Loan Type,custom,STRING,STRING,str x73,$.customFields[?(@.fieldName == 'CX.UC.LOAN.TYPE')].value,loan.customFields[(fieldName == 'CX.UC.LOAN.TYPE')].value,no,,68,13.9,2,0.8,1,,,,,,Cond. Approval,no,
CX.UC.LOCK.TERM,UW Comparison - Lock Term,custom,INTEGER,INTEGER,int x67,$.customFields[?(@.fieldName == 'CX.UC.LOCK.TERM')].value,loan.customFields[(fieldName == 'CX.UC.LOCK.TERM')].value,no,,66,13.5,1,0.4,4,,,,,,Cond. Approval,no,
CX.UC.LTV,UW Comparison - LTV,custom,DECIMAL_3,DECIMAL_3,int x45 | float x23,$.customFields[?(@.fieldName == 'CX.UC.LTV')].value,loan.customFields[(fieldName == 'CX.UC.LTV')].value,no,,64,13.1,2,0.8,30,19.231,71.429,75,79.07,95,Cond. Approval,no,identifying-or-high-cardinality
CX.UC.NUM.UNITS,UW Comparison - Number of Units,custom,INTEGER,INTEGER,int x70,$.customFields[?(@.fieldName == 'CX.UC.NUM.UNITS')].value,loan.customFields[(fieldName == 'CX.UC.NUM.UNITS')].value,no,,66,13.5,2,0.8,5,,,,,,Cond. Approval,no,
CX.UC.OCCUPANCY,UW Comparison - Occupancy,custom,STRING,STRING,str x73,$.customFields[?(@.fieldName == 'CX.UC.OCCUPANCY')].value,loan.customFields[(fieldName == 'CX.UC.OCCUPANCY')].value,no,,68,13.9,2,0.8,1,,,,,,Cond. Approval,no,
CX.UC.PROPERTY.STATE,UW Comparison - Property State,custom,STATE,STATE,str x70,$.customFields[?(@.fieldName == 'CX.UC.PROPERTY.STATE')].value,loan.customFields[(fieldName == 'CX.UC.PROPERTY.STATE')].value,no,,66,13.5,2,0.8,7,,,,,,Cond. Approval,no,
CX.UC.PROPERTY.TYPE,UW Comparison - Proprty Type,custom,STRING,STRING,str x70,$.customFields[?(@.fieldName == 'CX.UC.PROPERTY.TYPE')].value,loan.customFields[(fieldName == 'CX.UC.PROPERTY.TYPE')].value,no,,66,13.5,2,0.8,1,,,,,,Cond. Approval,no,
CX.UC.RATE,UW Comparison - Rate,custom,DECIMAL_3,DECIMAL_3,float x52 | int x18,$.customFields[?(@.fieldName == 'CX.UC.RATE')].value,loan.customFields[(fieldName == 'CX.UC.RATE')].value,no,,53,10.8,1,0.4,32,5.49,6.5,7,7.5,12.375,Purchasing Conditions,no,identifying-or-high-cardinality
CX.UC.RESERVES,UW Comparison - Reserves,custom,DECIMAL_2,DECIMAL_2,float x25 | int x8,$.customFields[?(@.fieldName == 'CX.UC.RESERVES')].value,loan.customFields[(fieldName == 'CX.UC.RESERVES')].value,no,,28,5.7,2,0.8,32,-394756.97,-130823.9925,-47030.07,2964.57,88265.36,Cond. Approval,no,identifying-or-high-cardinality
CX.UC.SALES.PRICE,UW Comparison - Sales Price,custom,DECIMAL_2,DECIMAL_2,int x24,$.customFields[?(@.fieldName == 'CX.UC.SALES.PRICE')].value,loan.customFields[(fieldName == 'CX.UC.SALES.PRICE')].value,no,,22,4.5,2,0.8,22,127000,255750,485000,724907.5,1750000,Purchasing Conditions,no,
CX.UC.TOTAL.INC,UW Comparison - Total verified income,custom,DECIMAL_2,DECIMAL_2,float x17 | int x4,$.customFields[?(@.fieldName == 'CX.UC.TOTAL.INC')].value,loan.customFields[(fieldName == 'CX.UC.TOTAL.INC')].value,no,,19,3.9,0,0,20,58.43,557.83,1280.83,9942.45,100000,Purchasing Conditions,no,
CX.URGENCYANDTARGETCLOSIN,Urgency and target closing timeframe,custom,STRING,STRING,str x3,$.customFields[?(@.fieldName == 'CX.URGENCYANDTARGETCLOSIN')].value,loan.customFields[(fieldName == 'CX.URGENCYANDTARGETCLOSIN')].value,no,,3,0.6,0,0,3,,,,,,,no,
CX.USEACTUALRENTORMARKET,Use actual rent or market rent?,custom,DROPDOWNLIST,DROPDOWNLIST,str x6,$.customFields[?(@.fieldName == 'CX.USEACTUALRENTORMARKET')].value,loan.customFields[(fieldName == 'CX.USEACTUALRENTORMARKET')].value,no,,6,1.2,0,0,2,,,,,,,no,
CX.USPSADDRESSVERIFICATION,USPS address verification,custom,X,X,bool x262,$.customFields[?(@.fieldName == 'CX.USPSADDRESSVERIFICATION')].value,loan.customFields[(fieldName == 'CX.USPSADDRESSVERIFICATION')].value,no,,250,51,10,4,1,,,,,,Started,no,identifying-or-high-cardinality
CX.VALUEINCREASERATIO,Value increase ratio,custom,DECIMAL_4,DECIMAL_4,int x385 | float x155,$.customFields[?(@.fieldName == 'CX.VALUEINCREASERATIO')].value,loan.customFields[(fieldName == 'CX.VALUEINCREASERATIO')].value,no,,176,35.9,1,0.4,166,96.9697,128.5473,146.7242,200,540,Loan Setup,no,identifying-or-high-cardinality
CX.VERBALAUTHORIZATIONTOP,Verbal authorization to pull credit ,custom,X,X,bool x8,$.customFields[?(@.fieldName == 'CX.VERBALAUTHORIZATIONTOP')].value,loan.customFields[(fieldName == 'CX.VERBALAUTHORIZATIONTOP')].value,no,,8,1.6,0,0,1,,,,,,,no,
CX.VERIFIEDLIQUIDITY,Verified liquidity,custom,DECIMAL_2,DECIMAL_2,float x2 | int x2,$.customFields[?(@.fieldName == 'CX.VERIFIEDLIQUIDITY')].value,loan.customFields[(fieldName == 'CX.VERIFIEDLIQUIDITY')].value,no,,0,0,3,1.2,3,108000,108000,114627.99,72226125.28,72226125.28,,no,
CX.VERIFYADDRESSONID-IF,Verify address On ID- if diff than primary address,custom,X,X,bool x257,$.customFields[?(@.fieldName == 'CX.VERIFYADDRESSONID-IF')].value,loan.customFields[(fieldName == 'CX.VERIFYADDRESSONID-IF')].value,no,,247,50.4,7,2.8,1,,,,,,Loan Setup,no,identifying-or-high-cardinality
CX.VERIFYBORROWERIDNAMES,Verify borrower ID Name spelling / DOB,custom,X,X,bool x259,$.customFields[?(@.fieldName == 'CX.VERIFYBORROWERIDNAMES')].value,loan.customFields[(fieldName == 'CX.VERIFYBORROWERIDNAMES')].value,no,,249,50.8,7,2.8,1,,,,,,Loan Setup,no,identifying-or-high-cardinality
CX.VVOE.VERIFIER.TITLE,VVOE - Verifier Title,custom,STRING,STRING,str x1,$.customFields[?(@.fieldName == 'CX.VVOE.VERIFIER.TITLE')].value,loan.customFields[(fieldName == 'CX.VVOE.VERIFIER.TITLE')].value,no,,0,0,0,0,1,,,,,,,no,
CX.WHICHINVESTOR,WHICH INVESTOR,custom,STRING,STRING,str x451,$.customFields[?(@.fieldName == 'CX.WHICHINVESTOR')].value,loan.customFields[(fieldName == 'CX.WHICHINVESTOR')].value,no,,280,57.1,167,66.5,83,,,,,,Started,yes,identifying-or-high-cardinality
CX.YEARS.AT.EMPLOYER,Years at Employer,custom,DROPDOWNLIST,DROPDOWNLIST,str x10,$.customFields[?(@.fieldName == 'CX.YEARS.AT.EMPLOYER')].value,loan.customFields[(fieldName == 'CX.YEARS.AT.EMPLOYER')].value,no,,6,1.2,0,0,1,,,,,,,no,
CX.YEARS.AT.RESIDENCE,Years at Residence,custom,DROPDOWNLIST,DROPDOWNLIST,str x572,$.customFields[?(@.fieldName == 'CX.YEARS.AT.RESIDENCE')].value,loan.customFields[(fieldName == 'CX.YEARS.AT.RESIDENCE')].value,no,,398,81.2,157,62.5,1,,,,,,Started,no,
DENIAL.X81,Denial Discl Info - Borrower Address Type,standard,String,STRING,str x1,$.applications[0].sofDBorrowerAddressType,loan.currentApplication.sofDBorrowerAddressType,no,no,1,0.2,0,0,1,,,,,,,no,identifying-or-high-cardinality
DENIAL.X82,Denial Discl Info - Borrower Address,standard,String,STRING,str x1,$.applications[0].sofDBorrowerAddress,loan.currentApplication.sofDBorrowerAddress,no,no,1,0.2,0,0,1,,,,,,,no,identifying-or-high-cardinality
DENIAL.X83,Denial Discl Info - Borrower Address - City,standard,String,STRING,str x1,$.applications[0].sofDBorrowerAddressCity,loan.currentApplication.sofDBorrowerAddressCity,no,no,1,0.2,0,0,1,,,,,,,no,identifying-or-high-cardinality
DENIAL.X84,Denial Discl Info - Borrower Address - State,standard,String,STATE,str x1,$.applications[0].sofDBorrowerAddressState,loan.currentApplication.sofDBorrowerAddressState,no,no,1,0.2,0,0,1,,,,,,,no,identifying-or-high-cardinality
DENIAL.X85,Denial Discl Info - Borrower Address - Zipcode,standard,String,ZIPCODE,str x1,$.applications[0].sofDBorrowerAddressZipcode,loan.currentApplication.sofDBorrowerAddressZipcode,no,no,1,0.2,0,0,1,,,,,,,no,identifying-or-high-cardinality
DENIAL.X91,File Contacts Co Name,standard,String,STRING,str x708,$.statementCreditDenial.lenderInvestorName,loan.statementCreditDenial.lenderInvestorName,no,no,468,95.5,232,92.4,9,,,,,,Started,no,identifying-or-high-cardinality
DENIAL.X92,File Contacts Addr,standard,String,STRING,str x693,$.statementCreditDenial.lenderInvestorAddress,loan.statementCreditDenial.lenderInvestorAddress,no,no,458,93.5,228,90.8,4,,,,,,Started,no,
DENIAL.X93,File Contacts City,standard,String,STRING,str x693,$.statementCreditDenial.lenderInvestorCity,loan.statementCreditDenial.lenderInvestorCity,no,no,458,93.5,228,90.8,2,,,,,,Started,no,identifying-or-high-cardinality
DENIAL.X94,File Contacts State,standard,String,STATE,str x693,$.statementCreditDenial.lenderInvestorState,loan.statementCreditDenial.lenderInvestorState,no,no,458,93.5,228,90.8,2,,,,,,Started,no,
DENIAL.X95,File Contacts Zip,standard,String,ZIPCODE,str x693,$.statementCreditDenial.lenderInvestorPostalCode,loan.statementCreditDenial.lenderInvestorPostalCode,no,no,458,93.5,228,90.8,2,,,,,,Started,no,identifying-or-high-cardinality
DENIAL.X96,File Contacts Phone,standard,String,PHONE,str x549,$.statementCreditDenial.lenderInvestorPhone,loan.statementCreditDenial.lenderInvestorPhone,no,no,315,64.3,228,90.8,18,,,,,,Started,no,identifying-or-high-cardinality
DENIAL.X98,Denial Info - Borrower Country,standard,String,STRING,str x1,$.applications[0].sofDBorrCountry,loan.currentApplication.sofDBorrCountry,no,no,1,0.2,0,0,1,,,,,,,no,
DISCLOSURE.X1,Disclosure Cred Bureau 1 Co Name,standard,String,STRING,str x258,$.applications[0].experianName,loan.currentApplication.experianName,no,no,231,47.1,23,9.2,2,,,,,,Started,no,identifying-or-high-cardinality
DISCLOSURE.X2,Disclosure Cred Bureau 1 Co Addr,standard,String,STRING,str x256,$.applications[0].experianAddress,loan.currentApplication.experianAddress,no,no,230,46.9,23,9.2,2,,,,,,Started,no,identifying-or-high-cardinality
DISCLOSURE.X3,Disclosure Cred Bureau 1 Co City,standard,String,STRING,str x256,$.applications[0].experianCity,loan.currentApplication.experianCity,no,no,230,46.9,23,9.2,1,,,,,,Started,no,identifying-or-high-cardinality
DISCLOSURE.X4,Disclosure Cred Bureau 1 Co State,standard,String,STATE,str x256,$.applications[0].experianState,loan.currentApplication.experianState,no,no,230,46.9,23,9.2,1,,,,,,Started,no,
DISCLOSURE.X5,Disclosure Cred Bureau 1 Co Zip,standard,String,ZIPCODE,str x256,$.applications[0].experianPostalCode,loan.currentApplication.experianPostalCode,no,no,230,46.9,23,9.2,1,,,,,,Started,no,identifying-or-high-cardinality
DISCLOSURE.X6,Disclosure Cred Bureau 1 Co Phone,standard,String,PHONE,str x256,$.applications[0].experianPhone,loan.currentApplication.experianPhone,no,no,230,46.9,23,9.2,1,,,,,,Started,no,identifying-or-high-cardinality
DISCLOSURE.X8,Disclosure Cred Bureau 1 Co Model Used,standard,String,STRING,str x314,$.applications[0].experianModel,loan.currentApplication.experianModel,no,no,251,51.2,59,23.5,1,,,,,,Started,no,
DISCLOSURE.X9,Disclosure Cred Bureau 1 Co Range Scores From,standard,String,STRING,str x300,$.applications[0].experianScoreRangeFrom,loan.currentApplication.experianScoreRangeFrom,no,no,240,49,57,22.7,2,,,,,,Started,no,
DISCLOSURE.X10,Disclosure Cred Bureau 1 Co Range Scores To,standard,String,STRING,str x300,$.applications[0].experianScoreRangeTo,loan.currentApplication.experianScoreRangeTo,no,no,240,49,57,22.7,2,,,,,,Started,no,
DISCLOSURE.X11,Disclosure Borr CB1 Credit Score Date,standard,DateTime,DATE,date x314,$.applications[0].borrower.experianDatePulled,loan.currentApplication.borrower.experianDatePulled,no,no,251,51.2,59,23.5,124,,,,,,Started,no,identifying-or-high-cardinality
DISCLOSURE.X12,Disclosure Co-Borr CB1 Credit Score Date,standard,DateTime,DATE,date x17,$.applications[0].coborrower.experianDatePulled,loan.currentApplication.coborrower.experianDatePulled,no,no,14,2.9,3,1.2,17,,,,,,Purchasing Conditions,no,
DISCLOSURE.X13,Disclosure Borr CB1 Key Factors 1,standard,String,STRING,str x256,$.applications[0].borrower.experianKeyFactor1,loan.currentApplication.borrower.experianKeyFactor1,no,no,230,46.9,23,9.2,12,,,,,,Started,no,identifying-or-high-cardinality
DISCLOSURE.X14,Disclosure Borr CB1 Key Factors 2,standard,String,STRING,str x254,$.applications[0].borrower.experianKeyFactor2,loan.currentApplication.borrower.experianKeyFactor2,no,no,228,46.5,23,9.2,17,,,,,,Started,no,identifying-or-high-cardinality
DISCLOSURE.X15,Disclosure Borr CB1 Key Factors 3,standard,String,STRING,str x242,$.applications[0].borrower.experianKeyFactor3,loan.currentApplication.borrower.experianKeyFactor3,no,no,216,44.1,23,9.2,15,,,,,,Started,no,identifying-or-high-cardinality
DISCLOSURE.X16,Disclosure Borr CB1 Key Factors 4,standard,String,STRING,str x204,$.applications[0].borrower.experianKeyFactor4,loan.currentApplication.borrower.experianKeyFactor4,no,no,184,37.6,18,7.2,15,,,,,,Started,no,identifying-or-high-cardinality
DISCLOSURE.X17,Disclosure Co-Borr CB1 Key Factors 1,standard,String,STRING,str x15,$.applications[0].coborrower.experianKeyFactor1,loan.currentApplication.coborrower.experianKeyFactor1,no,no,14,2.9,1,0.4,6,,,,,,Purchasing Conditions,no,identifying-or-high-cardinality
DISCLOSURE.X18,Disclosure Co-Borr CB1 Key Factors 2,standard,String,STRING,str x15,$.applications[0].coborrower.experianKeyFactor2,loan.currentApplication.coborrower.experianKeyFactor2,no,no,14,2.9,1,0.4,9,,,,,,Purchasing Conditions,no,identifying-or-high-cardinality
DISCLOSURE.X19,Disclosure Co-Borr CB1 Key Factors 3,standard,String,STRING,str x14,$.applications[0].coborrower.experianKeyFactor3,loan.currentApplication.coborrower.experianKeyFactor3,no,no,13,2.7,1,0.4,6,,,,,,,no,identifying-or-high-cardinality
DISCLOSURE.X20,Disclosure Co-Borr CB1 Key Factors 4,standard,String,STRING,str x14,$.applications[0].coborrower.experianKeyFactor4,loan.currentApplication.coborrower.experianKeyFactor4,no,no,13,2.7,1,0.4,9,,,,,,,no,identifying-or-high-cardinality
DISCLOSURE.X21,Disclosure Cred Bureau 2 Co Name,standard,String,STRING,str x257,$.applications[0].transUnionName,loan.currentApplication.transUnionName,no,no,231,47.1,23,9.2,1,,,,,,Started,no,identifying-or-high-cardinality
DISCLOSURE.X22,Disclosure Cred Bureau 2 Co Addr,standard,String,STRING,str x257,$.applications[0].transUnionAddress,loan.currentApplication.transUnionAddress,no,no,231,47.1,23,9.2,2,,,,,,Started,no,identifying-or-high-cardinality
DISCLOSURE.X23,Disclosure Cred Bureau 2 Co City,standard,String,STRING,str x257,$.applications[0].transUnionCity,loan.currentApplication.transUnionCity,no,no,231,47.1,23,9.2,1,,,,,,Started,no,identifying-or-high-cardinality
DISCLOSURE.X24,Disclosure Cred Bureau 2 Co State,standard,String,STATE,str x257,$.applications[0].transUnionState,loan.currentApplication.transUnionState,no,no,231,47.1,23,9.2,1,,,,,,Started,no,
DISCLOSURE.X25,Disclosure Cred Bureau 2 Co Zip,standard,String,ZIPCODE,str x257,$.applications[0].transUnionPostalCode,loan.currentApplication.transUnionPostalCode,no,no,231,47.1,23,9.2,1,,,,,,Started,no,identifying-or-high-cardinality
DISCLOSURE.X26,Disclosure Cred Bureau 2 Co Phone,standard,String,PHONE,str x257,$.applications[0].transUnionPhone,loan.currentApplication.transUnionPhone,no,no,231,47.1,23,9.2,1,,,,,,Started,no,identifying-or-high-cardinality
DISCLOSURE.X28,Disclosure Cred Bureau 2 Co Model,standard,String,STRING,str x314,$.applications[0].transUnionModel,loan.currentApplication.transUnionModel,no,no,251,51.2,59,23.5,1,,,,,,Started,no,
DISCLOSURE.X29,Disclosure Cred Bureau 2 Co Range Scores From,standard,String,STRING,str x300,$.applications[0].transUnionScoreRangeFrom,loan.currentApplication.transUnionScoreRangeFrom,no,no,240,49,57,22.7,2,,,,,,Started,no,
DISCLOSURE.X30,Disclosure Cred Bureau 2 Co Range Scores To,standard,String,STRING,str x300,$.applications[0].transUnionScoreRangeTo,loan.currentApplication.transUnionScoreRangeTo,no,no,240,49,57,22.7,2,,,,,,Started,no,
DISCLOSURE.X31,Disclosure Borr CB2 Credit Score Date,standard,DateTime,DATE,date x314,$.applications[0].borrower.transUnionDatePulled,loan.currentApplication.borrower.transUnionDatePulled,no,no,251,51.2,59,23.5,123,,,,,,Started,no,identifying-or-high-cardinality
DISCLOSURE.X32,Disclosure Co-Borr CB2 Credit Score Date,standard,DateTime,DATE,date x17,$.applications[0].coborrower.transUnionDatePulled,loan.currentApplication.coborrower.transUnionDatePulled,no,no,14,2.9,3,1.2,17,,,,,,Purchasing Conditions,no,
DISCLOSURE.X33,Disclosure Borr CB2 Key Factors 1,standard,String,STRING,str x257,$.applications[0].borrower.transUnionKeyFactor1,loan.currentApplication.borrower.transUnionKeyFactor1,no,no,231,47.1,23,9.2,18,,,,,,Started,no,identifying-or-high-cardinality
DISCLOSURE.X34,Disclosure Borr CB2 Key Factors 2,standard,String,STRING,str x256,$.applications[0].borrower.transUnionKeyFactor2,loan.currentApplication.borrower.transUnionKeyFactor2,no,no,230,46.9,23,9.2,16,,,,,,Started,no,identifying-or-high-cardinality
DISCLOSURE.X35,Disclosure Borr CB2 Key Factors 3,standard,String,STRING,str x254,$.applications[0].borrower.transUnionKeyFactor3,loan.currentApplication.borrower.transUnionKeyFactor3,no,no,228,46.5,23,9.2,17,,,,,,Started,no,identifying-or-high-cardinality
DISCLOSURE.X36,Disclosure Borr CB2 Key Factors 4,standard,String,STRING,str x237,$.applications[0].borrower.transUnionKeyFactor4,loan.currentApplication.borrower.transUnionKeyFactor4,no,no,215,43.9,21,8.4,17,,,,,,Started,no,identifying-or-high-cardinality
DISCLOSURE.X37,Disclosure Co-Borr CB2 Key Factors 1,standard,String,STRING,str x15,$.applications[0].coborrower.transUnionKeyFactor1,loan.currentApplication.coborrower.transUnionKeyFactor1,no,no,14,2.9,1,0.4,7,,,,,,Purchasing Conditions,no,identifying-or-high-cardinality
DISCLOSURE.X38,Disclosure Co-Borr CB2 Key Factors 2,standard,String,STRING,str x15,$.applications[0].coborrower.transUnionKeyFactor2,loan.currentApplication.coborrower.transUnionKeyFactor2,no,no,14,2.9,1,0.4,8,,,,,,Purchasing Conditions,no,identifying-or-high-cardinality
DISCLOSURE.X39,Disclosure Co-Borr CB2 Key Factors 3,standard,String,STRING,str x15,$.applications[0].coborrower.transUnionKeyFactor3,loan.currentApplication.coborrower.transUnionKeyFactor3,no,no,14,2.9,1,0.4,8,,,,,,Purchasing Conditions,no,identifying-or-high-cardinality
DISCLOSURE.X40,Disclosure Co-Borr CB2 Key Factors 4,standard,String,STRING,str x14,$.applications[0].coborrower.transUnionKeyFactor4,loan.currentApplication.coborrower.transUnionKeyFactor4,no,no,13,2.7,1,0.4,7,,,,,,,no,identifying-or-high-cardinality
DISCLOSURE.X41,Disclosure Cred Bureau 3 Co Name,standard,String,STRING,str x257,$.applications[0].equifaxName,loan.currentApplication.equifaxName,no,no,231,47.1,23,9.2,1,,,,,,Started,no,identifying-or-high-cardinality
DISCLOSURE.X42,Disclosure Cred Bureau 3 Co Addr,standard,String,STRING,str x257,$.applications[0].equifaxAddress,loan.currentApplication.equifaxAddress,no,no,231,47.1,23,9.2,2,,,,,,Started,no,identifying-or-high-cardinality
DISCLOSURE.X43,Disclosure Cred Bureau 3 Co City,standard,String,STRING,str x257,$.applications[0].equifaxCity,loan.currentApplication.equifaxCity,no,no,231,47.1,23,9.2,1,,,,,,Started,no,identifying-or-high-cardinality
DISCLOSURE.X44,Disclosure Cred Bureau 3 Co State,standard,String,STATE,str x257,$.applications[0].equifaxState,loan.currentApplication.equifaxState,no,no,231,47.1,23,9.2,1,,,,,,Started,no,
DISCLOSURE.X45,Disclosure Cred Bureau 3 Co Zip,standard,String,ZIPCODE,str x257,$.applications[0].equifaxPostalCode,loan.currentApplication.equifaxPostalCode,no,no,231,47.1,23,9.2,1,,,,,,Started,no,identifying-or-high-cardinality
DISCLOSURE.X46,Disclosure Cred Bureau 3 Co Phone,standard,String,PHONE,str x257,$.applications[0].equifaxPhone,loan.currentApplication.equifaxPhone,no,no,231,47.1,23,9.2,1,,,,,,Started,no,identifying-or-high-cardinality
DISCLOSURE.X48,Disclosure Cred Bureau 3 Co Model,standard,String,STRING,str x314,$.applications[0].equifaxModel,loan.currentApplication.equifaxModel,no,no,251,51.2,59,23.5,1,,,,,,Started,no,
DISCLOSURE.X49,Disclosure Cred Bureau 3 Co Range Scores From,standard,String,STRING,str x300,$.applications[0].equifaxScoreRangeFrom,loan.currentApplication.equifaxScoreRangeFrom,no,no,240,49,57,22.7,2,,,,,,Started,no,
DISCLOSURE.X50,Disclosure Cred Bureau 3 Co Range Scores To,standard,String,STRING,str x300,$.applications[0].equifaxScoreRangeTo,loan.currentApplication.equifaxScoreRangeTo,no,no,240,49,57,22.7,2,,,,,,Started,no,
DISCLOSURE.X51,Disclosure Borr CB3 Credit Score Date,standard,DateTime,DATE,date x313,$.applications[0].borrower.equifaxDatePulled,loan.currentApplication.borrower.equifaxDatePulled,no,no,250,51,59,23.5,122,,,,,,Started,no,identifying-or-high-cardinality
DISCLOSURE.X52,Disclosure Co-Borr CB3 Credit Score Date,standard,DateTime,DATE,date x17,$.applications[0].coborrower.equifaxDatePulled,loan.currentApplication.coborrower.equifaxDatePulled,no,no,14,2.9,3,1.2,17,,,,,,Purchasing Conditions,no,
DISCLOSURE.X53,Disclosure Borr CB3 Key Factors 1,standard,String,STRING,str x256,$.applications[0].borrower.equifaxKeyFactor1,loan.currentApplication.borrower.equifaxKeyFactor1,no,no,230,46.9,23,9.2,16,,,,,,Started,no,identifying-or-high-cardinality
DISCLOSURE.X54,Disclosure Borr CB3 Key Factors 2,standard,String,STRING,str x255,$.applications[0].borrower.equifaxKeyFactor2,loan.currentApplication.borrower.equifaxKeyFactor2,no,no,229,46.7,23,9.2,20,,,,,,Started,no,identifying-or-high-cardinality
DISCLOSURE.X55,Disclosure Borr CB3 Key Factors 3,standard,String,STRING,str x248,$.applications[0].borrower.equifaxKeyFactor3,loan.currentApplication.borrower.equifaxKeyFactor3,no,no,224,45.7,21,8.4,19,,,,,,Started,no,identifying-or-high-cardinality
DISCLOSURE.X56,Disclosure Borr CB3 Key Factors 4,standard,String,STRING,str x212,$.applications[0].borrower.equifaxKeyFactor4,loan.currentApplication.borrower.equifaxKeyFactor4,no,no,192,39.2,18,7.2,19,,,,,,Started,no,identifying-or-high-cardinality
DISCLOSURE.X57,Disclosure Co-Borr CB3 Key Factors 1,standard,String,STRING,str x15,$.applications[0].coborrower.equifaxKeyFactor1,loan.currentApplication.coborrower.equifaxKeyFactor1,no,no,14,2.9,1,0.4,9,,,,,,Purchasing Conditions,no,identifying-or-high-cardinality
DISCLOSURE.X58,Disclosure Co-Borr CB3 Key Factors 2,standard,String,STRING,str x15,$.applications[0].coborrower.equifaxKeyFactor2,loan.currentApplication.coborrower.equifaxKeyFactor2,no,no,14,2.9,1,0.4,8,,,,,,Purchasing Conditions,no,identifying-or-high-cardinality
DISCLOSURE.X59,Disclosure Co-Borr CB3 Key Factors 3,standard,String,STRING,str x15,$.applications[0].coborrower.equifaxKeyFactor3,loan.currentApplication.coborrower.equifaxKeyFactor3,no,no,14,2.9,1,0.4,12,,,,,,Purchasing Conditions,no,identifying-or-high-cardinality
DISCLOSURE.X60,Disclosure Co-Borr CB3 Key Factors 4,standard,String,STRING,str x14,$.applications[0].coborrower.equifaxKeyFactor4,loan.currentApplication.coborrower.equifaxKeyFactor4,no,no,13,2.7,1,0.4,8,,,,,,,no,identifying-or-high-cardinality
DISCLOSURE.X171,Disclosure-FL Licensee Name,standard,String,STRING,str x772,$.stateDisclosure.nameOfLicensee,loan.stateDisclosure.nameOfLicensee,no,no,490,100,251,100,4,,,,,,Started,no,identifying-or-high-cardinality
DISCLOSURE.X173,Disclosure Borr CB1 Key Factors 5,standard,Boolean,YN,bool x256,$.applications[0].borrower.experianKeyFactor5,loan.currentApplication.borrower.experianKeyFactor5,no,no,18,3.7,1,0.4,1,,,,,,,no,
DISCLOSURE.X174,Disclosure Borr CB2 Key Factors 5,standard,Boolean,YN,bool x257,$.applications[0].borrower.transUnionKeyFactor5,loan.currentApplication.borrower.transUnionKeyFactor5,no,no,170,34.7,19,7.6,1,,,,,,Started,no,
DISCLOSURE.X175,Disclosure Borr CB3 Key Factors 5,standard,Boolean,YN,bool x257,$.applications[0].borrower.equifaxKeyFactor5,loan.currentApplication.borrower.equifaxKeyFactor5,no,no,26,5.3,3,1.2,1,,,,,,,no,
DISCLOSURE.X176,Disclosure Co-Borr CB1 Key Factors 5,standard,Boolean,YN,bool x245,$.applications[0].coborrower.experianKeyFactor5,loan.currentApplication.coborrower.experianKeyFactor5,no,no,2,0.4,0,0,1,,,,,,,no,
DISCLOSURE.X177,Disclosure Co-Borr CB2 Key Factors 5,standard,Boolean,YN,bool x246,$.applications[0].coborrower.transUnionKeyFactor5,loan.currentApplication.coborrower.transUnionKeyFactor5,no,no,13,2.7,1,0.4,1,,,,,,,no,
DISCLOSURE.X178,Disclosure Co-Borr CB3 Key Factors 5,standard,Boolean,YN,bool x246,$.applications[0].coborrower.equifaxKeyFactor5,loan.currentApplication.coborrower.equifaxKeyFactor5,no,no,1,0.2,1,0.4,1,,,,,,,no,
DISCLOSURE.X625,Disclosure Borr CB1 Credit Score for Disclosure Notice,standard,Boolean,YN,bool x745,$.applications[0].borrower.experianCreditScoreForDisclosure,loan.currentApplication.borrower.experianCreditScoreForDisclosure,no,no,483,98.6,249,99.2,1,,,,,,Started,no,
DISCLOSURE.X626,Disclosure Co-Borr CB1 Credit Score for Disclosure Notice,standard,Boolean,YN,bool x738,$.applications[0].coborrower.experianCreditScoreForDisclosure,loan.currentApplication.coborrower.experianCreditScoreForDisclosure,no,no,477,97.3,248,98.8,1,,,,,,Started,no,
DISCLOSURE.X627,Disclosure Borr CB2 Credit Score for Disclosure Notice,standard,Boolean,YN,bool x8,$.applications[0].borrower.transUnionCreditScoreForDisclosure,loan.currentApplication.borrower.transUnionCreditScoreForDisclosure,no,no,0,0,0,0,1,,,,,,,no,
DISCLOSURE.X628,Disclosure Co-Borr CB2 Credit Score for Disclosure Notice,standard,Boolean,YN,bool x21,$.applications[0].coborrower.transUnionCreditScoreForDisclosure,loan.currentApplication.coborrower.transUnionCreditScoreForDisclosure,no,no,12,2.4,8,3.2,1,,,,,,,no,
DISCLOSURE.X629,Disclosure Borr CB3 Credit Score for Disclosure Notice,standard,Boolean,YN,bool x8,$.applications[0].borrower.equifaxCreditScoreForDisclosure,loan.currentApplication.borrower.equifaxCreditScoreForDisclosure,no,no,0,0,0,0,1,,,,,,,no,
DISCLOSURE.X630,Disclosure Co-Borr CB3 Credit Score for Disclosure Notice,standard,Boolean,YN,bool x21,$.applications[0].coborrower.equifaxCreditScoreForDisclosure,loan.currentApplication.coborrower.equifaxCreditScoreForDisclosure,no,no,12,2.4,8,3.2,1,,,,,,,no,
DISCLOSURE.X631,Disclosure Borr CB1 Your Credit Score Ranks Higher Than % of U.S. Consumers,standard,Int,INTEGER,int x314,$.applications[0].borrower.experianCreditScoreRanksPercent,loan.currentApplication.borrower.experianCreditScoreRanksPercent,no,no,251,51.2,59,23.5,59,38,48,54,59,79,Started,no,identifying-or-high-cardinality
DISCLOSURE.X632,Disclosure Co-Borr CB1 Your Credit Score Ranks Higher Than % of U.S. Consumers,standard,Int,INTEGER,int x310,$.applications[0].coborrower.experianCreditScoreRanksPercent,loan.currentApplication.coborrower.experianCreditScoreRanksPercent,no,no,14,2.9,3,1.2,14,6,39.5,50,64.5,87,,no,
DISCLOSURE.X633,Disclosure Borr CB2 Your Credit Score Ranks Higher Than % of U.S. Consumers,standard,Int,INTEGER,int x314,$.applications[0].borrower.transUnionCreditScoreRanksPercent,loan.currentApplication.borrower.transUnionCreditScoreRanksPercent,no,no,251,51.2,59,23.5,60,36,50,59,64,88,Started,no,identifying-or-high-cardinality
DISCLOSURE.X634,Disclosure Co-Borr CB2 Your Credit Score Ranks Higher Than % of U.S. Consumers,standard,Int,INTEGER,int x310,$.applications[0].coborrower.transUnionCreditScoreRanksPercent,loan.currentApplication.coborrower.transUnionCreditScoreRanksPercent,no,no,14,2.9,3,1.2,16,20,37.5,49,60,90,,no,
DISCLOSURE.X635,Disclosure Borr CB3 Your Credit Score Ranks Higher Than % of U.S. Consumers,standard,Int,INTEGER,int x314,$.applications[0].borrower.equifaxCreditScoreRanksPercent,loan.currentApplication.borrower.equifaxCreditScoreRanksPercent,no,no,250,51,59,23.5,59,43,52,57,67,93,Started,no,identifying-or-high-cardinality
DISCLOSURE.X636,Disclosure Co-Borr CB3 Your Credit Score Ranks Higher Than % of U.S. Consumers,standard,Int,INTEGER,int x310,$.applications[0].coborrower.equifaxCreditScoreRanksPercent,loan.currentApplication.coborrower.equifaxCreditScoreRanksPercent,no,no,14,2.9,3,1.2,16,13,42,52,66,84,,no,
DISCLOSURE.X638,Disclosure Cred Bureau 1 Co Website,standard,String,STRING,str x231,$.applications[0].experianWebsite,loan.currentApplication.experianWebsite,no,no,205,41.8,23,9.2,1,,,,,,Started,no,identifying-or-high-cardinality
DISCLOSURE.X639,Disclosure Cred Bureau 2 Co Website,standard,String,STRING,str x232,$.applications[0].transUnionWebsite,loan.currentApplication.transUnionWebsite,no,no,206,42,23,9.2,1,,,,,,Started,no,identifying-or-high-cardinality
DISCLOSURE.X640,Disclosure Cred Bureau 3 Co Website,standard,String,STRING,str x232,$.applications[0].equifaxWebsite,loan.currentApplication.equifaxWebsite,no,no,206,42,23,9.2,1,,,,,,Started,no,identifying-or-high-cardinality
DISCLOSURE.X671,State Disc - Loan Terms Change Escrow Payment After Change (Hidden Field),standard,String,STRING,str x772,$.closingDocument.additionalStateDisclosures[?(@.stateCode == 'OH' && @.disclosureName == 'AfterChangeInEscrowPaymentForCalculation')].disclosureValue,loan.closingDocument.additionalStateDisclosures[(stateCode == 'OH' && disclosureName == 'AfterChangeInEscrowPaymentForCalculation')].disclosureValue,no,yes,490,100,251,100,2,,,,,,Started,no,
DISCLOSURE.X672,State Disc - Loan Terms Change Mortgage Insurance After Change (Hidden Field),standard,String,STRING,str x771,$.closingDocument.additionalStateDisclosures[?(@.stateCode == 'OH' && @.disclosureName == 'AfterChangeInMIPaymentForCalculation')].disclosureValue,loan.closingDocument.additionalStateDisclosures[(stateCode == 'OH' && disclosureName == 'AfterChangeInMIPaymentForCalculation')].disclosureValue,no,yes,490,100,251,100,1,,,,,,Started,no,
DISCLOSURE.X673,State Disc - Loan Terms Change Closing Cost After Change (Hidden Field),standard,Decimal,DECIMAL_2,int x566 | float x151,$.closingDocument.additionalStateDisclosures[?(@.stateCode == 'OH' && @.disclosureName == 'AfterChangeInClosingCostForCalculation')].disclosureValue,loan.closingDocument.additionalStateDisclosures[(stateCode == 'OH' && disclosureName == 'AfterChangeInClosingCostForCalculation')].disclosureValue,no,yes,478,97.6,230,91.6,505,1200,2095,2245,5845,14095,Started,no,identifying-or-high-cardinality
DISCLOSURE.X910,Disclosure-TX Estimated fees Will be Shown on the Good Faith Estimate Which We are Providing Now or Within three (3) Days.,standard,Boolean,YN,bool x1,$.stateDisclosure.estimatedChargeShownOnGfeIndicator,loan.stateDisclosure.estimatedChargeShownOnGfeIndicator,no,no,1,0.2,0,0,1,,,,,,,no,
DISCLOSURE.X943,Disclosure Experian Borrower Material Terms of Credit Set by Credit Score,standard,Boolean,YN,bool x743,$.applications[0].borrower.experianMaterialTermsCreditByScore,loan.currentApplication.borrower.experianMaterialTermsCreditByScore,no,no,482,98.4,249,99.2,1,,,,,,Started,no,
DISCLOSURE.X944,Disclosure Experian Borrower Material Terms of Credit Set by Credit Score,standard,Boolean,YN,bool x731,$.applications[0].coborrower.experianMaterialTermsCreditByScore,loan.currentApplication.coborrower.experianMaterialTermsCreditByScore,no,no,477,97.3,248,98.8,1,,,,,,Started,no,
DISCLOSURE.X945,Disclosure Trans Union Borrower Material Terms of Credit Set by Credit Score,standard,Boolean,YN,bool x8,$.applications[0].borrower.transUnionMaterialTermsCreditByScore,loan.currentApplication.borrower.transUnionMaterialTermsCreditByScore,no,no,0,0,0,0,1,,,,,,,no,
DISCLOSURE.X946,Disclosure Trans Union Borrower Material Terms of Credit Set by Credit Score,standard,Boolean,YN,bool x21,$.applications[0].coborrower.transUnionMaterialTermsCreditByScore,loan.currentApplication.coborrower.transUnionMaterialTermsCreditByScore,no,no,12,2.4,8,3.2,1,,,,,,,no,
DISCLOSURE.X947,Disclosure Trans Union Borrower Material Terms of Credit Set by Credit Score,standard,Boolean,YN,bool x8,$.applications[0].borrower.equifaxMaterialTermsCreditByScore,loan.currentApplication.borrower.equifaxMaterialTermsCreditByScore,no,no,0,0,0,0,1,,,,,,,no,
DISCLOSURE.X948,Disclosure Trans Union Borrower Material Terms of Credit Set by Credit Score,standard,Boolean,YN,bool x21,$.applications[0].coborrower.equifaxMaterialTermsCreditByScore,loan.currentApplication.coborrower.equifaxMaterialTermsCreditByScore,no,no,12,2.4,8,3.2,1,,,,,,,no,
DISCLOSURE.X993,Disclosure-NY New Money Amount,standard,Decimal,DECIMAL_2,float x5 | int x2,$.stateDisclosure.newMoneyAmount,loan.stateDisclosure.newMoneyAmount,no,no,6,1.2,0,0,6,19306.64,22606.64,46450.965,120153.545,135614.18,Purchasing Conditions,no,
DISCLOSURE.X994,Disclosure-NY Previous Mortgage Amount 1,standard,Decimal,DECIMAL_2,float x5 | int x2,$.stateDisclosure.previousMortgageAmountOne,loan.stateDisclosure.previousMortgageAmountOne,no,no,7,1.4,0,0,6,522500,661934.31,773793.36,861000,1666663.76,Purchasing Conditions,no,
DISCLOSURE.X996,Disclosure-NY Type of Property,standard,String,STRING,str x5,$.stateDisclosure.typeOfProperty,loan.stateDisclosure.typeOfProperty,no,no,5,1,0,0,1,,,,,,,no,
DISCLOSURE.X997,Disclosure Borr CB1 Factor Code 1,standard,String,STRING,str x45,$.applications[0].borrower.experianFactorCode1,loan.currentApplication.borrower.experianFactorCode1,no,no,38,7.8,6,2.4,8,,,,,,Started,no,
DISCLOSURE.X998,Disclosure Borr CB1 Factor Code 2,standard,String,STRING,str x45,$.applications[0].borrower.experianFactorCode2,loan.currentApplication.borrower.experianFactorCode2,no,no,38,7.8,6,2.4,12,,,,,,Started,no,
DISCLOSURE.X999,Disclosure Borr CB1 Factor Code 3,standard,String,STRING,str x43,$.applications[0].borrower.experianFactorCode3,loan.currentApplication.borrower.experianFactorCode3,no,no,36,7.3,6,2.4,12,,,,,,Started,no,
DISCLOSURE.X1000,Disclosure Borr CB1 Factor Code 4,standard,String,STRING,str x34,$.applications[0].borrower.experianFactorCode4,loan.currentApplication.borrower.experianFactorCode4,no,no,28,5.7,5,2,9,,,,,,Loan Setup,no,
DISCLOSURE.X1002,Disclosure Coborrower CB1 Factor Code 1,standard,String,STRING,str x14,$.applications[0].coborrower.experianFactorCode1,loan.currentApplication.coborrower.experianFactorCode1,no,no,13,2.7,1,0.4,5,,,,,,Purchasing Conditions,no,
DISCLOSURE.X1003,Disclosure Coborrower CB1 Factor Code 2,standard,String,STRING,str x14,$.applications[0].coborrower.experianFactorCode2,loan.currentApplication.coborrower.experianFactorCode2,no,no,13,2.7,1,0.4,8,,,,,,Purchasing Conditions,no,
DISCLOSURE.X1004,Disclosure Coborrower CB1 Factor Code 3,standard,String,STRING,str x13,$.applications[0].coborrower.experianFactorCode3,loan.currentApplication.coborrower.experianFactorCode3,no,no,12,2.4,1,0.4,6,,,,,,,no,
DISCLOSURE.X1005,Disclosure Coborrower CB1 Factor Code 4,standard,String,STRING,str x13,$.applications[0].coborrower.experianFactorCode4,loan.currentApplication.coborrower.experianFactorCode4,no,no,12,2.4,1,0.4,8,,,,,,,no,
DISCLOSURE.X1007,Disclosure Borr CB2 Factor Code 1,standard,String,STRING,str x257,$.applications[0].borrower.transUnionFactorCode1,loan.currentApplication.borrower.transUnionFactorCode1,no,no,231,47.1,23,9.2,18,,,,,,Started,no,
DISCLOSURE.X1008,Disclosure Borr CB2 Factor Code 2,standard,String,STRING,str x256,$.applications[0].borrower.transUnionFactorCode2,loan.currentApplication.borrower.transUnionFactorCode2,no,no,230,46.9,23,9.2,16,,,,,,Started,no,
DISCLOSURE.X1009,Disclosure Borr CB2 Factor Code 3,standard,String,STRING,str x254,$.applications[0].borrower.transUnionFactorCode3,loan.currentApplication.borrower.transUnionFactorCode3,no,no,228,46.5,23,9.2,17,,,,,,Started,no,
DISCLOSURE.X1010,Disclosure Borr CB2 Factor Code 4,standard,String,STRING,str x237,$.applications[0].borrower.transUnionFactorCode4,loan.currentApplication.borrower.transUnionFactorCode4,no,no,215,43.9,21,8.4,17,,,,,,Started,no,
DISCLOSURE.X1012,Disclosure Coborrower CB2 Factor Code 1,standard,String,STRING,str x15,$.applications[0].coborrower.transUnionFactorCode1,loan.currentApplication.coborrower.transUnionFactorCode1,no,no,14,2.9,1,0.4,7,,,,,,Purchasing Conditions,no,
DISCLOSURE.X1013,Disclosure Coborrower CB2 Factor Code 2,standard,String,STRING,str x15,$.applications[0].coborrower.transUnionFactorCode2,loan.currentApplication.coborrower.transUnionFactorCode2,no,no,14,2.9,1,0.4,8,,,,,,Purchasing Conditions,no,
DISCLOSURE.X1014,Disclosure Coborrower CB2 Factor Code 3,standard,String,STRING,str x15,$.applications[0].coborrower.transUnionFactorCode3,loan.currentApplication.coborrower.transUnionFactorCode3,no,no,14,2.9,1,0.4,8,,,,,,Purchasing Conditions,no,
DISCLOSURE.X1015,Disclosure Coborrower CB2 Factor Code 4,standard,String,STRING,str x14,$.applications[0].coborrower.transUnionFactorCode4,loan.currentApplication.coborrower.transUnionFactorCode4,no,no,13,2.7,1,0.4,7,,,,,,,no,
DISCLOSURE.X1017,Disclosure Borr CB3 Factor Code 1,standard,String,STRING,str x256,$.applications[0].borrower.equifaxFactorCode1,loan.currentApplication.borrower.equifaxFactorCode1,no,no,230,46.9,23,9.2,16,,,,,,Started,no,
DISCLOSURE.X1018,Disclosure Borr CB3 Factor Code 2,standard,String,STRING,str x255,$.applications[0].borrower.equifaxFactorCode2,loan.currentApplication.borrower.equifaxFactorCode2,no,no,229,46.7,23,9.2,20,,,,,,Started,no,
DISCLOSURE.X1019,Disclosure Borr CB3 Factor Code 3,standard,String,STRING,str x248,$.applications[0].borrower.equifaxFactorCode3,loan.currentApplication.borrower.equifaxFactorCode3,no,no,224,45.7,21,8.4,19,,,,,,Started,no,
DISCLOSURE.X1020,Disclosure Borr CB3 Factor Code 4,standard,String,STRING,str x212,$.applications[0].borrower.equifaxFactorCode4,loan.currentApplication.borrower.equifaxFactorCode4,no,no,192,39.2,18,7.2,19,,,,,,Started,no,
DISCLOSURE.X1022,Disclosure Coborrower CB3 Factor Code 1,standard,String,STRING,str x15,$.applications[0].coborrower.equifaxFactorCode1,loan.currentApplication.coborrower.equifaxFactorCode1,no,no,14,2.9,1,0.4,9,,,,,,Purchasing Conditions,no,
DISCLOSURE.X1023,Disclosure Coborrower CB3 Factor Code 2,standard,String,STRING,str x15,$.applications[0].coborrower.equifaxFactorCode2,loan.currentApplication.coborrower.equifaxFactorCode2,no,no,14,2.9,1,0.4,8,,,,,,Purchasing Conditions,no,
DISCLOSURE.X1024,Disclosure Coborrower CB3 Factor Code 3,standard,String,STRING,str x15,$.applications[0].coborrower.equifaxFactorCode3,loan.currentApplication.coborrower.equifaxFactorCode3,no,no,14,2.9,1,0.4,12,,,,,,Purchasing Conditions,no,
DISCLOSURE.X1025,Disclosure Coborrower CB3 Factor Code 4,standard,String,STRING,str x14,$.applications[0].coborrower.equifaxFactorCode4,loan.currentApplication.coborrower.equifaxFactorCode4,no,no,13,2.7,1,0.4,8,,,,,,,no,
DISCLOSURE.X1208,State Disc - Pursuant to OH RMLA,standard,String,STRING,str x19,$.closingDocument.additionalStateDisclosures[?(@.stateCode == 'OH' && @.disclosureName == 'RMLA')].disclosureValue,loan.closingDocument.additionalStateDisclosures[(stateCode == 'OH' && disclosureName == 'RMLA')].disclosureValue,no,no,15,3.1,4,1.6,1,,,,,,,no,
DISCLOSURE.X1217,State Disc - Statutory Election in Kansas,standard,String,STRING,str x772,$.closingDocument.additionalStateDisclosures[?(@.stateCode == 'KS' && @.disclosureName == 'StatutoryElectionInKansas')].disclosureValue,loan.closingDocument.additionalStateDisclosures[(stateCode == 'KS' && disclosureName == 'StatutoryElectionInKansas')].disclosureValue,no,no,490,100,251,100,1,,,,,,Started,no,
DISCLOSURE.X1218,State Disc - Statutory Election in Maryland,standard,String,STRING,str x772,$.closingDocument.additionalStateDisclosures[?(@.stateCode == 'MD' && @.disclosureName == 'StatutoryElectionInMaryland')].disclosureValue,loan.closingDocument.additionalStateDisclosures[(stateCode == 'MD' && disclosureName == 'StatutoryElectionInMaryland')].disclosureValue,no,no,490,100,251,100,1,,,,,,Started,no,
DISCLOSURE.X1219,State Disc - Insurance Agent Name - Flood,standard,String,STRING,str x5,$.closingDocument.additionalStateDisclosures[?(@.stateCode == 'SC' && @.disclosureName == 'FloodInsuranceAgentName')].disclosureValue,loan.closingDocument.additionalStateDisclosures[(stateCode == 'SC' && disclosureName == 'FloodInsuranceAgentName')].disclosureValue,no,no,5,1,0,0,3,,,,,,,no,identifying-or-high-cardinality
DMDDM.X1,Server Date Time DDM Applied,standard,DateTime,DATETIME,date x771,$.serverDateTimeDdmApplied,loan.serverDateTimeDdmApplied,no,yes,490,100,251,100,771,,,,,,Started,no,identifying-or-high-cardinality
Docs.Engine,Ellie Mae Document Engine Version,standard,String,STRING,str x759,$.docEngine,loan.docEngine,no,no,486,99.2,247,98.4,1,,,,,,Started,no,
EDS.X1,Liability - Contact Info Name,standard,String,STRING,str x594,$.miscellaneous.contactName,loan.miscellaneous.contactName,no,no,409,83.5,165,65.7,24,,,,,,Started,no,identifying-or-high-cardinality
EDS.X2,Liability - Contact Info Title,standard,String,STRING,str x31,$.miscellaneous.contactTitle,loan.miscellaneous.contactTitle,no,no,15,3.1,7,2.8,3,,,,,,Submittal,no,
EDS.X3,Liability - Contact Info Phone,standard,String,PHONE,str x594,$.miscellaneous.contactPhone,loan.miscellaneous.contactPhone,no,no,409,83.5,165,65.7,17,,,,,,Started,no,identifying-or-high-cardinality
EDS.X4,Liability - Contact Info Fax,standard,String,PHONE,str x594,$.miscellaneous.contactFax,loan.miscellaneous.contactFax,no,no,409,83.5,165,65.7,1,,,,,,Started,no,identifying-or-high-cardinality
EEM.X64,EEM Appraised Value,standard,Decimal,DECIMAL_2,int x570,$.fhaVaLoan.energyEfficientMortgage.appraisedValue,loan.fhaVaLoan.energyEfficientMortgage.appraisedValue,no,no,364,74.3,199,79.3,239,160000,280000,480000,592500,1100000,Started,no,identifying-or-high-cardinality
EEM.X83,EEM Total Monthly Housing Payment for E1 + E2  (PITI),standard,Decimal,DECIMAL_2,float x318 | int x153,$.fhaVaLoan.energyEfficientMortgage.monthlyHousingPayment,loan.fhaVaLoan.energyEfficientMortgage.monthlyHousingPayment,no,no,411,83.9,30,12,412,100,300,600,1000,2562.5,Started,no,identifying-or-high-cardinality
EEM.X87,EEM Total Monthly Housing Payment,standard,Decimal,DECIMAL_2,float x318 | int x138,$.fhaVaLoan.energyEfficientMortgage.totalMonthlyHousingPayment,loan.fhaVaLoan.energyEfficientMortgage.totalMonthlyHousingPayment,no,yes,411,83.9,30,12,412,100,300,600,1000,2562.5,Started,no,identifying-or-high-cardinality
EEM.X88,EEM Total Monthly Obligations,standard,Decimal,DECIMAL_3,float x319 | int x2,$.fhaVaLoan.energyEfficientMortgage.totalMonthlyObligations,loan.fhaVaLoan.energyEfficientMortgage.totalMonthlyObligations,no,yes,308,62.9,3,1.2,316,3.409,27.3248,46.466,177.5743,600.404,Started,no,identifying-or-high-cardinality
EEM.X89,EEM Total Debt-to-Income (Back) Ratio,standard,Decimal,DECIMAL_3,float x273 | int x1,$.fhaVaLoan.energyEfficientMortgage.backRatio,loan.fhaVaLoan.energyEfficientMortgage.backRatio,no,yes,261,53.3,2,0.8,270,0.451,23.209,155.772,342.715,4410.23,Started,no,identifying-or-high-cardinality
ENHANCEDCOND.X1,Apply Enhanced Conditions to Loan,standard,Boolean,YN,bool x772,$.useEnhancedConditionIndicator,loan.useEnhancedConditionIndicator,no,no,490,100,251,100,1,,,,,,Started,no,
FBE0002,Field FBE0002,standard,String,STRING,str x1,$.applications[0].borrower.employment[?(@.currentEmploymentIndicator == false)].employerName,loan.currentApplication.borrower.employment[(currentEmploymentIndicator == false)][%].employerName,yes,yes,1,0.2,0,0,1,,,,,,,no,
FBE0004,Field FBE0004,standard,String,STRING,str x1,$.applications[0].borrower.employment[?(@.currentEmploymentIndicator == false)].addressStreetLine1,loan.currentApplication.borrower.employment[(currentEmploymentIndicator == false)][%].addressStreetLine1,yes,yes,1,0.2,0,0,1,,,,,,,no,
FBE0005,Field FBE0005,standard,String,STRING,str x1,$.applications[0].borrower.employment[?(@.currentEmploymentIndicator == false)].addressCity,loan.currentApplication.borrower.employment[(currentEmploymentIndicator == false)][%].addressCity,yes,yes,1,0.2,0,0,1,,,,,,,no,
FBE0006,Field FBE0006,standard,String,STATE,str x1,$.applications[0].borrower.employment[?(@.currentEmploymentIndicator == false)].addressState,loan.currentApplication.borrower.employment[(currentEmploymentIndicator == false)][%].addressState,yes,yes,1,0.2,0,0,1,,,,,,,no,
FBE0007,Field FBE0007,standard,String,ZIPCODE,str x1,$.applications[0].borrower.employment[?(@.currentEmploymentIndicator == false)].addressPostalCode,loan.currentApplication.borrower.employment[(currentEmploymentIndicator == false)][%].addressPostalCode,yes,yes,1,0.2,0,0,1,,,,,,,no,
FBE0010,Field FBE0010,standard,String,STRING,str x1,$.applications[0].borrower.employment[?(@.currentEmploymentIndicator == false)].positionDescription,loan.currentApplication.borrower.employment[(currentEmploymentIndicator == false)][%].positionDescription,yes,yes,1,0.2,0,0,1,,,,,,,no,
FBE0012,Field FBE0012,standard,Int,INTEGER,float x1,$.applications[0].borrower.employment[?(@.currentEmploymentIndicator == false)].monthlyIncomeAmount,loan.currentApplication.borrower.employment[(currentEmploymentIndicator == false)][%].monthlyIncomeAmount,yes,yes,1,0.2,0,0,1,,,,,,,no,
FBE0014,Field FBE0014,standard,DateTime,DATE,date x1,$.applications[0].borrower.employment[?(@.currentEmploymentIndicator == false)].endDate,loan.currentApplication.borrower.employment[(currentEmploymentIndicator == false)][%].endDate,yes,yes,1,0.2,0,0,1,,,,,,,no,
FBE0017,Field FBE0017,standard,String,PHONE,str x1,$.applications[0].borrower.employment[?(@.currentEmploymentIndicator == false)].phoneNumber,loan.currentApplication.borrower.employment[(currentEmploymentIndicator == false)][%].phoneNumber,yes,yes,1,0.2,0,0,1,,,,,,,no,identifying-or-high-cardinality
FBE0019,Field FBE0019,standard,Decimal,DECIMAL_2,float x1,$.applications[0].borrower.employment[?(@.currentEmploymentIndicator == false)].basePayAmount,loan.currentApplication.borrower.employment[(currentEmploymentIndicator == false)][%].basePayAmount,yes,yes,1,0.2,0,0,1,,,,,,,no,
FICC.X1,Informed Consumer Choice FHA Sales Price,standard,Decimal,DECIMAL_2,int x772,$.fhaVaLoan.fhaSalesPrice,loan.fhaVaLoan.fhaSalesPrice,no,no,490,100,251,100,1,100000,100000,100000,100000,100000,Started,no,
FICC.X2,Informed Consumer Choice FHA Mortgage Amount,standard,Decimal,DECIMAL_2,int x772,$.fhaVaLoan.fhaMortgageAmount,loan.fhaVaLoan.fhaMortgageAmount,no,no,490,100,251,100,1,96500,96500,96500,96500,96500,Started,no,
FICC.X3,Informed Consumer Choice FHA Mortgage Amount with UMIP,standard,Decimal,DECIMAL_2,int x772,$.fhaVaLoan.fhaMortgageAmountUmip,loan.fhaVaLoan.fhaMortgageAmountUmip,no,no,490,100,251,100,1,98188,98188,98188,98188,98188,Started,no,
FICC.X4,Informed Consumer Choice FHA Closing Cost,standard,Decimal,DECIMAL_2,int x772,$.fhaVaLoan.fhaClosingCost,loan.fhaVaLoan.fhaClosingCost,no,no,490,100,251,100,1,2000,2000,2000,2000,2000,Started,no,
FICC.X5,Informed Consumer Choice FHA Down Payment,standard,Decimal,DECIMAL_2,int x772,$.fhaVaLoan.fhaDownPayment,loan.fhaVaLoan.fhaDownPayment,no,no,490,100,251,100,1,3500,3500,3500,3500,3500,Started,no,
FICC.X6,Informed Consumer Choice FHA Interest Rate,standard,Decimal,DECIMAL_3,int x772,$.fhaVaLoan.fhaInterestRate,loan.fhaVaLoan.fhaInterestRate,no,no,490,100,251,100,1,7,7,7,7,7,Started,no,
FICC.X7,Informed Consumer Choice FHA Loan Term,standard,Int,INTEGER,int x772,$.fhaVaLoan.fhaLoanTerm,loan.fhaVaLoan.fhaLoanTerm,no,no,490,100,251,100,1,30,30,30,30,30,Started,no,
FICC.X8,Informed Consumer Choice FHA Monthly Payment,standard,Decimal,DECIMAL_2,float x772,$.fhaVaLoan.fhaMonthlyPayment,loan.fhaVaLoan.fhaMonthlyPayment,no,no,490,100,251,100,1,653.25,653.25,653.25,653.25,653.25,Started,no,
FICC.X9,Informed Consumer Choice FHA LTV,standard,Decimal,DECIMAL_2,float x772,$.fhaVaLoan.fhaLtv,loan.fhaVaLoan.fhaLtv,no,no,490,100,251,100,1,96.5,96.5,96.5,96.5,96.5,Started,no,
FICC.X10,Informed Consumer Choice FHA Monthly Mortgage Income,standard,Decimal,DECIMAL_2,float x772,$.fhaVaLoan.fhaMmi,loan.fhaVaLoan.fhaMmi,no,no,490,100,251,100,1,108.5,108.5,108.5,108.5,108.5,Started,no,
FICC.X11,Informed Consumer Choice FHA Max Years of Monthly Insurance Premium Payments,standard,Int,INTEGER,int x772,$.fhaVaLoan.fhaYearsMonthlyInsurance,loan.fhaVaLoan.fhaYearsMonthlyInsurance,no,no,490,100,251,100,1,30,30,30,30,30,Started,no,
FICC.X12,Informed Consumer Choice FHA UMIP,standard,Decimal,DECIMAL_2,int x772,$.fhaVaLoan.fhaUmip,loan.fhaVaLoan.fhaUmip,no,no,490,100,251,100,1,1688,1688,1688,1688,1688,Started,no,
FICC.X13,Informed Consumer Choice Conventional Sales Price,standard,Decimal,DECIMAL_2,int x772,$.fhaVaLoan.conventionalSalesPrice,loan.fhaVaLoan.conventionalSalesPrice,no,no,490,100,251,100,1,100000,100000,100000,100000,100000,Started,no,
FICC.X14,Informed Consumer Choice Conventional Mortgage Amount,standard,Decimal,DECIMAL_2,int x772,$.fhaVaLoan.conventionalMortgageAmount,loan.fhaVaLoan.conventionalMortgageAmount,no,no,490,100,251,100,1,95000,95000,95000,95000,95000,Started,no,
FICC.X15,Informed Consumer Choice Conventional Closing Cost,standard,Decimal,DECIMAL_2,int x772,$.fhaVaLoan.conventionalClosingCost,loan.fhaVaLoan.conventionalClosingCost,no,no,490,100,251,100,1,2000,2000,2000,2000,2000,Started,no,
FICC.X16,Informed Consumer Choice Conventional Down Payment,standard,Decimal,DECIMAL_2,int x772,$.fhaVaLoan.conventionalDownPayment,loan.fhaVaLoan.conventionalDownPayment,no,no,490,100,251,100,1,5000,5000,5000,5000,5000,Started,no,
FICC.X17,Informed Consumer Choice Conventional Interest Rate,standard,Decimal,DECIMAL_3,int x772,$.fhaVaLoan.conventionalInterestRate,loan.fhaVaLoan.conventionalInterestRate,no,no,490,100,251,100,1,7,7,7,7,7,Started,no,
FICC.X18,Informed Consumer Choice Conventional Loan Term,standard,Int,INTEGER,int x772,$.fhaVaLoan.conventionalLoanTerm,loan.fhaVaLoan.conventionalLoanTerm,no,no,490,100,251,100,1,30,30,30,30,30,Started,no,
FICC.X19,Informed Consumer Choice Conventional Monthly Payment,standard,Decimal,DECIMAL_2,float x772,$.fhaVaLoan.conventionalMonthlyPayment,loan.fhaVaLoan.conventionalMonthlyPayment,no,no,490,100,251,100,1,632.04,632.04,632.04,632.04,632.04,Started,no,
FICC.X20,Informed Consumer Choice Conventional LTV,standard,Decimal,DECIMAL_2,int x772,$.fhaVaLoan.conventionalLtv,loan.fhaVaLoan.conventionalLtv,no,no,490,100,251,100,1,95,95,95,95,95,Started,no,
FICC.X21,Informed Consumer Choice Conventional Monthly Mortgage Income,standard,Decimal,DECIMAL_2,float x772,$.fhaVaLoan.conventionalMmi,loan.fhaVaLoan.conventionalMmi,no,no,490,100,251,100,1,75.2,75.2,75.2,75.2,75.2,Started,no,
FICC.X22,Informed Consumer Choice Conventional Max Years of Monthly Insurance Premium Payments,standard,Int,INTEGER,int x772,$.fhaVaLoan.conventionalMaxYearsMi,loan.fhaVaLoan.conventionalMaxYearsMi,no,no,490,100,251,100,1,11,11,11,11,11,Started,no,
FLGFE.X77,Disclosure-FL Lender fee paid to licensee,standard,Decimal,DECIMAL_2,int x16 | float x10,$.stateDisclosure.lenderPaid,loan.stateDisclosure.lenderPaid,no,no,26,5.3,0,0,25,55.13,507,1363.125,4506.25,10926.72,Investor Delivery,no,
FV.X358,CD Initial Guid,standard,String,STRING,str x1,$.closingCost.feeVarianceOther.cdInitialGuid,loan.closingCost.feeVarianceOther.cdInitialGuid,no,yes,0,0,0,0,1,,,,,,,no,
FV.X359,CD Latest Guid,standard,String,STRING,str x1,$.closingCost.feeVarianceOther.cdLatestGuid,loan.closingCost.feeVarianceOther.cdLatestGuid,no,yes,0,0,0,0,1,,,,,,,no,
GFE824,GFE Fees Compensation to broker 1 Numeric Value,standard,Decimal,DECIMAL_2,float x1,$.gfe.gfeFees[?(@.gfeFeeType == 'CompensationToBroker' && @.gfeFeeIndex == '824')].brokerAmount,loan.gfe.gfeFees[(gfeFeeType == 'CompensationToBroker' && gfeFeeIndex == '824')].brokerAmount,no,yes,1,0.2,0,0,1,,,,,,,no,
GLOBAL.S1,REGZ Pymt Sched # Pymts 1,standard,Int,INTEGER,int x691,$.regulationZ.regulationZPayments[?(@.regulationZPaymentIndex == '1')].numberOfPayments,loan.regulationZ.regulationZPayments[(regulationZPaymentIndex == '1')].numberOfPayments,no,no,450,91.8,223,88.8,9,1,11,120,359,479,Started,no,
GLOBAL.S2,REGZ Pymt Sched Mo Pymt 1,standard,Decimal,DECIMAL_2,float x639 | int x52,$.regulationZ.regulationZPayments[?(@.regulationZPaymentIndex == '1')].monthlyPayment,loan.regulationZ.regulationZPayments[(regulationZPaymentIndex == '1')].monthlyPayment,no,no,449,91.6,199,79.3,619,559.42,1061.11,1379.55,2214.84,5525.4,Started,no,identifying-or-high-cardinality
GLOBAL.S3,REGZ Pymt Sched Pymt Date 1,standard,DateTime,DATE,date x691,$.regulationZ.regulationZPayments[?(@.regulationZPaymentIndex == '1')].paymentDate,loan.regulationZ.regulationZPayments[(regulationZPaymentIndex == '1')].paymentDate,no,yes,449,91.6,223,88.8,115,,,,,,Started,no,identifying-or-high-cardinality
GLOBAL.S4,REGZ Pymt Sched # Pymts 2,standard,Int,INTEGER,int x687,$.regulationZ.regulationZPayments[?(@.regulationZPaymentIndex == '2')].numberOfPayments,loan.regulationZ.regulationZPayments[(regulationZPaymentIndex == '2')].numberOfPayments,no,no,447,91.2,223,88.8,7,1,1,1,239,359,Started,no,
GLOBAL.S5,REGZ Pymt Sched Mo Pymt 2,standard,Decimal,DECIMAL_2,float x638 | int x49,$.regulationZ.regulationZPayments[?(@.regulationZPaymentIndex == '2')].monthlyPayment,loan.regulationZ.regulationZPayments[(regulationZPaymentIndex == '2')].monthlyPayment,no,no,447,91.2,223,88.8,645,555.02,1077.685,1746.92,3565.415,910000,Started,no,identifying-or-high-cardinality
GLOBAL.S6,REGZ Pymt Sched Pymt Date 2,standard,DateTime,DATE,date x686,$.regulationZ.regulationZPayments[?(@.regulationZPaymentIndex == '2')].paymentDate,loan.regulationZ.regulationZPayments[(regulationZPaymentIndex == '2')].paymentDate,no,yes,446,91,223,88.8,166,,,,,,Started,no,identifying-or-high-cardinality
GLOBAL.S7,REGZ Pymt Sched # Pymts 3,standard,Int,INTEGER,int x48,$.regulationZ.regulationZPayments[?(@.regulationZPaymentIndex == '3')].numberOfPayments,loan.regulationZ.regulationZPayments[(regulationZPaymentIndex == '3')].numberOfPayments,no,no,43,8.8,4,1.6,1,1,1,1,1,1,Loan Setup,no,
GLOBAL.S8,REGZ Pymt Sched Mo Pymt 3,standard,Decimal,DECIMAL_2,float x48,$.regulationZ.regulationZPayments[?(@.regulationZPaymentIndex == '3')].monthlyPayment,loan.regulationZ.regulationZPayments[(regulationZPaymentIndex == '3')].monthlyPayment,no,no,43,8.8,4,1.6,46,1138.11,2848.75,3381.11,5080.29,548208.19,Loan Setup,no,identifying-or-high-cardinality
GLOBAL.S9,REGZ Pymt Sched Pymt Date 3,standard,DateTime,DATE,date x48,$.regulationZ.regulationZPayments[?(@.regulationZPaymentIndex == '3')].paymentDate,loan.regulationZ.regulationZPayments[(regulationZPaymentIndex == '3')].paymentDate,no,yes,43,8.8,4,1.6,26,,,,,,Loan Setup,no,identifying-or-high-cardinality
GMCAW.X1,FHA MCAW Mortgage Basis,standard,Decimal,DECIMAL_2,float x617 | int x115,$.mcaw.mortgageBasisRefinance,loan.mcaw.mortgageBasisRefinance,no,yes,489,99.8,232,92.4,677,2995,3006.97,3106.88,11733.14,609131.97,Started,no,identifying-or-high-cardinality
GUID,Loan Info Loan ID,standard,String,STRING,str x772,$.id,loan.id,no,yes,490,100,251,100,772,,,,,,Started,no,identifying-or-high-cardinality
HCSETTING.DISTANCE,Home Counseling Provider - Settings - Distance,standard,String,STRING,str x8,$.homeCounselingProvidersDistance,loan.homeCounselingProvidersDistance,no,no,0,0,0,0,1,,,,,,,no,
HCSETTING.LANGUAGES,Home Counseling Provider - Settings - Language Names,standard,String,STRING,str x8,$.homeCounselingProvidersLanguageNames,loan.homeCounselingProvidersLanguageNames,no,no,0,0,0,0,1,,,,,,,no,
HCSETTING.SERVICES,Home Counseling Provider - Settings - Service Names,standard,String,STRING,str x8,$.homeCounselingProvidersServiceNames,loan.homeCounselingProvidersServiceNames,no,no,0,0,0,0,1,,,,,,,no,
HELOC.OvrLmtChg,HELOC Over Limit Charge,standard,Decimal,DECIMAL_2,int x1,$.loanProductData.overLimitCharge,loan.loanProductData.overLimitCharge,no,no,0,0,0,0,1,,,,,,,no,
HELOC.OvrLmtRtnChg,HELOC Over Limit Return Charge,standard,Decimal,DECIMAL_2,int x1,$.loanProductData.overLimitReturnCharge,loan.loanProductData.overLimitReturnCharge,no,no,0,0,0,0,1,,,,,,,no,
HELOC.RtdChkChgAmt,HELOC Returned Check Charge Amt.,standard,Decimal,DECIMAL_2,int x1,$.loanProductData.returnedCheckCharge,loan.loanProductData.returnedCheckCharge,no,no,0,0,0,0,1,,,,,,,no,
HELOC.StopPmtChrg,HELOC Stop Payment Charge,standard,Decimal,DECIMAL_2,int x1,$.loanProductData.stopPaymentCharge,loan.loanProductData.stopPaymentCharge,no,no,0,0,0,0,1,,,,,,,no,
HELOC.WireFee,HELOC Wire Fee,standard,Decimal,DECIMAL_2,int x1,$.loanProductData.wireFee,loan.loanProductData.wireFee,no,no,0,0,0,0,1,,,,,,,no,
HighCost.Federal,Loan qualifies as high cost under Section 32,standard,Boolean,YN,bool x187,$.section32.section32Indicator,loan.section32.section32Indicator,no,yes,96,19.6,0,0,1,,,,,,Docs Out,no,
HighCost.Jurisdications,Jurisdictions under which loan qualifies as high cost,standard,String,STRING,str x11,$.section32.jurisdictions,loan.section32.jurisdictions,no,yes,10,2,0,0,1,,,,,,Purchasing Conditions,no,
HighCost.Local,Loan qualifies as high cost under a state/county/local jurisdiction,standard,Boolean,YN,bool x187,$.section32.otherHighCostIndicator,loan.section32.otherHighCostIndicator,no,yes,10,2,0,0,1,,,,,,,no,
HMDA.X11,Subject Property Type,standard,String,STRING,str x27,$.hmda.propertyType,loan.hmda.propertyType,no,no,26,5.3,0,0,1,,,,,,Purchasing Conditions,no,
HMDA.X13,Trans Details HOEPA Status,standard,String,STRING,str x772,$.hmda.hoepaStatus,loan.hmda.hoepaStatus,no,no,490,100,251,100,2,,,,,,Started,no,
HMDA.X14,Trans Details Lien Status,standard,String,STRING,str x576,$.hmda.lienStatus,loan.hmda.lienStatus,no,no,485,99,66,26.3,2,,,,,,Started,no,
HMDA.X15,Trans Details Rate Spread,standard,String,RA_DECIMAL_3,str x85,$.hmda.rateSpread,loan.hmda.rateSpread,no,no,74,15.1,9,3.6,19,,,,,,Started,no,
HMDA.X21,Denial Reason 1,standard,String,STRING,str x450,$.hmda.denialReason1,loan.hmda.denialReason1,no,no,328,66.9,117,46.6,1,,,,,,Started,no,
HMDA.X26,QM Status,standard,String,STRING,str x527,$.hmda.qmStatus,loan.hmda.qmStatus,no,no,308,62.9,217,86.5,1,,,,,,Started,no,
HMDA.X27,HMDA Reporting Year,standard,Int,INTEGER,int x772,$.hmda.reportingYear,loan.hmda.reportingYear,no,no,490,100,251,100,3,2024,2025,2025,2026,2026,Started,no,
HMDA.X28,Universal Loan Id,standard,String,STRING,str x167,$.hmda.universalLoanId,loan.hmda.universalLoanId,no,no,125,25.5,26,10.4,151,,,,,,Cond. Approval,no,identifying-or-high-cardinality
HMDA.X29,Application Date,standard,String,STRING,date x771,$.hmda.applicationDate,loan.hmda.applicationDate,no,no,489,99.8,251,100,294,,,,,,Started,no,identifying-or-high-cardinality
HMDA.X30,HMDA Loan Type,standard,String,STRING,str x767,$.hmda.loanType,loan.hmda.loanType,no,no,490,100,251,100,1,,,,,,Started,no,
HMDA.X31,HMDA Loan Amount,standard,Decimal,DECIMAL_2,int x696,$.hmda.loanAmount,loan.hmda.loanAmount,no,no,450,91.8,223,88.8,476,120000,216000,360000,450000,600000,Started,no,identifying-or-high-cardinality
HMDA.X35,Discount Points,standard,String,RA_DECIMAL_2,str x567,$.hmda.discountPoints,loan.hmda.discountPoints,no,no,347,70.8,217,86.5,2,,,,,,Started,no,
HMDA.X36,Debt to Income Ratio,standard,String,RA_DECIMAL_3,str x64,$.hmda.debtToIncomeRatio,loan.hmda.debtToIncomeRatio,no,no,54,11,9,3.6,1,,,,,,Started,no,
HMDA.X37,CLTV,standard,String,RA_DECIMAL_3,str x64,$.hmda.cltv,loan.hmda.cltv,no,no,54,11,9,3.6,1,,,,,,Started,no,
HMDA.X39,Manufactured Secured Property Type,standard,String,STRING,str x515,$.hmda.manufacturedSecuredPropertyType,loan.hmda.manufacturedSecuredPropertyType,no,no,489,99.8,20,8,1,,,,,,Started,no,
HMDA.X40,Manufactured Home Land Property Interest,standard,String,STRING,str x515,$.hmda.manufacturedHomeLandPropertyInterest,loan.hmda.manufacturedHomeLandPropertyInterest,no,no,489,99.8,20,8,1,,,,,,Started,no,
HMDA.X42,Submission of Application,standard,String,STRING,str x1,$.hmda.submissionOfApplication,loan.hmda.submissionOfApplication,no,no,1,0.2,0,0,1,,,,,,,no,
HMDA.X44,AUS #1,standard,String,STRING,str x1,$.hmda.aus1,loan.hmda.aus1,no,no,1,0.2,0,0,1,,,,,,,no,
HMDA.X50,AUS Recommendation #1,standard,String,STRING,str x1,$.hmda.ausRecommendation1,loan.hmda.ausRecommendation1,no,no,1,0.2,0,0,1,,,,,,,no,
HMDA.X58,Business or Commercial Purpose,standard,String,STRING,str x772,$.hmda.businessOrCommercialPurpose,loan.hmda.businessOrCommercialPurpose,no,no,490,100,251,100,2,,,,,,Started,no,
HMDA.X77,Total Loan Costs,standard,String,RA_DECIMAL_2,str x772,$.hmda.totalLoanCosts,loan.hmda.totalLoanCosts,no,no,490,100,251,100,5,,,,,,Started,no,
HMDA.X78,Total Points and Fees,standard,String,RA_DECIMAL_2,str x772,$.hmda.totalPointsAndFees,loan.hmda.totalPointsAndFees,no,no,489,99.8,233,92.8,152,,,,,,Started,no,identifying-or-high-cardinality
HMDA.X79,Origination Charges,standard,String,RA_DECIMAL_2,str x772,$.hmda.originationCharges,loan.hmda.originationCharges,no,no,489,99.8,231,92,135,,,,,,Started,no,identifying-or-high-cardinality
HMDA.X80,Lender Credits,standard,String,RA_DECIMAL_2,str x747,$.hmda.lenderCredits,loan.hmda.lenderCredits,no,no,488,99.6,251,100,1,,,,,,Started,no,
HMDA.X81,Interest Rate,standard,String,RA_DECIMAL_3,str x450,$.hmda.interestRate,loan.hmda.interestRate,no,no,328,66.9,115,45.8,79,,,,,,Started,no,identifying-or-high-cardinality
HMDA.X82,Prepayment Penalty Period,standard,String,RA_INTEGER,str x772,$.hmda.prepaymentPenaltyPeriod,loan.hmda.prepaymentPenaltyPeriod,no,no,490,100,251,100,4,,,,,,Started,no,
HMDA.X83,Loan Term,standard,String,RA_INTEGER,str x749,$.hmda.loanTerm,loan.hmda.loanTerm,no,no,490,100,251,100,7,,,,,,Started,no,
HMDA.X84,Intro Rate Period,standard,String,RA_INTEGER,str x765,$.hmda.introRatePeriod,loan.hmda.introRatePeriod,no,no,490,100,251,100,1,,,,,,Started,no,
HMDA.X85,Property Value,standard,String,RA_DECIMAL_2,str x772,$.hmda.propertyValue,loan.hmda.propertyValue,no,no,446,91,215,85.7,286,,,,,,Started,no,identifying-or-high-cardinality
HMDA.X86,NMLS Loan Originator ID,standard,String,RA_STRING,str x716,$.hmda.nmlsLoanOriginatorId,loan.hmda.nmlsLoanOriginatorId,no,no,453,92.4,235,93.6,5,,,,,,Started,no,identifying-or-high-cardinality
HMDA.X87,HMDA Property Zip Code,standard,String,STRING,str x690,$.hmda.hmdaPropertyZipCode,loan.hmda.hmdaPropertyZipCode,no,no,458,93.5,208,82.9,503,,,,,,Started,no,identifying-or-high-cardinality
HMDA.X88,HMDA Property Address,standard,String,STRING,str x771,$.hmda.hmdaPropertyAddress,loan.hmda.hmdaPropertyAddress,no,no,489,99.8,251,100,651,,,,,,Started,no,identifying-or-high-cardinality
HMDA.X89,HMDA Property City,standard,String,STRING,str x690,$.hmda.hmdaPropertyCity,loan.hmda.hmdaPropertyCity,no,no,457,93.3,209,83.3,247,,,,,,Started,no,identifying-or-high-cardinality
HMDA.X90,HMDA Property State,standard,String,STATE,str x689,$.hmda.hmdaPropertyState,loan.hmda.hmdaPropertyState,no,no,456,93.1,209,83.3,15,,,,,,Started,no,
HMDA.X91,HMDA Sync address fields with subject property address,standard,Boolean,YN,bool x772,$.hmda.hmdaSyncAddressIndicator,loan.hmda.hmdaSyncAddressIndicator,no,no,490,100,251,100,1,,,,,,Started,no,identifying-or-high-cardinality
HMDA.X104,HMDA Profile - Application Date value from Setting,standard,DateTime,DATE,date x221,$.hmda.hmdaProfileApplicationDateValue,loan.hmda.hmdaProfileApplicationDateValue,no,yes,177,36.1,28,11.2,133,,,,,,Submittal,no,identifying-or-high-cardinality
HMDA.X105,HMDA LEI Used,standard,String,STRING,str x1,$.hmda.legalEntityIdentifierUsed,loan.hmda.legalEntityIdentifierUsed,no,no,1,0.2,0,0,1,,,,,,,no,
HMDA.X106,HMDA LEI Reporting,standard,String,STRING,str x1,$.hmda.legalEntityIdentifierReporting,loan.hmda.legalEntityIdentifierReporting,no,no,1,0.2,0,0,1,,,,,,,no,
HMDA.X109,Trans Details Interest Only Indicator,standard,Boolean,YN,bool x772,$.hmda.hmdaInterestOnlyIndicator,loan.hmda.hmdaInterestOnlyIndicator,no,no,43,8.8,251,100,1,,,,,,,no,
HMDA.X111,CFPB HMDA County Code,standard,String,STRING,str x606,$.hmda.hmdaCountyCode,loan.hmda.hmdaCountyCode,no,no,422,86.1,162,64.5,65,,,,,,Started,no,identifying-or-high-cardinality
HMDA.X112,CFPB HMDA Census Tract,standard,String,STRING,str x399,$.hmda.hmdaCensusTrack,loan.hmda.hmdaCensusTrack,no,no,324,66.1,66,26.3,264,,,,,,Started,no,identifying-or-high-cardinality
HMDA.X116,Borr Credit Score for Decision Making,standard,String,RA_STRING,str x66,$.applications[0].borrower.hmda2CreditScoreForDecisionMaking,loan.currentApplication.borrower.hmda2CreditScoreForDecisionMaking,no,no,55,11.2,10,4,2,,,,,,Started,no,
HMDA.X117,Borr Credit Scoring Model,standard,String,STRING,str x65,$.applications[0].borrower.hmda2CreditScoringModel,loan.currentApplication.borrower.hmda2CreditScoringModel,no,no,55,11.2,9,3.6,1,,,,,,Started,no,
HMDA.X118,Co-Borr Credit Score for Decision Making,standard,String,RA_STRING,str x516,$.applications[0].coborrower.hmda2CreditScoreForDecisionMaking,loan.currentApplication.coborrower.hmda2CreditScoreForDecisionMaking,no,no,483,98.6,26,10.4,2,,,,,,Started,no,
HMDA.X119,Co-Borr Credit Scoring Model,standard,String,STRING,str x516,$.applications[0].coborrower.hmda2CreditScoringModel,loan.currentApplication.coborrower.hmda2CreditScoringModel,no,no,483,98.6,26,10.4,2,,,,,,Started,no,
HMDA.X120,Trans Details Interest Only Indicator,standard,String,STRING,str x772,$.hmda.hmda2InterestOnlyIndicator,loan.hmda.hmda2InterestOnlyIndicator,no,no,43,8.8,251,100,1,,,,,,,no,
HMDA.X121,CD Required,standard,Boolean,YN,bool x772,$.hmda.cdRequired,loan.hmda.cdRequired,no,no,182,37.1,35,13.9,1,,,,,,Cond. Approval,no,
HUD1A.X31,HUD1 HUD1A - 1520 Total Disbursed,standard,Decimal,DECIMAL_2,float x141 | int x75,$.closingDocument.totalDisbursed,loan.closingDocument.totalDisbursed,no,yes,198,40.4,18,7.2,190,58800,200000,318895.73,501787.97,845682.35,Started,no,identifying-or-high-cardinality
HUD1A.X32,HUD1 HUD1A - Equals Disburs to Borr,standard,Decimal,DECIMAL_2,float x617 | int x144,$.closingDocument.disbursementsToBorrower,loan.closingDocument.disbursementsToBorrower,no,yes,489,99.8,249,99.2,699,-96188.93,-2345,-2256.97,144743.03,585743.03,Started,no,identifying-or-high-cardinality
HUD23,HUD Starting Balance,standard,Decimal,DECIMAL_2,int x385 | float x284,$.hud1Es.startingBalance,loan.hud1Es.startingBalance,no,yes,403,82.2,8,3.2,385,365,600,1240,2150,5125,Started,no,identifying-or-high-cardinality
HUD24,HUD Escrow Monthly Payment,standard,Decimal,DECIMAL_2,float x167 | int x6,$.hud1Es.escrowPayment,loan.hud1Es.escrowPayment,no,yes,172,35.1,0,0,172,191.93,364.425,597.345,814.2725,1665.59,Docs Out,no,identifying-or-high-cardinality
HUD25,HUD Ending Balance,standard,Decimal,DECIMAL_2,float x284 | int x133,$.hud1Es.endingBalance,loan.hud1Es.endingBalance,no,yes,403,82.2,8,3.2,385,365,600,1240,2150,23532,Started,no,identifying-or-high-cardinality
HUD26,HUD Total Escrow Reserves,standard,Decimal,DECIMAL_2,float x320 | int x138,$.hud1Es.totalEscrowReserves,loan.hud1Es.totalEscrowReserves,no,yes,412,84.1,30,12,413,200,313.99,600,1000,2562.5,Started,no,identifying-or-high-cardinality
HUD30,No. Tax Pymts for Cushion,standard,Int,INTEGER,int x512,$.hud1Es.taxDisbCushion,loan.hud1Es.taxDisbCushion,no,no,480,98,19,7.6,1,2,2,2,2,2,Started,no,
HUD31,No. Hazard Ins Pymts for Cushion,standard,Int,INTEGER,int x513,$.hud1Es.hazInsDisbCushion,loan.hud1Es.hazInsDisbCushion,no,no,481,98.2,19,7.6,1,2,2,2,2,2,Started,no,
HUD33,No. Flood Ins Pymts for Cushion,standard,Int,INTEGER,int x505,$.hud1Es.floodInsDisbCushion,loan.hud1Es.floodInsDisbCushion,no,no,480,98,19,7.6,1,2,2,2,2,2,Started,no,
HUD34,No. City Tax Pymts for Cushion,standard,Int,INTEGER,int x504,$.hud1Es.schoolTaxesCushion,loan.hud1Es.schoolTaxesCushion,no,no,479,97.8,19,7.6,1,2,2,2,2,2,Started,no,identifying-or-high-cardinality
HUD35,No. User Defined 1 Pymts for Cushion,standard,Int,INTEGER,int x42,$.hud1Es.userDefinedCushion1,loan.hud1Es.userDefinedCushion1,no,no,42,8.6,0,0,2,1,2,2,2,2,Investor Delivery,no,
HUD36,No. User Defined 2 Pymts for Cushion,standard,Int,INTEGER,int x23,$.hud1Es.userDefinedCushion2,loan.hud1Es.userDefinedCushion2,no,no,23,4.7,0,0,1,2,2,2,2,2,Purchasing Conditions,no,
HUD37,No. User Defined 3 Pymts for Cushion,standard,Int,INTEGER,int x8,$.hud1Es.userDefinedCushion3,loan.hud1Es.userDefinedCushion3,no,no,8,1.6,0,0,1,2,2,2,2,2,,no,
HUD40,HUD Single Line Analysis,standard,Decimal,DECIMAL_2,float x284 | int x133,$.hud1Es.singleLineAnalysis,loan.hud1Es.singleLineAnalysis,no,no,403,82.2,8,3.2,385,365,600,1240,2150,5125,Started,no,identifying-or-high-cardinality
HUD41,HUD Annual Tax Payment,standard,Decimal,DECIMAL_2,float x275 | int x176,$.hud1Es.annualTax,loan.hud1Es.annualTax,no,no,407,83.1,28,11.2,379,1200,2569.8,6000,9999.96,24000,Started,no,identifying-or-high-cardinality
HUD42,HUD Annual Hazard Insurance Payment,standard,Decimal,DECIMAL_2,int x239 | float x208,$.hud1Es.annualHazardInsurance,loan.hud1Es.annualHazardInsurance,no,no,404,82.4,28,11.2,318,480,1080,1296,1800,14400,Started,no,identifying-or-high-cardinality
HUD44,HUD Annual Flood Insurance Payment,standard,Decimal,DECIMAL_2,float x8 | int x4,$.hud1Es.annualFloodInsurance,loan.hud1Es.annualFloodInsurance,no,no,12,2.4,0,0,12,288,729.51,967.675,1375.57,5684.04,Purchasing Conditions,no,
HUD45,HUD Annual City Tax Payment,standard,Decimal,DECIMAL_2,float x4 | int x1,$.hud1Es.annualCityTax,loan.hud1Es.annualCityTax,no,no,5,1,0,0,5,338.64,641.1,1284,5513.625,9552.81,,no,identifying-or-high-cardinality
HUD46,HUD Annual User Escrow Payment 1,standard,Decimal,DECIMAL_2,float x47 | int x1,$.hud1Es.annualUserEscrow1,loan.hud1Es.annualUserEscrow1,no,no,48,9.8,0,0,48,188.16,1127.475,2028.48,4155.88,9367.68,Investor Delivery,no,identifying-or-high-cardinality
HUD47,HUD Annual User Escrow Payment 2,standard,Decimal,DECIMAL_2,float x28 | int x2,$.hud1Es.annualUserEscrow2,loan.hud1Es.annualUserEscrow2,no,no,30,6.1,0,0,28,64.93,740.04,1777.32,4640.76,6952.92,Purchasing Conditions,no,identifying-or-high-cardinality
HUD48,HUD Annual User Escrow Payment 3,standard,Decimal,DECIMAL_2,float x5 | int x2,$.hud1Es.annualUserEscrow3,loan.hud1Es.annualUserEscrow3,no,no,7,1.4,0,0,7,69,284.4,562,644.88,744.74,,no,
HUD51,HUD Biweekly Escrow Payment - PITI,standard,Decimal,DECIMAL_2,float x650 | int x14,$.hud1Es.biweeklyPiti,loan.hud1Es.biweeklyPiti,no,no,449,91.6,199,79.3,622,279.71,528.04,873.58,1468.71,2762.7,Started,no,identifying-or-high-cardinality
HUD52,HUD Biweekly Escrow Payment - County Taxes,standard,Decimal,DECIMAL_2,float x435 | int x16,$.hud1Es.biweeklyCountyTaxes,loan.hud1Es.biweeklyCountyTaxes,no,no,407,83.1,28,11.2,376,46.15,98.84,230.77,369.23,923.08,Started,no,identifying-or-high-cardinality
HUD53,HUD Biweekly Escrow Payment - Hazard Insurance,standard,Decimal,DECIMAL_2,float x436 | int x11,$.hud1Es.biweeklyHazardInsurance,loan.hud1Es.biweeklyHazardInsurance,no,no,404,82.4,28,11.2,315,18.46,41.54,48,69.23,553.85,Started,no,identifying-or-high-cardinality
HUD55,HUD Biweekly Escrow Payment - Flood Insurance,standard,Decimal,DECIMAL_2,float x11 | int x1,$.hud1Es.biweeklyFloodInsurance,loan.hud1Es.biweeklyFloodInsurance,no,no,12,2.4,0,0,11,11.08,28.0575,37.22,52.9025,218.62,Purchasing Conditions,no,
HUD56,HUD Biweekly Escrow Payment - City Property Taxes,standard,Decimal,DECIMAL_2,float x5,$.hud1Es.biweeklyCityPropertyTaxes,loan.hud1Es.biweeklyCityPropertyTaxes,no,no,5,1,0,0,5,13.02,24.655,49.38,212.06,367.41,,no,identifying-or-high-cardinality
HUD58,HUD Biweekly Escrow Payment - User Defined Escrow Fee 1,standard,Decimal,DECIMAL_2,float x48,$.hud1Es.biweeklyUserDefinedEscrowFee1,loan.hud1Es.biweeklyUserDefinedEscrowFee1,no,no,48,9.8,0,0,48,7.24,43.36,78.02,159.84,360.3,Investor Delivery,no,identifying-or-high-cardinality
HUD60,HUD Biweekly Escrow Payment - User Defined Escrow Fee 2,standard,Decimal,DECIMAL_2,float x29 | int x1,$.hud1Es.biweeklyUserDefinedEscrowFee2,loan.hud1Es.biweeklyUserDefinedEscrowFee2,no,no,30,6.1,0,0,27,2.5,28.46,68.68,169.8525,267.42,Purchasing Conditions,no,identifying-or-high-cardinality
HUD62,HUD Biweekly Escrow Payment - User Defined Escrow Fee 3,standard,Decimal,DECIMAL_2,float x7,$.hud1Es.biweeklyUserDefinedEscrowFee3,loan.hud1Es.biweeklyUserDefinedEscrowFee3,no,no,7,1.4,0,0,7,2.65,10.94,21.61,24.8,28.64,,no,
HUD64,HUD Biweekly Escrow Payment - Total Biweekly Payment Amount,standard,Decimal,DECIMAL_2,float x655 | int x14,$.hud1Es.biweeklyTotalBiweeklyPayment,loan.hud1Es.biweeklyTotalBiweeklyPayment,no,yes,451,92,201,80.1,654,427.29,641.94,1322.815,1716.22,3945.39,Started,no,identifying-or-high-cardinality
HUD65,HUD Biweekly Escrow Payment - Total Biweekly Payment to Escrow,standard,Decimal,DECIMAL_2,float x369 | int x5,$.hud1Es.biweeklyTotalBiweeklyPaymentToEscrow,loan.hud1Es.biweeklyTotalBiweeklyPaymentToEscrow,no,no,364,74.3,6,2.4,354,88.58,165.37,276.92,438.46,1182.69,Started,no,identifying-or-high-cardinality
HUD66,HUD Escrow Yearly Payment,standard,Decimal,DECIMAL_2,int x510 | float x262,$.hud1Es.escrowPaymentYearly,loan.hud1Es.escrowPaymentYearly,no,yes,364,74.3,6,2.4,351,2400,5343,7428,12000,30750,LO Prep,no,identifying-or-high-cardinality
HUD67,HUD Non Escrow Yearly Costs,standard,Decimal,DECIMAL_2,int x730 | float x42,$.hud1Es.nonEscrowCostsYearly,loan.hud1Es.nonEscrowCostsYearly,no,yes,68,13.9,24,9.6,88,1545,4253.94,6499.92,15000,42000,,no,identifying-or-high-cardinality
HUD68,Escrow First Payment Date,standard,DateTime,DATE,date x404,$.hud1Es.escrowFirstPaymentDate,loan.hud1Es.escrowFirstPaymentDate,no,no,288,58.8,110,43.8,18,,,,,,Started,no,
HUD69,Escrow First Payment Date Type,standard,String,STRING,str x772,$.hud1Es.escrowFirstPaymentDateType,loan.hud1Es.escrowFirstPaymentDateType,no,no,490,100,251,100,1,,,,,,Started,no,
INTRATE1,Expenses Calc First Mtg Pymt Int Rate,standard,Decimal,DECIMAL_3,float x1,$.miscellaneous.housingExpenseIntRate1,loan.miscellaneous.housingExpenseIntRate1,no,yes,0,0,0,0,1,,,,,,,no,
INVESTORCONN.X1,Investor Connect Delivery Status,standard,String,STRING,str x15,$.shipping.investorConnectDeliveryStatus,loan.shipping.investorConnectDeliveryStatus,no,yes,15,3.1,0,0,3,,,,,,Purchasing Conditions,no,
INVESTORCONN.X2,Investor Connect Delivery Status Date Time,standard,DateTime,DATETIME,date x15,$.shipping.investorConnectDeliveryStatusDateTime,loan.shipping.investorConnectDeliveryStatusDateTime,no,yes,15,3.1,0,0,15,,,,,,Purchasing Conditions,no,
INVESTORCONN.X3,Investor Connect Delivered To Company,standard,String,STRING,str x15,$.shipping.investorConnectDeliveredToCompany,loan.shipping.investorConnectDeliveredToCompany,no,yes,15,3.1,0,0,1,,,,,,Purchasing Conditions,no,
INVESTORCONN.X4,Investor Connect Delivered To Category,standard,String,STRING,str x15,$.shipping.investorConnectDeliveredToCategory,loan.shipping.investorConnectDeliveredToCategory,no,yes,15,3.1,0,0,1,,,,,,Purchasing Conditions,no,
INVESTOREC.X5,Investor Connect EC Updates Allowed,standard,String,STRING,str x763,$.shipping.ecUpdatesAllowed,loan.shipping.ecUpdatesAllowed,no,no,481,98.2,251,100,1,,,,,,Started,no,
IRS4506.X1,IRS - Tax Form for Borr/Co-Borr/Both,standard,String,STRING,str x1,$.applications[0].tax4506.person,loan.currentApplication.tax4506.person,no,no,1,0.2,0,0,1,,,,,,,no,
IRS4506.X2,IRS - First Name,standard,String,STRING,str x1,$.applications[0].tax4506.first,loan.currentApplication.tax4506.first,no,no,1,0.2,0,0,1,,,,,,,no,identifying-or-high-cardinality
IRS4506.X3,IRS - Last Name,standard,String,STRING,str x1,$.applications[0].tax4506.last,loan.currentApplication.tax4506.last,no,no,1,0.2,0,0,1,,,,,,,no,identifying-or-high-cardinality
IRS4506.X4,IRS - First SSN/Empl ID #,standard,String,STRING,str x1,$.applications[0].tax4506.ssn,loan.currentApplication.tax4506.ssn,no,no,1,0.2,0,0,1,,,,,,,no,identifying-or-high-cardinality
IRS4506.X27,IRS - Taxpayer Phone,standard,String,PHONE,str x1,$.applications[0].tax4506.requestorPhoneNumber,loan.currentApplication.tax4506.requestorPhoneNumber,no,no,1,0.2,0,0,1,,,,,,,no,identifying-or-high-cardinality
IRS4506.X35,IRS - Current Addr,standard,String,STRING,str x1,$.applications[0].tax4506.address,loan.currentApplication.tax4506.address,no,no,1,0.2,0,0,1,,,,,,,no,
IRS4506.X36,IRS - Current City,standard,String,STRING,str x1,$.applications[0].tax4506.city,loan.currentApplication.tax4506.city,no,no,1,0.2,0,0,1,,,,,,,no,identifying-or-high-cardinality
IRS4506.X37,IRS - Current State,standard,String,STATE,str x1,$.applications[0].tax4506.state,loan.currentApplication.tax4506.state,no,no,1,0.2,0,0,1,,,,,,,no,
IRS4506.X38,IRS - Current Zip,standard,String,ZIPCODE,str x1,$.applications[0].tax4506.zip,loan.currentApplication.tax4506.zip,no,no,1,0.2,0,0,1,,,,,,,no,identifying-or-high-cardinality
IRS4506.X39,IRS - Current Name First,standard,String,STRING,str x1,$.applications[0].tax4506.currentFirst,loan.currentApplication.tax4506.currentFirst,no,no,1,0.2,0,0,1,,,,,,,no,identifying-or-high-cardinality
IRS4506.X40,IRS - Current Name Last,standard,String,STRING,str x1,$.applications[0].tax4506.currentLast,loan.currentApplication.tax4506.currentLast,no,no,1,0.2,0,0,1,,,,,,,no,identifying-or-high-cardinality
IRS4506.X67,Use IRS 4506-C,standard,Boolean,YN,bool x4,$.applications[0].tax4506.irs4506C,loan.currentApplication.tax4506.irs4506C,no,no,4,0.8,0,0,1,,,,,,,no,
IRS4506.X92,IRS 4506-C Print Version,standard,String,STRING,str x4,$.applications[0].tax4506.irs4506CPrintVersion,loan.currentApplication.tax4506.irs4506CPrintVersion,no,no,4,0.8,0,0,1,,,,,,,no,
IRS4506.X93,Classic Tax Form Transcript Requested to be sent to the IRS,standard,String,STRING,str x772,$.applications[0].tax4506.formVersion,loan.currentApplication.tax4506.formVersion,no,no,490,100,251,100,1,,,,,,Started,no,
KBYO.LE3XD16,Loan Estimate - Total Interest Percentage - Display fields with KBYO rounding rules,standard,String,STRING,str x772,$.closingCost.loanEstimate3.totalInterestPercentageUi,loan.closingCost.loanEstimate3.totalInterestPercentageUi,no,no,424,86.5,199,79.3,225,,,,,,LO Prep,no,identifying-or-high-cardinality
KBYO.XD3,Trans Details Interest Rate - Display field with KBYO rounding rules,standard,String,STRING,str x769,$.requestedInterestRatePercentUi,loan.requestedInterestRatePercentUi,no,no,426,86.9,201,80.1,93,,,,,,Started,no,identifying-or-high-cardinality
KBYO.XD799,Trans Details APR - Display field with KBYO rounding rules,standard,String,STRING,str x772,$.regulationZ.aprPercentUi,loan.regulationZ.aprPercentUi,no,no,450,91.8,220,87.6,600,,,,,,Started,no,identifying-or-high-cardinality
KBYO.XD2625,Loan Info ARM Max Life Interest Cap - Display field with KBYO rounding rules,standard,String,STRING,str x772,$.loanProductData.maxLifeInterestCapPercentUi,loan.loanProductData.maxLifeInterestCapPercentUi,no,yes,426,86.9,201,80.1,93,,,,,,Started,no,identifying-or-high-cardinality
KBYO.XD4113,Initial Interest Rate - Display field with KBYO rounding rules ,standard,String,STRING,str x772,$.initialInterestRateUi,loan.initialInterestRateUi,no,no,426,86.9,201,80.1,93,,,,,,Started,no,identifying-or-high-cardinality
L72,HUD1 File #,standard,String,STRING,str x164 | date x10,$.closingDocument.hud1FileNumberIdentifier,loan.closingDocument.hud1FileNumberIdentifier,no,no,173,35.3,1,0.4,172,,,,,,Docs Out,yes,identifying-or-high-cardinality
L74,HUD1 Settlement Agent,standard,String,STRING,str x240,$.closingDocument.hud1SettlementAgentUnparsedName,loan.closingDocument.hud1SettlementAgentUnparsedName,no,no,181,36.9,57,22.7,100,,,,,,Docs Out,no,identifying-or-high-cardinality
L75,HUD1 Place of Settlement,standard,String,STRING,str x217,$.closingDocument.hud1SettlementAgentUnparsedAddress,loan.closingDocument.hud1SettlementAgentUnparsedAddress,no,no,163,33.3,52,20.7,57,,,,,,Docs Out,no,identifying-or-high-cardinality
L76,HUD1 Settlement Date,standard,DateTime,DATE,date x174,$.closingDocument.hud1SettlementDate,loan.closingDocument.hud1SettlementDate,no,no,170,34.7,2,0.8,98,,,,,,Docs Out,no,identifying-or-high-cardinality
L83,HUD1 Loan Type,standard,String,STRING,str x722,$.closingDocument.mortgageType,loan.closingDocument.mortgageType,no,no,490,100,212,84.5,2,,,,,,Started,no,
L84,HUD1 Borr - Gross Amt Due from Borr Oth 1 Descr,standard,String,STRING,str x107,$.closingDocument.respaHudDetails[?(@.lineNumber == '104')].lineItemDescription,loan.closingDocument.respaHudDetails[(lineNumber == '104')].lineItemDescription,no,no,107,21.8,0,0,2,,,,,,Investor Delivery,no,
L85,HUD1 Borr - Gross Amt Due from Borr Oth 1 Amt,standard,Decimal,DECIMAL_2,float x88 | int x17,$.closingDocument.respaHudDetails[?(@.lineNumber == '104')].lineItemAmount,loan.closingDocument.respaHudDetails[(lineNumber == '104')].lineItemAmount,no,no,104,21.2,0,0,99,56281.93,172025.41,333906.245,500000,779074.9,Investor Delivery,no,identifying-or-high-cardinality
L88,HUD1 Borr - Gross Amt Due from Borr Oth 2 Descr,standard,String,STRING,str x2,$.closingDocument.respaHudDetails[?(@.lineNumber == '105')].lineItemDescription,loan.closingDocument.respaHudDetails[(lineNumber == '105')].lineItemDescription,no,no,2,0.4,0,0,2,,,,,,,no,
L89,HUD1 Borr - Gross Amt Due from Borr Oth 2 Amt,standard,Decimal,DECIMAL_2,float x1 | int x1,$.closingDocument.respaHudDetails[?(@.lineNumber == '105')].lineItemAmount,loan.closingDocument.respaHudDetails[(lineNumber == '105')].lineItemAmount,no,no,2,0.4,0,0,2,,,,,,,no,
L90,HUD1 Seller - Gross Amt Due to Seller Oth 3 Descr,standard,String,STRING,str x1,$.closingDocument.respaHudDetails[?(@.lineNumber == '405')].lineItemDescription,loan.closingDocument.respaHudDetails[(lineNumber == '405')].lineItemDescription,no,no,1,0.2,0,0,1,,,,,,,no,
L91,HUD1 Seller - Gross Amt Due to Seller Oth 3 Amt,standard,Decimal,DECIMAL_2,float x1,$.closingDocument.respaHudDetails[?(@.lineNumber == '405')].lineItemAmount,loan.closingDocument.respaHudDetails[(lineNumber == '405')].lineItemAmount,no,no,1,0.2,0,0,1,,,,,,,no,
L92,HUD1 Borr - Adj for Seller PIA City From Date,standard,DateTime,DATE,date x26,$.closingDocument.respaHudDetails[?(@.lineNumber == '106')].hud1LineItemFromDate,loan.closingDocument.respaHudDetails[(lineNumber == '106')].hud1LineItemFromDate,no,no,25,5.1,1,0.4,21,,,,,,Investor Delivery,no,identifying-or-high-cardinality
L93,HUD1 Borr - Adj for Seller PIA City To Date,standard,DateTime,DATE,date x27,$.closingDocument.respaHudDetails[?(@.lineNumber == '106')].hud1LineItemToDate,loan.closingDocument.respaHudDetails[(lineNumber == '106')].hud1LineItemToDate,no,no,26,5.3,1,0.4,9,,,,,,Investor Delivery,no,identifying-or-high-cardinality
L94,HUD1 Borr - Adj for Seller PIA City Amt,standard,Decimal,DECIMAL_2,float x25 | int x2,$.closingDocument.respaHudDetails[?(@.lineNumber == '106')].lineItemAmount,loan.closingDocument.respaHudDetails[(lineNumber == '106')].lineItemAmount,no,no,26,5.3,1,0.4,27,20.41,143.87,645.94,1240.54,4394,Investor Delivery,no,identifying-or-high-cardinality
L95,HUD1 Seller - Adj for Seller PIA City From Date,standard,DateTime,DATE,date x16,$.closingDocument.respaHudDetails[?(@.lineNumber == '406')].hud1LineItemFromDate,loan.closingDocument.respaHudDetails[(lineNumber == '406')].hud1LineItemFromDate,no,no,15,3.1,1,0.4,13,,,,,,Investor Delivery,no,identifying-or-high-cardinality
L96,HUD1 Seller - Adj for Seller PIA City To Date,standard,DateTime,DATE,date x16,$.closingDocument.respaHudDetails[?(@.lineNumber == '406')].hud1LineItemToDate,loan.closingDocument.respaHudDetails[(lineNumber == '406')].hud1LineItemToDate,no,no,15,3.1,1,0.4,6,,,,,,Investor Delivery,no,identifying-or-high-cardinality
L97,HUD1 Seller - Adj for Seller PIA City Amt,standard,Decimal,DECIMAL_2,float x15 | int x1,$.closingDocument.respaHudDetails[?(@.lineNumber == '406')].lineItemAmount,loan.closingDocument.respaHudDetails[(lineNumber == '406')].lineItemAmount,no,no,15,3.1,1,0.4,16,30.18,200.0325,520.87,1160.3675,3408.12,Investor Delivery,no,identifying-or-high-cardinality
L98,HUD1 Borr - Adj for Seller PIA County From Date,standard,DateTime,DATE,date x8,$.closingDocument.respaHudDetails[?(@.lineNumber == '107')].hud1LineItemFromDate,loan.closingDocument.respaHudDetails[(lineNumber == '107')].hud1LineItemFromDate,no,no,8,1.6,0,0,8,,,,,,Purchasing Conditions,no,
L99,HUD1 Borr - Adj for Seller PIA County To Date,standard,DateTime,DATE,date x9,$.closingDocument.respaHudDetails[?(@.lineNumber == '107')].hud1LineItemToDate,loan.closingDocument.respaHudDetails[(lineNumber == '107')].hud1LineItemToDate,no,no,9,1.8,0,0,6,,,,,,Purchasing Conditions,no,
L100,HUD1 Borr - Adj for Seller PIA County Amt,standard,Decimal,DECIMAL_2,float x9,$.closingDocument.respaHudDetails[?(@.lineNumber == '107')].lineItemAmount,loan.closingDocument.respaHudDetails[(lineNumber == '107')].lineItemAmount,no,no,9,1.8,0,0,9,18.84,41.97,237.02,608.455,725.4,Purchasing Conditions,no,
L101,HUD1 Seller - Adj for Seller PIA County From Date,standard,DateTime,DATE,date x5,$.closingDocument.respaHudDetails[?(@.lineNumber == '407')].hud1LineItemFromDate,loan.closingDocument.respaHudDetails[(lineNumber == '407')].hud1LineItemFromDate,no,no,5,1,0,0,5,,,,,,,no,
L102,HUD1 Seller - Adj for Seller PIA County To Date,standard,DateTime,DATE,date x5,$.closingDocument.respaHudDetails[?(@.lineNumber == '407')].hud1LineItemToDate,loan.closingDocument.respaHudDetails[(lineNumber == '407')].hud1LineItemToDate,no,no,5,1,0,0,2,,,,,,,no,
L103,HUD1 Seller - Adj for Seller PIA County Amt,standard,Decimal,DECIMAL_2,float x6,$.closingDocument.respaHudDetails[?(@.lineNumber == '407')].lineItemAmount,loan.closingDocument.respaHudDetails[(lineNumber == '407')].lineItemAmount,no,no,5,1,1,0.4,6,45.99,113.22,284.02,998.2375,1877.65,,no,
L104,HUD1 Borr - Adj for Seller PIA Assmt From Date,standard,DateTime,DATE,date x1,$.closingDocument.respaHudDetails[?(@.lineNumber == '108')].hud1LineItemFromDate,loan.closingDocument.respaHudDetails[(lineNumber == '108')].hud1LineItemFromDate,no,no,1,0.2,0,0,1,,,,,,,no,
L105,HUD1 Borr - Adj for Seller PIA Assmt To Date,standard,DateTime,DATE,date x2,$.closingDocument.respaHudDetails[?(@.lineNumber == '108')].hud1LineItemToDate,loan.closingDocument.respaHudDetails[(lineNumber == '108')].hud1LineItemToDate,no,no,2,0.4,0,0,2,,,,,,,no,
L106,HUD1 Borr - Adj for Seller PIA Assmt Amt,standard,Decimal,DECIMAL_2,float x2,$.closingDocument.respaHudDetails[?(@.lineNumber == '108')].lineItemAmount,loan.closingDocument.respaHudDetails[(lineNumber == '108')].lineItemAmount,no,no,2,0.4,0,0,2,,,,,,,no,
L109,HUD1 Seller - Adj for Seller PIA Assmt Amt,standard,Decimal,DECIMAL_2,float x1,$.closingDocument.respaHudDetails[?(@.lineNumber == '408')].lineItemAmount,loan.closingDocument.respaHudDetails[(lineNumber == '408')].lineItemAmount,no,no,0,0,1,0.4,1,,,,,,,no,
L110,HUD1 Borr - Adj for Seller PIA Oth 1 Descr,standard,String,STRING,str x18,$.closingDocument.respaHudDetails[?(@.lineNumber == '109')].lineItemDescription,loan.closingDocument.respaHudDetails[(lineNumber == '109')].lineItemDescription,no,no,17,3.5,1,0.4,17,,,,,,Purchasing Conditions,no,identifying-or-high-cardinality
L111,HUD1 Borr - Adj for Seller PIA Oth 1 Amt,standard,Decimal,DECIMAL_2,float x18,$.closingDocument.respaHudDetails[?(@.lineNumber == '109')].lineItemAmount,loan.closingDocument.respaHudDetails[(lineNumber == '109')].lineItemAmount,no,no,17,3.5,1,0.4,18,1.76,12.635,49.525,183.075,3321.07,Purchasing Conditions,no,
L112,HUD1 Seller - Adj for Seller PIA Oth 1 Descr,standard,String,STRING,str x12,$.closingDocument.respaHudDetails[?(@.lineNumber == '409')].lineItemDescription,loan.closingDocument.respaHudDetails[(lineNumber == '409')].lineItemDescription,no,no,11,2.2,1,0.4,12,,,,,,Purchasing Conditions,no,identifying-or-high-cardinality
L113,HUD1 Seller - Adj for Seller PIA Oth 1 Amt,standard,Decimal,DECIMAL_2,float x12,$.closingDocument.respaHudDetails[?(@.lineNumber == '409')].lineItemAmount,loan.closingDocument.respaHudDetails[(lineNumber == '409')].lineItemAmount,no,no,11,2.2,1,0.4,12,1.76,10.12,85.1,188.865,3321.07,Purchasing Conditions,no,
L114,HUD1 Borr - Adj for Seller PIA Oth 2 Descr,standard,String,STRING,str x8,$.closingDocument.respaHudDetails[?(@.lineNumber == '110')].lineItemDescription,loan.closingDocument.respaHudDetails[(lineNumber == '110')].lineItemDescription,no,no,7,1.4,1,0.4,8,,,,,,Purchasing Conditions,no,
L115,HUD1 Borr - Adj for Seller PIA Oth 2 Amt,standard,Decimal,DECIMAL_2,float x7 | int x1,$.closingDocument.respaHudDetails[?(@.lineNumber == '110')].lineItemAmount,loan.closingDocument.respaHudDetails[(lineNumber == '110')].lineItemAmount,no,no,7,1.4,1,0.4,8,1.76,3.9425,65.855,244.48,895,Purchasing Conditions,no,
L116,HUD1 Seller - Adj for Seller PIA Oth 2 Descr,standard,String,STRING,str x7,$.closingDocument.respaHudDetails[?(@.lineNumber == '410')].lineItemDescription,loan.closingDocument.respaHudDetails[(lineNumber == '410')].lineItemDescription,no,no,6,1.2,1,0.4,7,,,,,,,no,
L117,HUD1 Seller - Adj for Seller PIA Oth 2 Amt,standard,Decimal,DECIMAL_2,float x6 | int x1,$.closingDocument.respaHudDetails[?(@.lineNumber == '410')].lineItemAmount,loan.closingDocument.respaHudDetails[(lineNumber == '410')].lineItemAmount,no,no,6,1.2,1,0.4,7,1.76,3.51,22.69,286.43,895,,no,
L118,HUD1 Borr - Adj for Seller PIA Oth 3 Descr,standard,String,STRING,str x4,$.closingDocument.respaHudDetails[?(@.lineNumber == '111')].lineItemDescription,loan.closingDocument.respaHudDetails[(lineNumber == '111')].lineItemDescription,no,no,4,0.8,0,0,4,,,,,,,no,
L119,HUD1 Borr - Adj for Seller PIA Oth 3 Amt,standard,Decimal,DECIMAL_2,float x3,$.closingDocument.respaHudDetails[?(@.lineNumber == '111')].lineItemAmount,loan.closingDocument.respaHudDetails[(lineNumber == '111')].lineItemAmount,no,no,3,0.6,0,0,2,33.02,33.02,33.02,52.05,52.05,,no,
L120,HUD1 Seller - Adj for Seller PIA Oth 3 Descr,standard,String,STRING,str x3,$.closingDocument.respaHudDetails[?(@.lineNumber == '411')].lineItemDescription,loan.closingDocument.respaHudDetails[(lineNumber == '411')].lineItemDescription,no,no,3,0.6,0,0,3,,,,,,,no,
L121,HUD1 Seller - Adj for Seller PIA Oth 3 Amt,standard,Decimal,DECIMAL_2,float x3,$.closingDocument.respaHudDetails[?(@.lineNumber == '411')].lineItemAmount,loan.closingDocument.respaHudDetails[(lineNumber == '411')].lineItemAmount,no,no,3,0.6,0,0,2,33.02,33.02,33.02,52.05,52.05,,no,
L122,HUD1 Borr - Adj for Seller PIA Oth 4 Descr,standard,String,STRING,str x4,$.closingDocument.respaHudDetails[?(@.lineNumber == '112')].lineItemDescription,loan.closingDocument.respaHudDetails[(lineNumber == '112')].lineItemDescription,no,no,4,0.8,0,0,4,,,,,,,no,
L123,HUD1 Borr - Adj for Seller PIA Oth 4 Amt,standard,Decimal,DECIMAL_2,float x3,$.closingDocument.respaHudDetails[?(@.lineNumber == '112')].lineItemAmount,loan.closingDocument.respaHudDetails[(lineNumber == '112')].lineItemAmount,no,no,3,0.6,0,0,3,9.52,9.52,12.24,21.39,21.39,,no,
L124,HUD1 Seller - Adj for Seller PIA Oth 4 Descr,standard,String,STRING,str x3,$.closingDocument.respaHudDetails[?(@.lineNumber == '412')].lineItemDescription,loan.closingDocument.respaHudDetails[(lineNumber == '412')].lineItemDescription,no,no,3,0.6,0,0,3,,,,,,,no,
L125,HUD1 Seller - Adj for Seller PIA Oth 4 Amt,standard,Decimal,DECIMAL_2,float x3,$.closingDocument.respaHudDetails[?(@.lineNumber == '412')].lineItemAmount,loan.closingDocument.respaHudDetails[(lineNumber == '412')].lineItemAmount,no,no,3,0.6,0,0,3,9.52,9.52,12.24,21.39,21.39,,no,
L126,HUD1 Borr - Gross Amt Due from Borr,standard,Decimal,DECIMAL_2,float x617 | int x140,$.closingDocument.respaHudDetails[?(@.lineNumber == '120')].lineItemAmount,loan.closingDocument.respaHudDetails[(lineNumber == '120')].lineItemAmount,no,yes,489,99.8,249,99.2,689,2245,2256.97,2345,14956.97,1110895,Started,no,identifying-or-high-cardinality
L127,HUD1 Seller - Gross Amt Due to Seller,standard,Decimal,DECIMAL_2,int x310 | float x20,$.closingDocument.respaHudDetails[?(@.lineNumber == '420')].lineItemAmount,loan.closingDocument.respaHudDetails[(lineNumber == '420')].lineItemAmount,no,yes,111,22.7,208,82.9,215,100000,280000,360000,465000,1250000,Started,no,identifying-or-high-cardinality
L128,HUD1 Borr - Paid By/For Borr Deposit,standard,Decimal,DECIMAL_2,int x41 | float x1,$.closingDocument.respaHudDetails[?(@.lineNumber == '201')].lineItemAmount,loan.closingDocument.respaHudDetails[(lineNumber == '201')].lineItemAmount,no,no,40,8.2,1,0.4,24,1250,9250,10000,28125,130000,Investor Delivery,no,
L129,HUD1 Seller - Reduc Due To Seller Excess Deposit,standard,Decimal,DECIMAL_2,int x4 | float x2,$.closingDocument.respaHudDetails[?(@.lineNumber == '501')].lineItemAmount,loan.closingDocument.respaHudDetails[(lineNumber == '501')].lineItemAmount,no,no,6,1.2,0,0,6,5000,20000,66750,247187.7775,301307.35,,no,
L134,HUD1 Borr - Paid By/For Borr Oth 1 Descr,standard,String,STRING,str x13,$.closingDocument.respaHudDetails[?(@.lineNumber == '204')].lineItemDescription,loan.closingDocument.respaHudDetails[(lineNumber == '204')].lineItemDescription,no,no,13,2.7,0,0,11,,,,,,Purchasing Conditions,no,identifying-or-high-cardinality
L135,HUD1 Borr - Paid By/For Borr Oth 1 Amt,standard,Decimal,DECIMAL_2,int x11 | float x2,$.closingDocument.respaHudDetails[?(@.lineNumber == '204')].lineItemAmount,loan.closingDocument.respaHudDetails[(lineNumber == '204')].lineItemAmount,no,no,13,2.7,0,0,12,7500,11789.8,25000,37000,488147.72,Purchasing Conditions,no,
L136,HUD1 Seller - Reduc Due To Seller Payoff of 1st,standard,Decimal,DECIMAL_2,float x8 | int x1,$.closingDocument.respaHudDetails[?(@.lineNumber == '504')].lineItemAmount,loan.closingDocument.respaHudDetails[(lineNumber == '504')].lineItemAmount,no,no,9,1.8,0,0,9,27689.55,47739.005,150000,240100.14,296833.83,,no,
L137,HUD1 Borr - Paid By/For Borr Oth 2 Descr,standard,String,STRING,str x7,$.closingDocument.respaHudDetails[?(@.lineNumber == '205')].lineItemDescription,loan.closingDocument.respaHudDetails[(lineNumber == '205')].lineItemDescription,no,no,7,1.4,0,0,7,,,,,,Purchasing Conditions,no,identifying-or-high-cardinality
L138,HUD1 Borr - Paid By/For Borr Oth 2 Amt,standard,Decimal,DECIMAL_2,int x4 | float x3,$.closingDocument.respaHudDetails[?(@.lineNumber == '205')].lineItemAmount,loan.closingDocument.respaHudDetails[(lineNumber == '205')].lineItemAmount,no,no,7,1.4,0,0,7,28.33,1561.29,9000,25092.18,44000,Purchasing Conditions,no,
L140,HUD1 Borr - Paid By/For Borr Oth 3 Descr,standard,String,STRING,str x7,$.closingDocument.respaHudDetails[?(@.lineNumber == '206')].lineItemDescription,loan.closingDocument.respaHudDetails[(lineNumber == '206')].lineItemDescription,no,no,7,1.4,0,0,6,,,,,,,no,identifying-or-high-cardinality
L141,HUD1 Borr - Paid By/For Borr Oth 3 Amt,standard,Decimal,DECIMAL_2,int x7,$.closingDocument.respaHudDetails[?(@.lineNumber == '206')].lineItemAmount,loan.closingDocument.respaHudDetails[(lineNumber == '206')].lineItemAmount,no,no,7,1.4,0,0,6,850,5000,10000,52000,56000,,no,
L142,HUD1 Seller - Reduc Due To Seller Oth 1 Descr,standard,String,STRING,str x8,$.closingDocument.respaHudDetails[?(@.lineNumber == '506')].lineItemDescription,loan.closingDocument.respaHudDetails[(lineNumber == '506')].lineItemDescription,no,no,8,1.6,0,0,4,,,,,,Purchasing Conditions,no,
L143,HUD1 Seller - Reduc Due To Seller Oth 1 Amt,standard,Decimal,DECIMAL_2,int x7 | float x1,$.closingDocument.respaHudDetails[?(@.lineNumber == '506')].lineItemAmount,loan.closingDocument.respaHudDetails[(lineNumber == '506')].lineItemAmount,no,no,8,1.6,0,0,7,5000,8500,10364.8,23000,175000,Purchasing Conditions,no,
L144,HUD1 Borr - Paid By/For Borr Oth 4 Descr,standard,String,STRING,str x6,$.closingDocument.respaHudDetails[?(@.lineNumber == '207')].lineItemDescription,loan.closingDocument.respaHudDetails[(lineNumber == '207')].lineItemDescription,no,no,6,1.2,0,0,6,,,,,,,no,
L145,HUD1 Borr - Paid By/For Borr Oth 4 Amt,standard,Decimal,DECIMAL_2,int x5 | float x1,$.closingDocument.respaHudDetails[?(@.lineNumber == '207')].lineItemAmount,loan.closingDocument.respaHudDetails[(lineNumber == '207')].lineItemAmount,no,no,6,1.2,0,0,6,21.67,9755.4175,20962.5,31250,50000,,no,
L146,HUD1 Seller - Reduc Due To Seller Oth 2 Descr,standard,String,STRING,str x4,$.closingDocument.respaHudDetails[?(@.lineNumber == '507')].lineItemDescription,loan.closingDocument.respaHudDetails[(lineNumber == '507')].lineItemDescription,no,no,4,0.8,0,0,3,,,,,,,no,identifying-or-high-cardinality
L147,HUD1 Seller - Reduc Due To Seller Oth 2 Amt,standard,Decimal,DECIMAL_2,int x3 | float x1,$.closingDocument.respaHudDetails[?(@.lineNumber == '507')].lineItemAmount,loan.closingDocument.respaHudDetails[(lineNumber == '507')].lineItemAmount,no,no,4,0.8,0,0,4,1561.29,4920.9675,17025,23512.5,25000,,no,
L148,HUD1 Borr - Paid By/For Borr Oth 5 Descr,standard,String,STRING,str x2,$.closingDocument.respaHudDetails[?(@.lineNumber == '208')].lineItemDescription,loan.closingDocument.respaHudDetails[(lineNumber == '208')].lineItemDescription,no,no,2,0.4,0,0,2,,,,,,,no,
L149,HUD1 Borr - Paid By/For Borr Oth 5 Amt,standard,Decimal,DECIMAL_2,float x1 | int x1,$.closingDocument.respaHudDetails[?(@.lineNumber == '208')].lineItemAmount,loan.closingDocument.respaHudDetails[(lineNumber == '208')].lineItemAmount,no,no,2,0.4,0,0,2,,,,,,,no,
L150,HUD1 Seller - Reduc Due To Seller Oth 3 Descr,standard,String,STRING,str x2,$.closingDocument.respaHudDetails[?(@.lineNumber == '508')].lineItemDescription,loan.closingDocument.respaHudDetails[(lineNumber == '508')].lineItemDescription,no,no,2,0.4,0,0,2,,,,,,,no,
L151,HUD1 Seller - Reduc Due To Seller Oth 3 Amt,standard,Decimal,DECIMAL_2,float x1 | int x1,$.closingDocument.respaHudDetails[?(@.lineNumber == '508')].lineItemAmount,loan.closingDocument.respaHudDetails[(lineNumber == '508')].lineItemAmount,no,no,2,0.4,0,0,2,,,,,,,no,
L152,HUD1 Borr - Paid By/For Borr Oth 6 Descr,standard,String,STRING,str x1,$.closingDocument.respaHudDetails[?(@.lineNumber == '209')].lineItemDescription,loan.closingDocument.respaHudDetails[(lineNumber == '209')].lineItemDescription,no,no,1,0.2,0,0,1,,,,,,,no,
L153,HUD1 Borr - Paid By/For Borr Oth 6 Amt,standard,Decimal,DECIMAL_2,float x1,$.closingDocument.respaHudDetails[?(@.lineNumber == '209')].lineItemAmount,loan.closingDocument.respaHudDetails[(lineNumber == '209')].lineItemAmount,no,no,1,0.2,0,0,1,,,,,,,no,
L154,HUD1 Seller - Reduc Due To Seller Oth 4 Descr,standard,String,STRING,str x1,$.closingDocument.respaHudDetails[?(@.lineNumber == '509')].lineItemDescription,loan.closingDocument.respaHudDetails[(lineNumber == '509')].lineItemDescription,no,no,1,0.2,0,0,1,,,,,,,no,
L155,HUD1 Seller - Reduc Due To Seller Oth 4 Amt,standard,Decimal,DECIMAL_2,float x1,$.closingDocument.respaHudDetails[?(@.lineNumber == '509')].lineItemAmount,loan.closingDocument.respaHudDetails[(lineNumber == '509')].lineItemAmount,no,no,1,0.2,0,0,1,,,,,,,no,
L156,HUD1 Borr - Adj Unpaid By Seller City From Date,standard,DateTime,DATE,date x3,$.closingDocument.respaHudDetails[?(@.lineNumber == '210')].hud1LineItemFromDate,loan.closingDocument.respaHudDetails[(lineNumber == '210')].hud1LineItemFromDate,no,no,3,0.6,0,0,1,,,,,,,no,identifying-or-high-cardinality
L157,HUD1 Borr - Adj Unpaid By Seller City To Date,standard,DateTime,DATE,date x3,$.closingDocument.respaHudDetails[?(@.lineNumber == '210')].hud1LineItemToDate,loan.closingDocument.respaHudDetails[(lineNumber == '210')].hud1LineItemToDate,no,no,3,0.6,0,0,3,,,,,,,no,identifying-or-high-cardinality
L158,HUD1 Borr - Adj Unpaid By Seller City Amt,standard,Decimal,DECIMAL_2,float x4,$.closingDocument.respaHudDetails[?(@.lineNumber == '210')].lineItemAmount,loan.closingDocument.respaHudDetails[(lineNumber == '210')].lineItemAmount,no,no,4,0.8,0,0,4,156.68,191.3325,356.895,493.98,519.14,,no,identifying-or-high-cardinality
L159,HUD1 Seller - Adj Unpaid By Seller City From Date,standard,DateTime,DATE,date x3,$.closingDocument.respaHudDetails[?(@.lineNumber == '510')].hud1LineItemFromDate,loan.closingDocument.respaHudDetails[(lineNumber == '510')].hud1LineItemFromDate,no,no,3,0.6,0,0,1,,,,,,,no,identifying-or-high-cardinality
L160,HUD1 Seller - Adj Unpaid By Seller City To Date,standard,DateTime,DATE,date x4,$.closingDocument.respaHudDetails[?(@.lineNumber == '510')].hud1LineItemToDate,loan.closingDocument.respaHudDetails[(lineNumber == '510')].hud1LineItemToDate,no,no,4,0.8,0,0,4,,,,,,,no,identifying-or-high-cardinality
L161,HUD1 Seller - Adj Unpaid By Seller City Amt,standard,Decimal,DECIMAL_2,float x4,$.closingDocument.respaHudDetails[?(@.lineNumber == '510')].lineItemAmount,loan.closingDocument.respaHudDetails[(lineNumber == '510')].lineItemAmount,no,no,4,0.8,0,0,4,156.68,191.3325,356.895,493.98,519.14,,no,identifying-or-high-cardinality
L162,HUD1 Borr - Adj Unpaid By Seller County From Date,standard,DateTime,DATE,date x2,$.closingDocument.respaHudDetails[?(@.lineNumber == '211')].hud1LineItemFromDate,loan.closingDocument.respaHudDetails[(lineNumber == '211')].hud1LineItemFromDate,no,no,2,0.4,0,0,2,,,,,,,no,
L163,HUD1 Borr - Adj Unpaid By Seller County To Date,standard,DateTime,DATE,date x2,$.closingDocument.respaHudDetails[?(@.lineNumber == '211')].hud1LineItemToDate,loan.closingDocument.respaHudDetails[(lineNumber == '211')].hud1LineItemToDate,no,no,2,0.4,0,0,2,,,,,,,no,
L164,HUD1 Borr - Adj Unpaid By Seller County Amt,standard,Decimal,DECIMAL_2,float x2,$.closingDocument.respaHudDetails[?(@.lineNumber == '211')].lineItemAmount,loan.closingDocument.respaHudDetails[(lineNumber == '211')].lineItemAmount,no,no,2,0.4,0,0,2,,,,,,,no,
L165,HUD1 Seller - Adj Unpaid By Seller County From Date,standard,DateTime,DATE,date x2,$.closingDocument.respaHudDetails[?(@.lineNumber == '511')].hud1LineItemFromDate,loan.closingDocument.respaHudDetails[(lineNumber == '511')].hud1LineItemFromDate,no,no,2,0.4,0,0,2,,,,,,,no,
L166,HUD1 Seller - Adj Unpaid By Seller County To Date,standard,DateTime,DATE,date x2,$.closingDocument.respaHudDetails[?(@.lineNumber == '511')].hud1LineItemToDate,loan.closingDocument.respaHudDetails[(lineNumber == '511')].hud1LineItemToDate,no,no,2,0.4,0,0,2,,,,,,,no,
L167,HUD1 Seller - Adj Unpaid By Seller County Amt,standard,Decimal,DECIMAL_2,float x2,$.closingDocument.respaHudDetails[?(@.lineNumber == '511')].lineItemAmount,loan.closingDocument.respaHudDetails[(lineNumber == '511')].lineItemAmount,no,no,2,0.4,0,0,2,,,,,,,no,
L168,HUD1 Borr - Adj Unpaid By Seller Assmt From Date,standard,DateTime,DATE,date x1,$.closingDocument.respaHudDetails[?(@.lineNumber == '212')].hud1LineItemFromDate,loan.closingDocument.respaHudDetails[(lineNumber == '212')].hud1LineItemFromDate,no,no,1,0.2,0,0,1,,,,,,,no,
L169,HUD1 Borr - Adj Unpaid By Seller Assmt To Date,standard,DateTime,DATE,date x1,$.closingDocument.respaHudDetails[?(@.lineNumber == '212')].hud1LineItemToDate,loan.closingDocument.respaHudDetails[(lineNumber == '212')].hud1LineItemToDate,no,no,1,0.2,0,0,1,,,,,,,no,
L170,HUD1 Borr - Adj Unpaid By Seller Assmt Amt,standard,Decimal,DECIMAL_2,float x1,$.closingDocument.respaHudDetails[?(@.lineNumber == '212')].lineItemAmount,loan.closingDocument.respaHudDetails[(lineNumber == '212')].lineItemAmount,no,no,1,0.2,0,0,1,,,,,,,no,
L171,HUD1 Seller - Adj Unpaid By Seller Assmt From Date,standard,DateTime,DATE,date x1,$.closingDocument.respaHudDetails[?(@.lineNumber == '512')].hud1LineItemFromDate,loan.closingDocument.respaHudDetails[(lineNumber == '512')].hud1LineItemFromDate,no,no,1,0.2,0,0,1,,,,,,,no,
L172,HUD1 Seller - Adj Unpaid By Seller Assmt To Date,standard,DateTime,DATE,date x1,$.closingDocument.respaHudDetails[?(@.lineNumber == '512')].hud1LineItemToDate,loan.closingDocument.respaHudDetails[(lineNumber == '512')].hud1LineItemToDate,no,no,1,0.2,0,0,1,,,,,,,no,
L173,HUD1 Seller - Adj Unpaid By Seller Assmt Amt,standard,Decimal,DECIMAL_2,float x1,$.closingDocument.respaHudDetails[?(@.lineNumber == '512')].lineItemAmount,loan.closingDocument.respaHudDetails[(lineNumber == '512')].lineItemAmount,no,no,1,0.2,0,0,1,,,,,,,no,
L174,HUD1 Borr - Adj Unpaid By Seller Oth 1 Descr,standard,String,STRING,str x12,$.closingDocument.respaHudDetails[?(@.lineNumber == '213')].lineItemDescription,loan.closingDocument.respaHudDetails[(lineNumber == '213')].lineItemDescription,no,no,12,2.4,0,0,12,,,,,,Purchasing Conditions,no,
L175,HUD1 Borr - Adj Unpaid By Seller Oth 1 Amt,standard,Decimal,DECIMAL_2,float x8 | int x4,$.closingDocument.respaHudDetails[?(@.lineNumber == '213')].lineItemAmount,loan.closingDocument.respaHudDetails[(lineNumber == '213')].lineItemAmount,no,no,12,2.4,0,0,12,131.68,1253.9475,3421.29,3876.53,27000,Purchasing Conditions,no,
L176,HUD1 Seller - Adj Unpaid By Seller Oth 1 Descr,standard,String,STRING,str x8,$.closingDocument.respaHudDetails[?(@.lineNumber == '513')].lineItemDescription,loan.closingDocument.respaHudDetails[(lineNumber == '513')].lineItemDescription,no,no,8,1.6,0,0,8,,,,,,Purchasing Conditions,no,
L177,HUD1 Seller - Adj Unpaid By Seller Oth 1 Amt,standard,Decimal,DECIMAL_2,float x6 | int x2,$.closingDocument.respaHudDetails[?(@.lineNumber == '513')].lineItemAmount,loan.closingDocument.respaHudDetails[(lineNumber == '513')].lineItemAmount,no,no,8,1.6,0,0,8,131.68,787.38,2591.935,3749.69,27000,Purchasing Conditions,no,
L178,HUD1 Borr - Adj Unpaid By Seller Oth 2 Descr,standard,String,STRING,str x9,$.closingDocument.respaHudDetails[?(@.lineNumber == '214')].lineItemDescription,loan.closingDocument.respaHudDetails[(lineNumber == '214')].lineItemDescription,no,no,9,1.8,0,0,9,,,,,,Purchasing Conditions,no,identifying-or-high-cardinality
L179,HUD1 Borr - Adj Unpaid By Seller Oth 2 Amt,standard,Decimal,DECIMAL_2,float x8 | int x1,$.closingDocument.respaHudDetails[?(@.lineNumber == '214')].lineItemAmount,loan.closingDocument.respaHudDetails[(lineNumber == '214')].lineItemAmount,no,no,9,1.8,0,0,9,141.94,827.94,1187.57,4878.695,10042.97,Purchasing Conditions,no,
L180,HUD1 Seller - Adj Unpaid By Seller Oth 2 Descr,standard,String,STRING,str x5,$.closingDocument.respaHudDetails[?(@.lineNumber == '514')].lineItemDescription,loan.closingDocument.respaHudDetails[(lineNumber == '514')].lineItemDescription,no,no,5,1,0,0,5,,,,,,,no,
L181,HUD1 Seller - Adj Unpaid By Seller Oth 2 Amt,standard,Decimal,DECIMAL_2,float x5,$.closingDocument.respaHudDetails[?(@.lineNumber == '514')].lineItemAmount,loan.closingDocument.respaHudDetails[(lineNumber == '514')].lineItemAmount,no,no,5,1,0,0,5,141.94,664.755,3240.4,7725.18,10042.97,,no,
L182,HUD1 Borr - Adj Unpaid By Seller Oth 3 Descr,standard,String,STRING,str x8,$.closingDocument.respaHudDetails[?(@.lineNumber == '215')].lineItemDescription,loan.closingDocument.respaHudDetails[(lineNumber == '215')].lineItemDescription,no,no,8,1.6,0,0,8,,,,,,Purchasing Conditions,no,identifying-or-high-cardinality
L183,HUD1 Borr - Adj Unpaid By Seller Oth 3 Amt,standard,Decimal,DECIMAL_2,float x6 | int x1,$.closingDocument.respaHudDetails[?(@.lineNumber == '215')].lineItemAmount,loan.closingDocument.respaHudDetails[(lineNumber == '215')].lineItemAmount,no,no,7,1.4,0,0,7,7.44,112.9,343.74,2714.89,10350,Purchasing Conditions,no,
L184,HUD1 Seller - Adj Unpaid By Seller Oth 3 Descr,standard,String,STRING,str x4,$.closingDocument.respaHudDetails[?(@.lineNumber == '515')].lineItemDescription,loan.closingDocument.respaHudDetails[(lineNumber == '515')].lineItemDescription,no,no,4,0.8,0,0,4,,,,,,,no,
L185,HUD1 Seller - Adj Unpaid By Seller Oth 3 Amt,standard,Decimal,DECIMAL_2,float x3 | int x1,$.closingDocument.respaHudDetails[?(@.lineNumber == '515')].lineItemAmount,loan.closingDocument.respaHudDetails[(lineNumber == '515')].lineItemAmount,no,no,4,0.8,0,0,4,7.44,33.805,209.785,7839.1675,10350,,no,
L186,HUD1 Borr - Adj Unpaid By Seller Oth 4 Descr,standard,String,STRING,str x4,$.closingDocument.respaHudDetails[?(@.lineNumber == '216')].lineItemDescription,loan.closingDocument.respaHudDetails[(lineNumber == '216')].lineItemDescription,no,no,4,0.8,0,0,4,,,,,,,no,identifying-or-high-cardinality
L187,HUD1 Borr - Adj Unpaid By Seller Oth 4 Amt,standard,Decimal,DECIMAL_2,float x4,$.closingDocument.respaHudDetails[?(@.lineNumber == '216')].lineItemAmount,loan.closingDocument.respaHudDetails[(lineNumber == '216')].lineItemAmount,no,no,4,0.8,0,0,4,595.16,861.7125,1685.715,3133.5525,3608.05,,no,
L188,HUD1 Seller - Adj Unpaid By Seller Oth 4 Descr,standard,String,STRING,str x1,$.closingDocument.respaHudDetails[?(@.lineNumber == '516')].lineItemDescription,loan.closingDocument.respaHudDetails[(lineNumber == '516')].lineItemDescription,no,no,1,0.2,0,0,1,,,,,,,no,
L189,HUD1 Seller - Adj Unpaid By Seller Oth 4 Amt,standard,Decimal,DECIMAL_2,float x1,$.closingDocument.respaHudDetails[?(@.lineNumber == '516')].lineItemAmount,loan.closingDocument.respaHudDetails[(lineNumber == '516')].lineItemAmount,no,no,1,0.2,0,0,1,,,,,,,no,
L190,HUD1 Borr - Adj Unpaid By Seller Oth 5 Descr,standard,String,STRING,str x3,$.closingDocument.respaHudDetails[?(@.lineNumber == '217')].lineItemDescription,loan.closingDocument.respaHudDetails[(lineNumber == '217')].lineItemDescription,no,no,3,0.6,0,0,3,,,,,,,no,identifying-or-high-cardinality
L191,HUD1 Borr - Adj Unpaid By Seller Oth 5 Amt,standard,Decimal,DECIMAL_2,float x2 | int x1,$.closingDocument.respaHudDetails[?(@.lineNumber == '217')].lineItemAmount,loan.closingDocument.respaHudDetails[(lineNumber == '217')].lineItemAmount,no,no,3,0.6,0,0,3,26.03,26.03,519.68,2625,2625,,no,
L192,HUD1 Seller - Adj Unpaid By Seller Oth 5 Descr,standard,String,STRING,str x2,$.closingDocument.respaHudDetails[?(@.lineNumber == '517')].lineItemDescription,loan.closingDocument.respaHudDetails[(lineNumber == '517')].lineItemDescription,no,no,2,0.4,0,0,2,,,,,,,no,
L193,HUD1 Seller - Adj Unpaid By Seller Oth 5 Amt,standard,Decimal,DECIMAL_2,float x1 | int x1,$.closingDocument.respaHudDetails[?(@.lineNumber == '517')].lineItemAmount,loan.closingDocument.respaHudDetails[(lineNumber == '517')].lineItemAmount,no,no,2,0.4,0,0,2,,,,,,,no,
L194,HUD1 Borr - Adj Unpaid By Seller Oth 6 Descr,standard,String,STRING,str x2,$.closingDocument.respaHudDetails[?(@.lineNumber == '218')].lineItemDescription,loan.closingDocument.respaHudDetails[(lineNumber == '218')].lineItemDescription,no,no,2,0.4,0,0,2,,,,,,,no,identifying-or-high-cardinality
L195,HUD1 Borr - Adj Unpaid By Seller Oth 6 Amt,standard,Decimal,DECIMAL_2,float x1 | int x1,$.closingDocument.respaHudDetails[?(@.lineNumber == '218')].lineItemAmount,loan.closingDocument.respaHudDetails[(lineNumber == '218')].lineItemAmount,no,no,2,0.4,0,0,2,,,,,,,no,
L198,HUD1 Borr - Adj Unpaid By Seller Oth 7 Descr,standard,String,STRING,str x1,$.closingDocument.respaHudDetails[?(@.lineNumber == '219')].lineItemDescription,loan.closingDocument.respaHudDetails[(lineNumber == '219')].lineItemDescription,no,no,1,0.2,0,0,1,,,,,,,no,
L199,HUD1 Borr - Adj Unpaid By Seller Oth 7 Amt,standard,Decimal,DECIMAL_2,float x1,$.closingDocument.respaHudDetails[?(@.lineNumber == '219')].lineItemAmount,loan.closingDocument.respaHudDetails[(lineNumber == '219')].lineItemAmount,no,no,1,0.2,0,0,1,,,,,,,no,
L202,HUD1 Borr - Total Paid By/For Borr,standard,Decimal,DECIMAL_2,int x674 | float x22,$.closingDocument.respaHudDetails[?(@.lineNumber == '220')].lineItemAmount,loan.closingDocument.respaHudDetails[(lineNumber == '220')].lineItemAmount,no,yes,450,91.8,223,88.8,492,120000,210000,375000,450000,637500,Started,no,identifying-or-high-cardinality
L203,HUD1 Seller - Total Reduction Amt Due Seller,standard,Decimal,DECIMAL_2,float x29 | int x5,$.closingDocument.respaHudDetails[?(@.lineNumber == '520')].lineItemAmount,loan.closingDocument.respaHudDetails[(lineNumber == '520')].lineItemAmount,no,yes,32,6.5,2,0.8,34,25,5798.75,27465.81,86171.755,343614.9,Investor Delivery,no,identifying-or-high-cardinality
L206,HUD1 Borr - Cash From Borr,standard,Decimal,DECIMAL_2,float x616 | int x144,$.closingDocument.respaHudDetails[?(@.lineNumber == '303')].lineItemAmount,loan.closingDocument.respaHudDetails[(lineNumber == '303')].lineItemAmount,no,yes,488,99.6,250,99.6,693,2245,2256.97,2345,106399.155,776618.03,Started,no,identifying-or-high-cardinality
L206R,Trans Details Cash From/To Borr,standard,Decimal,DECIMAL_2,float x616 | int x144,$.closingDocument.respaHudDetails[?(@.lineNumber == '303')].realValue,loan.closingDocument.respaHudDetails[(lineNumber == '303')].realValue,no,yes,488,99.6,250,99.6,694,-776618.03,2245,2256.97,2356.97,540895,Started,no,identifying-or-high-cardinality
L207,HUD1 Seller - Cash To Seller,standard,Decimal,DECIMAL_2,int x298 | float x33,$.closingDocument.respaHudDetails[?(@.lineNumber == '603')].lineItemAmount,loan.closingDocument.respaHudDetails[(lineNumber == '603')].lineItemAmount,no,yes,112,22.9,208,82.9,222,100000,280000,360000,465000,1250000,Started,no,identifying-or-high-cardinality
L207R,Trans Details Cash From/To Seller,standard,Decimal,DECIMAL_2,int x298 | float x33,$.closingDocument.respaHudDetails[?(@.lineNumber == '603')].realValue,loan.closingDocument.respaHudDetails[(lineNumber == '603')].realValue,no,yes,112,22.9,208,82.9,222,100000,280000,360000,465000,1250000,Started,no,identifying-or-high-cardinality
L211,Line 701 Division of Comm Amt,standard,Decimal,DECIMAL_2,int x1,$.fees[?(@.feeType == 'UserDefinedFee_701')].amount,loan.fees[(feeType == 'UserDefinedFee_701')].amount,no,no,1,0.2,0,0,1,,,,,,,no,
L212,Line 701 Division of Comm To,standard,String,STRING,str x1,$.fees[?(@.feeType == 'UserDefinedFee_701')].paidToName,loan.fees[(feeType == 'UserDefinedFee_701')].paidToName,no,no,1,0.2,0,0,1,,,,,,,no,
L213,Line 702 Division of Comm Amt,standard,Decimal,DECIMAL_2,int x1,$.fees[?(@.feeType == 'UserDefinedFee_702')].amount,loan.fees[(feeType == 'UserDefinedFee_702')].amount,no,no,1,0.2,0,0,1,,,,,,,no,
L214,Line 702 Division of Comm To,standard,String,STRING,str x1,$.fees[?(@.feeType == 'UserDefinedFee_702')].paidToName,loan.fees[(feeType == 'UserDefinedFee_702')].paidToName,no,no,1,0.2,0,0,1,,,,,,,no,
L215,Line 703 Comm Paid at Settlement Borr,standard,Decimal,DECIMAL_2,int x1,$.fees[?(@.feeType == 'CommissionPaid')].borPaidAmount,loan.fees[(feeType == 'CommissionPaid')].borPaidAmount,no,no,1,0.2,0,0,1,,,,,,,no,
L216,Line 703 Comm Paid at Settlement Seller,standard,Decimal,DECIMAL_2,int x6,$.fees[?(@.feeType == 'CommissionPaid')].sellerPaidAmount,loan.fees[(feeType == 'CommissionPaid')].sellerPaidAmount,no,no,6,1.2,0,0,6,9000,9112.5,16425,26156.25,27225,,no,
L217,Line 704 Other Comm Descr,standard,String,STRING,str x4,$.fees[?(@.feeType == 'UserDefinedFee_704')].paidToName,loan.fees[(feeType == 'UserDefinedFee_704')].paidToName,no,no,4,0.8,0,0,4,,,,,,,no,identifying-or-high-cardinality
L218,Line 704 Other Comm Borr,standard,Decimal,DECIMAL_2,int x1,$.fees[?(@.feeType == 'UserDefinedFee_704')].borPaidAmount,loan.fees[(feeType == 'UserDefinedFee_704')].borPaidAmount,no,no,1,0.2,0,0,1,,,,,,,no,
L219,Line 704 Other Comm Seller,standard,Decimal,DECIMAL_2,int x3,$.fees[?(@.feeType == 'UserDefinedFee_704')].sellerPaidAmount,loan.fees[(feeType == 'UserDefinedFee_704')].sellerPaidAmount,no,no,3,0.6,0,0,3,8900,8900,26500,30000,30000,,no,
L228,Fees MI Applic Fee Borr,standard,Decimal,DECIMAL_2,int x714,$.fees[?(@.feeType == 'MortgageInspectionFee')].borPaidAmount,loan.fees[(feeType == 'MortgageInspectionFee')].borPaidAmount,no,no,474,96.7,229,91.2,7,950,1200,1595,1595,2000,Started,no,
L244,Fees Interest From,standard,DateTime,DATE,date x312,$.fees[?(@.feeType == 'PrepaidInterest')].fromDate,loan.fees[(feeType == 'PrepaidInterest')].fromDate,no,no,287,58.6,18,7.2,154,,,,,,Started,no,identifying-or-high-cardinality
L245,Fees Interest To,standard,DateTime,DATE,date x404,$.fees[?(@.feeType == 'PrepaidInterest')].toDate,loan.fees[(feeType == 'PrepaidInterest')].toDate,no,no,288,58.8,110,43.8,18,,,,,,Started,no,
L248,File Contacts Mtg Ins Co Name,standard,String,STRING,str x1,$.fees[?(@.feeType == 'MortgageInsurancePremium')].paidToName,loan.fees[(feeType == 'MortgageInsurancePremium')].paidToName,no,no,0,0,1,0.4,1,,,,,,,no,identifying-or-high-cardinality
L251,Fees Hazard Ins # of Mos Paid in Advanced,standard,Int,INTEGER,int x29,$.fees[?(@.feeType == 'HazardInsurancePremium')].numberOfMonths,loan.fees[(feeType == 'HazardInsurancePremium')].numberOfMonths,no,no,23,4.7,0,0,1,12,12,12,12,12,Investor Delivery,no,
L252,File Contacts Hazard Ins Co Name,standard,String,STRING,str x284,$.fees[?(@.feeType == 'HazardInsurancePremium')].paidToName,loan.fees[(feeType == 'HazardInsurancePremium')].paidToName,no,no,215,43.9,67,26.7,86,,,,,,Loan Setup,no,identifying-or-high-cardinality
L259,Fees Line 907 Descr,standard,String,STRING,str x79,$.fees[?(@.feeType == 'UserDefined_906')].paidToName,loan.fees[(feeType == 'UserDefined_906')].paidToName,no,no,26,5.3,53,21.1,28,,,,,,Purchasing Conditions,no,identifying-or-high-cardinality
L260,Fees Line 907 Borr,standard,Decimal,DECIMAL_2,float x70 | int x7,$.fees[?(@.feeType == 'UserDefined_906')].borPaidAmount,loan.fees[(feeType == 'UserDefined_906')].borPaidAmount,no,no,24,4.9,53,21.1,76,92,298.745,1197.735,1921.285,5454.72,Purchasing Conditions,no,identifying-or-high-cardinality
L261,Fees Line 907 Seller,standard,Decimal,DECIMAL_2,float x1,$.fees[?(@.feeType == 'UserDefined_906')].sellerPaidAmount,loan.fees[(feeType == 'UserDefined_906')].sellerPaidAmount,no,no,1,0.2,0,0,1,,,,,,,no,
L267,Fees City Prop Tax # Mos,standard,Int,INTEGER,int x12,$.fees[?(@.feeType == 'SchoolTaxes')].numberOfMonths,loan.fees[(feeType == 'SchoolTaxes')].numberOfMonths,no,no,11,2.2,0,0,6,2,2,2.5,5.75,12,Purchasing Conditions,no,identifying-or-high-cardinality
L268,Fees City Prop Tax Per Mo,standard,Decimal,DECIMAL_2,float x4 | int x1,$.fees[?(@.feeType == 'SchoolTaxes')].monthlyPayment,loan.fees[(feeType == 'SchoolTaxes')].monthlyPayment,no,no,5,1,0,0,5,28.22,53.425,107,459.465,796.06,,no,identifying-or-high-cardinality
L269,Fees City Prop Tax Borr,standard,Decimal,DECIMAL_2,float x4 | int x1,$.fees[?(@.feeType == 'SchoolTaxes')].borPaidAmount,loan.fees[(feeType == 'SchoolTaxes')].borPaidAmount,no,yes,5,1,0,0,5,141.1,231.05,737.22,1665.87,2388.18,,no,identifying-or-high-cardinality
L351,HUD1 Borr - Settlement Charges to Borr,standard,Decimal,DECIMAL_2,float x614 | int x118,$.closingDocument.respaHudDetails[?(@.lineNumber == '103')].lineItemAmount,loan.closingDocument.respaHudDetails[(lineNumber == '103')].lineItemAmount,no,no,489,99.8,232,92.4,670,2245,2256.97,2345,7332.21,580895,Started,no,identifying-or-high-cardinality
L352,HUD1 Seller - Reduc Due To Seller Settlmnt Chrgs,standard,Decimal,DECIMAL_2,float x25 | int x7,$.closingDocument.respaHudDetails[?(@.lineNumber == '502')].lineItemAmount,loan.closingDocument.respaHudDetails[(lineNumber == '502')].lineItemAmount,no,no,30,6.1,2,0.8,32,25,3457.75,7344.8,24484.13,37227.77,Investor Delivery,no,identifying-or-high-cardinality
L724,REGZ Loan Info Rescission Date,standard,DateTime,DATE,date x1,$.closingDocument.rescissionDate,loan.closingDocument.rescissionDate,no,no,0,0,0,0,1,,,,,,,no,
L726,Disclosed Sales Price,standard,Decimal,DECIMAL_2,int x329 | float x1,$.closingCost.disclosedSalesPrice,loan.closingCost.disclosedSalesPrice,no,no,111,22.7,208,82.9,202,95000,260000,350000,465000,1250000,Started,no,identifying-or-high-cardinality
L770,REGZ Loan Info Document Date,standard,DateTime,DATE,date x297,$.closingDocument.documentPreparationDate,loan.closingDocument.documentPreparationDate,no,no,210,42.9,84,33.5,137,,,,,,Docs Out,no,identifying-or-high-cardinality
L812,Closing Draw State,standard,String,STATE,str x319,$.closingDocument.drawState,loan.closingDocument.drawState,no,no,311,63.5,4,1.6,2,,,,,,Started,no,
L827,Closing Draw City,standard,String,STRING,str x319,$.closingDocument.drawCity,loan.closingDocument.drawCity,no,no,311,63.5,4,1.6,6,,,,,,Started,no,identifying-or-high-cardinality
LATEFEESETTING.X4,Correspondent Loan Status - External Late Fee Settings - GracePeriodLaterOf,standard,Int,INTEGER,int x772,$.correspondent.lfsGracePeriodLaterOf,loan.correspondent.lfsGracePeriodLaterOf,no,no,490,100,251,100,1,1,1,1,1,1,Started,no,
LATEFEESETTING.X12,Correspondent Loan Status - External Late Fee Settings - DayCleared,standard,Int,INTEGER,int x772,$.correspondent.lfsDayCleared,loan.correspondent.lfsDayCleared,no,no,490,100,251,100,1,1,1,1,1,1,Started,no,
LCP.X1,Loan Compensation Plan - Brrower/Lender Paid,standard,String,STRING,str x758,$.loCompensation.whoPaidCompensation,loan.loCompensation.whoPaidCompensation,no,no,482,98.4,251,100,1,,,,,,Started,no,
LCP.X2,Loan Compensation Plan - Wholesale/Broker Plan Details - Loan Originator Name,standard,String,STRING,str x1,$.loCompensation.loanOriginatorName,loan.loCompensation.loanOriginatorName,no,no,0,0,0,0,1,,,,,,,no,identifying-or-high-cardinality
LCP.X18,Loan Compensation Plan - Wholesale/Broker Plan Details - Loan Originator ID,standard,String,STRING,str x1,$.loCompensation.loanOriginatorId,loan.loCompensation.loanOriginatorId,no,no,0,0,0,0,1,,,,,,,no,
LCP.X21,Loan Compensation Plan - Loan Officer Plan Details - Loan Officer Name,standard,String,STRING,str x265,$.loCompensation.loanOriginatorNameForOfficer,loan.loCompensation.loanOriginatorNameForOfficer,no,no,151,30.8,112,44.6,16,,,,,,Started,no,identifying-or-high-cardinality
LE1.X2,Loan Estimate - Loan Term Years,standard,Int,INTEGER,int x754,$.closingCost.loanEstimate1.loanTermYears,loan.closingCost.loanEstimate1.loanTermYears,no,no,490,100,246,98,4,1,1,30,30,40,Started,no,
LE1.X3,Loan Estimate - Loan Term Months,standard,Int,INTEGER,int x5,$.closingCost.loanEstimate1.loanTermMonths,loan.closingCost.loanEstimate1.loanTermMonths,no,no,0,0,4,1.6,3,1,6,18,18,18,,no,
LE1.X4,Loan Estimate - Loan Purpose,standard,String,STRING,str x734,$.closingCost.loanEstimate1.loanPurpose,loan.closingCost.loanEstimate1.loanPurpose,no,no,459,93.7,250,99.6,3,,,,,,Started,no,
LE1.X5,Product Description,standard,String,STRING,str x765,$.closingCost.loanEstimate1.loanProduct,loan.closingCost.loanEstimate1.loanProduct,no,no,490,100,250,99.6,6,,,,,,Started,no,
LE1.X6,Loan Estimate - Rate Lock Expiration Time,standard,String,STRING,str x772,$.closingCost.loanEstimate1.rateLockExpirationTime,loan.closingCost.loanEstimate1.rateLockExpirationTime,no,no,490,100,251,100,1,,,,,,Started,no,
LE1.X7,Loan Estimate - Rate Lock Expiration Time Zone,standard,String,STRING,str x772,$.closingCost.loanEstimate1.rateLockExpirationTimeZone,loan.closingCost.loanEstimate1.rateLockExpirationTimeZone,no,no,490,100,251,100,2,,,,,,Started,no,
LE1.X8,Loan Estimate - Closing Costs Estimate Expiration Time,standard,String,STRING,str x772,$.closingCost.loanEstimate1.closingCostEstimateExpirationTime,loan.closingCost.loanEstimate1.closingCostEstimateExpirationTime,no,no,490,100,251,100,1,,,,,,Started,no,
LE1.X9,Loan Estimate - Closing Costs Estimate Expiration Time Zone,standard,String,STRING,str x772,$.closingCost.loanEstimate1.closingCostEstimateExpirationTimeZone,loan.closingCost.loanEstimate1.closingCostEstimateExpirationTimeZone,no,no,490,100,251,100,1,,,,,,Started,no,
LE1.X21,Loan Estimate - Monthly Principal and Interest - Adjusts Starting in,standard,String,STRING,str x269,$.closingCost.loanEstimate1.monthlyPiAdjustsStartingInType,loan.closingCost.loanEstimate1.monthlyPiAdjustsStartingInType,no,no,43,8.8,223,88.8,2,,,,,,Loan Setup,no,
LE1.X22,Loan Estimate - Monthly Principal and Interest - After Adjustment,standard,Int,INTEGER,int x269,$.closingCost.loanEstimate1.monthlyPiAfterAdjustment,loan.closingCost.loanEstimate1.monthlyPiAfterAdjustment,no,no,43,8.8,223,88.8,3,2,2,3,7,11,Loan Setup,no,
LE1.X23,Loan Estimate - Monthly Principal and Interest Can go or Goes,standard,String,STRING,str x269,$.closingCost.loanEstimate1.monthlyPiCanGoGoes,loan.closingCost.loanEstimate1.monthlyPiCanGoGoes,no,no,43,8.8,223,88.8,1,,,,,,Loan Setup,no,
LE1.X24,Loan Estimate - Monthly Principal and Interest Will be Adjusted in Year,standard,Decimal,DECIMAL_2,int x269,$.closingCost.loanEstimate1.highestMonthlyPi,loan.closingCost.loanEstimate1.highestMonthlyPi,no,no,43,8.8,199,79.3,233,817,2237,3062,3780,5631,Loan Setup,no,identifying-or-high-cardinality
LE1.X25,Loan Estimate - Monthly Principal and Interest Will be Adjusted in Year,standard,Int,INTEGER,int x243,$.closingCost.loanEstimate1.monthlyPiAdjustsInYear,loan.closingCost.loanEstimate1.monthlyPiAdjustsInYear,no,no,43,8.8,199,79.3,4,1,1,1,11,11,Loan Setup,no,
LE1.X26,Loan Estimate - Monthly Principal and Interest - Includes only interest and no principal until year,standard,Int,INTEGER,int x269,$.closingCost.loanEstimate1.monthlyPiInterestOnlyUntilYear,loan.closingCost.loanEstimate1.monthlyPiInterestOnlyUntilYear,no,no,43,8.8,223,88.8,3,2,2,3,7,11,Loan Setup,no,
LE1.X27,Loan Estimate - Prepayment Penalty - If you pay off the loan during the first,standard,Int,INTEGER,int x182,$.closingCost.loanEstimate1.prepaymentPenaltyPayOffDuringYear,loan.closingCost.loanEstimate1.prepaymentPenaltyPayOffDuringYear,no,no,178,36.3,0,0,6,1,3,3,5,6,Docs Out,no,
LE1.X29,"Loan Estimate - Estimated Taxes, Insurance and Assessments",standard,Decimal,DECIMAL_2,int x772,$.closingCost.loanEstimate1.estimatedTaxesInsuranceAssessments,loan.closingCost.loanEstimate1.estimatedTaxesInsuranceAssessments,no,no,412,84.1,30,12,362,145,287.5,600,1057,2563,Started,no,identifying-or-high-cardinality
LE1.X30,Loan Estimate - In Escrow Property Taxes,standard,String,STRING,str x772,$.closingCost.loanEstimate1.inEscrowPropertyTaxes,loan.closingCost.loanEstimate1.inEscrowPropertyTaxes,no,no,490,100,251,100,3,,,,,,Started,no,
LE1.X31,Loan Estimate - In Escrow Homeowner Insurance,standard,String,STRING,str x772,$.closingCost.loanEstimate1.inEscrowHomeownerInsurance,loan.closingCost.loanEstimate1.inEscrowHomeownerInsurance,no,no,490,100,251,100,3,,,,,,Started,no,
LE1.X32,Loan Estimate - In Escrow Other,standard,String,STRING,str x772,$.closingCost.loanEstimate1.inEscrowOther,loan.closingCost.loanEstimate1.inEscrowOther,no,no,490,100,251,100,3,,,,,,Started,no,
LE1.X41,Loan Estimate - Projected Calculation - Column 1 - Year,standard,Int,INTEGER,int x690,$.closingCost.loanEstimate1.ppc1Year,loan.closingCost.loanEstimate1.ppc1Year,no,no,449,91.6,223,88.8,5,1,1,10,30,40,Started,no,
LE1.X42,Loan Estimate - Projected Calculation - Column 1 - Minimum Principal and Interest Payment,standard,Decimal,DECIMAL_2,float x638 | int x31,$.closingCost.loanEstimate1.ppc1MinimumPiPayment,loan.closingCost.loanEstimate1.ppc1MinimumPiPayment,no,no,448,91.4,199,79.3,617,559.42,1061.11,1379.55,2214.84,5525.4,Started,no,identifying-or-high-cardinality
LE1.X43,Loan Estimate - Projected Calculation - Column 1 - Maximum Principal and Interest Payment,standard,Decimal,DECIMAL_2,float x638 | int x32,$.closingCost.loanEstimate1.ppc1MaximumPiPayment,loan.closingCost.loanEstimate1.ppc1MaximumPiPayment,no,no,448,91.4,199,79.3,618,559.42,1061.11,1379.55,2214.84,5525.4,Started,no,identifying-or-high-cardinality
LE1.X44,Loan Estimate - Projected Calculation - Column 1 - Interest Only,standard,Boolean,YN,bool x690,$.closingCost.loanEstimate1.ppc1InterestOnly,loan.closingCost.loanEstimate1.ppc1InterestOnly,no,no,43,8.8,223,88.8,1,,,,,,,no,
LE1.X46,Loan Estimate - Projected Calculation - Column 1 - Estimated Escrow Amount,standard,Int,INTEGER,int x690,$.closingCost.loanEstimate1.ppc1EstimatedEscrowAmount,loan.closingCost.loanEstimate1.ppc1EstimatedEscrowAmount,no,no,362,73.9,6,2.4,307,145,300,591,850,2563,Started,no,identifying-or-high-cardinality
LE1.X47,Loan Estimate - Projected Calculation - Column 1 - Minimum Monthly Payment,standard,Int,INTEGER,int x668,$.closingCost.loanEstimate1.ppc1MinimumMonthlyPayment,loan.closingCost.loanEstimate1.ppc1MinimumMonthlyPayment,no,no,447,91.2,201,80.1,615,744,1563,2495,3666,8088,Started,no,identifying-or-high-cardinality
LE1.X48,Loan Estimate - Projected Calculation - Column 1 - Maximum Monthly Payment,standard,Decimal,DECIMAL_2,int x398 | float x272,$.closingCost.loanEstimate1.ppc1MaximumMonthlyPayment,loan.closingCost.loanEstimate1.ppc1MaximumMonthlyPayment,no,no,448,91.4,201,80.1,638,744,1366.9975,1747.16,3500.6425,8088,Started,no,identifying-or-high-cardinality
LE1.X49,Loan Estimate - Projected Calculation - Column 2 - Year From,standard,Int,INTEGER,int x48,$.closingCost.loanEstimate1.ppc2YearFrom,loan.closingCost.loanEstimate1.ppc2YearFrom,no,no,43,8.8,4,1.6,3,2,3,11,11,11,Loan Setup,no,
LE1.X50,Loan Estimate - Projected Calculation - Column 2 - Year To,standard,Int,INTEGER,int x268,$.closingCost.loanEstimate1.ppc2YearTo,loan.closingCost.loanEstimate1.ppc2YearTo,no,no,44,9,222,88.4,4,1,1,1,30,40,Started,no,
LE1.X51,Loan Estimate - Projected Calculation - Column 2 - Minimum Principal and Interest Payment,standard,Decimal,DECIMAL_2,float x224 | int x44,$.closingCost.loanEstimate1.ppc2MinimumPiPayment,loan.closingCost.loanEstimate1.ppc2MinimumPiPayment,no,no,44,9,222,88.4,263,2452.17,78858.7325,271353.625,402177,910000,Started,no,identifying-or-high-cardinality
LE1.X52,Loan Estimate - Projected Calculation - Column 2 - Maximum Principal and Interest Payment,standard,Decimal,DECIMAL_2,float x224 | int x44,$.closingCost.loanEstimate1.ppc2MaximumPiPayment,loan.closingCost.loanEstimate1.ppc2MaximumPiPayment,no,no,44,9,222,88.4,263,2452.17,78858.7325,271353.625,402177,910000,Started,no,identifying-or-high-cardinality
LE1.X55,Loan Estimate - Projected Calculation - Column 2 - Estimated Escrow Amount,standard,Int,INTEGER,int x268,$.closingCost.loanEstimate1.ppc2EstimatedEscrowAmount,loan.closingCost.loanEstimate1.ppc2EstimatedEscrowAmount,no,no,24,4.9,6,2.4,28,230,709,888,1188,8750,Purchasing Conditions,no,identifying-or-high-cardinality
LE1.X56,Loan Estimate - Projected Calculation - Column 2 - Minimum Monthly Payment,standard,Int,INTEGER,int x268,$.closingCost.loanEstimate1.ppc2MinimumMonthlyPayment,loan.closingCost.loanEstimate1.ppc2MinimumMonthlyPayment,no,no,44,9,222,88.4,263,2452,79036.25,271353.5,402177,910000,Started,no,identifying-or-high-cardinality
LE1.X57,Loan Estimate - Projected Calculation - Column 2 - Maximum Monthly Payment,standard,Decimal,DECIMAL_2,float x196 | int x72,$.closingCost.loanEstimate1.ppc2MaximumMonthlyPayment,loan.closingCost.loanEstimate1.ppc2MaximumMonthlyPayment,no,no,44,9,222,88.4,263,2452.17,79036.0025,271353.625,402177,910000,Started,no,identifying-or-high-cardinality
LE1.X77,Loan Estimate - Projected Calculation - Estimated Escrow Indicator,standard,Boolean,YN,bool x691,$.closingCost.loanEstimate1.ppestimatedEscrowIndicator,loan.closingCost.loanEstimate1.ppestimatedEscrowIndicator,no,no,362,73.9,6,2.4,1,,,,,,Started,no,
LE1.X87,Total Estimated Cash to Close,standard,Decimal,DECIMAL_2,int x772,$.closingCost.loanEstimate1.totalEstimatedCashClose,loan.closingCost.loanEstimate1.totalEstimatedCashClose,no,no,445,90.8,211,84.1,597,-356250,-10000,120000,210000,600000,Started,no,identifying-or-high-cardinality
LE1.X88,Loan Estimate - Monthly Principal and Interest - Will be Adjusted in Year/Month,standard,String,STRING,str x243,$.closingCost.loanEstimate1.monthlyPiAdjustedInDateType,loan.closingCost.loanEstimate1.monthlyPiAdjustedInDateType,no,no,43,8.8,199,79.3,2,,,,,,Loan Setup,no,
LE1.X89,Loan Estimate - Monthly Principal and Interest - Interest Only in Year/Month,standard,String,STRING,str x269,$.closingCost.loanEstimate1.monthlyPiInterestOnlyDateType,loan.closingCost.loanEstimate1.monthlyPiInterestOnlyDateType,no,no,43,8.8,223,88.8,2,,,,,,Loan Setup,no,
LE1.X91,Loan Estimate - Prepayment Penalty - In Year/Month,standard,String,STRING,str x182,$.closingCost.loanEstimate1.prepaymentPenaltyPayOffInDateType,loan.closingCost.loanEstimate1.prepaymentPenaltyPayOffInDateType,no,no,178,36.3,0,0,3,,,,,,Docs Out,no,
LE1.X92,"The calculated initial monthly payment for a $10,000 loan",standard,Decimal,DECIMAL_2,float x682 | int x74,$.closingCost.loanEstimate1.initialMonthlyPaymentFor10000Loan,loan.closingCost.loanEstimate1.initialMonthlyPaymentFor10000Loan,no,no,486,99.2,199,79.3,118,27.78,64.03,67.37,71.64,87.5,Started,no,identifying-or-high-cardinality
LE1.X93,"The calculated maximum monthly payment for a $10,000 loan",standard,Decimal,DECIMAL_2,float x684 | int x72,$.closingCost.loanEstimate1.maximumMonthlyPaymentFor10000Loan,loan.closingCost.loanEstimate1.maximumMonthlyPaymentFor10000Loan,no,no,487,99.4,199,79.3,131,27.78,64.86,67.37,72.51,87.5,Started,no,identifying-or-high-cardinality
LE1.X94,The calculated month in which the maximum monthly payment will go into effect,standard,Int,INTEGER,int x756,$.closingCost.loanEstimate1.maximumPaymentMonth,loan.closingCost.loanEstimate1.maximumPaymentMonth,no,no,487,99.4,199,79.3,4,1,1,1,121,121,Started,no,
LE1.X95,"The calculation initial monthly payment for a $60,000 loan",standard,Decimal,DECIMAL_2,float x647 | int x109,$.closingCost.loanEstimate1.initialMonthlyPaymentFor60000Loan,loan.closingCost.loanEstimate1.initialMonthlyPaymentFor60000Loan,no,no,486,99.2,199,79.3,118,166.68,384.18,404.22,429.84,525,Started,no,identifying-or-high-cardinality
LE1.X99,Maximum Interest Period,standard,String,STRING,str x637,$.closingCost.loanEstimate1.interestRateAdjTermLabel,loan.closingCost.loanEstimate1.interestRateAdjTermLabel,no,no,424,86.5,199,79.3,1,,,,,,Started,no,
LE1.XD1,Loan Estimate - Projected Calculation - Column 1 - Range Payment Indicator,standard,Boolean,YN,bool x691,$.closingCost.loanEstimate1.rangePaymentIndicatorC1,loan.closingCost.loanEstimate1.rangePaymentIndicatorC1,no,yes,0,0,0,0,1,,,,,,,no,
LE1.XD8,Loan Estimate - Closing Costs Estimate Expiration Time UI Value,standard,String,STRING,str x771,$.closingCost.loanEstimate1.closingCostEstimateExpirationTimeUi,loan.closingCost.loanEstimate1.closingCostEstimateExpirationTimeUi,no,no,489,99.8,251,100,1,,,,,,Started,no,
LE1.XD9,Loan Estimate - Closing Costs Estimate Expiration Time Zone UI Value,standard,String,STRING,str x771,$.closingCost.loanEstimate1.closingCostEstimateExpirationTimeZoneUi,loan.closingCost.loanEstimate1.closingCostEstimateExpirationTimeZoneUi,no,no,489,99.8,251,100,1,,,,,,Started,no,
LE1.XD27,Loan Estimate - Prepayment Penalty - In First Year,standard,String,STRING,str x182,$.closingCost.loanEstimate1.prepaymentPenaltyPayOffInFirstYear,loan.closingCost.loanEstimate1.prepaymentPenaltyPayOffInFirstYear,no,no,178,36.3,0,0,6,,,,,,Docs Out,no,
LE1.XD29,"Loan Estimate - Estimated Taxes, Insurance and Assessments UI Value",standard,String,STRING,str x772,$.closingCost.loanEstimate1.estimatedTaxesInsuranceAssessmentsUi,loan.closingCost.loanEstimate1.estimatedTaxesInsuranceAssessmentsUi,no,yes,412,84.1,30,12,362,,,,,,Started,no,identifying-or-high-cardinality
LE1.XD42,Loan Estimate - Projected Calculation - Column 1 - Minimum Principal and Interest Payment UI Value,standard,String,STRING,str x670,$.closingCost.loanEstimate1.ppc1MinimumPiPaymentUi,loan.closingCost.loanEstimate1.ppc1MinimumPiPaymentUi,no,yes,448,91.4,199,79.3,618,,,,,,Started,no,identifying-or-high-cardinality
LE1.XD43,Loan Estimate - Projected Calculation - Column 1 - Maximum Principal and Interest Payment UI Value,standard,String,STRING,str x671,$.closingCost.loanEstimate1.ppc1MaximumPiPaymentUi,loan.closingCost.loanEstimate1.ppc1MaximumPiPaymentUi,no,yes,448,91.4,199,79.3,619,,,,,,Started,no,identifying-or-high-cardinality
LE1.XD46,Loan Estimate - Projected Calculation - Column 1 - Estimated Escrow Amount UI Value,standard,String,STRING,str x691,$.closingCost.loanEstimate1.ppc1EstimatedEscrowAmountUi,loan.closingCost.loanEstimate1.ppc1EstimatedEscrowAmountUi,no,yes,362,73.9,6,2.4,308,,,,,,Started,no,identifying-or-high-cardinality
LE1.XD47,Loan Estimate - Projected Calculation - Column 1 - Minimum Monthly Payment UI Value,standard,String,STRING,str x669,$.closingCost.loanEstimate1.ppc1MinimumMonthlyPaymentUi,loan.closingCost.loanEstimate1.ppc1MinimumMonthlyPaymentUi,no,yes,447,91.2,201,80.1,632,,,,,,Started,no,identifying-or-high-cardinality
LE1.XD48,Loan Estimate - Projected Calculation - Column 1 - Maximum Monthly Payment UI Value,standard,String,STRING,str x671,$.closingCost.loanEstimate1.ppc1MaximumMonthlyPaymentUi,loan.closingCost.loanEstimate1.ppc1MaximumMonthlyPaymentUi,no,yes,448,91.4,201,80.1,640,,,,,,Started,no,identifying-or-high-cardinality
LE1.XD51,Loan Estimate - Projected Calculation - Column 2 - Minimum Principal and Interest Payment UI Value,standard,String,STRING,str x268,$.closingCost.loanEstimate1.ppc2MinimumPiPaymentUi,loan.closingCost.loanEstimate1.ppc2MinimumPiPaymentUi,no,yes,44,9,222,88.4,263,,,,,,Started,no,identifying-or-high-cardinality
LE1.XD52,Loan Estimate - Projected Calculation - Column 2 - Maximum Principal and Interest Payment UI Value,standard,String,STRING,str x268,$.closingCost.loanEstimate1.ppc2MaximumPiPaymentUi,loan.closingCost.loanEstimate1.ppc2MaximumPiPaymentUi,no,yes,44,9,222,88.4,263,,,,,,Started,no,identifying-or-high-cardinality
LE1.XD55,Loan Estimate - Projected Calculation - Column 2 - Estimated Escrow Amount UI Value,standard,String,STRING,str x268,$.closingCost.loanEstimate1.ppc2EstimatedEscrowAmountUi,loan.closingCost.loanEstimate1.ppc2EstimatedEscrowAmountUi,no,yes,24,4.9,6,2.4,28,,,,,,Purchasing Conditions,no,identifying-or-high-cardinality
LE1.XD56,Loan Estimate - Projected Calculation - Column 2 - Minimum Monthly Payment UI Value,standard,String,STRING,str x268,$.closingCost.loanEstimate1.ppc2MinimumMonthlyPaymentUi,loan.closingCost.loanEstimate1.ppc2MinimumMonthlyPaymentUi,no,yes,44,9,222,88.4,263,,,,,,Started,no,identifying-or-high-cardinality
LE1.XD57,Loan Estimate - Projected Calculation - Column 2 - Maximum Monthly Payment UI Value,standard,String,STRING,str x268,$.closingCost.loanEstimate1.ppc2MaximumMonthlyPaymentUi,loan.closingCost.loanEstimate1.ppc2MaximumMonthlyPaymentUi,no,yes,44,9,222,88.4,263,,,,,,Started,no,identifying-or-high-cardinality
LE1.XG9,Loan Estimate - Closing Costs Estimate Expiration Generic Time Zone,standard,String,STRING,str x763,$.closingCost.loanEstimate1.expirationGenericTimeZone,loan.closingCost.loanEstimate1.expirationGenericTimeZone,no,no,481,98.2,251,100,1,,,,,,Started,no,
LE2.X1,Loan Estimate - Closing Costs Financed,standard,Decimal,DECIMAL_2,int x737,$.closingCost.loanEstimate2.closingCostsFinanced,loan.closingCost.loanEstimate2.closingCostsFinanced,no,no,24,4.9,2,0.8,29,-10927,-2600,-984,-55,18756,,no,identifying-or-high-cardinality
LE2.X2,Loan Estimate - Down Payment/Funds from Borrower,standard,Decimal,DECIMAL_2,int x760 | float x12,$.closingCost.loanEstimate2.downPayment,loan.closingCost.loanEstimate2.downPayment,no,no,117,23.9,52,20.7,149,166.76,40000,90500,172498,350000,LO Prep,no,identifying-or-high-cardinality
LE2.X3,Loan Estimate - Funds for Borrower,standard,Decimal,DECIMAL_2,int x640 | float x132,$.closingCost.loanEstimate2.fundsForBorrower,loan.closingCost.loanEstimate2.fundsForBorrower,no,no,326,66.5,159,63.3,434,8000,62500,161000,375000,600000,Loan Setup,no,identifying-or-high-cardinality
LE2.X4,Loan Estimate - Adjustments and Other Credits,standard,Decimal,DECIMAL_2,int x736 | float x36,$.closingCost.loanEstimate2.adjustmentsOtherCredits,loan.closingCost.loanEstimate2.adjustmentsOtherCredits,no,no,36,7.3,1,0.4,37,-3277.97,-812.965,1208.57,10527.39,85568.75,,no,identifying-or-high-cardinality
LE2.X25,Loan Estimate - Estimated Cash To Close Standard Version,standard,Decimal,DECIMAL_2,int x772,$.closingCost.loanEstimate2.estimatedCashToCloseSv,loan.closingCost.loanEstimate2.estimatedCashToCloseSv,no,no,445,90.8,211,84.1,593,-600000,-250312.5,-75000,5000,172498,Started,no,identifying-or-high-cardinality
LE2.X26,Loan Estimate - Estimated Cash To Close Alternate Version,standard,Decimal,DECIMAL_2,int x766,$.closingCost.loanEstimate2.estimatedCashToCloseAv,loan.closingCost.loanEstimate2.estimatedCashToCloseAv,no,no,317,64.7,29,11.6,320,8000,146250,250000,500000,630000,Loan Setup,no,identifying-or-high-cardinality
LE2.X27,Loan Estimate - From Or To Borrower,standard,String,STRING,str x766,$.closingCost.loanEstimate2.fromOrToBorrower,loan.closingCost.loanEstimate2.fromOrToBorrower,no,no,486,99.2,249,99.2,2,,,,,,Started,no,
LE2.X28,Loan Estimate - Use Alternate,standard,Boolean,YN,bool x758,$.closingCost.loanEstimate2.useAlternate,loan.closingCost.loanEstimate2.useAlternate,no,no,270,55.1,4,1.6,1,,,,,,Loan Setup,no,
LE2.X29,Loan Estimate - Third Party Payments Not Otherwise Disclosed,standard,Decimal,DECIMAL_2,int x630 | float x142,$.closingCost.loanEstimate2.thirdPartyPaymentsNotOtherwiseDisclosed,loan.closingCost.loanEstimate2.thirdPartyPaymentsNotOtherwiseDisclosed,no,no,199,40.6,18,7.2,191,58800,200000,318895.73,501787.97,845682.35,Submittal,no,identifying-or-high-cardinality
LE2.X31,Loan Estimate - Estimated Total Payoffs and Payments,standard,Int,INTEGER,int x772,$.closingCost.loanEstimate2.estimatedTotalPayoffsAndPaymentsAmount,loan.closingCost.loanEstimate2.estimatedTotalPayoffsAndPaymentsAmount,no,no,199,40.6,18,7.2,191,58800,200000,318896,501788,845682,Submittal,no,identifying-or-high-cardinality
LE2.X100,Loan Estimate - Seller Credit Amount,standard,Int,INTEGER,int x763,$.closingCost.loanEstimate2.sellerCreditAmount,loan.closingCost.loanEstimate2.sellerCreditAmount,no,no,5,1,0,0,5,1360,3680,7946,14624.5,21057,,no,
LE2.X100DV,Decimal Value of STD LE Seller Credits,standard,Decimal,DECIMAL_2,int x760 | float x3,$.closingCost.loanEstimate2.actualStdleSellerCredits,loan.closingCost.loanEstimate2.actualStdleSellerCredits,no,yes,5,1,0,0,5,1360.3,3680.15,7946,14624.75,21057.1,,no,
LE2.XDI,Loan Estimate - Total Loan and Other Costs (D + I),standard,Int,INTEGER,int x772,$.closingCost.loanEstimate2.totalLoanAndOtherCosts,loan.closingCost.loanEstimate2.totalLoanAndOtherCosts,no,yes,6,1.2,1,0.4,11,114,2170,3070.5,11733,18756,,no,
LE2.XLC,Loan Estimate - Lender Credits,standard,Int,INTEGER,int x32,$.closingCost.loanEstimate2.lenderCredits,loan.closingCost.loanEstimate2.lenderCredits,no,no,29,5.9,1,0.4,29,55,618.25,1278,3258,10927,Investor Delivery,no,identifying-or-high-cardinality
LE2.XLCDV,Decimal Value of Lender Credit Amount,standard,Decimal,DECIMAL_2,int x24 | float x8,$.closingCost.loanEstimate2.actualLenderCredits,loan.closingCost.loanEstimate2.actualLenderCredits,no,yes,29,5.9,1,0.4,29,55.13,618.1875,1278.125,3257.8125,10926.72,Investor Delivery,no,identifying-or-high-cardinality
LE2.XSTA,Loan Estimate - A.Origination Charges Sub Total,standard,Int,INTEGER,int x772,$.closingCost.loanEstimate2.originationChargesSubTotal,loan.closingCost.loanEstimate2.originationChargesSubTotal,no,yes,6,1.2,1,0.4,5,2095,2095,4335,8095,12095,,no,
LE2.XSTB,Loan Estimate - B.Services You Cannot Shop For Sub Total,standard,Int,INTEGER,int x772,$.closingCost.loanEstimate2.servicesYouNotShopSubTotal,loan.closingCost.loanEstimate2.servicesYouNotShopSubTotal,no,yes,6,1.2,0,0,5,112,648,900,900,3959,,no,
LE2.XSTD,Loan Estimate - D.Total Loan Costs,standard,Int,INTEGER,int x772,$.closingCost.loanEstimate2.totalLoanCosts,loan.closingCost.loanEstimate2.totalLoanCosts,no,yes,6,1.2,1,0.4,7,112,2995,3200,8995,16054,,no,
LE2.XSTD_DV,Loan Estimate - D.Total Loan Costs (Unrounded),standard,Decimal,DECIMAL_2,int x768 | float x4,$.closingCost.loanEstimate2.unroundedTotalLoanCosts,loan.closingCost.loanEstimate2.unroundedTotalLoanCosts,no,yes,6,1.2,1,0.4,7,112.14,2995,3200,8995,16054.02,,no,
LE2.XSTE,Loan Estimate - E.Taxes and Government Fees Sub Total,standard,Int,INTEGER,int x772,$.closingCost.loanEstimate2.taxesGovFeesSubTotal,loan.closingCost.loanEstimate2.taxesGovFeesSubTotal,no,yes,0,0,0,0,1,,,,,,,no,
LE2.XSTF,Loan Estimate - F.Prepaids Sub Total,standard,Int,INTEGER,int x772,$.closingCost.loanEstimate2.prepaidsSubTotal,loan.closingCost.loanEstimate2.prepaidsSubTotal,no,yes,3,0.6,0,0,7,150,205.25,388.5,1222.75,1449,,no,
LE2.XSTG,Loan Estimate - G.Initial Escrow Payment Closing Sub Total,standard,Int,INTEGER,int x772,$.closingCost.loanEstimate2.initialEscrowPaymentClosingSubTotal,loan.closingCost.loanEstimate2.initialEscrowPaymentClosingSubTotal,no,yes,3,0.6,0,0,6,1200,1760,2508,2800,6000,,no,
LE2.XSTI,Loan Estimate -I.Total Other Costs,standard,Int,INTEGER,int x772,$.closingCost.loanEstimate2.totalOtherCosts,loan.closingCost.loanEstimate2.totalOtherCosts,no,yes,3,0.6,0,0,8,547,1691,2738,3071.5,6150,,no,
LE2.XSTI_DV,Loan Estimate -I.Total Other Costs (Unrounded),standard,Decimal,DECIMAL_2,int x765 | float x7,$.closingCost.loanEstimate2.unroundedTotalOtherCosts,loan.closingCost.loanEstimate2.unroundedTotalOtherCosts,no,yes,3,0.6,0,0,8,546.9,1691.165,2738.14,3071.72,6150.14,,no,
LE2.XSTJ,Loan Estimate - J.Total Closing Costs,standard,Int,INTEGER,int x772,$.closingCost.loanEstimate2.totalClosingCosts,loan.closingCost.loanEstimate2.totalClosingCosts,no,yes,35,7.1,2,0.8,40,-5850,-2600,-844,733,18756,,no,identifying-or-high-cardinality
LE2.XSTJDV,Decimal Value of STD LE Total Closing Cost J,standard,Decimal,DECIMAL_2,int x755 | float x17,$.closingCost.loanEstimate2.actualStdleTotalClosingCostJ,loan.closingCost.loanEstimate2.actualStdleTotalClosingCostJ,no,yes,35,7.1,2,0.8,40,-5850,-2600,-844,733.33,18756.02,,no,identifying-or-high-cardinality
LE3.X1,Loan Estimate - Lender License ID,standard,String,STRING,str x45,$.closingCost.loanEstimate3.lenderLicenseId,loan.closingCost.loanEstimate3.lenderLicenseId,no,no,32,6.5,12,4.8,1,,,,,,Submittal,no,identifying-or-high-cardinality
LE3.X2,Loan Estimate - Lender Email,standard,String,STRING,str x200,$.closingCost.loanEstimate3.lenderEmail,loan.closingCost.loanEstimate3.lenderEmail,no,no,164,33.5,34,13.5,16,,,,,,Started,no,identifying-or-high-cardinality
LE3.X3,Loan Estimate - Lender Phone,standard,String,PHONE,str x195,$.closingCost.loanEstimate3.lenderPhone,loan.closingCost.loanEstimate3.lenderPhone,no,no,160,32.7,33,13.1,14,,,,,,Started,no,identifying-or-high-cardinality
LE3.X4,Loan Estimate - Lender Loan Officer,standard,String,STRING,str x200,$.closingCost.loanEstimate3.lenderLoanOfficer,loan.closingCost.loanEstimate3.lenderLoanOfficer,no,no,164,33.5,34,13.5,16,,,,,,Started,no,
LE3.X5,Loan Estimate - Lender Loan Officer NMLS ID,standard,String,STRING,str x196,$.closingCost.loanEstimate3.lenderLoanOfficerNmlsId,loan.closingCost.loanEstimate3.lenderLoanOfficerNmlsId,no,no,160,32.7,34,13.5,3,,,,,,Started,no,identifying-or-high-cardinality
LE3.X6,Loan Estimate - Mortgage Broker License ID,standard,String,STRING,str x96,$.closingCost.loanEstimate3.mortgageBrokerLicenseId,loan.closingCost.loanEstimate3.mortgageBrokerLicenseId,no,no,58,11.8,36,14.3,1,,,,,,Completion,no,identifying-or-high-cardinality
LE3.X7,Loan Estimate - Mortgage Broker Email,standard,String,STRING,str x232,$.closingCost.loanEstimate3.mortgageBrokerEmail,loan.closingCost.loanEstimate3.mortgageBrokerEmail,no,no,99,20.2,128,51,13,,,,,,Cond. Approval,no,identifying-or-high-cardinality
LE3.X8,Loan Estimate - Mortgage Broker Phone,standard,String,PHONE,str x213,$.closingCost.loanEstimate3.mortgageBrokerPhone,loan.closingCost.loanEstimate3.mortgageBrokerPhone,no,no,85,17.3,123,49,12,,,,,,Completion,no,identifying-or-high-cardinality
LE3.X9,Loan Estimate - Mortgage Broker Loan Officer,standard,String,STRING,str x234,$.closingCost.loanEstimate3.mortgageBrokerLoanOfficer,loan.closingCost.loanEstimate3.mortgageBrokerLoanOfficer,no,no,101,20.6,128,51,14,,,,,,Cond. Approval,no,
LE3.X10,Loan Estimate - Mortgage Broker Loan Officer NMLS ID,standard,String,STRING,str x215,$.closingCost.loanEstimate3.mortgageBrokerLoanOfficerNmlsId,loan.closingCost.loanEstimate3.mortgageBrokerLoanOfficerNmlsId,no,no,83,16.9,127,50.6,3,,,,,,Completion,no,identifying-or-high-cardinality
LE3.X12,Loan Estimate - Assumption,standard,String,STRING,str x522,$.closingCost.loanEstimate3.assumption,loan.closingCost.loanEstimate3.assumption,no,no,489,99.8,19,7.6,1,,,,,,Started,no,
LE3.X16,Loan Estimate - Total Interest Percentage,standard,Decimal,DECIMAL_3,float x596 | int x95,$.closingCost.loanEstimate3.totalInterestPercentage,loan.closingCost.loanEstimate3.totalInterestPercentage,no,no,424,86.5,199,79.3,225,9.75,10.5,136.494,142.539,154.806,Started,no,identifying-or-high-cardinality
LE3.X17,Loan Estimate - In 5 years Total you will have paid,standard,Int,INTEGER,int x691,$.closingCost.loanEstimate3.in5YearsTotalYouWillHavePaid,loan.closingCost.loanEstimate3.in5YearsTotalYouWillHavePaid,no,no,449,91.6,223,88.8,667,34028,67556.75,100000,132890,910000,Started,no,identifying-or-high-cardinality
LE3.X18,Loan Estimate - In 5 years Principal you will have paid off,standard,Int,INTEGER,int x657,$.closingCost.loanEstimate3.in5YearsPrincipalYouWillHavePaidOff,loan.closingCost.loanEstimate3.in5YearsPrincipalYouWillHavePaidOff,no,no,415,84.7,223,88.8,599,5068,10335,28466,100000,910000,Started,no,identifying-or-high-cardinality
LE3.X19,Loan Estimate - Signature Type,standard,String,STRING,str x772,$.closingCost.loanEstimate3.signatureType,loan.closingCost.loanEstimate3.signatureType,no,no,490,100,251,100,1,,,,,,Started,no,identifying-or-high-cardinality
Lender.CntctTitle,File Contacts Lender Contact Title,standard,String,STRING,str x3,$.contacts[?(@.contactType == 'LENDER_INVESTOR')].contactTitle,loan.contacts[(contactType == 'LENDER_INVESTOR')].contactTitle,no,no,2,0.4,0,0,2,,,,,,,no,
LENPCCINDOT,Fees Total Closing Costs Lender In Details of Transaction,standard,Decimal,DECIMAL_2,int x18 | float x14,$.lenderPaidClosignCostsDotAmount,loan.lenderPaidClosignCostsDotAmount,no,no,32,6.5,0,0,31,55.13,375.9375,945.75,2775.9375,10926.72,Investor Delivery,no,identifying-or-high-cardinality
LIC.NJ,Company - Loan Officer License NJ,standard,String,STRING,str x3,$.closingDocument.stateLicenses[?(@.stateLicenseType == 'CompanyLicense')].nj,loan.closingDocument.stateLicenses[(stateLicenseType == 'CompanyLicense')].nj,no,yes,1,0.2,0,0,1,,,,,,,no,identifying-or-high-cardinality
LO.ALLOWED.AK,Company - Loan Officer License Permit AK,standard,String,STRING,str x736,$.closingDocument.stateLicenses[?(@.stateLicenseType == 'LoanOfficerLicensePermit')].ak,loan.closingDocument.stateLicenses[(stateLicenseType == 'LoanOfficerLicensePermit')].ak,no,yes,477,97.3,236,94,1,,,,,,Started,no,identifying-or-high-cardinality
LO.ALLOWED.AL,Company - Loan Officer License Permit AL,standard,String,STRING,str x736,$.closingDocument.stateLicenses[?(@.stateLicenseType == 'LoanOfficerLicensePermit')].al,loan.closingDocument.stateLicenses[(stateLicenseType == 'LoanOfficerLicensePermit')].al,no,yes,477,97.3,236,94,1,,,,,,Started,no,identifying-or-high-cardinality
LO.ALLOWED.AR,Company - Loan Officer License Permit AR,standard,String,STRING,str x736,$.closingDocument.stateLicenses[?(@.stateLicenseType == 'LoanOfficerLicensePermit')].ar,loan.closingDocument.stateLicenses[(stateLicenseType == 'LoanOfficerLicensePermit')].ar,no,yes,477,97.3,236,94,1,,,,,,Started,no,identifying-or-high-cardinality
LO.ALLOWED.AZ,Company - Loan Officer License Permit AZ,standard,String,STRING,str x736,$.closingDocument.stateLicenses[?(@.stateLicenseType == 'LoanOfficerLicensePermit')].az,loan.closingDocument.stateLicenses[(stateLicenseType == 'LoanOfficerLicensePermit')].az,no,yes,477,97.3,236,94,1,,,,,,Started,no,identifying-or-high-cardinality
LO.ALLOWED.CA,Company - Loan Officer License Permit CA,standard,String,STRING,str x736,$.closingDocument.stateLicenses[?(@.stateLicenseType == 'LoanOfficerLicensePermit')].ca,loan.closingDocument.stateLicenses[(stateLicenseType == 'LoanOfficerLicensePermit')].ca,no,yes,477,97.3,236,94,1,,,,,,Started,no,identifying-or-high-cardinality
LO.ALLOWED.CO,Company - Loan Officer License Permit CO,standard,String,STRING,str x736,$.closingDocument.stateLicenses[?(@.stateLicenseType == 'LoanOfficerLicensePermit')].co,loan.closingDocument.stateLicenses[(stateLicenseType == 'LoanOfficerLicensePermit')].co,no,yes,477,97.3,236,94,1,,,,,,Started,no,identifying-or-high-cardinality
LO.ALLOWED.CT,Company - Loan Officer License Permit CT,standard,String,STRING,str x736,$.closingDocument.stateLicenses[?(@.stateLicenseType == 'LoanOfficerLicensePermit')].ct,loan.closingDocument.stateLicenses[(stateLicenseType == 'LoanOfficerLicensePermit')].ct,no,yes,477,97.3,236,94,1,,,,,,Started,no,identifying-or-high-cardinality
LO.ALLOWED.DC,Company - Loan Officer License Permit DC,standard,String,STRING,str x736,$.closingDocument.stateLicenses[?(@.stateLicenseType == 'LoanOfficerLicensePermit')].dc,loan.closingDocument.stateLicenses[(stateLicenseType == 'LoanOfficerLicensePermit')].dc,no,yes,477,97.3,236,94,1,,,,,,Started,no,identifying-or-high-cardinality
LO.ALLOWED.DE,Company - Loan Officer License Permit DE,standard,String,STRING,str x736,$.closingDocument.stateLicenses[?(@.stateLicenseType == 'LoanOfficerLicensePermit')].de,loan.closingDocument.stateLicenses[(stateLicenseType == 'LoanOfficerLicensePermit')].de,no,yes,477,97.3,236,94,1,,,,,,Started,no,identifying-or-high-cardinality
LO.ALLOWED.FL,Company - Loan Officer License Permit FL,standard,String,STRING,str x736,$.closingDocument.stateLicenses[?(@.stateLicenseType == 'LoanOfficerLicensePermit')].fl,loan.closingDocument.stateLicenses[(stateLicenseType == 'LoanOfficerLicensePermit')].fl,no,yes,477,97.3,236,94,1,,,,,,Started,no,identifying-or-high-cardinality
LO.ALLOWED.GA,Company - Loan Officer License Permit GA,standard,String,STRING,str x736,$.closingDocument.stateLicenses[?(@.stateLicenseType == 'LoanOfficerLicensePermit')].ga,loan.closingDocument.stateLicenses[(stateLicenseType == 'LoanOfficerLicensePermit')].ga,no,yes,477,97.3,236,94,1,,,,,,Started,no,identifying-or-high-cardinality
LO.ALLOWED.GU,Company - Loan Officer License Permit GU,standard,String,STRING,str x736,$.closingDocument.stateLicenses[?(@.stateLicenseType == 'LoanOfficerLicensePermit')].gu,loan.closingDocument.stateLicenses[(stateLicenseType == 'LoanOfficerLicensePermit')].gu,no,yes,477,97.3,236,94,1,,,,,,Started,no,identifying-or-high-cardinality
LO.ALLOWED.HI,Company - Loan Officer License Permit HI,standard,String,STRING,str x736,$.closingDocument.stateLicenses[?(@.stateLicenseType == 'LoanOfficerLicensePermit')].hi,loan.closingDocument.stateLicenses[(stateLicenseType == 'LoanOfficerLicensePermit')].hi,no,yes,477,97.3,236,94,1,,,,,,Started,no,identifying-or-high-cardinality
LO.ALLOWED.IA,Company - Loan Officer License Permit IA,standard,String,STRING,str x736,$.closingDocument.stateLicenses[?(@.stateLicenseType == 'LoanOfficerLicensePermit')].ia,loan.closingDocument.stateLicenses[(stateLicenseType == 'LoanOfficerLicensePermit')].ia,no,yes,477,97.3,236,94,1,,,,,,Started,no,identifying-or-high-cardinality
LO.ALLOWED.ID,Company - Loan Officer License Permit ID,standard,String,STRING,str x736,$.closingDocument.stateLicenses[?(@.stateLicenseType == 'LoanOfficerLicensePermit')].idaho,loan.closingDocument.stateLicenses[(stateLicenseType == 'LoanOfficerLicensePermit')].idaho,no,yes,477,97.3,236,94,1,,,,,,Started,no,identifying-or-high-cardinality
LO.ALLOWED.IL,Company - Loan Officer License Permit IL,standard,String,STRING,str x736,$.closingDocument.stateLicenses[?(@.stateLicenseType == 'LoanOfficerLicensePermit')].il,loan.closingDocument.stateLicenses[(stateLicenseType == 'LoanOfficerLicensePermit')].il,no,yes,477,97.3,236,94,1,,,,,,Started,no,identifying-or-high-cardinality
LO.ALLOWED.IN,Company - Loan Officer License Permit IN,standard,String,STRING,str x736,$.closingDocument.stateLicenses[?(@.stateLicenseType == 'LoanOfficerLicensePermit')].in,loan.closingDocument.stateLicenses[(stateLicenseType == 'LoanOfficerLicensePermit')].in,no,yes,477,97.3,236,94,1,,,,,,Started,no,identifying-or-high-cardinality
LO.ALLOWED.KS,Company - Loan Officer License Permit KS,standard,String,STRING,str x736,$.closingDocument.stateLicenses[?(@.stateLicenseType == 'LoanOfficerLicensePermit')].ks,loan.closingDocument.stateLicenses[(stateLicenseType == 'LoanOfficerLicensePermit')].ks,no,yes,477,97.3,236,94,1,,,,,,Started,no,identifying-or-high-cardinality
LO.ALLOWED.KY,Company - Loan Officer License Permit KY,standard,String,STRING,str x736,$.closingDocument.stateLicenses[?(@.stateLicenseType == 'LoanOfficerLicensePermit')].ky,loan.closingDocument.stateLicenses[(stateLicenseType == 'LoanOfficerLicensePermit')].ky,no,yes,477,97.3,236,94,1,,,,,,Started,no,identifying-or-high-cardinality
LO.ALLOWED.LA,Company - Loan Officer License Permit LA,standard,String,STRING,str x736,$.closingDocument.stateLicenses[?(@.stateLicenseType == 'LoanOfficerLicensePermit')].la,loan.closingDocument.stateLicenses[(stateLicenseType == 'LoanOfficerLicensePermit')].la,no,yes,477,97.3,236,94,1,,,,,,Started,no,identifying-or-high-cardinality
LO.ALLOWED.MA,Company - Loan Officer License Permit MA,standard,String,STRING,str x736,$.closingDocument.stateLicenses[?(@.stateLicenseType == 'LoanOfficerLicensePermit')].ma,loan.closingDocument.stateLicenses[(stateLicenseType == 'LoanOfficerLicensePermit')].ma,no,yes,477,97.3,236,94,1,,,,,,Started,no,identifying-or-high-cardinality
LO.ALLOWED.MD,Company - Loan Officer License Permit MD,standard,String,STRING,str x736,$.closingDocument.stateLicenses[?(@.stateLicenseType == 'LoanOfficerLicensePermit')].md,loan.closingDocument.stateLicenses[(stateLicenseType == 'LoanOfficerLicensePermit')].md,no,yes,477,97.3,236,94,1,,,,,,Started,no,identifying-or-high-cardinality
LO.ALLOWED.ME,Company - Loan Officer License Permit ME,standard,String,STRING,str x736,$.closingDocument.stateLicenses[?(@.stateLicenseType == 'LoanOfficerLicensePermit')].me,loan.closingDocument.stateLicenses[(stateLicenseType == 'LoanOfficerLicensePermit')].me,no,yes,477,97.3,236,94,1,,,,,,Started,no,identifying-or-high-cardinality
LO.ALLOWED.MI,Company - Loan Officer License Permit MI,standard,String,STRING,str x736,$.closingDocument.stateLicenses[?(@.stateLicenseType == 'LoanOfficerLicensePermit')].mi,loan.closingDocument.stateLicenses[(stateLicenseType == 'LoanOfficerLicensePermit')].mi,no,yes,477,97.3,236,94,1,,,,,,Started,no,identifying-or-high-cardinality
LO.ALLOWED.MN,Company - Loan Officer License Permit MN,standard,String,STRING,str x736,$.closingDocument.stateLicenses[?(@.stateLicenseType == 'LoanOfficerLicensePermit')].mn,loan.closingDocument.stateLicenses[(stateLicenseType == 'LoanOfficerLicensePermit')].mn,no,yes,477,97.3,236,94,1,,,,,,Started,no,identifying-or-high-cardinality
LO.ALLOWED.MO,Company - Loan Officer License Permit MO,standard,String,STRING,str x736,$.closingDocument.stateLicenses[?(@.stateLicenseType == 'LoanOfficerLicensePermit')].mo,loan.closingDocument.stateLicenses[(stateLicenseType == 'LoanOfficerLicensePermit')].mo,no,yes,477,97.3,236,94,1,,,,,,Started,no,identifying-or-high-cardinality
LO.ALLOWED.MS,Company - Loan Officer License Permit MS,standard,String,STRING,str x736,$.closingDocument.stateLicenses[?(@.stateLicenseType == 'LoanOfficerLicensePermit')].ms,loan.closingDocument.stateLicenses[(stateLicenseType == 'LoanOfficerLicensePermit')].ms,no,yes,477,97.3,236,94,1,,,,,,Started,no,identifying-or-high-cardinality
LO.ALLOWED.MT,Company - Loan Officer License Permit MT,standard,String,STRING,str x736,$.closingDocument.stateLicenses[?(@.stateLicenseType == 'LoanOfficerLicensePermit')].mt,loan.closingDocument.stateLicenses[(stateLicenseType == 'LoanOfficerLicensePermit')].mt,no,yes,477,97.3,236,94,1,,,,,,Started,no,identifying-or-high-cardinality
LO.ALLOWED.NC,Company - Loan Officer License Permit NC,standard,String,STRING,str x736,$.closingDocument.stateLicenses[?(@.stateLicenseType == 'LoanOfficerLicensePermit')].nc,loan.closingDocument.stateLicenses[(stateLicenseType == 'LoanOfficerLicensePermit')].nc,no,yes,477,97.3,236,94,1,,,,,,Started,no,identifying-or-high-cardinality
LO.ALLOWED.ND,Company - Loan Officer License Permit ND,standard,String,STRING,str x736,$.closingDocument.stateLicenses[?(@.stateLicenseType == 'LoanOfficerLicensePermit')].nd,loan.closingDocument.stateLicenses[(stateLicenseType == 'LoanOfficerLicensePermit')].nd,no,yes,477,97.3,236,94,1,,,,,,Started,no,identifying-or-high-cardinality
LO.ALLOWED.NE,Company - Loan Officer License Permit NE,standard,String,STRING,str x736,$.closingDocument.stateLicenses[?(@.stateLicenseType == 'LoanOfficerLicensePermit')].ne,loan.closingDocument.stateLicenses[(stateLicenseType == 'LoanOfficerLicensePermit')].ne,no,yes,477,97.3,236,94,1,,,,,,Started,no,identifying-or-high-cardinality
LO.ALLOWED.NH,Company - Loan Officer License Permit NH,standard,String,STRING,str x736,$.closingDocument.stateLicenses[?(@.stateLicenseType == 'LoanOfficerLicensePermit')].nh,loan.closingDocument.stateLicenses[(stateLicenseType == 'LoanOfficerLicensePermit')].nh,no,yes,477,97.3,236,94,1,,,,,,Started,no,identifying-or-high-cardinality
LO.ALLOWED.NJ,Company - Loan Officer License Permit NJ,standard,String,STRING,str x736,$.closingDocument.stateLicenses[?(@.stateLicenseType == 'LoanOfficerLicensePermit')].nj,loan.closingDocument.stateLicenses[(stateLicenseType == 'LoanOfficerLicensePermit')].nj,no,yes,477,97.3,236,94,1,,,,,,Started,no,identifying-or-high-cardinality
LO.ALLOWED.NM,Company - Loan Officer License Permit NM,standard,String,STRING,str x736,$.closingDocument.stateLicenses[?(@.stateLicenseType == 'LoanOfficerLicensePermit')].nm,loan.closingDocument.stateLicenses[(stateLicenseType == 'LoanOfficerLicensePermit')].nm,no,yes,477,97.3,236,94,1,,,,,,Started,no,identifying-or-high-cardinality
LO.ALLOWED.NV,Company - Loan Officer License Permit NV,standard,String,STRING,str x736,$.closingDocument.stateLicenses[?(@.stateLicenseType == 'LoanOfficerLicensePermit')].nv,loan.closingDocument.stateLicenses[(stateLicenseType == 'LoanOfficerLicensePermit')].nv,no,yes,477,97.3,236,94,1,,,,,,Started,no,identifying-or-high-cardinality
LO.ALLOWED.NY,Company - Loan Officer License Permit NY,standard,String,STRING,str x736,$.closingDocument.stateLicenses[?(@.stateLicenseType == 'LoanOfficerLicensePermit')].ny,loan.closingDocument.stateLicenses[(stateLicenseType == 'LoanOfficerLicensePermit')].ny,no,yes,477,97.3,236,94,1,,,,,,Started,no,identifying-or-high-cardinality
LO.ALLOWED.OH,Company - Loan Officer License Permit OH,standard,String,STRING,str x736,$.closingDocument.stateLicenses[?(@.stateLicenseType == 'LoanOfficerLicensePermit')].oh,loan.closingDocument.stateLicenses[(stateLicenseType == 'LoanOfficerLicensePermit')].oh,no,yes,477,97.3,236,94,1,,,,,,Started,no,identifying-or-high-cardinality
LO.ALLOWED.OK,Company - Loan Officer License Permit OK,standard,String,STRING,str x736,$.closingDocument.stateLicenses[?(@.stateLicenseType == 'LoanOfficerLicensePermit')].ok,loan.closingDocument.stateLicenses[(stateLicenseType == 'LoanOfficerLicensePermit')].ok,no,yes,477,97.3,236,94,1,,,,,,Started,no,identifying-or-high-cardinality
LO.ALLOWED.OR,Company - Loan Officer License Permit OR,standard,String,STRING,str x736,$.closingDocument.stateLicenses[?(@.stateLicenseType == 'LoanOfficerLicensePermit')].or,loan.closingDocument.stateLicenses[(stateLicenseType == 'LoanOfficerLicensePermit')].or,no,yes,477,97.3,236,94,1,,,,,,Started,no,identifying-or-high-cardinality
LO.ALLOWED.PA,Company - Loan Officer License Permit PA,standard,String,STRING,str x736,$.closingDocument.stateLicenses[?(@.stateLicenseType == 'LoanOfficerLicensePermit')].pa,loan.closingDocument.stateLicenses[(stateLicenseType == 'LoanOfficerLicensePermit')].pa,no,yes,477,97.3,236,94,1,,,,,,Started,no,identifying-or-high-cardinality
LO.ALLOWED.PR,Company - Loan Officer License Permit PR,standard,String,STRING,str x736,$.closingDocument.stateLicenses[?(@.stateLicenseType == 'LoanOfficerLicensePermit')].pr,loan.closingDocument.stateLicenses[(stateLicenseType == 'LoanOfficerLicensePermit')].pr,no,yes,477,97.3,236,94,1,,,,,,Started,no,identifying-or-high-cardinality
LO.ALLOWED.RI,Company - Loan Officer License Permit RI,standard,String,STRING,str x736,$.closingDocument.stateLicenses[?(@.stateLicenseType == 'LoanOfficerLicensePermit')].ri,loan.closingDocument.stateLicenses[(stateLicenseType == 'LoanOfficerLicensePermit')].ri,no,yes,477,97.3,236,94,1,,,,,,Started,no,identifying-or-high-cardinality
LO.ALLOWED.SC,Company - Loan Officer License Permit SC,standard,String,STRING,str x736,$.closingDocument.stateLicenses[?(@.stateLicenseType == 'LoanOfficerLicensePermit')].sc,loan.closingDocument.stateLicenses[(stateLicenseType == 'LoanOfficerLicensePermit')].sc,no,yes,477,97.3,236,94,1,,,,,,Started,no,identifying-or-high-cardinality
LO.ALLOWED.SD,Company - Loan Officer License Permit SD,standard,String,STRING,str x736,$.closingDocument.stateLicenses[?(@.stateLicenseType == 'LoanOfficerLicensePermit')].sd,loan.closingDocument.stateLicenses[(stateLicenseType == 'LoanOfficerLicensePermit')].sd,no,yes,477,97.3,236,94,1,,,,,,Started,no,identifying-or-high-cardinality
LO.ALLOWED.TN,Company - Loan Officer License Permit TN,standard,String,STRING,str x736,$.closingDocument.stateLicenses[?(@.stateLicenseType == 'LoanOfficerLicensePermit')].tn,loan.closingDocument.stateLicenses[(stateLicenseType == 'LoanOfficerLicensePermit')].tn,no,yes,477,97.3,236,94,1,,,,,,Started,no,identifying-or-high-cardinality
LO.ALLOWED.TX,Company - Loan Officer License Permit TX,standard,String,STRING,str x736,$.closingDocument.stateLicenses[?(@.stateLicenseType == 'LoanOfficerLicensePermit')].tx,loan.closingDocument.stateLicenses[(stateLicenseType == 'LoanOfficerLicensePermit')].tx,no,yes,477,97.3,236,94,1,,,,,,Started,no,identifying-or-high-cardinality
LO.ALLOWED.UT,Company - Loan Officer License Permit UT,standard,String,STRING,str x736,$.closingDocument.stateLicenses[?(@.stateLicenseType == 'LoanOfficerLicensePermit')].ut,loan.closingDocument.stateLicenses[(stateLicenseType == 'LoanOfficerLicensePermit')].ut,no,yes,477,97.3,236,94,1,,,,,,Started,no,identifying-or-high-cardinality
LO.ALLOWED.VA,Company - Loan Officer License Permit VA,standard,String,STRING,str x736,$.closingDocument.stateLicenses[?(@.stateLicenseType == 'LoanOfficerLicensePermit')].va,loan.closingDocument.stateLicenses[(stateLicenseType == 'LoanOfficerLicensePermit')].va,no,yes,477,97.3,236,94,1,,,,,,Started,no,identifying-or-high-cardinality
LO.ALLOWED.VI,Company - Loan Officer License Permit VI,standard,String,STRING,str x736,$.closingDocument.stateLicenses[?(@.stateLicenseType == 'LoanOfficerLicensePermit')].vi,loan.closingDocument.stateLicenses[(stateLicenseType == 'LoanOfficerLicensePermit')].vi,no,yes,477,97.3,236,94,1,,,,,,Started,no,identifying-or-high-cardinality
LO.ALLOWED.VT,Company - Loan Officer License Permit VT,standard,String,STRING,str x736,$.closingDocument.stateLicenses[?(@.stateLicenseType == 'LoanOfficerLicensePermit')].vt,loan.closingDocument.stateLicenses[(stateLicenseType == 'LoanOfficerLicensePermit')].vt,no,yes,477,97.3,236,94,1,,,,,,Started,no,identifying-or-high-cardinality
LO.ALLOWED.WA,Company - Loan Officer License Permit WA,standard,String,STRING,str x736,$.closingDocument.stateLicenses[?(@.stateLicenseType == 'LoanOfficerLicensePermit')].wa,loan.closingDocument.stateLicenses[(stateLicenseType == 'LoanOfficerLicensePermit')].wa,no,yes,477,97.3,236,94,1,,,,,,Started,no,identifying-or-high-cardinality
LO.ALLOWED.WI,Company - Loan Officer License Permit WI,standard,String,STRING,str x736,$.closingDocument.stateLicenses[?(@.stateLicenseType == 'LoanOfficerLicensePermit')].wi,loan.closingDocument.stateLicenses[(stateLicenseType == 'LoanOfficerLicensePermit')].wi,no,yes,477,97.3,236,94,1,,,,,,Started,no,identifying-or-high-cardinality
LO.ALLOWED.WV,Company - Loan Officer License Permit WV,standard,String,STRING,str x736,$.closingDocument.stateLicenses[?(@.stateLicenseType == 'LoanOfficerLicensePermit')].wv,loan.closingDocument.stateLicenses[(stateLicenseType == 'LoanOfficerLicensePermit')].wv,no,yes,477,97.3,236,94,1,,,,,,Started,no,identifying-or-high-cardinality
LO.ALLOWED.WY,Company - Loan Officer License Permit WY,standard,String,STRING,str x736,$.closingDocument.stateLicenses[?(@.stateLicenseType == 'LoanOfficerLicensePermit')].wy,loan.closingDocument.stateLicenses[(stateLicenseType == 'LoanOfficerLicensePermit')].wy,no,yes,477,97.3,236,94,1,,,,,,Started,no,identifying-or-high-cardinality
LOANAMT1,Expenses Housing Expense Pymt Calc 1 Loan Amt,standard,Decimal,DECIMAL_2,int x1,$.miscellaneous.housingExpenseLoanAmt1,loan.miscellaneous.housingExpenseLoanAmt1,no,yes,0,0,0,0,1,,,,,,,no,
LOANFILESEQUENCENUMBER,Loan File Sequence Number,standard,Int,INTEGER,int x772,$.miscellaneous.loanFileSequenceNumber,loan.miscellaneous.loanFileSequenceNumber,no,yes,490,100,251,100,188,1,4,7,11,173,Started,no,identifying-or-high-cardinality
LOANSUB.X1,Expenses Negative Real Estate,standard,Decimal,DECIMAL_2,int x111 | float x66,$.applications[0].monthlyNegativeRealEstateAmount,loan.currentApplication.monthlyNegativeRealEstateAmount,no,yes,160,32.7,14,5.6,119,577.08,3348.75,7608.055,14224.715,110944.39,Started,no,identifying-or-high-cardinality
LOANSUB.X3,Fees Total Payable Items Appraisal Fee,standard,Decimal,DECIMAL_2,int x122,$.loanSubmission.loanSubmissionFees[?(@.loanSubmissionFeeType == 'AppraisalFee')].total,loan.loanSubmission.loanSubmissionFees[(loanSubmissionFeeType == 'AppraisalFee')].total,no,yes,78,15.9,44,17.5,32,250,700,775,900,3300,Started,no,identifying-or-high-cardinality
LOID,File Contacts Loan Officer Login ID,standard,String,STRING,str x745,$.contacts[?(@.contactType == 'LOAN_OFFICER')].loginId,loan.contacts[(contactType == 'LOAN_OFFICER')].loginId,no,no,482,98.4,237,94.4,22,,,,,,Started,no,identifying-or-high-cardinality
LPID,File Contacts Loan Processor Login ID,standard,String,STRING,str x540,$.contacts[?(@.contactType == 'LOAN_PROCESSOR')].loginId,loan.contacts[(contactType == 'LOAN_PROCESSOR')].loginId,no,no,393,80.2,139,55.4,12,,,,,,Started,no,
MAX23K.X30,FHA 203k C1 Lesser of Sales Price/As Is Value,standard,Decimal,DECIMAL_2,int x309 | float x1,$.hudLoanData.lesserOfSalesPrice,loan.hudLoanData.lesserOfSalesPrice,no,yes,96,19.6,203,80.9,190,95000,260000,335000,450000,910000,Started,no,identifying-or-high-cardinality
MAX23K.X40,FHA 203k A1 Contract Sales Price,standard,Decimal,DECIMAL_2,int x324 | float x1,$.hudLoanData.contractSalesPrice,loan.hudLoanData.contractSalesPrice,no,no,108,22,206,82.1,198,95000,260000,350000,465000,1250000,Started,no,identifying-or-high-cardinality
MAX23K.X44,FHA 203k B11 Supplemental Origination Fee,standard,Decimal,DECIMAL_2,int x772,$.hudLoanData.supplementalOriginationFee,loan.hudLoanData.supplementalOriginationFee,no,no,490,100,251,100,1,350,350,350,350,350,Started,no,
MAX23K.X82,"FHA 203k - Financeable Mortgage Fees, if charged (Sum of C1 and C2)",standard,Decimal,DECIMAL_2,int x772,$.hudLoanData.financeableMortgageFeesIfCharged,loan.hudLoanData.financeableMortgageFeesIfCharged,no,no,490,100,251,100,1,350,350,350,350,350,Started,no,
MAX23K.X83,"FHA 203k - Total Rehabilitation Costs, Fees and Reserves (Sum of 1A, 1B, 1C) Not to exceed $35,000",standard,Decimal,DECIMAL_2,int x772,$.hudLoanData.totalRehabilitationCostsFeesReserves,loan.hudLoanData.totalRehabilitationCostsFeesReserves,no,no,490,100,251,100,1,350,350,350,350,350,Started,no,
MAX23K.X84,FHA 203k - Purchase Price Less Inducement to Purchase,standard,Decimal,DECIMAL_2,int x324 | float x1,$.hudLoanData.purchasePriceLessInducementToPurchase,loan.hudLoanData.purchasePriceLessInducementToPurchase,no,no,108,22,206,82.1,198,95000,260000,350000,465000,1250000,Started,no,identifying-or-high-cardinality
MAX23K.X85,FHA 203k - Step 2E + Step 1E (i.e. Adjusted As-Is Value + Step 1 Total),standard,Decimal,DECIMAL_2,int x771 | float x1,$.hudLoanData.step2EPlusStep1E,loan.hudLoanData.step2EPlusStep1E,no,no,490,100,251,100,191,350,350,260350,400350,910350,Started,no,identifying-or-high-cardinality
MAX23K.X87,FHA 203k - Appropriate LTV Factor,standard,Decimal,DECIMAL_2,float x772,$.hudLoanData.appropriateLtvFactor,loan.hudLoanData.appropriateLtvFactor,no,no,490,100,251,100,2,96.5,96.5,97.125,97.75,97.75,Started,no,
MAX23K.X93,FHA 203k - Initial Draw at Closing Total (sum of B1 thru B7),standard,Decimal,DECIMAL_2,int x772,$.hudLoanData.initialDrawAtClosingTotal,loan.hudLoanData.initialDrawAtClosingTotal,no,no,490,100,251,100,1,350,350,350,350,350,Started,no,
MAX23K.X103,FHA 203k - Rehabilitation Escrow Account (Sum of A1 thru A3),standard,Decimal,DECIMAL_2,int x772,$.hudLoanData.rehabilitationEscrowAccount,loan.hudLoanData.rehabilitationEscrowAccount,no,no,490,100,251,100,1,350,350,350,350,350,Started,no,identifying-or-high-cardinality
MAX23K.X109,FHA 203k - Existing Debt plus Rehab Costs,standard,Decimal,DECIMAL_2,int x383,$.hudLoanData.existingDebtPlusRehabCosts,loan.hudLoanData.existingDebtPlusRehabCosts,no,no,355,72.4,14,5.6,1,350,350,350,350,350,Started,no,
MAX23K.X118,FHA 203k - Criteria for Appropriate LTV Factor,standard,String,STRING,str x772,$.hudLoanData.criteriaForAppropriateLtvFactor,loan.hudLoanData.criteriaForAppropriateLtvFactor,no,no,490,100,251,100,2,,,,,,Started,no,
MCAWPUR.X1,FHA MCAW Unadj Acquisition,standard,Decimal,DECIMAL_2,float x613 | int x144,$.mcaw.unadjustedAcquisition,loan.mcaw.unadjustedAcquisition,no,yes,489,99.8,249,99.2,693,2995,3006.97,3106.88,15206.97,1111645,Started,no,identifying-or-high-cardinality
MCAWPUR.X2,FHA MCAW Statutory Investment Requir,standard,Decimal,DECIMAL_2,int x285 | float x45,$.mcaw.statutoryInvestment,loan.mcaw.statutoryInvestment,no,yes,111,22.7,208,82.9,201,3325,9100,12250,15750,31850,Started,no,identifying-or-high-cardinality
MCAWPUR.X8,FHA MCAW Total Cash to Close,standard,Decimal,DECIMAL_2,float x621 | int x136,$.mcaw.totalCashToClose,loan.mcaw.totalCashToClose,no,yes,489,99.8,249,99.2,693,2995,3006.97,3106.88,11725,600195,Started,no,identifying-or-high-cardinality
MCAWPUR.X11,FHA MCAW Cash Reserves,standard,Decimal,DECIMAL_2,float x622 | int x136,$.mcaw.cashReserves,loan.mcaw.cashReserves,no,yes,489,99.8,249,99.2,694,-600195,-11174.03,-3106.88,-3006.97,32893.03,Started,no,identifying-or-high-cardinality
MCAWPUR.X12,FHA MCAW Contract Sales Price,standard,Decimal,DECIMAL_2,int x329 | float x1,$.mcaw.contractSalesPrice,loan.mcaw.contractSalesPrice,no,yes,111,22.7,208,82.9,202,95000,260000,350000,465000,1250000,Started,no,identifying-or-high-cardinality
MCAWPUR.X13,FHA MCAW Lesser of Sales Price or Value,standard,Decimal,DECIMAL_2,int x329 | float x1,$.mcaw.lesserSalesPrice,loan.mcaw.lesserSalesPrice,no,yes,111,22.7,208,82.9,201,95000,260000,350000,450000,910000,Started,no,identifying-or-high-cardinality
MCAWPUR.X22,FHA MCAW Mtg Pymt-to-Income Ratio,standard,Decimal,DECIMAL_3,float x3,$.applications[0].mcawMortgagePaymentToIncome1Amount,loan.currentApplication.mcawMortgagePaymentToIncome1Amount,no,yes,0,0,0,0,3,0.362,0.362,9.104,23.982,23.982,,no,
MCAWPUR.X23,FHA MCAW Total Fixed Pymt-to-Income Ratio,standard,Decimal,DECIMAL_3,float x274 | int x1,$.applications[0].mcawTotalFixedPaymentToIncome1Amount,loan.currentApplication.mcawTotalFixedPaymentToIncome1Amount,no,yes,262,53.5,2,0.8,271,0.451,23.209,155.772,342.715,4410.23,Started,no,identifying-or-high-cardinality
MCAWPUR.X24,FHA MCAW Total Fixed Pymt,standard,Decimal,DECIMAL_2,int x400 | float x9,$.applications[0].mcawTotalFixedPaymentForPurchaseAmount,loan.currentApplication.mcawTotalFixedPaymentForPurchaseAmount,no,yes,349,71.2,44,17.5,349,1,41,414,875,29674,Started,no,identifying-or-high-cardinality
MCAWPUR.X28,FHA MCAW Adjusted Purchase Price,standard,Decimal,DECIMAL_2,int x329 | float x1,$.mcaw.adjustedPurchasePrice,loan.mcaw.adjustedPurchasePrice,no,yes,111,22.7,208,82.9,202,95000,260000,350000,465000,1250000,Started,no,identifying-or-high-cardinality
MORNET.X15,Fannie Mae Escrow Waived,standard,Boolean,YN,bool x1,$.loanProductData.escrowWaiverIndicator,loan.loanProductData.escrowWaiverIndicator,no,no,1,0.2,0,0,1,,,,,,,no,
MORNET.X30,Fannie Mae HUD Median Income,standard,Decimal,DECIMAL_2,int x603,$.hudMedianIncomeAmount,loan.hudMedianIncomeAmount,no,no,420,85.7,162,64.5,39,80900,104100,113200,124700,148900,Started,no,identifying-or-high-cardinality
MORNET.X67,Fannie Mae Loan Doc Type Code,standard,String,STRING,str x749,$.loanProductData.loanDocumentationType,loan.loanProductData.loanDocumentationType,no,no,486,99.2,248,98.8,6,,,,,,Started,no,
MORNET.X75,Fannie Mae MORNETPlus LTV,standard,Decimal,DECIMAL_2,int x676,$.fannieMae.ltv,loan.fannieMae.ltv,no,no,441,90,212,84.5,118,55,75,80,104,137,Started,no,identifying-or-high-cardinality
MORNET.X76,Fannie Mae MORNETPlus CLTV,standard,Decimal,DECIMAL_2,int x676,$.fannieMae.cltv,loan.fannieMae.cltv,no,no,441,90,212,84.5,118,55,75,80,104,128,Started,no,identifying-or-high-cardinality
MORNET.X77,Fannie Mae MORNETPlus HCLTV and HTLTV,standard,Decimal,DECIMAL_2,int x676,$.fannieMae.hcltv,loan.fannieMae.hcltv,no,no,441,90,212,84.5,118,55,75,80,104,128,Started,no,identifying-or-high-cardinality
MORNET.X158,Fannie Mae Top Ratio,standard,Decimal,DECIMAL_3,float x4,$.applications[0].borrower.topRatioPercent,loan.currentApplication.borrower.topRatioPercent,no,yes,1,0.2,0,0,4,0.362,2.5475,16.543,202.6327,262.183,,no,
MORNET.X159,Fannie Mae Bottom Ratio,standard,Decimal,DECIMAL_3,float x274 | int x1,$.applications[0].borrower.bottomRatioPercent,loan.currentApplication.borrower.bottomRatioPercent,no,yes,262,53.5,2,0.8,271,0.451,23.209,155.772,342.715,4410.23,Started,no,identifying-or-high-cardinality
MORNET.X160,Income Total Mo Income (Borr/Co-Borr),standard,Decimal,DECIMAL_2,float x319 | int x15,$.applications[0].borrower.totalGrossMonthlyIncomeAmount,loan.currentApplication.borrower.totalGrossMonthlyIncomeAmount,no,yes,315,64.3,7,2.8,327,111.33,397.48,815.03,3927.7825,100000,Started,no,identifying-or-high-cardinality
MS.APP.DUE,Tracking - Approved Milestone Due Date,standard,DateTime,DATE,date x1,$.milestoneApprovedDueDate,loan.milestoneApprovedDueDate,no,yes,0,0,0,0,1,,,,,,,no,
MS.CLO,Tracking - Completed Milestone Date,standard,DateTime,DATE,date x110,$.milestoneCompletedDate,loan.milestoneCompletedDate,no,yes,84,17.1,24,9.6,8,,,,,,Completion,no,
MS.CLO.DUE,Tracking - Completed Milestone Due Date,standard,DateTime,DATE,date x772,$.milestoneCompletedDueDate,loan.milestoneCompletedDueDate,no,yes,490,100,251,100,233,,,,,,Started,no,identifying-or-high-cardinality
MS.FUN,Tracking - Funded Milestone Date,standard,DateTime,DATE,date x203,$.milestoneFundedDate,loan.milestoneFundedDate,no,yes,200,40.8,0,0,101,,,,,,Investor Delivery,no,identifying-or-high-cardinality
MS.FUN.DUE,Tracking - Funded Milestone Due Date,standard,DateTime,DATE,date x556,$.milestoneFundedDueDate,loan.milestoneFundedDueDate,no,yes,490,100,35,13.9,193,,,,,,Started,no,identifying-or-high-cardinality
MS.LOANDURATION,Tracking - Loan Milestone Duration,standard,Int,INTEGER,int x110,$.milestoneDuration,loan.milestoneDuration,no,yes,22,4.5,10,4,7,1,1,1,9,126,,no,
MS.NEXTSTATUS,Next Milestone Status Name,standard,String,STRING,str x662,$.milestoneNextName,loan.milestoneNextName,no,yes,406,82.9,227,90.4,16,,,,,,Started,no,identifying-or-high-cardinality
MS.PROC,Tracking - Processed Milestone Date,standard,DateTime,DATE,date x405,$.milestoneProcessedDate,loan.milestoneProcessedDate,no,yes,288,58.8,112,44.6,133,,,,,,Docs Out,no,identifying-or-high-cardinality
MS.START,Tracking - File Started Milestone Date,standard,DateTime,DATE,date x772,$.milestoneFileStartedDate,loan.milestoneFileStartedDate,no,yes,490,100,251,100,180,,,,,,Started,no,identifying-or-high-cardinality
MS.STATUS,Tracking - Current Milestone Name,standard,String,STRING,str x772,$.milestoneCurrentName,loan.milestoneCurrentName,no,yes,490,100,251,100,19,,,,,,Started,no,identifying-or-high-cardinality
MS.STATUSDATE,Tracking - Current Milestone Date,standard,DateTime,DATETIME,date x772,$.milestoneCurrentDate,loan.milestoneCurrentDate,no,yes,490,100,251,100,772,,,,,,Started,no,identifying-or-high-cardinality
MS.SUB,Tracking - Submitted Milestone Date,standard,DateTime,DATE,date x470,$.milestoneSubmittedDate,loan.milestoneSubmittedDate,no,yes,350,71.4,114,45.4,129,,,,,,Submittal,no,identifying-or-high-cardinality
MS.SUB.DUE,Tracking - Submitted Milestone Due Date,standard,DateTime,DATE,date x772,$.milestoneSubmittedDueDate,loan.milestoneSubmittedDueDate,no,yes,490,100,251,100,204,,,,,,Started,no,identifying-or-high-cardinality
NEWHUD.X1,Avail Date for GFE Interest Rate,standard,DateTime,DATE,date x184,$.closingCost.gfe2010.rateDate,loan.closingCost.gfe2010.rateDate,no,no,183,37.3,0,0,99,,,,,,Docs Out,no,identifying-or-high-cardinality
NEWHUD.X4,Initial Loan Amount,standard,Decimal,DECIMAL_2,int x696,$.closingCost.gfe2010.initialLoanAmount,loan.closingCost.gfe2010.initialLoanAmount,no,no,450,91.8,223,88.8,476,120000,216000,360000,450000,600000,Started,no,identifying-or-high-cardinality
NEWHUD.X8,Can Monthly Payments Rise,standard,Boolean,YN,bool x695,$.closingCost.gfe2010.monthlyPaymentRiseIndicator,loan.closingCost.gfe2010.monthlyPaymentRiseIndicator,no,no,43,8.8,224,89.2,1,,,,,,,no,
NEWHUD.X9,Mnths Until 1st Mnthly Pymt Increase,standard,Int,INTEGER,int x272,$.closingCost.gfe2010.monthlyPaymentFirstIncreaseDate,loan.closingCost.gfe2010.monthlyPaymentFirstIncreaseDate,no,no,45,9.2,224,89.2,4,1,12,24,120,120,Loan Setup,no,
NEWHUD.X11,Maximum Monthly Payment,standard,Decimal,DECIMAL_2,float x629 | int x30,$.loanProductData.maximumMonthlyPayment,loan.loanProductData.maximumMonthlyPayment,no,no,447,91.2,197,78.5,616,559.42,950.535,1333.33,2731.5075,5525.4,Started,no,identifying-or-high-cardinality
NEWHUD.X12,Total Est Origination Charges,standard,Decimal,DECIMAL_2,int x657 | float x68,$.closingCost.gfe2010.originationCharges,loan.closingCost.gfe2010.originationCharges,no,no,489,99.8,230,91.6,465,2095,2195,5695,9595,14845,Started,no,identifying-or-high-cardinality
NEWHUD.X13,Cred/Chrgs for Spec Int Rate Applied to GFE,standard,Decimal,DECIMAL_2,int x1,$.closingCost.gfe2010.creditOrChange,loan.closingCost.gfe2010.creditOrChange,no,no,1,0.2,0,0,1,,,,,,,no,
NEWHUD.X14,Can Monthly Payment Rise,standard,String,STRING,str x1,$.closingCost.gfe2010.creditChargeType,loan.closingCost.gfe2010.creditChargeType,no,no,1,0.2,0,0,1,,,,,,,no,
NEWHUD.X15,Fees Orig Charge Amt Borr,standard,Decimal,DECIMAL_2,float x15 | int x2,$.closingCost.gfe2010Section.section800ChargeAmount,loan.closingCost.gfe2010Section.section800ChargeAmount,no,no,17,3.5,0,0,17,38.25,393.19,623.03,1437.645,6600,Purchasing Conditions,no,
NEWHUD.X16,Fees Adj Orig Chrgs Applied to GFE,standard,Decimal,DECIMAL_2,int x657 | float x68,$.closingCost.gfe2010.adjustedOriginationCharges,loan.closingCost.gfe2010.adjustedOriginationCharges,no,no,489,99.8,230,91.6,465,2095,2195,5695,9595,14845,Started,no,identifying-or-high-cardinality
NEWHUD.X17,Required Services We Select,standard,Decimal,DECIMAL_2,float x454 | int x273,$.closingCost.gfe2010.requiredServicesAmount,loan.closingCost.gfe2010.requiredServicesAmount,no,no,489,99.8,230,91.6,72,-15063.03,900,911.97,1011.88,18536.97,Started,no,identifying-or-high-cardinality
NEWHUD.X18,Required Service 1 Descr,standard,String,STRING,str x164,$.closingCost.gfe2010.gfe2010Fees[?(@.gfe2010FeeParentType == 'NewHud' && @.gfe2010FeeType == 'RequiredServiceCharge' && @.gfe2010FeeIndex == '1')].description,loan.closingCost.gfe2010.gfe2010Fees[(gfe2010FeeParentType == 'NewHud' && gfe2010FeeType == 'RequiredServiceCharge' && gfe2010FeeIndex == '1')].description,no,no,148,30.2,14,5.6,9,,,,,,Started,no,identifying-or-high-cardinality
NEWHUD.X19,Required Service 1 Charge,standard,Decimal,DECIMAL_2,float x153 | int x19,$.closingCost.gfe2010.gfe2010Fees[?(@.gfe2010FeeParentType == 'NewHud' && @.gfe2010FeeType == 'RequiredServiceCharge' && @.gfe2010FeeIndex == '1')].amount,loan.closingCost.gfe2010.gfe2010Fees[(gfe2010FeeParentType == 'NewHud' && gfe2010FeeType == 'RequiredServiceCharge' && gfe2010FeeIndex == '1')].amount,no,no,152,31,15,6,18,-74418.36,99.91,99.91,99.91,313250,Started,no,
NEWHUD.X20,Required Service 2 Descr,standard,String,STRING,str x6,$.closingCost.gfe2010.gfe2010Fees[?(@.gfe2010FeeParentType == 'NewHud' && @.gfe2010FeeType == 'RequiredServiceCharge' && @.gfe2010FeeIndex == '2')].description,loan.closingCost.gfe2010.gfe2010Fees[(gfe2010FeeParentType == 'NewHud' && gfe2010FeeType == 'RequiredServiceCharge' && gfe2010FeeIndex == '2')].description,no,no,2,0.4,4,1.6,2,,,,,,,no,
NEWHUD.X21,Required Service 2 Charge,standard,Decimal,DECIMAL_2,int x6,$.closingCost.gfe2010.gfe2010Fees[?(@.gfe2010FeeParentType == 'NewHud' && @.gfe2010FeeType == 'RequiredServiceCharge' && @.gfe2010FeeIndex == '2')].amount,loan.closingCost.gfe2010.gfe2010Fees[(gfe2010FeeParentType == 'NewHud' && gfe2010FeeType == 'RequiredServiceCharge' && gfe2010FeeIndex == '2')].amount,no,no,2,0.4,1,0.4,2,175,175,175,30000,30000,,no,
NEWHUD.X38,Title Serv & Lender's Title Ins Applied to GFE,standard,Decimal,DECIMAL_2,int x22 | float x6,$.closingCost.gfe2010.titleServiceAmount,loan.closingCost.gfe2010.titleServiceAmount,no,no,27,5.5,0,0,21,1198,2465,4013.175,10000,10000,Purchasing Conditions,no,
NEWHUD.X40,Fees Line 1301l Applied to GFE,standard,Decimal,DECIMAL_2,float x6 | int x3,$.closingCost.gfe2010.shopRequiredServicesAmount,loan.closingCost.gfe2010.shopRequiredServicesAmount,no,no,9,1.8,0,0,9,942.96,1493.5,3356.44,4938.215,6110,Purchasing Conditions,no,
NEWHUD.X41,Shop Service 1 Descr,standard,String,STRING,str x151,$.closingCost.gfe2010.gfe2010Fees[?(@.gfe2010FeeParentType == 'NewHud' && @.gfe2010FeeType == 'ShopServiceCharge' && @.gfe2010FeeIndex == '1')].description,loan.closingCost.gfe2010.gfe2010Fees[(gfe2010FeeParentType == 'NewHud' && gfe2010FeeType == 'ShopServiceCharge' && gfe2010FeeIndex == '1')].description,no,no,146,29.8,5,2,133,,,,,,Docs Out,no,identifying-or-high-cardinality
NEWHUD.X42,Fees Line 1302 Applied to GFE,standard,Decimal,DECIMAL_2,float x5 | int x4,$.closingCost.gfe2010.gfe2010Fees[?(@.gfe2010FeeParentType == 'NewHud' && @.gfe2010FeeType == 'ShopServiceCharge' && @.gfe2010FeeIndex == '1')].amount,loan.closingCost.gfe2010.gfe2010Fees[(gfe2010FeeParentType == 'NewHud' && gfe2010FeeType == 'ShopServiceCharge' && gfe2010FeeIndex == '1')].amount,no,no,9,1.8,0,0,9,125,1214.98,1872.12,3243.78,5670.26,Purchasing Conditions,no,
NEWHUD.X43,Shop Service 2 Descr,standard,String,STRING,str x110,$.closingCost.gfe2010.gfe2010Fees[?(@.gfe2010FeeParentType == 'NewHud' && @.gfe2010FeeType == 'ShopServiceCharge' && @.gfe2010FeeIndex == '2')].description,loan.closingCost.gfe2010.gfe2010Fees[(gfe2010FeeParentType == 'NewHud' && gfe2010FeeType == 'ShopServiceCharge' && gfe2010FeeIndex == '2')].description,no,no,107,21.8,3,1.2,107,,,,,,Investor Delivery,no,identifying-or-high-cardinality
NEWHUD.X44,Fees Line 1303 Applied to GFE,standard,Decimal,DECIMAL_2,int x2 | float x1,$.closingCost.gfe2010.gfe2010Fees[?(@.gfe2010FeeParentType == 'NewHud' && @.gfe2010FeeType == 'ShopServiceCharge' && @.gfe2010FeeIndex == '2')].amount,loan.closingCost.gfe2010.gfe2010Fees[(gfe2010FeeParentType == 'NewHud' && gfe2010FeeType == 'ShopServiceCharge' && gfe2010FeeIndex == '2')].amount,no,no,3,0.6,0,0,3,350,350,950,2265.17,2265.17,,no,
NEWHUD.X45,Shop Service 3 Descr,standard,String,STRING,str x77,$.closingCost.gfe2010.gfe2010Fees[?(@.gfe2010FeeParentType == 'NewHud' && @.gfe2010FeeType == 'ShopServiceCharge' && @.gfe2010FeeIndex == '3')].description,loan.closingCost.gfe2010.gfe2010Fees[(gfe2010FeeParentType == 'NewHud' && gfe2010FeeType == 'ShopServiceCharge' && gfe2010FeeIndex == '3')].description,no,no,76,15.5,1,0.4,75,,,,,,Investor Delivery,no,identifying-or-high-cardinality
NEWHUD.X46,Fees Line 1304 Applied to GFE,standard,Decimal,DECIMAL_2,int x1,$.closingCost.gfe2010.gfe2010Fees[?(@.gfe2010FeeParentType == 'NewHud' && @.gfe2010FeeType == 'ShopServiceCharge' && @.gfe2010FeeIndex == '3')].amount,loan.closingCost.gfe2010.gfe2010Fees[(gfe2010FeeParentType == 'NewHud' && gfe2010FeeType == 'ShopServiceCharge' && gfe2010FeeIndex == '3')].amount,no,no,1,0.2,0,0,1,,,,,,,no,
NEWHUD.X47,Shop Service 4 Descr,standard,String,STRING,str x43,$.closingCost.gfe2010.gfe2010Fees[?(@.gfe2010FeeParentType == 'NewHud' && @.gfe2010FeeType == 'ShopServiceCharge' && @.gfe2010FeeIndex == '4')].description,loan.closingCost.gfe2010.gfe2010Fees[(gfe2010FeeParentType == 'NewHud' && gfe2010FeeType == 'ShopServiceCharge' && gfe2010FeeIndex == '4')].description,no,no,43,8.8,0,0,43,,,,,,Investor Delivery,no,identifying-or-high-cardinality
NEWHUD.X48,Fees Line 1305 Applied to GFE,standard,Decimal,DECIMAL_2,int x1,$.closingCost.gfe2010.gfe2010Fees[?(@.gfe2010FeeParentType == 'NewHud' && @.gfe2010FeeType == 'ShopServiceCharge' && @.gfe2010FeeIndex == '4')].amount,loan.closingCost.gfe2010.gfe2010Fees[(gfe2010FeeParentType == 'NewHud' && gfe2010FeeType == 'ShopServiceCharge' && gfe2010FeeIndex == '4')].amount,no,no,1,0.2,0,0,1,,,,,,,no,
NEWHUD.X49,Shop Service 5 Descr,standard,String,STRING,str x29,$.closingCost.gfe2010.gfe2010Fees[?(@.gfe2010FeeParentType == 'NewHud' && @.gfe2010FeeType == 'ShopServiceCharge' && @.gfe2010FeeIndex == '5')].description,loan.closingCost.gfe2010.gfe2010Fees[(gfe2010FeeParentType == 'NewHud' && gfe2010FeeType == 'ShopServiceCharge' && gfe2010FeeIndex == '5')].description,no,no,29,5.9,0,0,29,,,,,,Investor Delivery,no,identifying-or-high-cardinality
NEWHUD.X51,Shop Service 6 Descr,standard,String,STRING,str x19,$.closingCost.gfe2010.gfe2010Fees[?(@.gfe2010FeeParentType == 'NewHud' && @.gfe2010FeeType == 'ShopServiceCharge' && @.gfe2010FeeIndex == '6')].description,loan.closingCost.gfe2010.gfe2010Fees[(gfe2010FeeParentType == 'NewHud' && gfe2010FeeType == 'ShopServiceCharge' && gfe2010FeeIndex == '6')].description,no,no,19,3.9,0,0,19,,,,,,Investor Delivery,no,identifying-or-high-cardinality
NEWHUD.X53,Shop Service 7 Descr,standard,String,STRING,str x9,$.closingCost.gfe2010.gfe2010Fees[?(@.gfe2010FeeParentType == 'NewHud' && @.gfe2010FeeType == 'ShopServiceCharge' && @.gfe2010FeeIndex == '7')].description,loan.closingCost.gfe2010.gfe2010Fees[(gfe2010FeeParentType == 'NewHud' && gfe2010FeeType == 'ShopServiceCharge' && gfe2010FeeIndex == '7')].description,no,no,9,1.8,0,0,9,,,,,,Investor Delivery,no,identifying-or-high-cardinality
NEWHUD.X55,Shop Service 8 Descr,standard,String,STRING,str x7,$.closingCost.gfe2010.gfe2010Fees[?(@.gfe2010FeeParentType == 'NewHud' && @.gfe2010FeeType == 'ShopServiceCharge' && @.gfe2010FeeIndex == '8')].description,loan.closingCost.gfe2010.gfe2010Fees[(gfe2010FeeParentType == 'NewHud' && gfe2010FeeType == 'ShopServiceCharge' && gfe2010FeeIndex == '8')].description,no,no,7,1.4,0,0,7,,,,,,,no,identifying-or-high-cardinality
NEWHUD.X76,Transfer Tax Total GFE,standard,Decimal,DECIMAL_2,int x1,$.closingCost.gfe2010.totalTransferTaxes,loan.closingCost.gfe2010.totalTransferTaxes,no,no,1,0.2,0,0,1,,,,,,,no,
NEWHUD.X79,Homeowner Ins Total Amt,standard,Decimal,DECIMAL_2,int x761 | float x11,$.closingCost.gfe2010.homeownerInsurance,loan.closingCost.gfe2010.homeownerInsurance,no,no,27,5.5,1,0.4,28,80.12,893.52,1657,2585.85,4620,,no,identifying-or-high-cardinality
NEWHUD.X80,Homeowner Ins 1 Descr,standard,String,STRING,str x28,$.closingCost.gfe2010.gfe2010Fees[?(@.gfe2010FeeParentType == 'NewHud' && @.gfe2010FeeType == 'HomeownerInsuranceCharge' && @.gfe2010FeeIndex == '1')].description,loan.closingCost.gfe2010.gfe2010Fees[(gfe2010FeeParentType == 'NewHud' && gfe2010FeeType == 'HomeownerInsuranceCharge' && gfe2010FeeIndex == '1')].description,no,no,27,5.5,1,0.4,20,,,,,,Investor Delivery,no,identifying-or-high-cardinality
NEWHUD.X81,Homeowner Ins 1 Chrg,standard,Decimal,DECIMAL_2,int x17 | float x11,$.closingCost.gfe2010.gfe2010Fees[?(@.gfe2010FeeParentType == 'NewHud' && @.gfe2010FeeType == 'HomeownerInsuranceCharge' && @.gfe2010FeeIndex == '1')].amount,loan.closingCost.gfe2010.gfe2010Fees[(gfe2010FeeParentType == 'NewHud' && gfe2010FeeType == 'HomeownerInsuranceCharge' && gfe2010FeeIndex == '1')].amount,no,no,27,5.5,1,0.4,28,80.12,893.52,1657,2585.85,4620,Investor Delivery,no,identifying-or-high-cardinality
NEWHUD.X92,HUD-All Other Settlement Services,standard,Decimal,DECIMAL_2,float x549 | int x181,$.closingCost.gfe2010.allOtherServiceAmount,loan.closingCost.gfe2010.allOtherServiceAmount,no,no,489,99.8,230,91.6,478,835.84,900,911.97,1011.88,7707.68,Started,no,identifying-or-high-cardinality
NEWHUD.X93,HUD-Est Total Settlement Charges,standard,Decimal,DECIMAL_2,float x580 | int x150,$.closingCost.gfe2010.totalSettlementCharges,loan.closingCost.gfe2010.totalSettlementCharges,no,no,489,99.8,230,91.6,661,2995,3006.97,3106.88,9809.0075,24131.97,Started,no,identifying-or-high-cardinality
NEWHUD.X126,Fees Line 808 Descr,standard,String,STRING,str x348,$.closingCost.gfe2010Section.line808,loan.closingCost.gfe2010Section.line808,no,no,164,33.5,182,72.5,13,,,,,,Started,no,
NEWHUD.X127,Fees Line 809 Descr,standard,String,STRING,str x189,$.closingCost.gfe2010Section.line809,loan.closingCost.gfe2010Section.line809,no,no,8,1.6,181,72.1,8,,,,,,Purchasing Conditions,no,
NEWHUD.X128,Fees Line 810 Descr,standard,String,STRING,str x29,$.closingCost.gfe2010Section.line810,loan.closingCost.gfe2010Section.line810,no,no,6,1.2,23,9.2,7,,,,,,Purchasing Conditions,no,
NEWHUD.X129,Fees Line 811 Descr,standard,String,STRING,str x3,$.closingCost.gfe2010Section.line811,loan.closingCost.gfe2010Section.line811,no,no,1,0.2,2,0.8,3,,,,,,,no,
NEWHUD.X136,Fees Line 808 Borr,standard,Decimal,DECIMAL_2,int x176 | float x150,$.closingCost.gfe2010.gfe2010Fees[?(@.gfe2010FeeParentType == 'Section800' && @.gfe2010FeeType == 'Line808')].borPaidAmount,loan.closingCost.gfe2010.gfe2010Fees[(gfe2010FeeParentType == 'Section800' && gfe2010FeeType == 'Line808')].borPaidAmount,no,no,158,32.2,157,62.5,129,-750,99.91,25000,63750,220000,Started,no,identifying-or-high-cardinality
NEWHUD.X137,Fees Line 809 Borr,standard,Decimal,DECIMAL_2,int x90 | float x3,$.closingCost.gfe2010.gfe2010Fees[?(@.gfe2010FeeParentType == 'Section800' && @.gfe2010FeeType == 'Line809')].borPaidAmount,loan.closingCost.gfe2010.gfe2010Fees[(gfe2010FeeParentType == 'Section800' && gfe2010FeeType == 'Line809')].borPaidAmount,no,no,7,1.4,57,22.7,50,-750,3300,8000,25000,120000,Purchasing Conditions,no,identifying-or-high-cardinality
NEWHUD.X138,Fees Line 810 Borr,standard,Decimal,DECIMAL_2,int x24 | float x3,$.closingCost.gfe2010.gfe2010Fees[?(@.gfe2010FeeParentType == 'Section800' && @.gfe2010FeeType == 'Line810')].borPaidAmount,loan.closingCost.gfe2010.gfe2010Fees[(gfe2010FeeParentType == 'Section800' && gfe2010FeeType == 'Line810')].borPaidAmount,no,no,6,1.2,21,8.4,8,-76.21,750,1400,1400,15000,Purchasing Conditions,no,
NEWHUD.X139,Fees Line 811 Borr,standard,Decimal,DECIMAL_2,float x2 | int x1,$.closingCost.gfe2010.gfe2010Fees[?(@.gfe2010FeeParentType == 'Section800' && @.gfe2010FeeType == 'Line811')].borPaidAmount,loan.closingCost.gfe2010.gfe2010Fees[(gfe2010FeeParentType == 'Section800' && gfe2010FeeType == 'Line811')].borPaidAmount,no,no,1,0.2,2,0.8,3,-11.97,-11.97,100,2671.68,2671.68,,no,
NEWHUD.X178,Fees Line 807 APR,standard,Boolean,YN,bool x9,$.closingCost.gfe2010.gfe2010Fees[?(@.gfe2010FeeParentType == 'Section800' && @.gfe2010FeeType == 'Line807')].aprIndicator,loan.closingCost.gfe2010.gfe2010Fees[(gfe2010FeeParentType == 'Section800' && gfe2010FeeType == 'Line807')].aprIndicator,no,no,0,0,0,0,1,,,,,,,no,
NEWHUD.X179,Fees Line 808 APR,standard,Boolean,YN,bool x9,$.closingCost.gfe2010.gfe2010Fees[?(@.gfe2010FeeParentType == 'Section800' && @.gfe2010FeeType == 'Line808')].aprIndicator,loan.closingCost.gfe2010.gfe2010Fees[(gfe2010FeeParentType == 'Section800' && gfe2010FeeType == 'Line808')].aprIndicator,no,no,0,0,0,0,1,,,,,,,no,
NEWHUD.X180,Fees Line 809 APR,standard,Boolean,YN,bool x8,$.closingCost.gfe2010.gfe2010Fees[?(@.gfe2010FeeParentType == 'Section800' && @.gfe2010FeeType == 'Line809')].aprIndicator,loan.closingCost.gfe2010.gfe2010Fees[(gfe2010FeeParentType == 'Section800' && gfe2010FeeType == 'Line809')].aprIndicator,no,no,0,0,0,0,1,,,,,,,no,
NEWHUD.X181,Fees Line 810 APR,standard,Boolean,YN,bool x8,$.closingCost.gfe2010.gfe2010Fees[?(@.gfe2010FeeParentType == 'Section800' && @.gfe2010FeeType == 'Line810')].aprIndicator,loan.closingCost.gfe2010.gfe2010Fees[(gfe2010FeeParentType == 'Section800' && gfe2010FeeType == 'Line810')].aprIndicator,no,no,0,0,0,0,1,,,,,,,no,
NEWHUD.X182,Fees Line 811 APR,standard,Boolean,YN,bool x8,$.closingCost.gfe2010.gfe2010Fees[?(@.gfe2010FeeParentType == 'Section800' && @.gfe2010FeeType == 'Line811')].aprIndicator,loan.closingCost.gfe2010.gfe2010Fees[(gfe2010FeeParentType == 'Section800' && gfe2010FeeType == 'Line811')].aprIndicator,no,no,0,0,0,0,1,,,,,,,no,
NEWHUD.X183,Fees Line 812 APR,standard,Boolean,YN,bool x8,$.closingCost.gfe2010.gfe2010Fees[?(@.gfe2010FeeParentType == 'Section800' && @.gfe2010FeeType == 'Line812')].aprIndicator,loan.closingCost.gfe2010.gfe2010Fees[(gfe2010FeeParentType == 'Section800' && gfe2010FeeType == 'Line812')].aprIndicator,no,no,0,0,0,0,1,,,,,,,no,
NEWHUD.X189,Fees Line 808 Paid To,standard,String,STRING,str x190,$.closingCost.gfe2010.gfe2010Fees[?(@.gfe2010FeeParentType == 'Section800' && @.gfe2010FeeType == 'Line808')].ptbType,loan.closingCost.gfe2010.gfe2010Fees[(gfe2010FeeParentType == 'Section800' && gfe2010FeeType == 'Line808')].ptbType,no,no,1,0.2,181,72.1,2,,,,,,,no,
NEWHUD.X190,Fees Line 809 Paid To,standard,String,STRING,str x190,$.closingCost.gfe2010.gfe2010Fees[?(@.gfe2010FeeParentType == 'Section800' && @.gfe2010FeeType == 'Line809')].ptbType,loan.closingCost.gfe2010.gfe2010Fees[(gfe2010FeeParentType == 'Section800' && gfe2010FeeType == 'Line809')].ptbType,no,no,1,0.2,181,72.1,2,,,,,,,no,
NEWHUD.X191,Fees Line 810 Paid To,standard,String,STRING,str x8,$.closingCost.gfe2010.gfe2010Fees[?(@.gfe2010FeeParentType == 'Section800' && @.gfe2010FeeType == 'Line810')].ptbType,loan.closingCost.gfe2010.gfe2010Fees[(gfe2010FeeParentType == 'Section800' && gfe2010FeeType == 'Line810')].ptbType,no,no,0,0,0,0,1,,,,,,,no,
NEWHUD.X192,Fees Line 811 Paid To,standard,String,STRING,str x8,$.closingCost.gfe2010.gfe2010Fees[?(@.gfe2010FeeParentType == 'Section800' && @.gfe2010FeeType == 'Line811')].ptbType,loan.closingCost.gfe2010.gfe2010Fees[(gfe2010FeeParentType == 'Section800' && gfe2010FeeType == 'Line811')].ptbType,no,no,0,0,0,0,1,,,,,,,no,
NEWHUD.X193,Fees Line 812 Paid To,standard,String,STRING,str x8,$.closingCost.gfe2010.gfe2010Fees[?(@.gfe2010FeeParentType == 'Section800' && @.gfe2010FeeType == 'Line812')].ptbType,loan.closingCost.gfe2010.gfe2010Fees[(gfe2010FeeParentType == 'Section800' && gfe2010FeeType == 'Line812')].ptbType,no,no,0,0,0,0,1,,,,,,,no,
NEWHUD.X202,Title Serv & Lender Title Ins Provider,standard,String,STRING,str x306,$.closingCost.gfe2010Section.line1101,loan.closingCost.gfe2010Section.line1101,no,no,231,47.1,71,28.3,79,,,,,,Loan Setup,no,identifying-or-high-cardinality
NEWHUD.X203,Sttlmnt or Closing Fee Provider,standard,String,STRING,str x2,$.closingCost.gfe2010Section.line1102,loan.closingCost.gfe2010Section.line1102,no,no,2,0.4,0,0,2,,,,,,,no,
NEWHUD.X204,Owner Title Ins Provider,standard,String,STRING,str x13,$.closingCost.gfe2010Section.line1103,loan.closingCost.gfe2010Section.line1103,no,no,13,2.7,0,0,10,,,,,,Purchasing Conditions,no,
NEWHUD.X205,Lender Title Ins Provider,standard,String,STRING,str x16,$.closingCost.gfe2010Section.line1104,loan.closingCost.gfe2010Section.line1104,no,no,15,3.1,0,0,11,,,,,,Purchasing Conditions,no,
NEWHUD.X206,Total Title Ins Prem - Recipient Agent Portion,standard,String,STRING,str x1,$.closingCost.gfe2010Section.line1107,loan.closingCost.gfe2010Section.line1107,no,no,0,0,0,0,1,,,,,,,no,
NEWHUD.X207,Total Title Ins Prem - Recipient Underwiter Portion,standard,String,STRING,str x2,$.closingCost.gfe2010Section.line1108,loan.closingCost.gfe2010Section.line1108,no,no,1,0.2,0,0,2,,,,,,,no,
NEWHUD.X208,Fees Line 1109 Descr,standard,String,STRING,str x94,$.closingCost.gfe2010Section.line1109,loan.closingCost.gfe2010Section.line1109,no,no,81,16.5,5,2,43,,,,,,Investor Delivery,no,identifying-or-high-cardinality
NEWHUD.X209,Fees Line 1110 Descr,standard,String,STRING,str x65,$.closingCost.gfe2010Section.line1110,loan.closingCost.gfe2010Section.line1110,no,no,54,11,3,1.2,44,,,,,,Purchasing Conditions,no,identifying-or-high-cardinality
NEWHUD.X211,Fees Line 1104 Borr,standard,Decimal,DECIMAL_2,int x2,$.closingCost.gfe2010.gfe2010Fees[?(@.gfe2010FeeParentType == 'Section1100' && @.gfe2010FeeType == 'Line1104')].gfeAmount,loan.closingCost.gfe2010.gfe2010Fees[(gfe2010FeeParentType == 'Section1100' && gfe2010FeeType == 'Line1104')].gfeAmount,no,no,2,0.4,0,0,2,,,,,,,no,
NEWHUD.X212,Fees Line 1107 Applied to GFE,standard,Decimal,DECIMAL_2,float x1,$.closingCost.gfe2010.gfe2010Fees[?(@.gfe2010FeeParentType == 'Section1100' && @.gfe2010FeeType == 'Line1107')].borPaidAmount,loan.closingCost.gfe2010.gfe2010Fees[(gfe2010FeeParentType == 'Section1100' && gfe2010FeeType == 'Line1107')].borPaidAmount,no,no,0,0,0,0,1,,,,,,,no,
NEWHUD.X213,Fees Line 1108 Applied to GFE,standard,Decimal,DECIMAL_2,float x1,$.closingCost.gfe2010.gfe2010Fees[?(@.gfe2010FeeParentType == 'Section1100' && @.gfe2010FeeType == 'Line1108')].borPaidAmount,loan.closingCost.gfe2010.gfe2010Fees[(gfe2010FeeParentType == 'Section1100' && gfe2010FeeType == 'Line1108')].borPaidAmount,no,no,0,0,0,0,1,,,,,,,no,
NEWHUD.X214,Fees Line 1201 Applied to GFE,standard,Decimal,DECIMAL_2,int x12 | float x1,$.closingCost.gfe2010.gfeGovernmentRecordingCharges,loan.closingCost.gfe2010.gfeGovernmentRecordingCharges,no,no,12,2.4,0,0,12,237.5,272.5,345,425,490,Purchasing Conditions,no,
NEWHUD.X215,Fees Line 1109 Borr,standard,Decimal,DECIMAL_2,int x77 | float x6,$.closingCost.gfe2010.gfe2010Fees[?(@.gfe2010FeeParentType == 'Section1100' && @.gfe2010FeeType == 'Line1109')].borPaidAmount,loan.closingCost.gfe2010.gfe2010Fees[(gfe2010FeeParentType == 'Section1100' && gfe2010FeeType == 'Line1109')].borPaidAmount,no,no,78,15.9,5,2,48,5,100,250,1038.625,6285,Investor Delivery,no,identifying-or-high-cardinality
NEWHUD.X216,Fees Line 1110 Borr,standard,Decimal,DECIMAL_2,int x49 | float x2,$.closingCost.gfe2010.gfe2010Fees[?(@.gfe2010FeeParentType == 'Section1100' && @.gfe2010FeeType == 'Line1110')].borPaidAmount,loan.closingCost.gfe2010.gfe2010Fees[(gfe2010FeeParentType == 'Section1100' && gfe2010FeeType == 'Line1110')].borPaidAmount,no,no,48,9.8,3,1.2,33,5,150,180,1050,2400,Purchasing Conditions,no,identifying-or-high-cardinality
NEWHUD.X217,"Initial Mthly Pymt Princpl, Int, & Mrtg Ins",standard,Decimal,DECIMAL_2,float x640 | int x33,$.closingCost.gfe2010.initialMonthlyAmount,loan.closingCost.gfe2010.initialMonthlyAmount,no,no,449,91.6,199,79.3,620,559.42,1061.11,1379.55,2214.84,5525.4,Started,no,identifying-or-high-cardinality
NEWHUD.X218,Fees Line 1109 Seller,standard,Decimal,DECIMAL_2,int x4,$.closingCost.gfe2010.gfe2010Fees[?(@.gfe2010FeeParentType == 'Section1100' && @.gfe2010FeeType == 'Line1109')].selPaidAmount,loan.closingCost.gfe2010.gfe2010Fees[(gfe2010FeeParentType == 'Section1100' && gfe2010FeeType == 'Line1109')].selPaidAmount,no,no,4,0.8,0,0,4,25,37.5,87.5,212.5,250,,no,
NEWHUD.X219,Fees Line 1110 Seller,standard,Decimal,DECIMAL_2,int x5,$.closingCost.gfe2010.gfe2010Fees[?(@.gfe2010FeeParentType == 'Section1100' && @.gfe2010FeeType == 'Line1110')].selPaidAmount,loan.closingCost.gfe2010.gfe2010Fees[(gfe2010FeeParentType == 'Section1100' && gfe2010FeeType == 'Line1110')].selPaidAmount,no,no,5,1,0,0,5,38,41.5,75,237.5,250,,no,
NEWHUD.X234,Fees Line 1102 APR,standard,Boolean,YN,bool x8,$.closingCost.gfe2010.gfe2010Fees[?(@.gfe2010FeeParentType == 'Section1100' && @.gfe2010FeeType == 'Line1102')].aprIndicator,loan.closingCost.gfe2010.gfe2010Fees[(gfe2010FeeParentType == 'Section1100' && gfe2010FeeType == 'Line1102')].aprIndicator,no,no,0,0,0,0,1,,,,,,,no,
NEWHUD.X241,Fees Line 1109 APR,standard,Boolean,YN,bool x8,$.closingCost.gfe2010.gfe2010Fees[?(@.gfe2010FeeParentType == 'Section1100' && @.gfe2010FeeType == 'Line1109')].aprIndicator,loan.closingCost.gfe2010.gfe2010Fees[(gfe2010FeeParentType == 'Section1100' && gfe2010FeeType == 'Line1109')].aprIndicator,no,no,0,0,0,0,1,,,,,,,no,
NEWHUD.X244,Fees Line 1109 Paid To,standard,String,STRING,str x8,$.closingCost.gfe2010.gfe2010Fees[?(@.gfe2010FeeParentType == 'Section1100' && @.gfe2010FeeType == 'Line1109')].ptbType,loan.closingCost.gfe2010.gfe2010Fees[(gfe2010FeeParentType == 'Section1100' && gfe2010FeeType == 'Line1109')].ptbType,no,no,0,0,0,0,1,,,,,,,no,
NEWHUD.X245,Fees Line 1110 Paid To,standard,String,STRING,str x8,$.closingCost.gfe2010.gfe2010Fees[?(@.gfe2010FeeParentType == 'Section1100' && @.gfe2010FeeType == 'Line1110')].ptbType,loan.closingCost.gfe2010.gfe2010Fees[(gfe2010FeeParentType == 'Section1100' && gfe2010FeeType == 'Line1110')].ptbType,no,no,0,0,0,0,1,,,,,,,no,
NEWHUD.X251,Fees Line 1302 Descr,standard,String,STRING,str x151,$.closingCost.gfe2010Section.line1302,loan.closingCost.gfe2010Section.line1302,no,no,146,29.8,5,2,96,,,,,,Docs Out,no,identifying-or-high-cardinality
NEWHUD.X252,Fees Line 1310 Descr,standard,String,STRING,str x4,$.closingCost.gfe2010Section.line1310,loan.closingCost.gfe2010Section.line1310,no,no,4,0.8,0,0,4,,,,,,,no,
NEWHUD.X253,Fees Line 1311 Descr,standard,String,STRING,str x2,$.closingCost.gfe2010Section.line1311,loan.closingCost.gfe2010Section.line1311,no,no,2,0.4,0,0,2,,,,,,,no,
NEWHUD.X254,Fees Line 1302 Borr,standard,Decimal,DECIMAL_2,float x80 | int x58,$.closingCost.gfe2010.gfe2010Fees[?(@.gfe2010FeeParentType == 'Section1300' && @.gfe2010FeeType == 'Line1302')].borPaidAmount,loan.closingCost.gfe2010.gfe2010Fees[(gfe2010FeeParentType == 'Section1300' && gfe2010FeeType == 'Line1302')].borPaidAmount,no,no,133,27.1,5,2,129,74.29,246.6725,519.39,2131.6,437564.6,Docs Out,no,identifying-or-high-cardinality
NEWHUD.X255,Fees Line 1310 Borr,standard,Decimal,DECIMAL_2,int x2,$.closingCost.gfe2010.gfe2010Fees[?(@.gfe2010FeeParentType == 'Section1300' && @.gfe2010FeeType == 'Line1310')].borPaidAmount,loan.closingCost.gfe2010.gfe2010Fees[(gfe2010FeeParentType == 'Section1300' && gfe2010FeeType == 'Line1310')].borPaidAmount,no,no,2,0.4,0,0,2,,,,,,,no,
NEWHUD.X256,Fees Line 1311 Borr,standard,Decimal,DECIMAL_2,float x1 | int x1,$.closingCost.gfe2010.gfe2010Fees[?(@.gfe2010FeeParentType == 'Section1300' && @.gfe2010FeeType == 'Line1311')].borPaidAmount,loan.closingCost.gfe2010.gfe2010Fees[(gfe2010FeeParentType == 'Section1300' && gfe2010FeeType == 'Line1311')].borPaidAmount,no,no,2,0.4,0,0,2,,,,,,,no,
NEWHUD.X258,Fees Line 1302 Seller,standard,Decimal,DECIMAL_2,float x6 | int x6,$.closingCost.gfe2010.gfe2010Fees[?(@.gfe2010FeeParentType == 'Section1300' && @.gfe2010FeeType == 'Line1302')].selPaidAmount,loan.closingCost.gfe2010.gfe2010Fees[(gfe2010FeeParentType == 'Section1300' && gfe2010FeeType == 'Line1302')].selPaidAmount,no,no,12,2.4,0,0,12,25.94,237.5,713.61,2758.3275,9185.77,Purchasing Conditions,no,
NEWHUD.X259,Fees Line 1310 Seller,standard,Decimal,DECIMAL_2,int x2,$.closingCost.gfe2010.gfe2010Fees[?(@.gfe2010FeeParentType == 'Section1300' && @.gfe2010FeeType == 'Line1310')].selPaidAmount,loan.closingCost.gfe2010.gfe2010Fees[(gfe2010FeeParentType == 'Section1300' && gfe2010FeeType == 'Line1310')].selPaidAmount,no,no,2,0.4,0,0,2,,,,,,,no,
NEWHUD.X274,Fees Line 1302 Paid To,standard,String,STRING,str x8,$.closingCost.gfe2010.gfe2010Fees[?(@.gfe2010FeeParentType == 'Section1300' && @.gfe2010FeeType == 'Line1302')].ptbType,loan.closingCost.gfe2010.gfe2010Fees[(gfe2010FeeParentType == 'Section1300' && gfe2010FeeType == 'Line1302')].ptbType,no,no,0,0,0,0,1,,,,,,,no,
NEWHUD.X275,Fees Line 1310 Paid To,standard,String,STRING,str x8,$.closingCost.gfe2010.gfe2010Fees[?(@.gfe2010FeeParentType == 'Section1300' && @.gfe2010FeeType == 'Line1310')].ptbType,loan.closingCost.gfe2010.gfe2010Fees[(gfe2010FeeParentType == 'Section1300' && gfe2010FeeType == 'Line1310')].ptbType,no,no,0,0,0,0,1,,,,,,,no,
NEWHUD.X276,Fees Line 1311 Paid To,standard,String,STRING,str x8,$.closingCost.gfe2010.gfe2010Fees[?(@.gfe2010FeeParentType == 'Section1300' && @.gfe2010FeeType == 'Line1311')].ptbType,loan.closingCost.gfe2010.gfe2010Fees[(gfe2010FeeParentType == 'Section1300' && gfe2010FeeType == 'Line1311')].ptbType,no,no,0,0,0,0,1,,,,,,,no,
NEWHUD.X277,Borr Total Closing Costs,standard,Decimal,DECIMAL_2,float x614 | int x118,$.closingCost.gfe2010Page.hud1Pg2TotalSettlementCharges,loan.closingCost.gfe2010Page.hud1Pg2TotalSettlementCharges,no,no,489,99.8,232,92.4,670,2245,2256.97,2345,7332.21,580895,Started,no,identifying-or-high-cardinality
NEWHUD.X278,Seller Total Closing Costs,standard,Decimal,DECIMAL_2,float x25 | int x7,$.closingCost.gfe2010Page.hud1Pg2SellerPaidClosingCostsAmount,loan.closingCost.gfe2010Page.hud1Pg2SellerPaidClosingCostsAmount,no,no,30,6.1,2,0.8,32,25,3457.75,7344.8,24484.13,37227.77,Investor Delivery,no,identifying-or-high-cardinality
NEWHUD.X279,10% Tolerance Comp Chart - Line 2 Descr,standard,String,STRING,str x727,$.closingCost.gfe2010Page.gfe2010GfeCharges[?(@.chargeBelow10Indicator == true && @.gfe2010GfeChargeIndex == '1')].description,loan.closingCost.gfe2010Page.gfe2010GfeCharges[(chargeBelow10Indicator == true && gfe2010GfeChargeIndex == '1')].description,no,no,489,99.8,230,91.6,42,,,,,,Started,no,identifying-or-high-cardinality
NEWHUD.X280,10% Tolerance Comp Chart - Line 3 Descr,standard,String,STRING,str x725,$.closingCost.gfe2010Page.gfe2010GfeCharges[?(@.chargeBelow10Indicator == true && @.gfe2010GfeChargeIndex == '2')].description,loan.closingCost.gfe2010Page.gfe2010GfeCharges[(chargeBelow10Indicator == true && gfe2010GfeChargeIndex == '2')].description,no,no,489,99.8,230,91.6,5,,,,,,Started,no,
NEWHUD.X281,10% Tolerance Comp Chart - Line 4 Descr,standard,String,STRING,str x568,$.closingCost.gfe2010Page.gfe2010GfeCharges[?(@.chargeBelow10Indicator == true && @.gfe2010GfeChargeIndex == '3')].description,loan.closingCost.gfe2010Page.gfe2010GfeCharges[(chargeBelow10Indicator == true && gfe2010GfeChargeIndex == '3')].description,no,no,371,75.7,192,76.5,11,,,,,,Started,no,identifying-or-high-cardinality
NEWHUD.X282,10% Tolerance Comp Chart - Line 5 Descr,standard,String,STRING,str x328,$.closingCost.gfe2010Page.gfe2010GfeCharges[?(@.chargeBelow10Indicator == true && @.gfe2010GfeChargeIndex == '4')].description,loan.closingCost.gfe2010Page.gfe2010GfeCharges[(chargeBelow10Indicator == true && gfe2010GfeChargeIndex == '4')].description,no,no,254,51.8,70,27.9,24,,,,,,Started,no,identifying-or-high-cardinality
NEWHUD.X283,10% Tolerance Comp Chart - Line 6 Descr,standard,String,STRING,str x178,$.closingCost.gfe2010Page.gfe2010GfeCharges[?(@.chargeBelow10Indicator == true && @.gfe2010GfeChargeIndex == '5')].description,loan.closingCost.gfe2010Page.gfe2010GfeCharges[(chargeBelow10Indicator == true && gfe2010GfeChargeIndex == '5')].description,no,no,156,31.8,21,8.4,76,,,,,,Docs Out,no,identifying-or-high-cardinality
NEWHUD.X284,10% Tolerance Comp Chart - Line 7 Descr,standard,String,STRING,str x124,$.closingCost.gfe2010Page.gfe2010GfeCharges[?(@.chargeBelow10Indicator == true && @.gfe2010GfeChargeIndex == '6')].description,loan.closingCost.gfe2010Page.gfe2010GfeCharges[(chargeBelow10Indicator == true && gfe2010GfeChargeIndex == '6')].description,no,no,120,24.5,4,1.6,106,,,,,,Investor Delivery,no,identifying-or-high-cardinality
NEWHUD.X285,10% Tolerance Comp Chart - Line 8 Descr,standard,String,STRING,str x85,$.closingCost.gfe2010Page.gfe2010GfeCharges[?(@.chargeBelow10Indicator == true && @.gfe2010GfeChargeIndex == '7')].description,loan.closingCost.gfe2010Page.gfe2010GfeCharges[(chargeBelow10Indicator == true && gfe2010GfeChargeIndex == '7')].description,no,no,83,16.9,2,0.8,82,,,,,,Investor Delivery,no,identifying-or-high-cardinality
NEWHUD.X286,10% Tolerance Comp Chart - Line 9 Descr,standard,String,STRING,str x51,$.closingCost.gfe2010Page.gfe2010GfeCharges[?(@.chargeBelow10Indicator == true && @.gfe2010GfeChargeIndex == '8')].description,loan.closingCost.gfe2010Page.gfe2010GfeCharges[(chargeBelow10Indicator == true && gfe2010GfeChargeIndex == '8')].description,no,no,50,10.2,1,0.4,50,,,,,,Investor Delivery,no,identifying-or-high-cardinality
NEWHUD.X287,10% Tolerance Comp Chart - Line 2 Line #,standard,String,STRING,str x729,$.closingCost.gfe2010Page.gfe2010GfeCharges[?(@.chargeBelow10Indicator == true && @.gfe2010GfeChargeIndex == '1')].line,loan.closingCost.gfe2010Page.gfe2010GfeCharges[(chargeBelow10Indicator == true && gfe2010GfeChargeIndex == '1')].line,no,no,489,99.8,232,92.4,3,,,,,,Started,no,
NEWHUD.X288,10% Tolerance Comp Chart - Line 3 Line #,standard,String,STRING,str x726,$.closingCost.gfe2010Page.gfe2010GfeCharges[?(@.chargeBelow10Indicator == true && @.gfe2010GfeChargeIndex == '2')].line,loan.closingCost.gfe2010Page.gfe2010GfeCharges[(chargeBelow10Indicator == true && gfe2010GfeChargeIndex == '2')].line,no,no,489,99.8,231,92,4,,,,,,Started,no,
NEWHUD.X289,10% Tolerance Comp Chart - Line 4 Line #,standard,String,STRING,str x569,$.closingCost.gfe2010Page.gfe2010GfeCharges[?(@.chargeBelow10Indicator == true && @.gfe2010GfeChargeIndex == '3')].line,loan.closingCost.gfe2010Page.gfe2010GfeCharges[(chargeBelow10Indicator == true && gfe2010GfeChargeIndex == '3')].line,no,no,371,75.7,193,76.9,4,,,,,,Started,no,
NEWHUD.X290,10% Tolerance Comp Chart - Line 5 Line #,standard,String,STRING,str x345,$.closingCost.gfe2010Page.gfe2010GfeCharges[?(@.chargeBelow10Indicator == true && @.gfe2010GfeChargeIndex == '4')].line,loan.closingCost.gfe2010Page.gfe2010GfeCharges[(chargeBelow10Indicator == true && gfe2010GfeChargeIndex == '4')].line,no,no,256,52.2,85,33.9,7,,,,,,Started,no,
NEWHUD.X291,10% Tolerance Comp Chart - Line 6 Line #,standard,String,STRING,str x184,$.closingCost.gfe2010Page.gfe2010GfeCharges[?(@.chargeBelow10Indicator == true && @.gfe2010GfeChargeIndex == '5')].line,loan.closingCost.gfe2010Page.gfe2010GfeCharges[(chargeBelow10Indicator == true && gfe2010GfeChargeIndex == '5')].line,no,no,156,31.8,27,10.8,8,,,,,,Docs Out,no,
NEWHUD.X292,10% Tolerance Comp Chart - Line 7 Line #,standard,String,STRING,str x125,$.closingCost.gfe2010Page.gfe2010GfeCharges[?(@.chargeBelow10Indicator == true && @.gfe2010GfeChargeIndex == '6')].line,loan.closingCost.gfe2010Page.gfe2010GfeCharges[(chargeBelow10Indicator == true && gfe2010GfeChargeIndex == '6')].line,no,no,121,24.7,4,1.6,10,,,,,,Investor Delivery,no,
NEWHUD.X293,10% Tolerance Comp Chart - Line 8 Line #,standard,String,STRING,str x85,$.closingCost.gfe2010Page.gfe2010GfeCharges[?(@.chargeBelow10Indicator == true && @.gfe2010GfeChargeIndex == '7')].line,loan.closingCost.gfe2010Page.gfe2010GfeCharges[(chargeBelow10Indicator == true && gfe2010GfeChargeIndex == '7')].line,no,no,83,16.9,2,0.8,7,,,,,,Investor Delivery,no,
NEWHUD.X294,10% Tolerance Comp Chart - Line 9 Line #,standard,String,STRING,str x51,$.closingCost.gfe2010Page.gfe2010GfeCharges[?(@.chargeBelow10Indicator == true && @.gfe2010GfeChargeIndex == '8')].line,loan.closingCost.gfe2010Page.gfe2010GfeCharges[(chargeBelow10Indicator == true && gfe2010GfeChargeIndex == '8')].line,no,no,50,10.2,1,0.4,6,,,,,,Investor Delivery,no,
NEWHUD.X296,10% Tolerance Comp Chart - Line 2 GFE Fee,standard,Decimal,DECIMAL_2,int x725 | float x2,$.closingCost.gfe2010Page.gfe2010GfeCharges[?(@.chargeBelow10Indicator == true && @.gfe2010GfeChargeIndex == '1')].gfeCharge,loan.closingCost.gfe2010Page.gfe2010GfeCharges[(chargeBelow10Indicator == true && gfe2010GfeChargeIndex == '1')].gfeCharge,no,no,489,99.8,230,91.6,22,112.14,750,750,875,1400,Started,no,
NEWHUD.X297,10% Tolerance Comp Chart - Line 3 GFE Fee,standard,Decimal,DECIMAL_2,int x616 | float x107,$.closingCost.gfe2010Page.gfe2010GfeCharges[?(@.chargeBelow10Indicator == true && @.gfe2010GfeChargeIndex == '2')].gfeCharge,loan.closingCost.gfe2010Page.gfe2010GfeCharges[(chargeBelow10Indicator == true && gfe2010GfeChargeIndex == '2')].gfeCharge,no,no,488,99.6,229,91.2,16,76.21,91.3975,112.14,150,283.44,Started,no,
NEWHUD.X298,10% Tolerance Comp Chart - Line 4 GFE Fee,standard,Decimal,DECIMAL_2,float x424 | int x7,$.closingCost.gfe2010Page.gfe2010GfeCharges[?(@.chargeBelow10Indicator == true && @.gfe2010GfeChargeIndex == '3')].gfeCharge,loan.closingCost.gfe2010Page.gfe2010GfeCharges[(chargeBelow10Indicator == true && gfe2010GfeChargeIndex == '3')].gfeCharge,no,no,356,72.7,71,28.3,9,-74418.36,11.97,11.97,11.97,313250,Started,no,
NEWHUD.X299,10% Tolerance Comp Chart - Line 5 GFE Fee,standard,Decimal,DECIMAL_2,float x153 | int x16,$.closingCost.gfe2010Page.gfe2010GfeCharges[?(@.chargeBelow10Indicator == true && @.gfe2010GfeChargeIndex == '4')].gfeCharge,loan.closingCost.gfe2010Page.gfe2010GfeCharges[(chargeBelow10Indicator == true && gfe2010GfeChargeIndex == '4')].gfeCharge,no,no,158,32.2,9,3.6,18,-26200,99.91,99.91,99.91,190000,Started,no,
NEWHUD.X300,10% Tolerance Comp Chart - Line 6 GFE Fee,standard,Decimal,DECIMAL_2,int x16 | float x7,$.closingCost.gfe2010Page.gfe2010GfeCharges[?(@.chargeBelow10Indicator == true && @.gfe2010GfeChargeIndex == '5')].gfeCharge,loan.closingCost.gfe2010Page.gfe2010GfeCharges[(chargeBelow10Indicator == true && gfe2010GfeChargeIndex == '5')].gfeCharge,no,no,21,4.3,1,0.4,15,175,2291.25,4081.35,10000,30000,Purchasing Conditions,no,
NEWHUD.X301,10% Tolerance Comp Chart - Line 7 GFE Fee,standard,Decimal,DECIMAL_2,int x5 | float x2,$.closingCost.gfe2010Page.gfe2010GfeCharges[?(@.chargeBelow10Indicator == true && @.gfe2010GfeChargeIndex == '6')].gfeCharge,loan.closingCost.gfe2010Page.gfe2010GfeCharges[(chargeBelow10Indicator == true && gfe2010GfeChargeIndex == '6')].gfeCharge,no,no,7,1.4,0,0,7,1487,1500,1941,3497,5670.26,Purchasing Conditions,no,
NEWHUD.X302,10% Tolerance Comp Chart - Line 8 GFE Fee,standard,Decimal,DECIMAL_2,float x2 | int x1,$.closingCost.gfe2010Page.gfe2010GfeCharges[?(@.chargeBelow10Indicator == true && @.gfe2010GfeChargeIndex == '7')].gfeCharge,loan.closingCost.gfe2010Page.gfe2010GfeCharges[(chargeBelow10Indicator == true && gfe2010GfeChargeIndex == '7')].gfeCharge,no,no,3,0.6,0,0,3,125,125,2265.17,3131.12,3131.12,,no,
NEWHUD.X303,10% Tolerance Comp Chart - Line 9 GFE Fee,standard,Decimal,DECIMAL_2,int x2,$.closingCost.gfe2010Page.gfe2010GfeCharges[?(@.chargeBelow10Indicator == true && @.gfe2010GfeChargeIndex == '8')].gfeCharge,loan.closingCost.gfe2010Page.gfe2010GfeCharges[(chargeBelow10Indicator == true && gfe2010GfeChargeIndex == '8')].gfeCharge,no,no,2,0.4,0,0,2,,,,,,,no,
NEWHUD.X304,10% Tolerance Comp Chart - Line 2 HUD Fee,standard,Decimal,DECIMAL_2,int x723 | float x2,$.closingCost.gfe2010Page.gfe2010GfeCharges[?(@.chargeBelow10Indicator == true && @.gfe2010GfeChargeIndex == '1')].hudCharge,loan.closingCost.gfe2010Page.gfe2010GfeCharges[(chargeBelow10Indicator == true && gfe2010GfeChargeIndex == '1')].hudCharge,no,no,487,99.4,231,92,49,250,720,750,775,1800,Started,no,identifying-or-high-cardinality
NEWHUD.X305,10% Tolerance Comp Chart - Line 3 HUD Fee,standard,Decimal,DECIMAL_2,int x418 | float x232,$.closingCost.gfe2010Page.gfe2010GfeCharges[?(@.chargeBelow10Indicator == true && @.gfe2010GfeChargeIndex == '2')].hudCharge,loan.closingCost.gfe2010Page.gfe2010GfeCharges[(chargeBelow10Indicator == true && gfe2010GfeChargeIndex == '2')].hudCharge,no,no,440,89.8,205,81.7,62,76.21,111.075,114.1,150,415.85,Started,no,identifying-or-high-cardinality
NEWHUD.X306,10% Tolerance Comp Chart - Line 4 HUD Fee,standard,Decimal,DECIMAL_2,float x424 | int x136,$.closingCost.gfe2010Page.gfe2010GfeCharges[?(@.chargeBelow10Indicator == true && @.gfe2010GfeChargeIndex == '3')].hudCharge,loan.closingCost.gfe2010Page.gfe2010GfeCharges[(chargeBelow10Indicator == true && gfe2010GfeChargeIndex == '3')].hudCharge,no,no,367,74.9,189,75.3,96,11.97,11.97,1400,60000,570000,Started,no,identifying-or-high-cardinality
NEWHUD.X307,10% Tolerance Comp Chart - Line 5 HUD Fee,standard,Decimal,DECIMAL_2,float x179 | int x160,$.closingCost.gfe2010Page.gfe2010GfeCharges[?(@.chargeBelow10Indicator == true && @.gfe2010GfeChargeIndex == '4')].hudCharge,loan.closingCost.gfe2010Page.gfe2010GfeCharges[(chargeBelow10Indicator == true && gfe2010GfeChargeIndex == '4')].hudCharge,no,no,250,51,85,33.9,182,99.91,99.91,99.91,4500,150000,Started,no,identifying-or-high-cardinality
NEWHUD.X308,10% Tolerance Comp Chart - Line 6 HUD Fee,standard,Decimal,DECIMAL_2,int x104 | float x80,$.closingCost.gfe2010Page.gfe2010GfeCharges[?(@.chargeBelow10Indicator == true && @.gfe2010GfeChargeIndex == '5')].hudCharge,loan.closingCost.gfe2010Page.gfe2010GfeCharges[(chargeBelow10Indicator == true && gfe2010GfeChargeIndex == '5')].hudCharge,no,no,156,31.8,27,10.8,173,100,853.955,1954.75,3367.5,30000,Docs Out,no,identifying-or-high-cardinality
NEWHUD.X309,10% Tolerance Comp Chart - Line 7 HUD Fee,standard,Decimal,DECIMAL_2,int x65 | float x59,$.closingCost.gfe2010Page.gfe2010GfeCharges[?(@.chargeBelow10Indicator == true && @.gfe2010GfeChargeIndex == '6')].hudCharge,loan.closingCost.gfe2010Page.gfe2010GfeCharges[(chargeBelow10Indicator == true && gfe2010GfeChargeIndex == '6')].hudCharge,no,no,120,24.5,4,1.6,116,10,172.2,538.78,2602.975,7004.37,Investor Delivery,no,identifying-or-high-cardinality
NEWHUD.X310,10% Tolerance Comp Chart - Line 8 HUD Fee,standard,Decimal,DECIMAL_2,int x45 | float x40,$.closingCost.gfe2010Page.gfe2010GfeCharges[?(@.chargeBelow10Indicator == true && @.gfe2010GfeChargeIndex == '7')].hudCharge,loan.closingCost.gfe2010Page.gfe2010GfeCharges[(chargeBelow10Indicator == true && gfe2010GfeChargeIndex == '7')].hudCharge,no,no,83,16.9,2,0.8,74,30,250,467.5,1121.2775,4331.25,Investor Delivery,no,identifying-or-high-cardinality
NEWHUD.X311,10% Tolerance Comp Chart - Line 9 HUD Fee,standard,Decimal,DECIMAL_2,float x29 | int x22,$.closingCost.gfe2010Page.gfe2010GfeCharges[?(@.chargeBelow10Indicator == true && @.gfe2010GfeChargeIndex == '8')].hudCharge,loan.closingCost.gfe2010Page.gfe2010GfeCharges[(chargeBelow10Indicator == true && gfe2010GfeChargeIndex == '8')].hudCharge,no,no,50,10.2,1,0.4,47,28.09,202.66,385,1237.265,5046.24,Investor Delivery,no,identifying-or-high-cardinality
NEWHUD.X312,Total GFE Tolerance,standard,Decimal,DECIMAL_2,float x453 | int x274,$.closingCost.gfe2010Page.gfeTotalTolerance,loan.closingCost.gfe2010Page.gfeTotalTolerance,no,no,489,99.8,230,91.6,92,-15063.03,900,911.97,1011.88,18536.97,Started,no,identifying-or-high-cardinality
NEWHUD.X313,Total HUD Tolerance,standard,Decimal,DECIMAL_2,float x459 | int x270,$.closingCost.gfe2010Page.hudTotalTolerance,loan.closingCost.gfe2010Page.hudTotalTolerance,no,no,489,99.8,232,92.4,372,797.81,900,911.97,1011.88,230900,Started,no,identifying-or-high-cardinality
NEWHUD.X314,Total GFE Tolerance Increase Amt,standard,Decimal,DECIMAL_2,float x205 | int x161,$.closingCost.gfe2010Page.totalToleranceIncreaseAmount,loan.closingCost.gfe2010Page.totalToleranceIncreaseAmount,no,no,196,40,168,66.9,335,-73.79,1400,24850,70000,570000,Started,no,identifying-or-high-cardinality
NEWHUD.X315,Total GFE Tolerance Increase %,standard,Decimal,DECIMAL_2,float x350 | int x14,$.closingCost.gfe2010Page.hudTotalToleranceIncreasePercent,loan.closingCost.gfe2010Page.hudTotalToleranceIncreasePercent,no,no,196,40,166,66.1,343,-13.49,155.56,3333.33,8333.33,63333.33,Started,no,identifying-or-high-cardinality
NEWHUD.X316,Change Chrgs 4 Descr,standard,String,STRING,str x85,$.closingCost.gfe2010Page.gfe2010GfeCharges[?(@.chargeBelow10Indicator == false && @.gfe2010GfeChargeIndex == '4')].description,loan.closingCost.gfe2010Page.gfe2010GfeCharges[(chargeBelow10Indicator == false && gfe2010GfeChargeIndex == '4')].description,no,no,32,6.5,53,21.1,33,,,,,,Investor Delivery,no,identifying-or-high-cardinality
NEWHUD.X317,Change Chrgs 5 Descr,standard,String,STRING,str x4,$.closingCost.gfe2010Page.gfe2010GfeCharges[?(@.chargeBelow10Indicator == false && @.gfe2010GfeChargeIndex == '5')].description,loan.closingCost.gfe2010Page.gfe2010GfeCharges[(chargeBelow10Indicator == false && gfe2010GfeChargeIndex == '5')].description,no,no,4,0.8,0,0,4,,,,,,,no,identifying-or-high-cardinality
NEWHUD.X319,Change Chrgs 4 GFE Line #,standard,String,STRING,str x85,$.closingCost.gfe2010Page.gfe2010GfeCharges[?(@.chargeBelow10Indicator == false && @.gfe2010GfeChargeIndex == '4')].line,loan.closingCost.gfe2010Page.gfe2010GfeCharges[(chargeBelow10Indicator == false && gfe2010GfeChargeIndex == '4')].line,no,no,32,6.5,53,21.1,3,,,,,,Investor Delivery,no,
NEWHUD.X320,Change Chrgs 5 GFE Line #,standard,String,STRING,str x4,$.closingCost.gfe2010Page.gfe2010GfeCharges[?(@.chargeBelow10Indicator == false && @.gfe2010GfeChargeIndex == '5')].line,loan.closingCost.gfe2010Page.gfe2010GfeCharges[(chargeBelow10Indicator == false && gfe2010GfeChargeIndex == '5')].line,no,no,4,0.8,0,0,2,,,,,,,no,
NEWHUD.X325,Changed Chrgs 4 GFE Amt,standard,Decimal,DECIMAL_2,float x2,$.closingCost.gfe2010Page.gfe2010GfeCharges[?(@.chargeBelow10Indicator == false && @.gfe2010GfeChargeIndex == '4')].gfeCharge,loan.closingCost.gfe2010Page.gfe2010GfeCharges[(chargeBelow10Indicator == false && gfe2010GfeChargeIndex == '4')].gfeCharge,no,no,2,0.4,0,0,2,,,,,,,no,
NEWHUD.X328,Changed Chrgs 4 HUD-1 Amt,standard,Decimal,DECIMAL_2,float x76 | int x9,$.closingCost.gfe2010Page.gfe2010GfeCharges[?(@.chargeBelow10Indicator == false && @.gfe2010GfeChargeIndex == '4')].hudCharge,loan.closingCost.gfe2010Page.gfe2010GfeCharges[(chargeBelow10Indicator == false && gfe2010GfeChargeIndex == '4')].hudCharge,no,no,32,6.5,53,21.1,83,92,448.91,1101.66,1869.04,5454.72,Investor Delivery,no,identifying-or-high-cardinality
NEWHUD.X329,Changed Chrgs 5 HUD-1 Amt,standard,Decimal,DECIMAL_2,float x4,$.closingCost.gfe2010Page.gfe2010GfeCharges[?(@.chargeBelow10Indicator == false && @.gfe2010GfeChargeIndex == '5')].hudCharge,loan.closingCost.gfe2010Page.gfe2010GfeCharges[(chargeBelow10Indicator == false && gfe2010GfeChargeIndex == '5')].hudCharge,no,no,4,0.8,0,0,4,64.83,446.395,1822.365,2261.2925,2330.51,,no,
NEWHUD.X335,Has Escrow Acct,standard,String,STRING,bool x772,$.closingCost.gfe2010Page.hasEscrowAccountIndicator,loan.closingCost.gfe2010Page.hasEscrowAccountIndicator,no,no,172,35.1,0,0,1,,,,,,Docs Out,no,
NEWHUD.X336,10% Tolerance Comp Chart - HUD1 Government Recording Charge,standard,Decimal,DECIMAL_2,int x154 | float x25,$.closingCost.gfe2010Page.hud1GovernmentRecordingCharge,loan.closingCost.gfe2010Page.hud1GovernmentRecordingCharge,no,no,173,35.3,3,1.2,99,143.75,270,329,406,600,Docs Out,no,identifying-or-high-cardinality
NEWHUD.X337,Incl Escrow-Prop Taxes,standard,Boolean,YN,bool x453,$.closingCost.gfe2010Page.hasEscrowPropertyTaxesIndicator,loan.closingCost.gfe2010Page.hasEscrowPropertyTaxesIndicator,no,no,359,73.3,6,2.4,1,,,,,,Started,no,
NEWHUD.X338,Incl Escrow-Flood Ins,standard,Boolean,YN,bool x12,$.closingCost.gfe2010Page.hasEscrowFloodInsurancesIndicator,loan.closingCost.gfe2010Page.hasEscrowFloodInsurancesIndicator,no,no,10,2,0,0,1,,,,,,Purchasing Conditions,no,
NEWHUD.X339,Incl Escrow-Homeowners Ins,standard,Boolean,YN,bool x449,$.closingCost.gfe2010Page.hasEscrowHomeownerInsurancesIndicator,loan.closingCost.gfe2010Page.hasEscrowHomeownerInsurancesIndicator,no,no,356,72.7,6,2.4,1,,,,,,Started,no,
NEWHUD.X340,Incl Escrow-User Defined 1,standard,Boolean,YN,bool x48,$.closingCost.gfe2010Page.hasEscrowUserDefinedIndicator1,loan.closingCost.gfe2010Page.hasEscrowUserDefinedIndicator1,no,no,40,8.2,0,0,1,,,,,,Investor Delivery,no,
NEWHUD.X341,Incl Escrow-User Defined 2,standard,Boolean,YN,bool x30,$.closingCost.gfe2010Page.hasEscrowUserDefinedIndicator2,loan.closingCost.gfe2010Page.hasEscrowUserDefinedIndicator2,no,no,21,4.3,0,0,1,,,,,,Purchasing Conditions,no,
NEWHUD.X342,Incl Escrow-User Defined 3,standard,Boolean,YN,bool x7,$.closingCost.gfe2010Page.hasEscrowUserDefinedIndicator3,loan.closingCost.gfe2010Page.hasEscrowUserDefinedIndicator3,no,no,7,1.4,0,0,1,,,,,,,no,
NEWHUD.X349,Escrow Acct Chrg Type All Prop Taxes,standard,Boolean,YN,bool x763,$.closingCost.gfe2010.escrowChargeAllPropertyTaxesIndicator,loan.closingCost.gfe2010.escrowChargeAllPropertyTaxesIndicator,no,no,149,30.4,18,7.2,1,,,,,,Final Docs,no,
NEWHUD.X350,Escrow Acct Chrg Type All Insurance,standard,Boolean,YN,bool x763,$.closingCost.gfe2010.escrowChargeAllInsuranceIndicator,loan.closingCost.gfe2010.escrowChargeAllInsuranceIndicator,no,no,149,30.4,18,7.2,1,,,,,,Final Docs,no,
NEWHUD.X351,Escrow Acct Chrg Type Other,standard,Boolean,YN,bool x762,$.closingCost.gfe2010.escrowChargeOtherIndicator,loan.closingCost.gfe2010.escrowChargeOtherIndicator,no,no,8,1.6,0,0,1,,,,,,,no,
NEWHUD.X353,Fees Line 802 APR,standard,Boolean,YN,bool x8,$.closingCost.gfe2010.gfe2010Fees[?(@.gfe2010FeeParentType == 'Section800' && @.gfe2010FeeType == 'Line802')].aprIndicator,loan.closingCost.gfe2010.gfe2010Fees[(gfe2010FeeParentType == 'Section800' && gfe2010FeeType == 'Line802')].aprIndicator,no,no,0,0,0,0,1,,,,,,,no,
NEWHUD.X354,Use New GFE And HUD,standard,Boolean,YN,bool x750,$.useNewHudIndicator,loan.useNewHudIndicator,no,no,489,99.8,251,100,1,,,,,,Started,no,
NEWHUD.X355,Mnthly Amt Includes Principal,standard,Boolean,YN,bool x665,$.closingCost.gfe2010Page.monthlyAmountIncludePrincipalIndicator,loan.closingCost.gfe2010Page.monthlyAmountIncludePrincipalIndicator,no,no,448,91.4,199,79.3,1,,,,,,Started,no,
NEWHUD.X356,Mnthly Amt Includes Interest,standard,Boolean,YN,bool x665,$.closingCost.gfe2010Page.monthlyAmountIncludeInterestIndicator,loan.closingCost.gfe2010Page.monthlyAmountIncludeInterestIndicator,no,no,449,91.6,199,79.3,1,,,,,,Started,no,
NEWHUD.X399,Flood Certification To,standard,String,STRING,str x458,$.closingCost.gfe2010Section.line807Company,loan.closingCost.gfe2010Section.line807Company,no,no,363,74.1,91,36.3,5,,,,,,Started,no,
NEWHUD.X400,Fees Flood Cert Fee Borr,standard,Decimal,DECIMAL_2,float x422 | int x1,$.closingCost.gfe2010.gfe2010Fees[?(@.gfe2010FeeParentType == 'Section800' && @.gfe2010FeeType == 'Line807')].borPaidAmount,loan.closingCost.gfe2010.gfe2010Fees[(gfe2010FeeParentType == 'Section800' && gfe2010FeeType == 'Line807')].borPaidAmount,no,no,359,73.3,60,23.9,2,5,11.97,11.97,11.97,11.97,Started,no,
NEWHUD.X401,Title Service 1 Descr,standard,String,STRING,str x28,$.closingCost.gfe2010.gfe2010Fees[?(@.gfe2010FeeParentType == 'NewHud' && @.gfe2010FeeType == 'TitleServiceCharge' && @.gfe2010FeeIndex == '1')].description,loan.closingCost.gfe2010.gfe2010Fees[(gfe2010FeeParentType == 'NewHud' && gfe2010FeeType == 'TitleServiceCharge' && gfe2010FeeIndex == '1')].description,no,no,27,5.5,0,0,22,,,,,,Purchasing Conditions,no,identifying-or-high-cardinality
NEWHUD.X402,Title Service 1 Charge,standard,Decimal,DECIMAL_2,int x21 | float x7,$.closingCost.gfe2010.gfe2010Fees[?(@.gfe2010FeeParentType == 'NewHud' && @.gfe2010FeeType == 'TitleServiceCharge' && @.gfe2010FeeIndex == '1')].amount,loan.closingCost.gfe2010.gfe2010Fees[(gfe2010FeeParentType == 'NewHud' && gfe2010FeeType == 'TitleServiceCharge' && gfe2010FeeIndex == '1')].amount,no,no,27,5.5,0,0,21,50,1812.85,3900.275,10000,10000,Purchasing Conditions,no,
NEWHUD.X403,Title Service 2 Descr,standard,String,STRING,str x7,$.closingCost.gfe2010.gfe2010Fees[?(@.gfe2010FeeParentType == 'NewHud' && @.gfe2010FeeType == 'TitleServiceCharge' && @.gfe2010FeeIndex == '2')].description,loan.closingCost.gfe2010.gfe2010Fees[(gfe2010FeeParentType == 'NewHud' && gfe2010FeeType == 'TitleServiceCharge' && gfe2010FeeIndex == '2')].description,no,no,7,1.4,0,0,6,,,,,,Purchasing Conditions,no,identifying-or-high-cardinality
NEWHUD.X404,Title Service 2 Charge,standard,Decimal,DECIMAL_2,int x6 | float x1,$.closingCost.gfe2010.gfe2010Fees[?(@.gfe2010FeeParentType == 'NewHud' && @.gfe2010FeeType == 'TitleServiceCharge' && @.gfe2010FeeIndex == '2')].amount,loan.closingCost.gfe2010.gfe2010Fees[(gfe2010FeeParentType == 'NewHud' && gfe2010FeeType == 'TitleServiceCharge' && gfe2010FeeIndex == '2')].amount,no,no,7,1.4,0,0,6,102.6,250,500,1515,3000,Purchasing Conditions,no,
NEWHUD.X405,Title Service 3 Descr,standard,String,STRING,str x4,$.closingCost.gfe2010.gfe2010Fees[?(@.gfe2010FeeParentType == 'NewHud' && @.gfe2010FeeType == 'TitleServiceCharge' && @.gfe2010FeeIndex == '3')].description,loan.closingCost.gfe2010.gfe2010Fees[(gfe2010FeeParentType == 'NewHud' && gfe2010FeeType == 'TitleServiceCharge' && gfe2010FeeIndex == '3')].description,no,no,4,0.8,0,0,4,,,,,,,no,identifying-or-high-cardinality
NEWHUD.X406,Title Service 3 Charge,standard,Decimal,DECIMAL_2,int x5,$.closingCost.gfe2010.gfe2010Fees[?(@.gfe2010FeeParentType == 'NewHud' && @.gfe2010FeeType == 'TitleServiceCharge' && @.gfe2010FeeIndex == '3')].amount,loan.closingCost.gfe2010.gfe2010Fees[(gfe2010FeeParentType == 'NewHud' && gfe2010FeeType == 'TitleServiceCharge' && gfe2010FeeIndex == '3')].amount,no,no,5,1,0,0,4,150,150,175,612,750,,no,
NEWHUD.X407,Title Service 4 Descr,standard,String,STRING,str x4,$.closingCost.gfe2010.gfe2010Fees[?(@.gfe2010FeeParentType == 'NewHud' && @.gfe2010FeeType == 'TitleServiceCharge' && @.gfe2010FeeIndex == '4')].description,loan.closingCost.gfe2010.gfe2010Fees[(gfe2010FeeParentType == 'NewHud' && gfe2010FeeType == 'TitleServiceCharge' && gfe2010FeeIndex == '4')].description,no,no,4,0.8,0,0,4,,,,,,,no,identifying-or-high-cardinality
NEWHUD.X408,Title Service 4 Charge,standard,Decimal,DECIMAL_2,int x4,$.closingCost.gfe2010.gfe2010Fees[?(@.gfe2010FeeParentType == 'NewHud' && @.gfe2010FeeType == 'TitleServiceCharge' && @.gfe2010FeeIndex == '4')].amount,loan.closingCost.gfe2010.gfe2010Fees[(gfe2010FeeParentType == 'NewHud' && gfe2010FeeType == 'TitleServiceCharge' && gfe2010FeeIndex == '4')].amount,no,no,4,0.8,0,0,4,115,192.5,472.5,1114.75,1313,,no,
NEWHUD.X409,Title Service 5 Descr,standard,String,STRING,str x1,$.closingCost.gfe2010.gfe2010Fees[?(@.gfe2010FeeParentType == 'NewHud' && @.gfe2010FeeType == 'TitleServiceCharge' && @.gfe2010FeeIndex == '5')].description,loan.closingCost.gfe2010.gfe2010Fees[(gfe2010FeeParentType == 'NewHud' && gfe2010FeeType == 'TitleServiceCharge' && gfe2010FeeIndex == '5')].description,no,no,1,0.2,0,0,1,,,,,,,no,identifying-or-high-cardinality
NEWHUD.X410,Title Service 5 Charge,standard,Decimal,DECIMAL_2,int x1,$.closingCost.gfe2010.gfe2010Fees[?(@.gfe2010FeeParentType == 'NewHud' && @.gfe2010FeeType == 'TitleServiceCharge' && @.gfe2010FeeIndex == '5')].amount,loan.closingCost.gfe2010.gfe2010Fees[(gfe2010FeeParentType == 'NewHud' && gfe2010FeeType == 'TitleServiceCharge' && gfe2010FeeIndex == '5')].amount,no,no,1,0.2,0,0,1,,,,,,,no,
NEWHUD.X411,Title Service 6 Descr,standard,String,STRING,str x1,$.closingCost.gfe2010.gfe2010Fees[?(@.gfe2010FeeParentType == 'NewHud' && @.gfe2010FeeType == 'TitleServiceCharge' && @.gfe2010FeeIndex == '6')].description,loan.closingCost.gfe2010.gfe2010Fees[(gfe2010FeeParentType == 'NewHud' && gfe2010FeeType == 'TitleServiceCharge' && gfe2010FeeIndex == '6')].description,no,no,1,0.2,0,0,1,,,,,,,no,identifying-or-high-cardinality
NEWHUD.X412,Title Service 6 Charge,standard,Decimal,DECIMAL_2,int x1,$.closingCost.gfe2010.gfe2010Fees[?(@.gfe2010FeeParentType == 'NewHud' && @.gfe2010FeeType == 'TitleServiceCharge' && @.gfe2010FeeIndex == '6')].amount,loan.closingCost.gfe2010.gfe2010Fees[(gfe2010FeeParentType == 'NewHud' && gfe2010FeeType == 'TitleServiceCharge' && gfe2010FeeIndex == '6')].amount,no,no,1,0.2,0,0,1,,,,,,,no,
NEWHUD.X413,Title Service 7 Descr,standard,String,STRING,str x1,$.closingCost.gfe2010.gfe2010Fees[?(@.gfe2010FeeParentType == 'NewHud' && @.gfe2010FeeType == 'TitleServiceCharge' && @.gfe2010FeeIndex == '7')].description,loan.closingCost.gfe2010.gfe2010Fees[(gfe2010FeeParentType == 'NewHud' && gfe2010FeeType == 'TitleServiceCharge' && gfe2010FeeIndex == '7')].description,no,no,1,0.2,0,0,1,,,,,,,no,identifying-or-high-cardinality
NEWHUD.X414,Title Service 7 Charge,standard,Decimal,DECIMAL_2,int x1,$.closingCost.gfe2010.gfe2010Fees[?(@.gfe2010FeeParentType == 'NewHud' && @.gfe2010FeeType == 'TitleServiceCharge' && @.gfe2010FeeIndex == '7')].amount,loan.closingCost.gfe2010.gfe2010Fees[(gfe2010FeeParentType == 'NewHud' && gfe2010FeeType == 'TitleServiceCharge' && gfe2010FeeIndex == '7')].amount,no,no,1,0.2,0,0,1,,,,,,,no,
NEWHUD.X422,10% Tolerance Comp Chart - Line 10 Descr,standard,String,STRING,str x24,$.closingCost.gfe2010Page.gfe2010GfeCharges[?(@.chargeBelow10Indicator == true && @.gfe2010GfeChargeIndex == '9')].description,loan.closingCost.gfe2010Page.gfe2010GfeCharges[(chargeBelow10Indicator == true && gfe2010GfeChargeIndex == '9')].description,no,no,23,4.7,1,0.4,24,,,,,,Purchasing Conditions,no,identifying-or-high-cardinality
NEWHUD.X423,10% Tolerance Comp Chart - Line 11 Descr,standard,String,STRING,str x13,$.closingCost.gfe2010Page.gfe2010GfeCharges[?(@.chargeBelow10Indicator == true && @.gfe2010GfeChargeIndex == '10')].description,loan.closingCost.gfe2010Page.gfe2010GfeCharges[(chargeBelow10Indicator == true && gfe2010GfeChargeIndex == '10')].description,no,no,13,2.7,0,0,13,,,,,,Purchasing Conditions,no,identifying-or-high-cardinality
NEWHUD.X424,10% Tolerance Comp Chart - Line 12 Descr,standard,String,STRING,str x5,$.closingCost.gfe2010Page.gfe2010GfeCharges[?(@.chargeBelow10Indicator == true && @.gfe2010GfeChargeIndex == '11')].description,loan.closingCost.gfe2010Page.gfe2010GfeCharges[(chargeBelow10Indicator == true && gfe2010GfeChargeIndex == '11')].description,no,no,5,1,0,0,5,,,,,,,no,identifying-or-high-cardinality
NEWHUD.X425,10% Tolerance Comp Chart - Line 13 Descr,standard,String,STRING,str x1,$.closingCost.gfe2010Page.gfe2010GfeCharges[?(@.chargeBelow10Indicator == true && @.gfe2010GfeChargeIndex == '12')].description,loan.closingCost.gfe2010Page.gfe2010GfeCharges[(chargeBelow10Indicator == true && gfe2010GfeChargeIndex == '12')].description,no,no,1,0.2,0,0,1,,,,,,,no,
NEWHUD.X426,10% Tolerance Comp Chart - Line 14 Descr,standard,String,STRING,str x1,$.closingCost.gfe2010Page.gfe2010GfeCharges[?(@.chargeBelow10Indicator == true && @.gfe2010GfeChargeIndex == '13')].description,loan.closingCost.gfe2010Page.gfe2010GfeCharges[(chargeBelow10Indicator == true && gfe2010GfeChargeIndex == '13')].description,no,no,1,0.2,0,0,1,,,,,,,no,
NEWHUD.X447,10% Tolerance Comp Chart - Line 10 Line #,standard,String,STRING,str x24,$.closingCost.gfe2010Page.gfe2010GfeCharges[?(@.chargeBelow10Indicator == true && @.gfe2010GfeChargeIndex == '9')].line,loan.closingCost.gfe2010Page.gfe2010GfeCharges[(chargeBelow10Indicator == true && gfe2010GfeChargeIndex == '9')].line,no,no,23,4.7,1,0.4,5,,,,,,Purchasing Conditions,no,
NEWHUD.X448,10% Tolerance Comp Chart - Line 11 Line #,standard,String,STRING,str x13,$.closingCost.gfe2010Page.gfe2010GfeCharges[?(@.chargeBelow10Indicator == true && @.gfe2010GfeChargeIndex == '10')].line,loan.closingCost.gfe2010Page.gfe2010GfeCharges[(chargeBelow10Indicator == true && gfe2010GfeChargeIndex == '10')].line,no,no,13,2.7,0,0,3,,,,,,Purchasing Conditions,no,
NEWHUD.X449,10% Tolerance Comp Chart - Line 12 Line #,standard,String,STRING,str x5,$.closingCost.gfe2010Page.gfe2010GfeCharges[?(@.chargeBelow10Indicator == true && @.gfe2010GfeChargeIndex == '11')].line,loan.closingCost.gfe2010Page.gfe2010GfeCharges[(chargeBelow10Indicator == true && gfe2010GfeChargeIndex == '11')].line,no,no,5,1,0,0,3,,,,,,,no,
NEWHUD.X450,10% Tolerance Comp Chart - Line 13 Line #,standard,String,STRING,str x1,$.closingCost.gfe2010Page.gfe2010GfeCharges[?(@.chargeBelow10Indicator == true && @.gfe2010GfeChargeIndex == '12')].line,loan.closingCost.gfe2010Page.gfe2010GfeCharges[(chargeBelow10Indicator == true && gfe2010GfeChargeIndex == '12')].line,no,no,1,0.2,0,0,1,,,,,,,no,
NEWHUD.X451,10% Tolerance Comp Chart - Line 14 Line #,standard,String,STRING,str x1,$.closingCost.gfe2010Page.gfe2010GfeCharges[?(@.chargeBelow10Indicator == true && @.gfe2010GfeChargeIndex == '13')].line,loan.closingCost.gfe2010Page.gfe2010GfeCharges[(chargeBelow10Indicator == true && gfe2010GfeChargeIndex == '13')].line,no,no,1,0.2,0,0,1,,,,,,,no,
NEWHUD.X472,10% Tolerance Comp Chart - Line 10 GFE Fee,standard,Decimal,DECIMAL_2,int x1,$.closingCost.gfe2010Page.gfe2010GfeCharges[?(@.chargeBelow10Indicator == true && @.gfe2010GfeChargeIndex == '9')].gfeCharge,loan.closingCost.gfe2010Page.gfe2010GfeCharges[(chargeBelow10Indicator == true && gfe2010GfeChargeIndex == '9')].gfeCharge,no,no,1,0.2,0,0,1,,,,,,,no,
NEWHUD.X473,10% Tolerance Comp Chart - Line 11 GFE Fee,standard,Decimal,DECIMAL_2,int x1,$.closingCost.gfe2010Page.gfe2010GfeCharges[?(@.chargeBelow10Indicator == true && @.gfe2010GfeChargeIndex == '10')].gfeCharge,loan.closingCost.gfe2010Page.gfe2010GfeCharges[(chargeBelow10Indicator == true && gfe2010GfeChargeIndex == '10')].gfeCharge,no,no,1,0.2,0,0,1,,,,,,,no,
NEWHUD.X497,10% Tolerance Comp Chart - Line 10 HUD Fee,standard,Decimal,DECIMAL_2,int x14 | float x10,$.closingCost.gfe2010Page.gfe2010GfeCharges[?(@.chargeBelow10Indicator == true && @.gfe2010GfeChargeIndex == '9')].hudCharge,loan.closingCost.gfe2010Page.gfe2010GfeCharges[(chargeBelow10Indicator == true && gfe2010GfeChargeIndex == '9')].hudCharge,no,no,23,4.7,1,0.4,22,18,156.25,353.915,900.82,8315.46,Purchasing Conditions,no,
NEWHUD.X498,10% Tolerance Comp Chart - Line 11 HUD Fee,standard,Decimal,DECIMAL_2,int x8 | float x5,$.closingCost.gfe2010Page.gfe2010GfeCharges[?(@.chargeBelow10Indicator == true && @.gfe2010GfeChargeIndex == '10')].hudCharge,loan.closingCost.gfe2010Page.gfe2010GfeCharges[(chargeBelow10Indicator == true && gfe2010GfeChargeIndex == '10')].hudCharge,no,no,13,2.7,0,0,13,5,87.52,1050,1746.325,4970,Purchasing Conditions,no,
NEWHUD.X499,10% Tolerance Comp Chart - Line 12 HUD Fee,standard,Decimal,DECIMAL_2,float x3 | int x2,$.closingCost.gfe2010Page.gfe2010GfeCharges[?(@.chargeBelow10Indicator == true && @.gfe2010GfeChargeIndex == '11')].hudCharge,loan.closingCost.gfe2010Page.gfe2010GfeCharges[(chargeBelow10Indicator == true && gfe2010GfeChargeIndex == '11')].hudCharge,no,no,5,1,0,0,5,69.77,180.185,300,522.495,650,,no,
NEWHUD.X500,10% Tolerance Comp Chart - Line 13 HUD Fee,standard,Decimal,DECIMAL_2,int x1,$.closingCost.gfe2010Page.gfe2010GfeCharges[?(@.chargeBelow10Indicator == true && @.gfe2010GfeChargeIndex == '12')].hudCharge,loan.closingCost.gfe2010Page.gfe2010GfeCharges[(chargeBelow10Indicator == true && gfe2010GfeChargeIndex == '12')].hudCharge,no,no,1,0.2,0,0,1,,,,,,,no,
NEWHUD.X501,10% Tolerance Comp Chart - Line 14 HUD Fee,standard,Decimal,DECIMAL_2,int x1,$.closingCost.gfe2010Page.gfe2010GfeCharges[?(@.chargeBelow10Indicator == true && @.gfe2010GfeChargeIndex == '13')].hudCharge,loan.closingCost.gfe2010Page.gfe2010GfeCharges[(chargeBelow10Indicator == true && gfe2010GfeChargeIndex == '13')].hudCharge,no,no,1,0.2,0,0,1,,,,,,,no,
NEWHUD.X565,Fees Line 1109 Applied to GFE,standard,Decimal,DECIMAL_2,int x6,$.closingCost.gfe2010Section.hudGfeLine1109,loan.closingCost.gfe2010Section.hudGfeLine1109,no,no,6,1.2,0,0,6,50,125,510,825,1050,,no,
NEWHUD.X566,Fees Line 1110 Applied to GFE,standard,Decimal,DECIMAL_2,int x3,$.closingCost.gfe2010Section.hudGfeLine1110,loan.closingCost.gfe2010Section.hudGfeLine1110,no,no,3,0.6,0,0,3,150,150,1482,1515,1515,,no,
NEWHUD.X567,Fees Line 1111 Applied to GFE,standard,Decimal,DECIMAL_2,int x3,$.closingCost.gfe2010Section.hudGfeLine1111,loan.closingCost.gfe2010Section.hudGfeLine1111,no,no,3,0.6,0,0,3,100,100,474,1313,1313,,no,
NEWHUD.X568,Fees Line 1112 Applied to GFE,standard,Decimal,DECIMAL_2,int x2,$.closingCost.gfe2010Section.hudGfeLine1112,loan.closingCost.gfe2010Section.hudGfeLine1112,no,no,1,0.2,0,0,2,,,,,,,no,
NEWHUD.X571,Fees Line 1101 Borr,standard,Decimal,DECIMAL_2,str x193,$.fees[?(@.feeType == 'ClosingFee')].newHudBorPaidAmount,loan.fees[(feeType == 'ClosingFee')].newHudBorPaidAmount,no,no,182,37.1,9,3.6,189,100,1741,2037.5,3128.55,8870,Docs Out,no,identifying-or-high-cardinality
NEWHUD.X572,Fees Line 1103 Borr,standard,String,RA_DECIMAL_2,str x14,$.fees[?(@.feeType == 'TitleExamination')].newHudBorPaidAmount,loan.fees[(feeType == 'TitleExamination')].newHudBorPaidAmount,no,no,14,2.9,0,0,14,,,,,,Purchasing Conditions,no,
NEWHUD.X582,Fees Line 904 User Def Fee Descr,standard,String,STRING,str x6,$.closingCost.gfe2010Section.line904,loan.closingCost.gfe2010Section.line904,no,no,6,1.2,0,0,5,,,,,,,no,
NEWHUD.X585,Fees Line 904 Fee Applied to GFE,standard,Decimal,DECIMAL_2,float x2,$.closingCost.gfe2010.gfe2010Fees[?(@.gfe2010FeeParentType == 'Section900' && @.gfe2010FeeType == 'HomeownerInsuranceCharge' && @.gfe2010FeeIndex == '1')].amount,loan.closingCost.gfe2010.gfe2010Fees[(gfe2010FeeParentType == 'Section900' && gfe2010FeeType == 'HomeownerInsuranceCharge' && gfe2010FeeIndex == '1')].amount,no,no,2,0.4,0,0,2,,,,,,,no,
NEWHUD.X591,Fees Line 904 Borr,standard,Decimal,DECIMAL_2,float x5,$.closingCost.gfe2010.gfe2010Fees[?(@.gfe2010FeeParentType == 'Section900' && @.gfe2010FeeType == 'Line904')].borPaidAmount,loan.closingCost.gfe2010.gfe2010Fees[(gfe2010FeeParentType == 'Section900' && gfe2010FeeType == 'Line904')].borPaidAmount,no,no,5,1,0,0,5,519.8,524.95,677.35,2818.825,3123.55,,no,
NEWHUD.X594,Fees Line 903 Seller,standard,Decimal,DECIMAL_2,float x1,$.closingCost.gfe2010.gfe2010Fees[?(@.gfe2010FeeParentType == 'Section900' && @.gfe2010FeeType == 'Line904')].selPaidAmount,loan.closingCost.gfe2010.gfe2010Fees[(gfe2010FeeParentType == 'Section900' && gfe2010FeeType == 'Line904')].selPaidAmount,no,no,1,0.2,0,0,1,,,,,,,no,
NEWHUD.X598,Fees Line 906 Borr Select,standard,Boolean,YN,bool x8,$.closingCost.gfe2010Section.borrowerSelectIndicator906,loan.closingCost.gfe2010Section.borrowerSelectIndicator906,no,no,0,0,0,0,1,,,,,,,no,
NEWHUD.X603,Fees Line 1301 Borrower,standard,Decimal,DECIMAL_2,float x116 | int x35,$.closingCost.gfe2010.gfe2010Fees[?(@.gfe2010FeeParentType == 'Section1300' && @.gfe2010FeeType == 'Line1301')].borPaidAmount,loan.closingCost.gfe2010.gfe2010Fees[(gfe2010FeeParentType == 'Section1300' && gfe2010FeeType == 'Line1301')].borPaidAmount,no,no,145,29.6,6,2.4,147,74.29,866.535,2044.05,3229.745,438310.56,Docs Out,no,identifying-or-high-cardinality
NEWHUD.X604,Fees Line 1202 Applied to GFE,standard,Decimal,DECIMAL_2,int x12 | float x1,$.closingCost.gfe2010.gfe2010Fees[?(@.gfe2010FeeParentType == 'Section1200' && @.gfe2010FeeType == 'Line1202')].gfeAmount,loan.closingCost.gfe2010.gfe2010Fees[(gfe2010FeeParentType == 'Section1200' && gfe2010FeeType == 'Line1202')].gfeAmount,no,no,12,2.4,0,0,12,237.5,272.5,345,425,490,Purchasing Conditions,no,
NEWHUD.X607,Fees Line 1201 Borr,standard,Decimal,DECIMAL_2,int x154 | float x25,$.closingCost.gfe2010.gfe2010Fees[?(@.gfe2010FeeParentType == 'Section1200' && @.gfe2010FeeType == 'Line1201')].borPaidAmount,loan.closingCost.gfe2010.gfe2010Fees[(gfe2010FeeParentType == 'Section1200' && gfe2010FeeType == 'Line1201')].borPaidAmount,no,no,173,35.3,3,1.2,99,143.75,270,329,406,600,Docs Out,no,identifying-or-high-cardinality
NEWHUD.X609,Fees Apprsl Fee Applied to GFE,standard,Decimal,DECIMAL_2,int x725,$.closingCost.gfe2010.requiredAppraisalFee,loan.closingCost.gfe2010.requiredAppraisalFee,no,no,489,99.8,229,91.2,19,250,750,750,887.5,1400,Started,no,
NEWHUD.X610,Fees Credit Report Fee Applied to GFE,standard,Decimal,DECIMAL_2,int x617 | float x109,$.closingCost.gfe2010.requiredCreditReportFee,loan.closingCost.gfe2010.requiredCreditReportFee,no,no,488,99.6,230,91.6,16,76.21,93.955,112.14,150,283.44,Started,no,
NEWHUD.X612,Fees Flood Cert Fee Applied to GFE,standard,Decimal,DECIMAL_2,float x423,$.closingCost.gfe2010.requiredFloodCertificationFee,loan.closingCost.gfe2010.requiredFloodCertificationFee,no,no,355,72.4,64,25.5,1,11.97,11.97,11.97,11.97,11.97,Started,no,
NEWHUD.X625,Fees Line 909 Paid To,standard,String,STRING,str x8,$.closingCost.gfe2010.gfe2010Fees[?(@.gfe2010FeeParentType == 'Section900' && @.gfe2010FeeType == 'Line909')].ptbType,loan.closingCost.gfe2010.gfe2010Fees[(gfe2010FeeParentType == 'Section900' && gfe2010FeeType == 'Line909')].ptbType,no,no,0,0,0,0,1,,,,,,,no,
NEWHUD.X626,Fees Line 910 Paid To,standard,String,STRING,str x8,$.closingCost.gfe2010.gfe2010Fees[?(@.gfe2010FeeParentType == 'Section900' && @.gfe2010FeeType == 'Line910')].ptbType,loan.closingCost.gfe2010.gfe2010Fees[(gfe2010FeeParentType == 'Section900' && gfe2010FeeType == 'Line910')].ptbType,no,no,0,0,0,0,1,,,,,,,no,
NEWHUD.X627,Fees Line 802 Paid To,standard,String,STRING,str x8,$.closingCost.gfe2010.gfe2010Fees[?(@.gfe2010FeeParentType == 'Section800' && @.gfe2010FeeType == 'Line802')].ptbType,loan.closingCost.gfe2010.gfe2010Fees[(gfe2010FeeParentType == 'Section800' && gfe2010FeeType == 'Line802')].ptbType,no,no,0,0,0,0,1,,,,,,,no,
NEWHUD.X628,Fees Flood Cert Fee Paid To,standard,String,STRING,str x8,$.closingCost.gfe2010.gfe2010Fees[?(@.gfe2010FeeParentType == 'Section800' && @.gfe2010FeeType == 'Line807')].ptbType,loan.closingCost.gfe2010.gfe2010Fees[(gfe2010FeeParentType == 'Section800' && gfe2010FeeType == 'Line807')].ptbType,no,no,0,0,0,0,1,,,,,,,no,
NEWHUD.X630,Fees Line 904 Paid To,standard,String,STRING,str x8,$.closingCost.gfe2010.gfe2010Fees[?(@.gfe2010FeeParentType == 'Section900' && @.gfe2010FeeType == 'Line904')].ptbType,loan.closingCost.gfe2010.gfe2010Fees[(gfe2010FeeParentType == 'Section900' && gfe2010FeeType == 'Line904')].ptbType,no,no,0,0,0,0,1,,,,,,,no,
NEWHUD.X639,Fees Line 1104 Borr,standard,Decimal,DECIMAL_2,int x19 | float x9,$.closingCost.gfe2010.gfe2010Fees[?(@.gfe2010FeeParentType == 'Section1100' && @.gfe2010FeeType == 'Line1104')].borPaidAmount,loan.closingCost.gfe2010.gfe2010Fees[(gfe2010FeeParentType == 'Section1100' && gfe2010FeeType == 'Line1104')].borPaidAmount,no,no,26,5.3,0,0,28,335,587.5,926,1619.875,2289.89,Purchasing Conditions,no,identifying-or-high-cardinality
NEWHUD.X640,Fees Line 1107 Borr,standard,Decimal,DECIMAL_2,float x1,$.closingCost.gfe2010.gfe2010Fees[?(@.gfe2010FeeParentType == 'Section1100' && @.gfe2010FeeType == 'Line1107')].borPaidAmount,loan.closingCost.gfe2010.gfe2010Fees[(gfe2010FeeParentType == 'Section1100' && gfe2010FeeType == 'Line1107')].borPaidAmount,no,no,0,0,0,0,1,,,,,,,no,
NEWHUD.X641,Fees Line 1108 Borr,standard,Decimal,DECIMAL_2,float x1,$.closingCost.gfe2010.gfe2010Fees[?(@.gfe2010FeeParentType == 'Section1100' && @.gfe2010FeeType == 'Line1108')].borPaidAmount,loan.closingCost.gfe2010.gfe2010Fees[(gfe2010FeeParentType == 'Section1100' && gfe2010FeeType == 'Line1108')].borPaidAmount,no,no,0,0,0,0,1,,,,,,,no,
NEWHUD.X645,Fees Line 1102 Borr,standard,Decimal,DECIMAL_2,int x6,$.closingCost.settlementClosingFeeNewHudBorPaidAmount,loan.closingCost.settlementClosingFeeNewHudBorPaidAmount,no,no,5,1,0,0,4,425,443.75,487.5,500,500,,no,
NEWHUD.X650,Fees Homeowner's Ins Fee Applied to GFE,standard,Decimal,DECIMAL_2,int x17 | float x9,$.closingCost.gfe2010.hazardInsurance,loan.closingCost.gfe2010.hazardInsurance,no,no,25,5.1,1,0.4,26,80.12,893.52,1585,2565.28,4620,Investor Delivery,no,identifying-or-high-cardinality
NEWHUD.X651,Fees Line 903 Borr Select,standard,Boolean,YN,bool x8,$.closingCost.gfe2010Section.borrowerSelectIndicator903,loan.closingCost.gfe2010Section.borrowerSelectIndicator903,no,no,0,0,0,0,1,,,,,,,no,
NEWHUD.X659,Fees Line 835 APR,standard,Boolean,YN,bool x8,$.closingCost.gfe2010.gfe2010Fees[?(@.gfe2010FeeParentType == 'Section800' && @.gfe2010FeeType == 'Line819')].aprIndicator,loan.closingCost.gfe2010.gfe2010Fees[(gfe2010FeeParentType == 'Section800' && gfe2010FeeType == 'Line819')].aprIndicator,no,no,0,0,0,0,1,,,,,,,no,
NEWHUD.X660,Fees Line 835 Paid to,standard,String,STRING,str x8,$.closingCost.gfe2010.gfe2010Fees[?(@.gfe2010FeeParentType == 'Section800' && @.gfe2010FeeType == 'Line819')].ptbType,loan.closingCost.gfe2010.gfe2010Fees[(gfe2010FeeParentType == 'Section800' && gfe2010FeeType == 'Line819')].ptbType,no,no,0,0,0,0,1,,,,,,,no,
NEWHUD.X662,Fees Line 808 Fee Applied to GFE,standard,Decimal,DECIMAL_2,float x153 | int x20,$.closingCost.gfe2010.line808Fee,loan.closingCost.gfe2010.line808Fee,no,no,151,30.8,17,6.8,19,-74418.36,99.91,99.91,99.91,313250,Started,no,
NEWHUD.X663,Fees Line 809 Fee Applied to GFE,standard,Decimal,DECIMAL_2,int x5,$.closingCost.gfe2010.line809Fee,loan.closingCost.gfe2010.line809Fee,no,no,1,0.2,1,0.4,2,,,,,,,no,
NEWHUD.X664,Fees Line 810 Fee Applied to GFE,standard,Decimal,DECIMAL_2,int x2,$.closingCost.gfe2010.line810Fee,loan.closingCost.gfe2010.line810Fee,no,no,2,0.4,0,0,2,,,,,,,no,
NEWHUD.X672,Fees Line Fees Line 801 Broker Compensation Borrower Checked,standard,String,STRING,str x4,$.closingCost.gfe2010Page.brokerCompensationFwbc,loan.closingCost.gfe2010Page.brokerCompensationFwbc,no,no,0,0,4,1.6,1,,,,,,,no,
NEWHUD.X686,Fees Line 801 Borr Paid Orig Chrg,standard,Decimal,DECIMAL_2,int x588 | float x125,$.closingCost.gfe2010.gfe2010Fees[?(@.gfe2010FeeParentType == 'Section800' && @.gfe2010FeeType == 'Line801' && @.gfe2010FeeIndex == '0')].borPaidAmount,loan.closingCost.gfe2010.gfe2010Fees[(gfe2010FeeParentType == 'Section800' && gfe2010FeeType == 'Line801' && gfe2010FeeIndex == '0')].borPaidAmount,no,no,477,97.3,230,91.6,462,2095,2095,4495,8095,17495,Started,no,identifying-or-high-cardinality
NEWHUD.X687,Fees Line 802 Borr Credit/Points,standard,Decimal,DECIMAL_2,float x25 | int x18,$.closingCost.gfe2010.gfe2010Fees[?(@.gfe2010FeeParentType == 'Section800' && @.gfe2010FeeType == 'Line802')].borPaidAmount,loan.closingCost.gfe2010.gfe2010Fees[(gfe2010FeeParentType == 'Section800' && gfe2010FeeType == 'Line802')].borPaidAmount,no,no,43,8.8,0,0,42,-8131,-2545,-498.375,356.0625,1668.75,Investor Delivery,no,identifying-or-high-cardinality
NEWHUD.X688,Fees Line 803 Borr Paid Adj Orig Chrgs,standard,Decimal,DECIMAL_2,int x573 | float x144,$.closingCost.gfe2010.gfe2010Fees[?(@.gfe2010FeeParentType == 'Section800' && @.gfe2010FeeType == 'Line803')].borPaidAmount,loan.closingCost.gfe2010.gfe2010Fees[(gfe2010FeeParentType == 'Section800' && gfe2010FeeType == 'Line803')].borPaidAmount,no,no,481,98.2,230,91.6,491,2095,2095,4720,8095,17495,Started,no,identifying-or-high-cardinality
NEWHUD.X689,Fees Line 801 APR,standard,Boolean,YN,bool x8,$.closingCost.gfe2010.gfe2010Fees[?(@.gfe2010FeeParentType == 'Section800' && @.gfe2010FeeType == 'Line801' && @.gfe2010FeeIndex == '0')].aprIndicator,loan.closingCost.gfe2010.gfe2010Fees[(gfe2010FeeParentType == 'Section800' && gfe2010FeeType == 'Line801' && gfe2010FeeIndex == '0')].aprIndicator,no,no,0,0,0,0,1,,,,,,,no,
NEWHUD.X690,Line 819 Paid to,standard,String,STRING,str x8,$.closingCost.gfe2010.gfe2010Fees[?(@.gfe2010FeeParentType == 'Section800' && @.gfe2010FeeType == 'Line801' && @.gfe2010FeeIndex == '0')].ptbType,loan.closingCost.gfe2010.gfe2010Fees[(gfe2010FeeParentType == 'Section800' && gfe2010FeeType == 'Line801' && gfe2010FeeIndex == '0')].ptbType,no,no,0,0,0,0,1,,,,,,,no,
NEWHUD.X691,Fees Line 1001 Applied to GFE,standard,Decimal,DECIMAL_2,float x278 | int x138,$.closingCost.gfe2010.line1001Fee,loan.closingCost.gfe2010.line1001Fee,no,no,402,82,8,3.2,380,320,600,1200,1975,5125,Started,no,identifying-or-high-cardinality
NEWHUD.X692,Fees Line 1002 Applied to GFE,standard,Decimal,DECIMAL_2,float x222 | int x185,$.closingCost.gfe2010.line1002Fee,loan.closingCost.gfe2010.line1002Fee,no,no,394,80.4,8,3.2,305,100,200,240,387.5,2400,Started,no,identifying-or-high-cardinality
NEWHUD.X694,Fees Line 1004 Applied to GFE,standard,Decimal,DECIMAL_2,float x261 | int x149,$.closingCost.gfe2010.line1004Fee,loan.closingCost.gfe2010.line1004Fee,no,no,396,80.8,8,3.2,351,185,407.075,998,1600,3625,Started,no,identifying-or-high-cardinality
NEWHUD.X695,Fees Line 1005 Applied to GFE,standard,Decimal,DECIMAL_2,float x4 | int x1,$.closingCost.gfe2010.line1005Fee,loan.closingCost.gfe2010.line1005Fee,no,no,5,1,0,0,5,141.1,231.05,737.22,1665.87,2388.18,,no,
NEWHUD.X696,Fees Line 1006 Applied to GFE,standard,Decimal,DECIMAL_2,float x10 | int x2,$.closingCost.gfe2010.line1006Fee,loan.closingCost.gfe2010.line1006Fee,no,no,12,2.4,0,0,12,72,124.125,239.55,397.635,2368.35,Purchasing Conditions,no,
NEWHUD.X697,Fees Line 1007 Applied to GFE,standard,Decimal,DECIMAL_2,float x37 | int x2,$.closingCost.gfe2010.line1007Fee,loan.closingCost.gfe2010.line1007Fee,no,no,39,8,0,0,39,52.85,215.94,466.56,1396.525,6245.12,Investor Delivery,no,identifying-or-high-cardinality
NEWHUD.X698,Fees Line 1008 Applied to GFE,standard,Decimal,DECIMAL_2,float x17 | int x3,$.closingCost.gfe2010.line1008Fee,loan.closingCost.gfe2010.line1008Fee,no,no,20,4.1,0,0,19,50.96,295.02,711.35,1751.515,6373.51,Purchasing Conditions,no,
NEWHUD.X699,Fees Line 1009 Applied to GFE,standard,Decimal,DECIMAL_2,float x7,$.closingCost.gfe2010.line1009Fee,loan.closingCost.gfe2010.line1009Fee,no,no,7,1.4,0,0,7,34.5,94.8,310.3,351.9,477.6,,no,
NEWHUD.X700,Trans Tax Total HUD-1 P3,standard,Decimal,DECIMAL_2,int x12 | float x8,$.closingCost.gfe2010Section.section800TotalTransferTaxes,loan.closingCost.gfe2010Section.section800TotalTransferTaxes,no,no,20,4.1,0,0,20,10,1677.1875,4427.45,7862.625,9980,Purchasing Conditions,no,
NEWHUD.X701,Fees Daily Int Chrgs Applied to GFE,standard,Decimal,DECIMAL_2,float x286 | int x4,$.closingCost.gfe2010.dailyInterestCharges,loan.closingCost.gfe2010.dailyInterestCharges,no,no,266,54.3,17,6.8,282,14.38,230.14,405.69,728.95,11361.04,Started,no,identifying-or-high-cardinality
NEWHUD.X702,Fees Application Fees Applied to GFE,standard,Decimal,DECIMAL_2,int x725,$.closingCost.gfe2010.applicationFees,loan.closingCost.gfe2010.applicationFees,no,no,489,99.8,230,91.6,2,1200,1200,1397.5,1595,1595,Started,no,
NEWHUD.X708,Seller Fees Line 1101 for HUD-1 Page 2,standard,Decimal,DECIMAL_2,int x8,$.closingCost.gfe2010Section.line1101SellerPaidAtoF,loan.closingCost.gfe2010Section.line1101SellerPaidAtoF,no,no,8,1.6,0,0,8,25,140,272.5,495,1323,,no,
NEWHUD.X711,Orig Charge Paid by Borrower,standard,Decimal,DECIMAL_2,int x1,$.closingCost.gfe2010.originationPoints,loan.closingCost.gfe2010.originationPoints,no,no,1,0.2,0,0,1,,,,,,,no,
NEWHUD.X713,Include Points/Credit in Orig Chrg,standard,String,STRING,str x44,$.closingCost.gfe2010Section.section800CreditChargeType,loan.closingCost.gfe2010Section.section800CreditChargeType,no,no,44,9,0,0,2,,,,,,Investor Delivery,no,
NEWHUD.X714,Include Points/Credit in Orig Chrg,standard,String,STRING,str x1,$.closingCost.gfe2010.includeOriginationPointsCreditType,loan.closingCost.gfe2010.includeOriginationPointsCreditType,no,no,1,0.2,0,0,1,,,,,,,no,
NEWHUD.X715,Borr Receives Credit/Pays Fee,standard,String,STRING,str x43,$.closingCost.gfe2010Section.section800IncludeOriginationPointsCreditType,loan.closingCost.gfe2010Section.section800IncludeOriginationPointsCreditType,no,no,43,8.8,0,0,2,,,,,,Investor Delivery,no,
NEWHUD.X717,Chrg Amt You Pay,standard,Decimal,DECIMAL_2,float x15 | int x2,$.closingCost.gfe2010Section.section800ChargeAmount,loan.closingCost.gfe2010Section.section800ChargeAmount,no,no,17,3.5,0,0,17,38.25,393.19,623.03,1437.645,6600,Purchasing Conditions,no,
NEWHUD.X719,No. Days from Rate Lock to Settlement,standard,String,STRING,str x185,$.closingCost.gfe2010.daysToSettlement,loan.closingCost.gfe2010.daysToSettlement,no,no,184,37.6,0,0,13,,,,,,Docs Out,no,
NEWHUD.X720,Borr Charge Amt for Points - Itemization,standard,Decimal,DECIMAL_2,int x1,$.closingCost.gfe2010.chargeAmount,loan.closingCost.gfe2010.chargeAmount,no,no,1,0.2,0,0,1,,,,,,,no,
NEWHUD.X722,Borr Charge Amt for Points - GFE,standard,Decimal,DECIMAL_2,int x1,$.closingCost.gfe2010.chargeAmountForPrint,loan.closingCost.gfe2010.chargeAmountForPrint,no,no,1,0.2,0,0,1,,,,,,,no,
NEWHUD.X723,New HUD Homeowner Ins Total Amt,standard,Decimal,DECIMAL_2,int x17 | float x9,$.closingCost.gfe2010Section.section900HomeownerInsurance,loan.closingCost.gfe2010Section.section900HomeownerInsurance,no,no,25,5.1,1,0.4,26,80.12,893.52,1585,2565.28,4620,Investor Delivery,no,identifying-or-high-cardinality
NEWHUD.X726,User Defined Orig Fee Line 801 - Line 1 Desc,standard,String,STRING,str x724,$.closingCost.gfe2010.gfe2010Fees[?(@.gfe2010FeeParentType == 'NewHud' && @.gfe2010FeeType == 'OriginationChargeUserAmount' && @.gfe2010FeeIndex == '1')].description,loan.closingCost.gfe2010.gfe2010Fees[(gfe2010FeeParentType == 'NewHud' && gfe2010FeeType == 'OriginationChargeUserAmount' && gfe2010FeeIndex == '1')].description,no,no,488,99.6,230,91.6,2,,,,,,Started,no,
NEWHUD.X727,User Defined Orig Fee Line 801 - Line 1 Amt,standard,Decimal,DECIMAL_2,int x592,$.closingCost.gfe2010.gfe2010Fees[?(@.gfe2010FeeParentType == 'NewHud' && @.gfe2010FeeType == 'OriginationChargeUserAmount' && @.gfe2010FeeIndex == '1')].amount,loan.closingCost.gfe2010.gfe2010Fees[(gfe2010FeeParentType == 'NewHud' && gfe2010FeeType == 'OriginationChargeUserAmount' && gfe2010FeeIndex == '1')].amount,no,no,489,99.8,97,38.6,2,500,500,550,600,600,Started,no,
NEWHUD.X728,User Defined Orig Fee Line 801 - Line 2 Desc,standard,String,STRING,str x134,$.closingCost.gfe2010.gfe2010Fees[?(@.gfe2010FeeParentType == 'NewHud' && @.gfe2010FeeType == 'OriginationChargeUserAmount' && @.gfe2010FeeIndex == '2')].description,loan.closingCost.gfe2010.gfe2010Fees[(gfe2010FeeParentType == 'NewHud' && gfe2010FeeType == 'OriginationChargeUserAmount' && gfe2010FeeIndex == '2')].description,no,no,0,0,134,53.4,1,,,,,,,no,
NEWHUD.X729,User Defined Orig Fee Line 801 - Line 2 Amt,standard,Decimal,DECIMAL_2,int x134,$.closingCost.gfe2010.gfe2010Fees[?(@.gfe2010FeeParentType == 'NewHud' && @.gfe2010FeeType == 'OriginationChargeUserAmount' && @.gfe2010FeeIndex == '2')].amount,loan.closingCost.gfe2010.gfe2010Fees[(gfe2010FeeParentType == 'NewHud' && gfe2010FeeType == 'OriginationChargeUserAmount' && gfe2010FeeIndex == '2')].amount,no,no,0,0,134,53.4,1,995,995,995,995,995,,no,
NEWHUD.X730,Fees Line 1203 Borr,standard,Decimal,DECIMAL_2,int x1,$.closingCost.gfe2010.transferTaxes,loan.closingCost.gfe2010.transferTaxes,no,no,1,0.2,0,0,1,,,,,,,no,
NEWHUD.X731,Fees Line 1203 Applied to GFE,standard,Decimal,DECIMAL_2,int x6 | float x5,$.closingCost.gfe2010.gfe2010Fees[?(@.gfe2010FeeParentType == 'Section800' && @.gfe2010FeeType == 'Line1203')].borPaidAmount,loan.closingCost.gfe2010.gfe2010Fees[(gfe2010FeeParentType == 'Section800' && gfe2010FeeType == 'Line1203')].borPaidAmount,no,no,11,2.2,0,0,11,950,2490,5170,8257.5,8968.6,Purchasing Conditions,no,
NEWHUD.X749,Fees Line 802 Paid By,standard,String,STRING,str x1,$.closingCost.gfe2010.gfe2010Fees[?(@.gfe2010FeeParentType == 'Section800' && @.gfe2010FeeType == 'Line802')].paidByType,loan.closingCost.gfe2010.gfe2010Fees[(gfe2010FeeParentType == 'Section800' && gfe2010FeeType == 'Line802')].paidByType,no,no,1,0.2,0,0,1,,,,,,,no,
NEWHUD.X750,Itemize Fees on Line 801,standard,Boolean,YN,bool x772,$.closingCost.gfe2010Section.section800ItemizeFeesIndicator,loan.closingCost.gfe2010Section.section800ItemizeFeesIndicator,no,no,490,100,251,100,1,,,,,,Started,no,
NEWHUD.X752,Fees Line 808 POC,standard,Boolean,YN,bool x151,$.closingCost.gfe2010.gfe2010Fees[?(@.gfe2010FeeParentType == 'Section800' && @.gfe2010FeeType == 'Line808')].pocPtcIndicator,loan.closingCost.gfe2010.gfe2010Fees[(gfe2010FeeParentType == 'Section800' && gfe2010FeeType == 'Line808')].pocPtcIndicator,no,no,149,30.4,1,0.4,1,,,,,,Started,no,
NEWHUD.X753,Fees Line 809 POC,standard,Boolean,YN,bool x2,$.closingCost.gfe2010.gfe2010Fees[?(@.gfe2010FeeParentType == 'Section800' && @.gfe2010FeeType == 'Line809')].pocPtcIndicator,loan.closingCost.gfe2010.gfe2010Fees[(gfe2010FeeParentType == 'Section800' && gfe2010FeeType == 'Line809')].pocPtcIndicator,no,no,2,0.4,0,0,1,,,,,,,no,
NEWHUD.X754,Fees Line 810 POC,standard,Boolean,YN,bool x5,$.closingCost.gfe2010.gfe2010Fees[?(@.gfe2010FeeParentType == 'Section800' && @.gfe2010FeeType == 'Line810')].pocPtcIndicator,loan.closingCost.gfe2010.gfe2010Fees[(gfe2010FeeParentType == 'Section800' && gfe2010FeeType == 'Line810')].pocPtcIndicator,no,no,5,1,0,0,1,,,,,,Purchasing Conditions,no,
NEWHUD.X766,Fees Line 1302 POC,standard,Boolean,YN,bool x1,$.closingCost.gfe2010.gfe2010Fees[?(@.gfe2010FeeParentType == 'Section1300' && @.gfe2010FeeType == 'Line1302')].pocPtcIndicator,loan.closingCost.gfe2010.gfe2010Fees[(gfe2010FeeParentType == 'Section1300' && gfe2010FeeType == 'Line1302')].pocPtcIndicator,no,no,1,0.2,0,0,1,,,,,,,no,
NEWHUD.X769,Loan Origination Fees Percent,standard,Decimal,DECIMAL_3,int x725,$.closingCost.gfe2010.loanOriginationPercentage,loan.closingCost.gfe2010.loanOriginationPercentage,no,no,487,99.4,230,91.6,1,2,2,2,2,2,Started,no,
NEWHUD.X770,Loan Origination Fees Applied to GFE,standard,Decimal,DECIMAL_2,int x589 | float x68,$.closingCost.gfe2010.loanOriginationFees,loan.closingCost.gfe2010.loanOriginationFees,no,no,448,91.4,203,80.9,451,1500,3900,7350,8887.5,12750,Started,no,identifying-or-high-cardinality
NEWHUD.X773,Borr Total Closing Cost for HUD-1 Pg1,standard,Decimal,DECIMAL_2,float x614 | int x118,$.closingCost.gfe2010Page.hud1Pg1TotalSettlementCharges,loan.closingCost.gfe2010Page.hud1Pg1TotalSettlementCharges,no,no,489,99.8,232,92.4,670,2245,2256.97,2345,7332.21,580895,Started,no,identifying-or-high-cardinality
NEWHUD.X774,Seller Total Closing Cost for HUD-1 Pg1,standard,Decimal,DECIMAL_2,float x25 | int x7,$.closingCost.gfe2010Page.hud1Pg1SellerPaidClosingCostsAmount,loan.closingCost.gfe2010Page.hud1Pg1SellerPaidClosingCostsAmount,no,no,30,6.1,2,0.8,32,25,3457.75,7344.8,24484.13,37227.77,Investor Delivery,no,identifying-or-high-cardinality
NEWHUD.X775,Borr Fees Line 1101 for HUD-1 Page 2,standard,Decimal,DECIMAL_2,int x139 | float x55,$.closingCost.gfe2010Section.line1101BorPaidTotal,loan.closingCost.gfe2010Section.line1101BorPaidTotal,no,no,182,37.1,9,3.6,190,100,1741,2037.5,3128.55,8870,Docs Out,no,identifying-or-high-cardinality
NEWHUD.X776,Borr Fees Line 1201 for HUD-1 Page 2,standard,Decimal,DECIMAL_2,int x154 | float x25,$.closingCost.gfe2010Section.line1201BorPaidTotal,loan.closingCost.gfe2010Section.line1201BorPaidTotal,no,no,173,35.3,3,1.2,99,143.75,270,329,406,600,Docs Out,no,identifying-or-high-cardinality
NEWHUD.X777,Borr Fees Line 1301 for HUD-1 Page 2,standard,Decimal,DECIMAL_2,float x116 | int x35,$.closingCost.gfe2010Section.line1301BorPaidTotal,loan.closingCost.gfe2010Section.line1301BorPaidTotal,no,no,145,29.6,6,2.4,147,74.29,866.535,2044.05,3229.745,438310.56,Docs Out,no,identifying-or-high-cardinality
NEWHUD.X778,Trans Tax Total for HUD-1 Page 2,standard,Decimal,DECIMAL_2,int x12 | float x8,$.closingCost.gfe2010Section.section1200TotalTransferTaxes,loan.closingCost.gfe2010Section.section1200TotalTransferTaxes,no,no,20,4.1,0,0,20,10,1677.1875,4427.45,7862.625,9980,Purchasing Conditions,no,
NEWHUD.X787,Fees Line 1203 Seller,standard,Decimal,DECIMAL_2,int x6,$.closingCost.gfe2010.gfe2010Fees[?(@.gfe2010FeeParentType == 'Section800' && @.gfe2010FeeType == 'Line1203')].selPaidAmount,loan.closingCost.gfe2010.gfe2010Fees[(gfe2010FeeParentType == 'Section800' && gfe2010FeeType == 'Line1203')].selPaidAmount,no,no,6,1.2,0,0,6,950,1737.5,4057.5,6159.5,9401,,no,
NEWHUD.X795,Fees Line 801 Borrower Paid Total,standard,Decimal,DECIMAL_2,int x588 | float x125,$.closingCost.gfe2010Page.line801BorrowerPaidTotal,loan.closingCost.gfe2010Page.line801BorrowerPaidTotal,no,yes,477,97.3,230,91.6,462,2095,2095,4495,8095,17495,Started,no,identifying-or-high-cardinality
NEWHUD.X796,Fees Line 803 Borrower Paid Total,standard,Decimal,DECIMAL_2,int x573 | float x144,$.closingCost.gfe2010Page.line803BorrowerPaidTotal,loan.closingCost.gfe2010Page.line803BorrowerPaidTotal,no,yes,481,98.2,230,91.6,491,2095,2095,4720,8095,17495,Started,no,identifying-or-high-cardinality
NEWHUD.X797,Fees Line 802 Borrower Paid Total,standard,Decimal,DECIMAL_2,float x25 | int x18,$.closingCost.gfe2010Page.line802BorrowerPaidTotal,loan.closingCost.gfe2010Page.line802BorrowerPaidTotal,no,yes,43,8.8,0,0,42,-8131,-2545,-498.375,356.0625,1668.75,Investor Delivery,no,identifying-or-high-cardinality
NEWHUD.X798,Fees Line 1101 Seller Paid Total,standard,Decimal,DECIMAL_2,int x15,$.closingCost.gfe2010Page.line1101SellerPaidTotal,loan.closingCost.gfe2010Page.line1101SellerPaidTotal,no,yes,14,2.9,1,0.4,11,25,100,200,350,1323,Investor Delivery,no,
NEWHUD.X799,Fees Line 1201 Seller Paid Total,standard,Decimal,DECIMAL_2,int x8 | float x7,$.closingCost.gfe2010Page.line1201SellerPaidTotal,loan.closingCost.gfe2010Page.line1201SellerPaidTotal,no,yes,15,3.1,0,0,14,39.25,160,1805,5600,6712.5,Investor Delivery,no,
NEWHUD.X800,Fees Line 1301 Seller Paid Total,standard,Decimal,DECIMAL_2,float x17 | int x8,$.closingCost.gfe2010Page.line1301SellerPaidTotal,loan.closingCost.gfe2010Page.line1301SellerPaidTotal,no,yes,24,4.9,1,0.4,25,150,1797.4,3054.74,10242.585,25101.27,Investor Delivery,no,
NEWHUD.X802,HUD-1 Pg 3 Initial Mthly Amt w/Escrow,standard,Decimal,DECIMAL_2,float x173,$.closingCost.gfe2010Page.monthlyAmountWithEscrow,loan.closingCost.gfe2010Page.monthlyAmountWithEscrow,no,yes,172,35.1,0,0,172,1132.22,1829.03,2579.91,3475.465,5833.52,Docs Out,no,identifying-or-high-cardinality
NEWHUD.X804,Owner's Title Insurance Paid To,standard,String,STRING,str x8,$.closingCost.gfe2010.gfe2010Fees[?(@.gfe2010FeeParentType == 'Section1100' && @.gfe2010FeeType == 'Line1103')].ptbType,loan.closingCost.gfe2010.gfe2010Fees[(gfe2010FeeParentType == 'Section1100' && gfe2010FeeType == 'Line1103')].ptbType,no,no,0,0,0,0,1,,,,,,,no,
NEWHUD.X805,Lender's Title Insurance Paid To,standard,String,STRING,str x8,$.closingCost.gfe2010.gfe2010Fees[?(@.gfe2010FeeParentType == 'Section1100' && @.gfe2010FeeType == 'Line1104')].ptbType,loan.closingCost.gfe2010.gfe2010Fees[(gfe2010FeeParentType == 'Section1100' && gfe2010FeeType == 'Line1104')].ptbType,no,no,0,0,0,0,1,,,,,,,no,
NEWHUD.X806,2010 GFE Loan Originator Name,standard,String,STRING,str x228,$.closingCost.gfe2010.loanOriginatorName,loan.closingCost.gfe2010.loanOriginatorName,no,no,184,37.6,28,11.2,2,,,,,,Submittal,no,identifying-or-high-cardinality
NEWHUD.X808,2010 Escrow Fee,standard,Decimal,DECIMAL_2,int x6,$.closingCost.escrowTableFee,loan.closingCost.escrowTableFee,no,no,5,1,0,0,4,425,443.75,487.5,500,500,,no,
NEWHUD.X828,Fee Line 801 Whole POC Amount 8,standard,Decimal,DECIMAL_2,int x1,$.closingCost.gfe2010.gfe2010WholePocs[?(@.lineNumber == '801' && @.gfe2010WholePocIndex == '8')].wholePoc,loan.closingCost.gfe2010.gfe2010WholePocs[(lineNumber == '801' && gfe2010WholePocIndex == '8')].wholePoc,no,no,0,0,0,0,1,,,,,,,no,
NEWHUD.X832,Fee Line 804 Whole POC Amount,standard,Decimal,DECIMAL_2,int x719,$.closingCost.gfe2010.gfe2010WholePocs[?(@.lineNumber == '804')].wholePoc,loan.closingCost.gfe2010.gfe2010WholePocs[(lineNumber == '804')].wholePoc,no,no,486,99.2,229,91.2,37,250,700,735,750,1800,Started,no,identifying-or-high-cardinality
NEWHUD.X836,Fee Line 808 Whole POC Amount,standard,Decimal,DECIMAL_2,float x145 | int x6,$.closingCost.gfe2010.gfe2010WholePocs[?(@.lineNumber == '808')].wholePoc,loan.closingCost.gfe2010.gfe2010WholePocs[(lineNumber == '808')].wholePoc,no,no,149,30.4,1,0.4,12,97,99.91,99.91,99.91,707.61,Started,no,
NEWHUD.X837,Fee Line 809 Whole POC Amount,standard,Decimal,DECIMAL_2,float x1 | int x1,$.closingCost.gfe2010.gfe2010WholePocs[?(@.lineNumber == '809')].wholePoc,loan.closingCost.gfe2010.gfe2010WholePocs[(lineNumber == '809')].wholePoc,no,no,2,0.4,0,0,2,,,,,,,no,
NEWHUD.X838,Fee Line 810 Whole POC Amount,standard,Decimal,DECIMAL_2,int x3 | float x2,$.closingCost.gfe2010.gfe2010WholePocs[?(@.lineNumber == '810')].wholePoc,loan.closingCost.gfe2010.gfe2010WholePocs[(lineNumber == '810')].wholePoc,no,no,5,1,0,0,3,99.91,99.91,175,200,200,Purchasing Conditions,no,
NEWHUD.X850,Fee Line 903 Whole POC Amount,standard,Decimal,DECIMAL_2,int x1,$.closingCost.gfe2010.gfe2010WholePocs[?(@.lineNumber == '903')].wholePoc,loan.closingCost.gfe2010.gfe2010WholePocs[(lineNumber == '903')].wholePoc,no,no,1,0.2,0,0,1,,,,,,,no,
NEWHUD.X874,Fee Line 1302 Whole POC Amount,standard,Decimal,DECIMAL_2,float x1,$.closingCost.gfe2010.gfe2010WholePocs[?(@.lineNumber == '1302')].wholePoc,loan.closingCost.gfe2010.gfe2010WholePocs[(lineNumber == '1302')].wholePoc,no,no,1,0.2,0,0,1,,,,,,,no,
NEWHUD.X899,Fee Line 808 Whole POC Amount Paid By,standard,String,STRING,str x1,$.closingCost.gfe2010.gfe2010WholePocs[?(@.lineNumber == '808')].wholePocPaidByType,loan.closingCost.gfe2010.gfe2010WholePocs[(lineNumber == '808')].wholePocPaidByType,no,no,1,0.2,0,0,1,,,,,,,no,
NEWHUD.X947,Fees Line 1203 Applied to GFE Descr,standard,String,STRING,str x4,$.closingCost.gfe2010.gfe2010Fees[?(@.gfe2010FeeParentType == 'Section1200' && @.gfe2010FeeType == 'Line1203')].description,loan.closingCost.gfe2010.gfe2010Fees[(gfe2010FeeParentType == 'Section1200' && gfe2010FeeType == 'Line1203')].description,no,no,4,0.8,0,0,4,,,,,,,no,
NEWHUD.X948,Fees Line 1010 Aggregate Adjust Applied to GFE,standard,Decimal,DECIMAL_2,float x143 | int x10,$.closingCost.gfe2010Section.section1000AggregateAdjust,loan.closingCost.gfe2010Section.section1000AggregateAdjust,no,yes,153,31.2,0,0,151,-3131.5,-807.72,-462.36,-160,-67.6,Docs Out,no,identifying-or-high-cardinality
NEWHUD.X949,New HUD HUD-1 Page 3 Prepaid Interest,standard,Decimal,DECIMAL_2,float x301 | int x4,$.closingCost.gfe2010Page.prepaidInterest,loan.closingCost.gfe2010Page.prepaidInterest,no,no,281,57.3,17,6.8,296,118.66,232.78,462.56,760.8125,11361.04,Started,no,identifying-or-high-cardinality
NEWHUD.X950,HUD-1 Pg 3 Mthly Escrow Pymt w/o Mrtg Ins,standard,Decimal,DECIMAL_2,float x167 | int x6,$.closingCost.gfe2010Page.monthlyEscrowPayment,loan.closingCost.gfe2010Page.monthlyEscrowPayment,no,yes,172,35.1,0,0,172,191.93,364.425,597.345,814.2725,1665.59,Docs Out,no,identifying-or-high-cardinality
NEWHUD.X951,Component Fee of Line 1101 Additional Line 1101a Description,standard,String,STRING,str x187,$.closingCost.gfe2010.gfe2010Fees[?(@.gfe2010FeeParentType == 'Section1100' && @.gfe2010FeeType == 'Line1101a')].description,loan.closingCost.gfe2010.gfe2010Fees[(gfe2010FeeParentType == 'Section1100' && gfe2010FeeType == 'Line1101a')].description,no,no,172,35.1,6,2.4,58,,,,,,Docs Out,no,identifying-or-high-cardinality
NEWHUD.X952,Component Fee of Line 1101 Additional Line 1101a Borrower Paid Amount,standard,Decimal,DECIMAL_2,int x147 | float x31,$.closingCost.gfe2010.gfe2010Fees[?(@.gfe2010FeeParentType == 'Section1100' && @.gfe2010FeeType == 'Line1101a')].borPaidAmount,loan.closingCost.gfe2010.gfe2010Fees[(gfe2010FeeParentType == 'Section1100' && gfe2010FeeType == 'Line1101a')].borPaidAmount,no,no,171,34.9,6,2.4,146,25,125,355,1250,3163,Docs Out,no,identifying-or-high-cardinality
NEWHUD.X953,Component Fee of Line 1101 Additional Line 1101a Seller Paid Amount,standard,Decimal,DECIMAL_2,int x3,$.closingCost.gfe2010.gfe2010Fees[?(@.gfe2010FeeParentType == 'Section1100' && @.gfe2010FeeType == 'Line1101a')].selPaidAmount,loan.closingCost.gfe2010.gfe2010Fees[(gfe2010FeeParentType == 'Section1100' && gfe2010FeeType == 'Line1101a')].selPaidAmount,no,no,3,0.6,0,0,3,25,25,75,475,475,,no,
NEWHUD.X954,Component Fee of Line 1101 Additional Line 1101a GFE Amount,standard,Decimal,DECIMAL_2,int x18 | float x7,$.closingCost.gfe2010.gfe2010Fees[?(@.gfe2010FeeParentType == 'Section1100' && @.gfe2010FeeType == 'Line1101a')].gfeAmount,loan.closingCost.gfe2010.gfe2010Fees[(gfe2010FeeParentType == 'Section1100' && gfe2010FeeType == 'Line1101a')].gfeAmount,no,no,25,5.1,0,0,18,420,2074.2,4081.35,10000,10000,Purchasing Conditions,no,
NEWHUD.X959,Component Fee of Line 1101 Additional Line 1101a Paid To,standard,String,STRING,str x8,$.closingCost.gfe2010.gfe2010Fees[?(@.gfe2010FeeParentType == 'Section1100' && @.gfe2010FeeType == 'Line1101a')].ptbType,loan.closingCost.gfe2010.gfe2010Fees[(gfe2010FeeParentType == 'Section1100' && gfe2010FeeType == 'Line1101a')].ptbType,no,no,0,0,0,0,1,,,,,,,no,
NEWHUD.X960,Component Fee of Line 1101 Additional Line 1101b Description,standard,String,STRING,str x89,$.closingCost.gfe2010.gfe2010Fees[?(@.gfe2010FeeParentType == 'Section1100' && @.gfe2010FeeType == 'Line1101b')].description,loan.closingCost.gfe2010.gfe2010Fees[(gfe2010FeeParentType == 'Section1100' && gfe2010FeeType == 'Line1101b')].description,no,no,80,16.3,1,0.4,46,,,,,,Investor Delivery,no,identifying-or-high-cardinality
NEWHUD.X961,Component Fee of Line 1101 Additional Line 1101b Borrower Paid Amount,standard,Decimal,DECIMAL_2,int x75 | float x3,$.closingCost.gfe2010.gfe2010Fees[?(@.gfe2010FeeParentType == 'Section1100' && @.gfe2010FeeType == 'Line1101b')].borPaidAmount,loan.closingCost.gfe2010.gfe2010Fees[(gfe2010FeeParentType == 'Section1100' && gfe2010FeeType == 'Line1101b')].borPaidAmount,no,no,77,15.7,1,0.4,33,-200,150,250,500,3103,Investor Delivery,no,identifying-or-high-cardinality
NEWHUD.X962,Component Fee of Line 1101 Additional Line 1101b Seller Paid Amount,standard,Decimal,DECIMAL_2,int x4,$.closingCost.gfe2010.gfe2010Fees[?(@.gfe2010FeeParentType == 'Section1100' && @.gfe2010FeeType == 'Line1101b')].selPaidAmount,loan.closingCost.gfe2010.gfe2010Fees[(gfe2010FeeParentType == 'Section1100' && gfe2010FeeType == 'Line1101b')].selPaidAmount,no,no,4,0.8,0,0,4,45,96.25,272.5,1066,1323,,no,
NEWHUD.X963,Component Fee of Line 1101 Additional Line 1101b GFE Amount,standard,Decimal,DECIMAL_2,int x2 | float x1,$.closingCost.gfe2010.gfe2010Fees[?(@.gfe2010FeeParentType == 'Section1100' && @.gfe2010FeeType == 'Line1101b')].gfeAmount,loan.closingCost.gfe2010.gfe2010Fees[(gfe2010FeeParentType == 'Section1100' && gfe2010FeeType == 'Line1101b')].gfeAmount,no,no,3,0.6,0,0,3,102.6,102.6,250,500,500,,no,
NEWHUD.X968,Component Fee of Line 1101 Additional Line 1101b Paid To,standard,String,STRING,str x8,$.closingCost.gfe2010.gfe2010Fees[?(@.gfe2010FeeParentType == 'Section1100' && @.gfe2010FeeType == 'Line1101b')].ptbType,loan.closingCost.gfe2010.gfe2010Fees[(gfe2010FeeParentType == 'Section1100' && gfe2010FeeType == 'Line1101b')].ptbType,no,no,0,0,0,0,1,,,,,,,no,
NEWHUD.X969,Component Fee of Line 1101 Additional Line 1101c Description,standard,String,STRING,str x64,$.closingCost.gfe2010.gfe2010Fees[?(@.gfe2010FeeParentType == 'Section1100' && @.gfe2010FeeType == 'Line1101c')].description,loan.closingCost.gfe2010.gfe2010Fees[(gfe2010FeeParentType == 'Section1100' && gfe2010FeeType == 'Line1101c')].description,no,no,55,11.2,1,0.4,37,,,,,,Investor Delivery,no,identifying-or-high-cardinality
NEWHUD.X970,Component Fee of Line 1101 Additional Line 1101c Borrower Paid Amount,standard,Decimal,DECIMAL_2,int x52 | float x2,$.closingCost.gfe2010.gfe2010Fees[?(@.gfe2010FeeParentType == 'Section1100' && @.gfe2010FeeType == 'Line1101c')].borPaidAmount,loan.closingCost.gfe2010.gfe2010Fees[(gfe2010FeeParentType == 'Section1100' && gfe2010FeeType == 'Line1101c')].borPaidAmount,no,no,53,10.8,1,0.4,28,4.5,115,150,250,1550,Purchasing Conditions,no,identifying-or-high-cardinality
NEWHUD.X971,Component Fee of Line 1101 Additional Line 1101c Seller Paid Amount,standard,Decimal,DECIMAL_2,int x2,$.closingCost.gfe2010.gfe2010Fees[?(@.gfe2010FeeParentType == 'Section1100' && @.gfe2010FeeType == 'Line1101c')].selPaidAmount,loan.closingCost.gfe2010.gfe2010Fees[(gfe2010FeeParentType == 'Section1100' && gfe2010FeeType == 'Line1101c')].selPaidAmount,no,no,2,0.4,0,0,2,,,,,,,no,
NEWHUD.X972,Component Fee of Line 1101 Additional Line 1101c GFE Amount,standard,Decimal,DECIMAL_2,int x2,$.closingCost.gfe2010.gfe2010Fees[?(@.gfe2010FeeParentType == 'Section1100' && @.gfe2010FeeType == 'Line1101c')].gfeAmount,loan.closingCost.gfe2010.gfe2010Fees[(gfe2010FeeParentType == 'Section1100' && gfe2010FeeType == 'Line1101c')].gfeAmount,no,no,2,0.4,0,0,2,,,,,,,no,
NEWHUD.X977,Component Fee of Line 1101 Additional Line 1101c Paid To,standard,String,STRING,str x8,$.closingCost.gfe2010.gfe2010Fees[?(@.gfe2010FeeParentType == 'Section1100' && @.gfe2010FeeType == 'Line1101c')].ptbType,loan.closingCost.gfe2010.gfe2010Fees[(gfe2010FeeParentType == 'Section1100' && gfe2010FeeType == 'Line1101c')].ptbType,no,no,0,0,0,0,1,,,,,,,no,
NEWHUD.X978,Component Fee of Line 1101 Additional Line 1101d Description,standard,String,STRING,str x45,$.closingCost.gfe2010.gfe2010Fees[?(@.gfe2010FeeParentType == 'Section1100' && @.gfe2010FeeType == 'Line1101d')].description,loan.closingCost.gfe2010.gfe2010Fees[(gfe2010FeeParentType == 'Section1100' && gfe2010FeeType == 'Line1101d')].description,no,no,37,7.6,0,0,31,,,,,,Purchasing Conditions,no,identifying-or-high-cardinality
NEWHUD.X979,Component Fee of Line 1101 Additional Line 1101d Borrower Paid Amount,standard,Decimal,DECIMAL_2,int x35 | float x2,$.closingCost.gfe2010.gfe2010Fees[?(@.gfe2010FeeParentType == 'Section1100' && @.gfe2010FeeType == 'Line1101d')].borPaidAmount,loan.closingCost.gfe2010.gfe2010Fees[(gfe2010FeeParentType == 'Section1100' && gfe2010FeeType == 'Line1101d')].borPaidAmount,no,no,37,7.6,0,0,24,18,65,125,357.5,2780.15,Purchasing Conditions,no,
NEWHUD.X980,Component Fee of Line 1101 Additional Line 1101d Seller Paid Amount,standard,Decimal,DECIMAL_2,int x1,$.closingCost.gfe2010.gfe2010Fees[?(@.gfe2010FeeParentType == 'Section1100' && @.gfe2010FeeType == 'Line1101d')].selPaidAmount,loan.closingCost.gfe2010.gfe2010Fees[(gfe2010FeeParentType == 'Section1100' && gfe2010FeeType == 'Line1101d')].selPaidAmount,no,no,1,0.2,0,0,1,,,,,,,no,
NEWHUD.X981,Component Fee of Line 1101 Additional Line 1101d GFE Amount,standard,Decimal,DECIMAL_2,int x1,$.closingCost.gfe2010.gfe2010Fees[?(@.gfe2010FeeParentType == 'Section1100' && @.gfe2010FeeType == 'Line1101d')].gfeAmount,loan.closingCost.gfe2010.gfe2010Fees[(gfe2010FeeParentType == 'Section1100' && gfe2010FeeType == 'Line1101d')].gfeAmount,no,no,1,0.2,0,0,1,,,,,,,no,
NEWHUD.X986,Component Fee of Line 1101 Additional Line 1101d Paid To,standard,String,STRING,str x8,$.closingCost.gfe2010.gfe2010Fees[?(@.gfe2010FeeParentType == 'Section1100' && @.gfe2010FeeType == 'Line1101d')].ptbType,loan.closingCost.gfe2010.gfe2010Fees[(gfe2010FeeParentType == 'Section1100' && gfe2010FeeType == 'Line1101d')].ptbType,no,no,0,0,0,0,1,,,,,,,no,
NEWHUD.X987,Component Fee of Line 1101 Additional Line 1101e Description,standard,String,STRING,str x33,$.closingCost.gfe2010.gfe2010Fees[?(@.gfe2010FeeParentType == 'Section1100' && @.gfe2010FeeType == 'Line1101e')].description,loan.closingCost.gfe2010.gfe2010Fees[(gfe2010FeeParentType == 'Section1100' && gfe2010FeeType == 'Line1101e')].description,no,no,25,5.1,0,0,21,,,,,,Purchasing Conditions,no,identifying-or-high-cardinality
NEWHUD.X988,Component Fee of Line 1101 Additional Line 1101e Borrower Paid Amount,standard,Decimal,DECIMAL_2,int x25 | float x1,$.closingCost.gfe2010.gfe2010Fees[?(@.gfe2010FeeParentType == 'Section1100' && @.gfe2010FeeType == 'Line1101e')].borPaidAmount,loan.closingCost.gfe2010.gfe2010Fees[(gfe2010FeeParentType == 'Section1100' && gfe2010FeeType == 'Line1101e')].borPaidAmount,no,no,25,5.1,0,0,18,25,50,150,307.5,2394,Purchasing Conditions,no,
NEWHUD.X995,Component Fee of Line 1101 Additional Line 1101e Paid To,standard,String,STRING,str x8,$.closingCost.gfe2010.gfe2010Fees[?(@.gfe2010FeeParentType == 'Section1100' && @.gfe2010FeeType == 'Line1101e')].ptbType,loan.closingCost.gfe2010.gfe2010Fees[(gfe2010FeeParentType == 'Section1100' && gfe2010FeeType == 'Line1101e')].ptbType,no,no,0,0,0,0,1,,,,,,,no,
NEWHUD.X996,Component Fee of Line 1101 Additional Line 1101f Description,standard,String,STRING,str x20,$.closingCost.gfe2010.gfe2010Fees[?(@.gfe2010FeeParentType == 'Section1100' && @.gfe2010FeeType == 'Line1101f')].description,loan.closingCost.gfe2010.gfe2010Fees[(gfe2010FeeParentType == 'Section1100' && gfe2010FeeType == 'Line1101f')].description,no,no,19,3.9,0,0,18,,,,,,Purchasing Conditions,no,identifying-or-high-cardinality
NEWHUD.X997,Component Fee of Line 1101 Additional Line 1101f Borrower Paid Amount,standard,Decimal,DECIMAL_2,int x19,$.closingCost.gfe2010.gfe2010Fees[?(@.gfe2010FeeParentType == 'Section1100' && @.gfe2010FeeType == 'Line1101f')].borPaidAmount,loan.closingCost.gfe2010.gfe2010Fees[(gfe2010FeeParentType == 'Section1100' && gfe2010FeeType == 'Line1101f')].borPaidAmount,no,no,19,3.9,0,0,15,15,50,250,365,1787,Purchasing Conditions,no,
NEWHUD.X998,Component Fee of Line 1101 Additional Line 1101f Seller Paid Amount,standard,Decimal,DECIMAL_2,int x1,$.closingCost.gfe2010.gfe2010Fees[?(@.gfe2010FeeParentType == 'Section1100' && @.gfe2010FeeType == 'Line1101f')].selPaidAmount,loan.closingCost.gfe2010.gfe2010Fees[(gfe2010FeeParentType == 'Section1100' && gfe2010FeeType == 'Line1101f')].selPaidAmount,no,no,1,0.2,0,0,1,,,,,,,no,
NEWHUD.X1004,Component Fee of Line 1101 Additional Line 1101f Paid To,standard,String,STRING,str x8,$.closingCost.gfe2010.gfe2010Fees[?(@.gfe2010FeeParentType == 'Section1100' && @.gfe2010FeeType == 'Line1101f')].ptbType,loan.closingCost.gfe2010.gfe2010Fees[(gfe2010FeeParentType == 'Section1100' && gfe2010FeeType == 'Line1101f')].ptbType,no,no,0,0,0,0,1,,,,,,,no,
NEWHUD.X1017,Itemize Fees on Line 1101,standard,Boolean,YN,bool x772,$.closingCost.gfe2010Section.section1100ItemizeFeesIndicator,loan.closingCost.gfe2010Section.section1100ItemizeFeesIndicator,no,no,490,100,251,100,1,,,,,,Started,no,
NEWHUD.X1034,Fees Line 1101 Borr 2,standard,String,STRING,str x1,$.closingCost.gfe2010Page.gfe2010FwbcFwscs[?(@.lineNumber == '1101' && @.gfe2010FwbcFwscIndex == '2')].fwbc,loan.closingCost.gfe2010Page.gfe2010FwbcFwscs[(lineNumber == '1101' && gfe2010FwbcFwscIndex == '2')].fwbc,no,no,1,0.2,0,0,1,,,,,,,no,
NEWHUD.X1045,Fees Line 801g Paid To Name,standard,String,STRING,str x1,$.closingCost.gfe2010.gfe2010Fees[?(@.gfe2010FeeParentType == 'Section800' && @.gfe2010FeeType == 'Line801G')].paidToName,loan.closingCost.gfe2010.gfe2010Fees[(gfe2010FeeParentType == 'Section800' && gfe2010FeeType == 'Line801G')].paidToName,no,no,0,0,0,0,1,,,,,,,no,identifying-or-high-cardinality
NEWHUD.X1046,Fees Line 801h Paid To Name,standard,String,STRING,str x1,$.closingCost.gfe2010.gfe2010Fees[?(@.gfe2010FeeParentType == 'Section800' && @.gfe2010FeeType == 'Line801H')].paidToName,loan.closingCost.gfe2010.gfe2010Fees[(gfe2010FeeParentType == 'Section800' && gfe2010FeeType == 'Line801H')].paidToName,no,no,0,0,0,0,1,,,,,,,no,identifying-or-high-cardinality
NEWHUD.X1047,Fees Line 801i Paid To Name,standard,String,STRING,str x2,$.closingCost.gfe2010.gfe2010Fees[?(@.gfe2010FeeParentType == 'Section800' && @.gfe2010FeeType == 'Line801I')].paidToName,loan.closingCost.gfe2010.gfe2010Fees[(gfe2010FeeParentType == 'Section800' && gfe2010FeeType == 'Line801I')].paidToName,no,no,0,0,0,0,2,,,,,,,no,identifying-or-high-cardinality
NEWHUD.X1048,Fees Line 801j Paid To Name,standard,String,STRING,str x1,$.closingCost.gfe2010.gfe2010Fees[?(@.gfe2010FeeParentType == 'Section800' && @.gfe2010FeeType == 'Line801J')].paidToName,loan.closingCost.gfe2010.gfe2010Fees[(gfe2010FeeParentType == 'Section800' && gfe2010FeeType == 'Line801J')].paidToName,no,no,0,0,0,0,1,,,,,,,no,identifying-or-high-cardinality
NEWHUD.X1049,Fees Line 801k Paid To Name,standard,String,STRING,str x1,$.closingCost.gfe2010.gfe2010Fees[?(@.gfe2010FeeParentType == 'Section800' && @.gfe2010FeeType == 'Line801K')].paidToName,loan.closingCost.gfe2010.gfe2010Fees[(gfe2010FeeParentType == 'Section800' && gfe2010FeeType == 'Line801K')].paidToName,no,no,0,0,0,0,1,,,,,,,no,identifying-or-high-cardinality
NEWHUD.X1050,Fees Line 808 Paid To Name,standard,String,STRING,str x158,$.closingCost.gfe2010.gfe2010Fees[?(@.gfe2010FeeParentType == 'Section800' && @.gfe2010FeeType == 'Line808')].paidToName,loan.closingCost.gfe2010.gfe2010Fees[(gfe2010FeeParentType == 'Section800' && gfe2010FeeType == 'Line808')].paidToName,no,no,155,31.6,1,0.4,8,,,,,,Started,no,identifying-or-high-cardinality
NEWHUD.X1051,Fees Line 809 Paid To Name,standard,String,STRING,str x3,$.closingCost.gfe2010.gfe2010Fees[?(@.gfe2010FeeParentType == 'Section800' && @.gfe2010FeeType == 'Line809')].paidToName,loan.closingCost.gfe2010.gfe2010Fees[(gfe2010FeeParentType == 'Section800' && gfe2010FeeType == 'Line809')].paidToName,no,no,3,0.6,0,0,2,,,,,,,no,identifying-or-high-cardinality
NEWHUD.X1052,Fees Line 810 Paid To Name,standard,String,STRING,str x6,$.closingCost.gfe2010.gfe2010Fees[?(@.gfe2010FeeParentType == 'Section800' && @.gfe2010FeeType == 'Line810')].paidToName,loan.closingCost.gfe2010.gfe2010Fees[(gfe2010FeeParentType == 'Section800' && gfe2010FeeType == 'Line810')].paidToName,no,no,5,1,1,0.4,4,,,,,,Purchasing Conditions,no,identifying-or-high-cardinality
NEWHUD.X1053,Fees Line 811 Paid To Name,standard,String,STRING,str x1,$.closingCost.gfe2010.gfe2010Fees[?(@.gfe2010FeeParentType == 'Section800' && @.gfe2010FeeType == 'Line811')].paidToName,loan.closingCost.gfe2010.gfe2010Fees[(gfe2010FeeParentType == 'Section800' && gfe2010FeeType == 'Line811')].paidToName,no,no,0,0,1,0.4,1,,,,,,,no,identifying-or-high-cardinality
NEWHUD.X1062,Fees Line 904 Paid To Name,standard,String,STRING,str x3,$.closingCost.gfe2010.gfe2010Fees[?(@.gfe2010FeeParentType == 'Section900' && @.gfe2010FeeType == 'Line904')].paidToName,loan.closingCost.gfe2010.gfe2010Fees[(gfe2010FeeParentType == 'Section900' && gfe2010FeeType == 'Line904')].paidToName,no,no,3,0.6,0,0,3,,,,,,,no,identifying-or-high-cardinality
NEWHUD.X1063,Fees Line 907 Paid To Name,standard,String,STRING,str x6,$.closingCost.gfe2010.gfe2010Fees[?(@.gfe2010FeeParentType == 'Section900' && @.gfe2010FeeType == 'Line907')].paidToName,loan.closingCost.gfe2010.gfe2010Fees[(gfe2010FeeParentType == 'Section900' && gfe2010FeeType == 'Line907')].paidToName,no,no,6,1.2,0,0,6,,,,,,,no,identifying-or-high-cardinality
NEWHUD.X1064,Fees Line 908 Paid To Name,standard,String,STRING,str x1,$.closingCost.gfe2010.gfe2010Fees[?(@.gfe2010FeeParentType == 'Section900' && @.gfe2010FeeType == 'Line908')].paidToName,loan.closingCost.gfe2010.gfe2010Fees[(gfe2010FeeParentType == 'Section900' && gfe2010FeeType == 'Line908')].paidToName,no,no,1,0.2,0,0,1,,,,,,,no,identifying-or-high-cardinality
NEWHUD.X1068,Table Funded Transactions Indicator,standard,Boolean,YN,bool x7,$.closingCost.gfe2010.tableFundedIndicator,loan.closingCost.gfe2010.tableFundedIndicator,no,no,6,1.2,0,0,1,,,,,,,no,
NEWHUD.X1070,Fees Line 1101a Paid To Name,standard,String,STRING,str x148,$.closingCost.gfe2010.gfe2010Fees[?(@.gfe2010FeeParentType == 'Section1100' && @.gfe2010FeeType == 'Line1101a')].paidToName,loan.closingCost.gfe2010.gfe2010Fees[(gfe2010FeeParentType == 'Section1100' && gfe2010FeeType == 'Line1101a')].paidToName,no,no,144,29.4,4,1.6,46,,,,,,Docs Out,no,identifying-or-high-cardinality
NEWHUD.X1071,Fees Line 1101b Paid To Name,standard,String,STRING,str x69,$.closingCost.gfe2010.gfe2010Fees[?(@.gfe2010FeeParentType == 'Section1100' && @.gfe2010FeeType == 'Line1101b')].paidToName,loan.closingCost.gfe2010.gfe2010Fees[(gfe2010FeeParentType == 'Section1100' && gfe2010FeeType == 'Line1101b')].paidToName,no,no,68,13.9,1,0.4,31,,,,,,Investor Delivery,no,identifying-or-high-cardinality
NEWHUD.X1072,Fees Line 1101c Paid To Name,standard,String,STRING,str x52,$.closingCost.gfe2010.gfe2010Fees[?(@.gfe2010FeeParentType == 'Section1100' && @.gfe2010FeeType == 'Line1101c')].paidToName,loan.closingCost.gfe2010.gfe2010Fees[(gfe2010FeeParentType == 'Section1100' && gfe2010FeeType == 'Line1101c')].paidToName,no,no,51,10.4,1,0.4,26,,,,,,Investor Delivery,no,identifying-or-high-cardinality
NEWHUD.X1073,Fees Line 1101d Paid To Name,standard,String,STRING,str x34,$.closingCost.gfe2010.gfe2010Fees[?(@.gfe2010FeeParentType == 'Section1100' && @.gfe2010FeeType == 'Line1101d')].paidToName,loan.closingCost.gfe2010.gfe2010Fees[(gfe2010FeeParentType == 'Section1100' && gfe2010FeeType == 'Line1101d')].paidToName,no,no,34,6.9,0,0,17,,,,,,Purchasing Conditions,no,identifying-or-high-cardinality
NEWHUD.X1074,Fees Line 1101e Paid To Name,standard,String,STRING,str x22,$.closingCost.gfe2010.gfe2010Fees[?(@.gfe2010FeeParentType == 'Section1100' && @.gfe2010FeeType == 'Line1101e')].paidToName,loan.closingCost.gfe2010.gfe2010Fees[(gfe2010FeeParentType == 'Section1100' && gfe2010FeeType == 'Line1101e')].paidToName,no,no,22,4.5,0,0,14,,,,,,Purchasing Conditions,no,identifying-or-high-cardinality
NEWHUD.X1075,Fees Line 1101f Paid To Name,standard,String,STRING,str x18,$.closingCost.gfe2010.gfe2010Fees[?(@.gfe2010FeeParentType == 'Section1100' && @.gfe2010FeeType == 'Line1101f')].paidToName,loan.closingCost.gfe2010.gfe2010Fees[(gfe2010FeeParentType == 'Section1100' && gfe2010FeeType == 'Line1101f')].paidToName,no,no,18,3.7,0,0,11,,,,,,Purchasing Conditions,no,identifying-or-high-cardinality
NEWHUD.X1076,Fees Line 1109 Paid To Name,standard,String,STRING,str x76,$.closingCost.gfe2010.gfe2010Fees[?(@.gfe2010FeeParentType == 'Section1100' && @.gfe2010FeeType == 'Line1109')].paidToName,loan.closingCost.gfe2010.gfe2010Fees[(gfe2010FeeParentType == 'Section1100' && gfe2010FeeType == 'Line1109')].paidToName,no,no,73,14.9,3,1.2,38,,,,,,Investor Delivery,no,identifying-or-high-cardinality
NEWHUD.X1077,Fees Line 1110 Paid To Name,standard,String,STRING,str x51,$.closingCost.gfe2010.gfe2010Fees[?(@.gfe2010FeeParentType == 'Section1100' && @.gfe2010FeeType == 'Line1110')].paidToName,loan.closingCost.gfe2010.gfe2010Fees[(gfe2010FeeParentType == 'Section1100' && gfe2010FeeType == 'Line1110')].paidToName,no,no,50,10.2,1,0.4,29,,,,,,Purchasing Conditions,no,identifying-or-high-cardinality
NEWHUD.X1078,Fees Line 1111 Paid To Name,standard,String,STRING,str x31,$.closingCost.gfe2010.gfe2010Fees[?(@.gfe2010FeeParentType == 'Section1100' && @.gfe2010FeeType == 'Line1111')].paidToName,loan.closingCost.gfe2010.gfe2010Fees[(gfe2010FeeParentType == 'Section1100' && gfe2010FeeType == 'Line1111')].paidToName,no,no,30,6.1,1,0.4,22,,,,,,Purchasing Conditions,no,identifying-or-high-cardinality
NEWHUD.X1079,Fees Line 1112 Paid To Name,standard,String,STRING,str x15,$.closingCost.gfe2010.gfe2010Fees[?(@.gfe2010FeeParentType == 'Section1100' && @.gfe2010FeeType == 'Line1112')].paidToName,loan.closingCost.gfe2010.gfe2010Fees[(gfe2010FeeParentType == 'Section1100' && gfe2010FeeType == 'Line1112')].paidToName,no,no,13,2.7,1,0.4,12,,,,,,Purchasing Conditions,no,identifying-or-high-cardinality
NEWHUD.X1080,Fees Line 1113 Paid To Name,standard,String,STRING,str x8,$.closingCost.gfe2010.gfe2010Fees[?(@.gfe2010FeeParentType == 'Section1100' && @.gfe2010FeeType == 'Line1113')].paidToName,loan.closingCost.gfe2010.gfe2010Fees[(gfe2010FeeParentType == 'Section1100' && gfe2010FeeType == 'Line1113')].paidToName,no,no,7,1.4,1,0.4,5,,,,,,,no,identifying-or-high-cardinality
NEWHUD.X1081,Fees Line 1114 Paid To Name,standard,String,STRING,str x3,$.closingCost.gfe2010.gfe2010Fees[?(@.gfe2010FeeParentType == 'Section1100' && @.gfe2010FeeType == 'Line1114')].paidToName,loan.closingCost.gfe2010.gfe2010Fees[(gfe2010FeeParentType == 'Section1100' && gfe2010FeeType == 'Line1114')].paidToName,no,no,3,0.6,0,0,3,,,,,,,no,identifying-or-high-cardinality
NEWHUD.X1082,Fees Line 1206 Paid To Name,standard,String,STRING,str x21,$.closingCost.gfe2010.gfe2010Fees[?(@.gfe2010FeeParentType == 'Section1200' && @.gfe2010FeeType == 'Line1206')].paidToName,loan.closingCost.gfe2010.gfe2010Fees[(gfe2010FeeParentType == 'Section1200' && gfe2010FeeType == 'Line1206')].paidToName,no,no,21,4.3,0,0,16,,,,,,Purchasing Conditions,no,identifying-or-high-cardinality
NEWHUD.X1083,Fees Line 1207 Paid To Name,standard,String,STRING,str x11,$.closingCost.gfe2010.gfe2010Fees[?(@.gfe2010FeeParentType == 'Section1200' && @.gfe2010FeeType == 'Line1207')].paidToName,loan.closingCost.gfe2010.gfe2010Fees[(gfe2010FeeParentType == 'Section1200' && gfe2010FeeType == 'Line1207')].paidToName,no,no,11,2.2,0,0,8,,,,,,Purchasing Conditions,no,identifying-or-high-cardinality
NEWHUD.X1084,Fees Line 1208 Paid To Name,standard,String,STRING,str x3,$.closingCost.gfe2010.gfe2010Fees[?(@.gfe2010FeeParentType == 'Section1200' && @.gfe2010FeeType == 'Line1208')].paidToName,loan.closingCost.gfe2010.gfe2010Fees[(gfe2010FeeParentType == 'Section1200' && gfe2010FeeType == 'Line1208')].paidToName,no,no,3,0.6,0,0,3,,,,,,,no,identifying-or-high-cardinality
NEWHUD.X1085,Fees Line 1302 Paid To Name,standard,String,STRING,str x116,$.closingCost.gfe2010.gfe2010Fees[?(@.gfe2010FeeParentType == 'Section1300' && @.gfe2010FeeType == 'Line1302')].paidToName,loan.closingCost.gfe2010.gfe2010Fees[(gfe2010FeeParentType == 'Section1300' && gfe2010FeeType == 'Line1302')].paidToName,no,no,114,23.3,2,0.8,92,,,,,,Docs Out,no,identifying-or-high-cardinality
NEWHUD.X1086,Fees Line 1303 Paid To Name,standard,String,STRING,str x86,$.closingCost.gfe2010.gfe2010Fees[?(@.gfe2010FeeParentType == 'Section1300' && @.gfe2010FeeType == 'Line1303')].paidToName,loan.closingCost.gfe2010.gfe2010Fees[(gfe2010FeeParentType == 'Section1300' && gfe2010FeeType == 'Line1303')].paidToName,no,no,85,17.3,1,0.4,74,,,,,,Investor Delivery,no,identifying-or-high-cardinality
NEWHUD.X1087,Fees Line 1304 Paid To Name,standard,String,STRING,str x61,$.closingCost.gfe2010.gfe2010Fees[?(@.gfe2010FeeParentType == 'Section1300' && @.gfe2010FeeType == 'Line1304')].paidToName,loan.closingCost.gfe2010.gfe2010Fees[(gfe2010FeeParentType == 'Section1300' && gfe2010FeeType == 'Line1304')].paidToName,no,no,61,12.4,0,0,57,,,,,,Investor Delivery,no,identifying-or-high-cardinality
NEWHUD.X1088,Fees Line 1305 Paid To Name,standard,String,STRING,str x34,$.closingCost.gfe2010.gfe2010Fees[?(@.gfe2010FeeParentType == 'Section1300' && @.gfe2010FeeType == 'Line1305')].paidToName,loan.closingCost.gfe2010.gfe2010Fees[(gfe2010FeeParentType == 'Section1300' && gfe2010FeeType == 'Line1305')].paidToName,no,no,34,6.9,0,0,34,,,,,,Investor Delivery,no,identifying-or-high-cardinality
NEWHUD.X1089,Fees Line 1306 Paid To Name,standard,String,STRING,str x23,$.closingCost.gfe2010.gfe2010Fees[?(@.gfe2010FeeParentType == 'Section1300' && @.gfe2010FeeType == 'Line1306')].paidToName,loan.closingCost.gfe2010.gfe2010Fees[(gfe2010FeeParentType == 'Section1300' && gfe2010FeeType == 'Line1306')].paidToName,no,no,23,4.7,0,0,21,,,,,,Investor Delivery,no,identifying-or-high-cardinality
NEWHUD.X1090,Fees Line 1307Paid To Name,standard,String,STRING,str x16,$.closingCost.gfe2010.gfe2010Fees[?(@.gfe2010FeeParentType == 'Section1300' && @.gfe2010FeeType == 'Line1307')].paidToName,loan.closingCost.gfe2010.gfe2010Fees[(gfe2010FeeParentType == 'Section1300' && gfe2010FeeType == 'Line1307')].paidToName,no,no,16,3.3,0,0,15,,,,,,Investor Delivery,no,identifying-or-high-cardinality
NEWHUD.X1091,Fees Line 1308 Paid To Name,standard,String,STRING,str x8,$.closingCost.gfe2010.gfe2010Fees[?(@.gfe2010FeeParentType == 'Section1300' && @.gfe2010FeeType == 'Line1308')].paidToName,loan.closingCost.gfe2010.gfe2010Fees[(gfe2010FeeParentType == 'Section1300' && gfe2010FeeType == 'Line1308')].paidToName,no,no,8,1.6,0,0,8,,,,,,Investor Delivery,no,identifying-or-high-cardinality
NEWHUD.X1092,Fees Line 1309 Paid To Name,standard,String,STRING,str x6,$.closingCost.gfe2010.gfe2010Fees[?(@.gfe2010FeeParentType == 'Section1300' && @.gfe2010FeeType == 'Line1309')].paidToName,loan.closingCost.gfe2010.gfe2010Fees[(gfe2010FeeParentType == 'Section1300' && gfe2010FeeType == 'Line1309')].paidToName,no,no,6,1.2,0,0,6,,,,,,,no,identifying-or-high-cardinality
NEWHUD.X1093,Fees Line 1310 Paid To Name,standard,String,STRING,str x3,$.closingCost.gfe2010.gfe2010Fees[?(@.gfe2010FeeParentType == 'Section1300' && @.gfe2010FeeType == 'Line1310')].paidToName,loan.closingCost.gfe2010.gfe2010Fees[(gfe2010FeeParentType == 'Section1300' && gfe2010FeeType == 'Line1310')].paidToName,no,no,3,0.6,0,0,3,,,,,,,no,identifying-or-high-cardinality
NEWHUD.X1094,Fees Line 1311 Paid To Name,standard,String,STRING,str x2,$.closingCost.gfe2010.gfe2010Fees[?(@.gfe2010FeeParentType == 'Section1300' && @.gfe2010FeeType == 'Line1311')].paidToName,loan.closingCost.gfe2010.gfe2010Fees[(gfe2010FeeParentType == 'Section1300' && gfe2010FeeType == 'Line1311')].paidToName,no,no,2,0.4,0,0,2,,,,,,,no,identifying-or-high-cardinality
NEWHUD.X1139,Itemize Fees on Line 802 Use LO Compensation Tool,standard,Boolean,YN,bool x772,$.closingCost.gfe2010Section.loCompensationUseLoCompensationToolIndicator,loan.closingCost.gfe2010Section.loCompensationUseLoCompensationToolIndicator,no,no,489,99.8,251,100,1,,,,,,Started,no,
NEWHUD.X1140,Itemize Fees on Line 802,standard,Boolean,YN,bool x752,$.closingCost.gfe2010Section.loCompensationItemizeFeesIndicator,loan.closingCost.gfe2010Section.loCompensationItemizeFeesIndicator,no,no,480,98,247,98.4,1,,,,,,Started,no,
NEWHUD.X1141,LO Compensation - Lender Compensation Credit % Line 1,standard,Decimal,DECIMAL_3,float x6 | int x1,$.closingCost.gfe2010.gfe2010Fees[?(@.gfe2010FeeParentType == 'Section800LOCompensation' && @.gfe2010FeeType == 'LenderCompensationCredit' && @.gfe2010FeeIndex == '1')].rate,loan.closingCost.gfe2010.gfe2010Fees[(gfe2010FeeParentType == 'Section800LOCompensation' && gfe2010FeeType == 'LenderCompensationCredit' && gfe2010FeeIndex == '1')].rate,no,no,7,1.4,0,0,4,0.085,0.16,0.16,0.235,1,Purchasing Conditions,no,
NEWHUD.X1142,LO Compensation - Lender Compensation Credit Amount Line 1,standard,Decimal,DECIMAL_2,float x5 | int x5,$.closingCost.gfe2010.gfe2010Fees[?(@.gfe2010FeeParentType == 'Section800LOCompensation' && @.gfe2010FeeType == 'LenderCompensationCredit' && @.gfe2010FeeIndex == '1')].amount,loan.closingCost.gfe2010.gfe2010Fees[(gfe2010FeeParentType == 'Section800LOCompensation' && gfe2010FeeType == 'LenderCompensationCredit' && gfe2010FeeIndex == '1')].amount,no,yes,10,2,0,0,10,369.75,698.8125,1063.8,3501.6,8131,Purchasing Conditions,no,
NEWHUD.X1143,LO Compensation - Lender Compensation Credit % Line 2,standard,Decimal,DECIMAL_3,float x10 | int x2,$.closingCost.gfe2010.gfe2010Fees[?(@.gfe2010FeeParentType == 'Section800LOCompensation' && @.gfe2010FeeType == 'LenderCompensationCredit' && @.gfe2010FeeIndex == '2')].rate,loan.closingCost.gfe2010.gfe2010Fees[(gfe2010FeeParentType == 'Section800LOCompensation' && gfe2010FeeType == 'LenderCompensationCredit' && gfe2010FeeIndex == '2')].rate,no,no,12,2.4,0,0,9,0.01,0.13,0.25,1.375,2.168,Purchasing Conditions,no,
NEWHUD.X1144,LO Compensation - Lender Compensation Credit Amount Line 2,standard,Decimal,DECIMAL_2,int x10 | float x8,$.closingCost.gfe2010.gfe2010Fees[?(@.gfe2010FeeParentType == 'Section800LOCompensation' && @.gfe2010FeeType == 'LenderCompensationCredit' && @.gfe2010FeeIndex == '2')].amount,loan.closingCost.gfe2010.gfe2010Fees[(gfe2010FeeParentType == 'Section800LOCompensation' && gfe2010FeeType == 'LenderCompensationCredit' && gfe2010FeeIndex == '2')].amount,no,yes,18,3.7,0,0,18,55.13,353.5,1006.25,4506.25,10926.72,Investor Delivery,no,
NEWHUD.X1145,LO Compensation - Fee Line 802 User Defined Fee 1 Descr,standard,String,STRING,str x3,$.closingCost.gfe2010.gfe2010Fees[?(@.gfe2010FeeParentType == 'Section800LOCompensation' && @.gfe2010FeeType == 'Line802LOCompAdditional' && @.gfe2010FeeIndex == '1')].description,loan.closingCost.gfe2010.gfe2010Fees[(gfe2010FeeParentType == 'Section800LOCompensation' && gfe2010FeeType == 'Line802LOCompAdditional' && gfe2010FeeIndex == '1')].description,no,no,3,0.6,0,0,2,,,,,,,no,
NEWHUD.X1146,LO Compensation - Fee Line 802 User Defined Fee 1 Amount,standard,Decimal,DECIMAL_2,int x3,$.closingCost.gfe2010.gfe2010Fees[?(@.gfe2010FeeParentType == 'Section800LOCompensation' && @.gfe2010FeeType == 'Line802LOCompAdditional' && @.gfe2010FeeIndex == '1')].amount,loan.closingCost.gfe2010.gfe2010Fees[(gfe2010FeeParentType == 'Section800LOCompensation' && gfe2010FeeType == 'Line802LOCompAdditional' && gfe2010FeeIndex == '1')].amount,no,no,3,0.6,0,0,2,90,90,2095,2095,2095,,no,
NEWHUD.X1147,LO Compensation - Fee Line 802 User Defined Fee 1 Descr,standard,String,STRING,str x2,$.closingCost.gfe2010.gfe2010Fees[?(@.gfe2010FeeParentType == 'Section800LOCompensation' && @.gfe2010FeeType == 'Line802LOCompAdditional' && @.gfe2010FeeIndex == '2')].description,loan.closingCost.gfe2010.gfe2010Fees[(gfe2010FeeParentType == 'Section800LOCompensation' && gfe2010FeeType == 'Line802LOCompAdditional' && gfe2010FeeIndex == '2')].description,no,no,2,0.4,0,0,1,,,,,,,no,
NEWHUD.X1148,LO Compensation - Fee Line 802 User Defined Fee 2 Amount,standard,Decimal,DECIMAL_2,int x2,$.closingCost.gfe2010.gfe2010Fees[?(@.gfe2010FeeParentType == 'Section800LOCompensation' && @.gfe2010FeeType == 'Line802LOCompAdditional' && @.gfe2010FeeIndex == '2')].amount,loan.closingCost.gfe2010.gfe2010Fees[(gfe2010FeeParentType == 'Section800LOCompensation' && gfe2010FeeType == 'Line802LOCompAdditional' && gfe2010FeeIndex == '2')].amount,no,no,2,0.4,0,0,1,,,,,,,no,
NEWHUD.X1149,Total Credit for Rate Chosen,standard,Decimal,DECIMAL_2,int x18 | float x14,$.closingCost.gfe2010Section.loCompensationLenderTotalPaidOriginatorAmount,loan.closingCost.gfe2010Section.loCompensationLenderTotalPaidOriginatorAmount,no,yes,32,6.5,0,0,31,55.13,375.9375,945.75,2775.9375,10926.72,Investor Delivery,no,identifying-or-high-cardinality
NEWHUD.X1150,LO Compensation - Discount Point % Line 1,standard,Decimal,DECIMAL_3,float x8 | int x1,$.closingCost.gfe2010.gfe2010Fees[?(@.gfe2010FeeParentType == 'Section800LOCompensation' && @.gfe2010FeeType == 'DiscountPoint' && @.gfe2010FeeIndex == '1')].rate,loan.closingCost.gfe2010.gfe2010Fees[(gfe2010FeeParentType == 'Section800LOCompensation' && gfe2010FeeType == 'DiscountPoint' && gfe2010FeeIndex == '1')].rate,no,no,9,1.8,0,0,6,0.125,0.125,0.25,0.625,1,Purchasing Conditions,no,
NEWHUD.X1151,LO Compensation - Borrower Paid Discount Point Amount Line 1,standard,Decimal,DECIMAL_2,float x7 | int x2,$.closingCost.gfe2010.gfe2010Fees[?(@.gfe2010FeeParentType == 'Section800LOCompensation' && @.gfe2010FeeType == 'DiscountPoint' && @.gfe2010FeeIndex == '1')].borPaidAmount,loan.closingCost.gfe2010.gfe2010Fees[(gfe2010FeeParentType == 'Section800LOCompensation' && gfe2010FeeType == 'DiscountPoint' && gfe2010FeeIndex == '1')].borPaidAmount,no,yes,9,1.8,0,0,9,220.31,356.065,984.38,2398.44,6600,Purchasing Conditions,no,
NEWHUD.X1153,LO Compensation - Fee Line 802 Discount Point 2 Descr,standard,String,STRING,str x8,$.closingCost.gfe2010.gfe2010Fees[?(@.gfe2010FeeParentType == 'Section800LOCompensation' && @.gfe2010FeeType == 'DiscountPoint' && @.gfe2010FeeIndex == '2')].description,loan.closingCost.gfe2010.gfe2010Fees[(gfe2010FeeParentType == 'Section800LOCompensation' && gfe2010FeeType == 'DiscountPoint' && gfe2010FeeIndex == '2')].description,no,no,8,1.6,0,0,1,,,,,,Purchasing Conditions,no,
NEWHUD.X1154,LO Compensation - Fee Line 802 Discount Point % Line 2,standard,Decimal,DECIMAL_3,float x8,$.closingCost.gfe2010.gfe2010Fees[?(@.gfe2010FeeParentType == 'Section800LOCompensation' && @.gfe2010FeeType == 'DiscountPoint' && @.gfe2010FeeIndex == '2')].rate,loan.closingCost.gfe2010.gfe2010Fees[(gfe2010FeeParentType == 'Section800LOCompensation' && gfe2010FeeType == 'DiscountPoint' && gfe2010FeeIndex == '2')].rate,no,no,8,1.6,0,0,1,0.25,0.25,0.25,0.25,0.25,Purchasing Conditions,no,
NEWHUD.X1155,LO Compensation - Borrower Paid Discount Point Amount Line 2,standard,Decimal,DECIMAL_2,float x7 | int x1,$.closingCost.gfe2010.gfe2010Fees[?(@.gfe2010FeeParentType == 'Section800LOCompensation' && @.gfe2010FeeType == 'DiscountPoint' && @.gfe2010FeeIndex == '2')].borPaidAmount,loan.closingCost.gfe2010.gfe2010Fees[(gfe2010FeeParentType == 'Section800LOCompensation' && gfe2010FeeType == 'DiscountPoint' && gfe2010FeeIndex == '2')].borPaidAmount,no,no,8,1.6,0,0,8,637.5,787.5,1216.875,1650,1730.63,Purchasing Conditions,no,
NEWHUD.X1165,LO Compensation - TotalBorrower Paid Discount Point Amount Line 4,standard,Decimal,DECIMAL_2,float x14 | int x3,$.closingCost.gfe2010Section.loCompensationTotalBorrowerPaidDiscountPointAmount4,loan.closingCost.gfe2010Section.loCompensationTotalBorrowerPaidDiscountPointAmount4,no,yes,17,3.5,0,0,17,220.31,564.845,1143.75,1699.69,6600,Purchasing Conditions,no,
NEWHUD.X1167,Fees Line 802 LO Compensation Tool - Lender Compensation Credit Paid By 1,standard,String,STRING,str x10,$.closingCost.gfe2010.gfe2010Fees[?(@.gfe2010FeeParentType == 'Section800LOCompensation' && @.gfe2010FeeType == 'LenderCompensationCredit' && @.gfe2010FeeIndex == '1')].paidByType,loan.closingCost.gfe2010.gfe2010Fees[(gfe2010FeeParentType == 'Section800LOCompensation' && gfe2010FeeType == 'LenderCompensationCredit' && gfe2010FeeIndex == '1')].paidByType,no,no,10,2,0,0,1,,,,,,Purchasing Conditions,no,
NEWHUD.X1168,Fees Line 802 LO Compensation Tool - Lender Compensation Credit Paid To 1,standard,String,STRING,str x10,$.closingCost.gfe2010.gfe2010Fees[?(@.gfe2010FeeParentType == 'Section800LOCompensation' && @.gfe2010FeeType == 'LenderCompensationCredit' && @.gfe2010FeeIndex == '1')].ptbType,loan.closingCost.gfe2010.gfe2010Fees[(gfe2010FeeParentType == 'Section800LOCompensation' && gfe2010FeeType == 'LenderCompensationCredit' && gfe2010FeeIndex == '1')].ptbType,no,no,10,2,0,0,1,,,,,,Purchasing Conditions,no,
NEWHUD.X1169,Fees Line 802 LO Compensation Tool - Lender Compensation Credit Paid By 2,standard,String,STRING,str x18,$.closingCost.gfe2010.gfe2010Fees[?(@.gfe2010FeeParentType == 'Section800LOCompensation' && @.gfe2010FeeType == 'LenderCompensationCredit' && @.gfe2010FeeIndex == '2')].paidByType,loan.closingCost.gfe2010.gfe2010Fees[(gfe2010FeeParentType == 'Section800LOCompensation' && gfe2010FeeType == 'LenderCompensationCredit' && gfe2010FeeIndex == '2')].paidByType,no,no,18,3.7,0,0,1,,,,,,Investor Delivery,no,
NEWHUD.X1171,Fees Line 802 LO Compensation Tool - Lender Compensation Credit Paid By 3,standard,String,STRING,str x3,$.closingCost.gfe2010.gfe2010Fees[?(@.gfe2010FeeParentType == 'Section800LOCompensation' && @.gfe2010FeeType == 'LenderCompensationCredit' && @.gfe2010FeeIndex == '3')].paidByType,loan.closingCost.gfe2010.gfe2010Fees[(gfe2010FeeParentType == 'Section800LOCompensation' && gfe2010FeeType == 'LenderCompensationCredit' && gfe2010FeeIndex == '3')].paidByType,no,no,3,0.6,0,0,1,,,,,,,no,
NEWHUD.X1173,Fees Line 802 LO Compensation Tool - Lender Compensation Credit Paid By 4,standard,String,STRING,str x2,$.closingCost.gfe2010.gfe2010Fees[?(@.gfe2010FeeParentType == 'Section800LOCompensation' && @.gfe2010FeeType == 'LenderCompensationCredit' && @.gfe2010FeeIndex == '4')].paidByType,loan.closingCost.gfe2010.gfe2010Fees[(gfe2010FeeParentType == 'Section800LOCompensation' && gfe2010FeeType == 'LenderCompensationCredit' && gfe2010FeeIndex == '4')].paidByType,no,no,2,0.4,0,0,1,,,,,,,no,
NEWHUD.X1177,Fee Line 802 LO Compensation Tool -Discount Point APR 1,standard,Boolean,YN,bool x8,$.closingCost.gfe2010.gfe2010Fees[?(@.gfe2010FeeParentType == 'Section800' && @.gfe2010FeeType == 'DiscountPoint' && @.gfe2010FeeIndex == '1')].aprIndicator,loan.closingCost.gfe2010.gfe2010Fees[(gfe2010FeeParentType == 'Section800' && gfe2010FeeType == 'DiscountPoint' && gfe2010FeeIndex == '1')].aprIndicator,no,no,0,0,0,0,1,,,,,,,no,
NEWHUD.X1178,Fees Line 802 LO Compensation Tool -Discount Point Paid To 1,standard,String,STRING,str x8,$.closingCost.gfe2010.gfe2010Fees[?(@.gfe2010FeeParentType == 'Section800LOCompensation' && @.gfe2010FeeType == 'DiscountPoint' && @.gfe2010FeeIndex == '1')].ptbType,loan.closingCost.gfe2010.gfe2010Fees[(gfe2010FeeParentType == 'Section800LOCompensation' && gfe2010FeeType == 'DiscountPoint' && gfe2010FeeIndex == '1')].ptbType,no,no,0,0,0,0,1,,,,,,,no,
NEWHUD.X1181,Fee Line 802 LO Compensation Tool -Discount Point APR 2,standard,Boolean,YN,bool x8,$.closingCost.gfe2010.gfe2010Fees[?(@.gfe2010FeeParentType == 'Section800' && @.gfe2010FeeType == 'DiscountPoint' && @.gfe2010FeeIndex == '2')].aprIndicator,loan.closingCost.gfe2010.gfe2010Fees[(gfe2010FeeParentType == 'Section800' && gfe2010FeeType == 'DiscountPoint' && gfe2010FeeIndex == '2')].aprIndicator,no,no,0,0,0,0,1,,,,,,,no,
NEWHUD.X1182,Fees Line 802 LO Compensation Tool -Discount Point Paid To 2,standard,String,STRING,str x8,$.closingCost.gfe2010.gfe2010Fees[?(@.gfe2010FeeParentType == 'Section800LOCompensation' && @.gfe2010FeeType == 'DiscountPoint' && @.gfe2010FeeIndex == '2')].ptbType,loan.closingCost.gfe2010.gfe2010Fees[(gfe2010FeeParentType == 'Section800LOCompensation' && gfe2010FeeType == 'DiscountPoint' && gfe2010FeeIndex == '2')].ptbType,no,no,0,0,0,0,1,,,,,,,no,
NEWHUD.X1185,Fee Line 802 LO Compensation Tool -Discount Point APR 3,standard,Boolean,YN,bool x8,$.closingCost.gfe2010.gfe2010Fees[?(@.gfe2010FeeParentType == 'Section800' && @.gfe2010FeeType == 'DiscountPoint' && @.gfe2010FeeIndex == '3')].aprIndicator,loan.closingCost.gfe2010.gfe2010Fees[(gfe2010FeeParentType == 'Section800' && gfe2010FeeType == 'DiscountPoint' && gfe2010FeeIndex == '3')].aprIndicator,no,no,0,0,0,0,1,,,,,,,no,
NEWHUD.X1186,Fees Line 802 LO Compensation Tool -Discount Point Paid To 3,standard,String,STRING,str x8,$.closingCost.gfe2010.gfe2010Fees[?(@.gfe2010FeeParentType == 'Section800LOCompensation' && @.gfe2010FeeType == 'DiscountPoint' && @.gfe2010FeeIndex == '3')].ptbType,loan.closingCost.gfe2010.gfe2010Fees[(gfe2010FeeParentType == 'Section800LOCompensation' && gfe2010FeeType == 'DiscountPoint' && gfe2010FeeIndex == '3')].ptbType,no,no,0,0,0,0,1,,,,,,,no,
NEWHUD.X1189,Fee Line 802 LO Compensation Tool -Discount Point APR 4,standard,Boolean,YN,bool x8,$.closingCost.gfe2010.gfe2010Fees[?(@.gfe2010FeeParentType == 'Section800' && @.gfe2010FeeType == 'DiscountPoint' && @.gfe2010FeeIndex == '4')].aprIndicator,loan.closingCost.gfe2010.gfe2010Fees[(gfe2010FeeParentType == 'Section800' && gfe2010FeeType == 'DiscountPoint' && gfe2010FeeIndex == '4')].aprIndicator,no,no,0,0,0,0,1,,,,,,,no,
NEWHUD.X1190,Fees Line 802 LO Compensation Tool -Discount Point Paid To 4,standard,String,STRING,str x8,$.closingCost.gfe2010.gfe2010Fees[?(@.gfe2010FeeParentType == 'Section800LOCompensation' && @.gfe2010FeeType == 'DiscountPoint' && @.gfe2010FeeIndex == '4')].ptbType,loan.closingCost.gfe2010.gfe2010Fees[(gfe2010FeeParentType == 'Section800LOCompensation' && gfe2010FeeType == 'DiscountPoint' && gfe2010FeeIndex == '4')].ptbType,no,no,0,0,0,0,1,,,,,,,no,
NEWHUD.X1191,LO Compensation - Total Origination or Discount Points,standard,Decimal,DECIMAL_2,float x24 | int x18,$.closingCost.gfe2010Section.loCompensationTotalLoCompensationAmount,loan.closingCost.gfe2010Section.loCompensationTotalLoCompensationAmount,no,yes,42,8.6,0,0,40,55.13,378,850,2545,8131,Investor Delivery,no,identifying-or-high-cardinality
NEWHUD.X1207,LO Compensation - GFE -Discount Point % Line 1,standard,Decimal,DECIMAL_3,int x1,$.closingCost.gfe2010.gfe2010Fees[?(@.gfe2010FeeParentType == 'Section800LOCompensationNewHud' && @.gfe2010FeeType == 'DiscountPoint' && @.gfe2010FeeIndex == '1')].rate,loan.closingCost.gfe2010.gfe2010Fees[(gfe2010FeeParentType == 'Section800LOCompensationNewHud' && gfe2010FeeType == 'DiscountPoint' && gfe2010FeeIndex == '1')].rate,no,no,1,0.2,0,0,1,,,,,,,no,
NEWHUD.X1208,LO Compensation - GFE -Borrower Paid Discount Point Amount Line 1,standard,Decimal,DECIMAL_2,int x1,$.closingCost.gfe2010.gfe2010Fees[?(@.gfe2010FeeParentType == 'Section800LOCompensationNewHud' && @.gfe2010FeeType == 'DiscountPoint' && @.gfe2010FeeIndex == '1')].borPaidAmount,loan.closingCost.gfe2010.gfe2010Fees[(gfe2010FeeParentType == 'Section800LOCompensationNewHud' && gfe2010FeeType == 'DiscountPoint' && gfe2010FeeIndex == '1')].borPaidAmount,no,yes,1,0.2,0,0,1,,,,,,,no,
NEWHUD.X1215,LO Compensation - GFE -Total Borrower Paid Discount Point Amount,standard,Decimal,DECIMAL_2,int x1,$.closingCost.gfe2010Section.loCompensationNewHudTotalBorrowerPaidDiscountPointAmount,loan.closingCost.gfe2010Section.loCompensationNewHudTotalBorrowerPaidDiscountPointAmount,no,yes,1,0.2,0,0,1,,,,,,,no,
NEWHUD.X1216,LO Compensation - GFE -Total Origination or Discount Points,standard,Decimal,DECIMAL_2,int x1,$.closingCost.gfe2010Section.loCompensationNewHudTotalLoCompensationAmount,loan.closingCost.gfe2010Section.loCompensationNewHudTotalLoCompensationAmount,no,no,1,0.2,0,0,1,,,,,,,no,
NEWHUD.X1217,Fees Line 802e Origination Points Borrower Checked,standard,String,STRING,str x12,$.closingCost.gfe2010Page.gfe2010FwbcFwscs[?(@.lineNumber == '802' && @.lineLetter == 'E')].fwbc,loan.closingCost.gfe2010Page.gfe2010FwbcFwscs[(lineNumber == '802' && lineLetter == 'E')].fwbc,no,no,8,1.6,4,1.6,1,,,,,,Purchasing Conditions,no,
NEWHUD.X1219,Fees Line 802f Origination Points Borrower Checked,standard,String,STRING,str x8,$.closingCost.gfe2010Page.gfe2010FwbcFwscs[?(@.lineNumber == '802' && @.lineLetter == 'F')].fwbc,loan.closingCost.gfe2010Page.gfe2010FwbcFwscs[(lineNumber == '802' && lineLetter == 'F')].fwbc,no,no,8,1.6,0,0,1,,,,,,Purchasing Conditions,no,
NEWHUD.X1225,LO Compensation - Lender Compensation Credit Additional Amount Line 1,standard,Decimal,DECIMAL_2,int x2 | float x1,$.closingCost.gfe2010.gfe2010Fees[?(@.gfe2010FeeParentType == 'Section800LOCompensation' && @.gfe2010FeeType == 'LenderCompensationCredit' && @.gfe2010FeeIndex == '1')].additionalAmount,loan.closingCost.gfe2010.gfe2010Fees[(gfe2010FeeParentType == 'Section800LOCompensation' && gfe2010FeeType == 'LenderCompensationCredit' && gfe2010FeeIndex == '1')].additionalAmount,no,no,3,0.6,0,0,3,2000,2000,8006.4,8131,8131,,no,
NEWHUD.X1226,LO Compensation - Lender Compensation Credit Additional Amount Line 2,standard,Decimal,DECIMAL_2,int x6,$.closingCost.gfe2010.gfe2010Fees[?(@.gfe2010FeeParentType == 'Section800LOCompensation' && @.gfe2010FeeType == 'LenderCompensationCredit' && @.gfe2010FeeIndex == '2')].additionalAmount,loan.closingCost.gfe2010.gfe2010Fees[(gfe2010FeeParentType == 'Section800LOCompensation' && gfe2010FeeType == 'LenderCompensationCredit' && gfe2010FeeIndex == '2')].additionalAmount,no,no,6,1.2,0,0,6,250,272.5,700,3000,4500,,no,
NEWHUD.X1231,Fees Line 802a Origination Points Borrower Checked,standard,String,STRING,str x14,$.closingCost.gfe2010Page.gfe2010FwbcFwscs[?(@.lineNumber == '802' && @.lineLetter == 'A')].fwbc,loan.closingCost.gfe2010Page.gfe2010FwbcFwscs[(lineNumber == '802' && lineLetter == 'A')].fwbc,no,no,10,2,4,1.6,1,,,,,,Purchasing Conditions,no,
NEWHUD.X1232,Fees Line 802b Origination Points Borrower Checked,standard,String,STRING,str x17,$.closingCost.gfe2010Page.gfe2010FwbcFwscs[?(@.lineNumber == '802' && @.lineLetter == 'B')].fwbc,loan.closingCost.gfe2010Page.gfe2010FwbcFwscs[(lineNumber == '802' && lineLetter == 'B')].fwbc,no,no,17,3.5,0,0,1,,,,,,Investor Delivery,no,
NEWHUD.X1233,Fees Line 802c Origination Points Borrower Checked,standard,String,STRING,str x3,$.closingCost.gfe2010Page.gfe2010FwbcFwscs[?(@.lineNumber == '802' && @.lineLetter == 'C')].fwbc,loan.closingCost.gfe2010Page.gfe2010FwbcFwscs[(lineNumber == '802' && lineLetter == 'C')].fwbc,no,no,3,0.6,0,0,1,,,,,,,no,
NEWHUD.X1234,Fees Line 802d Origination Points Borrower Checked,standard,String,STRING,str x2,$.closingCost.gfe2010Page.gfe2010FwbcFwscs[?(@.lineNumber == '802' && @.lineLetter == 'D')].fwbc,loan.closingCost.gfe2010Page.gfe2010FwbcFwscs[(lineNumber == '802' && lineLetter == 'D')].fwbc,no,no,2,0.4,0,0,1,,,,,,,no,
NEWHUD.X1236,Fees Line 801l Paid To Name,standard,String,STRING,str x1,$.closingCost.gfe2010.gfe2010Fees[?(@.gfe2010FeeParentType == 'Section800' && @.gfe2010FeeType == 'Line801L')].paidToName,loan.closingCost.gfe2010.gfe2010Fees[(gfe2010FeeParentType == 'Section800' && gfe2010FeeType == 'Line801L')].paidToName,no,no,0,0,0,0,1,,,,,,,no,identifying-or-high-cardinality
NEWHUD.X1241,Fees Line 801 Additional APR 6,standard,Boolean,YN,bool x8,$.closingCost.gfe2010.gfe2010Fees[?(@.gfe2010FeeParentType == 'Section800' && @.gfe2010FeeType == 'Line801Additional' && @.gfe2010FeeIndex == '6')].aprIndicator,loan.closingCost.gfe2010.gfe2010Fees[(gfe2010FeeParentType == 'Section800' && gfe2010FeeType == 'Line801Additional' && gfe2010FeeIndex == '6')].aprIndicator,no,no,0,0,0,0,1,,,,,,,no,
NEWHUD.X1242,Line 819 Additional Paid to 6,standard,String,STRING,str x8,$.closingCost.gfe2010.gfe2010Fees[?(@.gfe2010FeeParentType == 'Section800' && @.gfe2010FeeType == 'Line801Additional' && @.gfe2010FeeIndex == '6')].ptbType,loan.closingCost.gfe2010.gfe2010Fees[(gfe2010FeeParentType == 'Section800' && gfe2010FeeType == 'Line801Additional' && gfe2010FeeIndex == '6')].ptbType,no,no,0,0,0,0,1,,,,,,,no,
NEWHUD.X1244,Fees Line 801m Paid To Name,standard,String,STRING,str x1,$.closingCost.gfe2010.gfe2010Fees[?(@.gfe2010FeeParentType == 'Section800' && @.gfe2010FeeType == 'Line801M')].paidToName,loan.closingCost.gfe2010.gfe2010Fees[(gfe2010FeeParentType == 'Section800' && gfe2010FeeType == 'Line801M')].paidToName,no,no,0,0,0,0,1,,,,,,,no,identifying-or-high-cardinality
NEWHUD.X1249,Fees Line 801 Additional APR 7,standard,Boolean,YN,bool x8,$.closingCost.gfe2010.gfe2010Fees[?(@.gfe2010FeeParentType == 'Section800' && @.gfe2010FeeType == 'Line801Additional' && @.gfe2010FeeIndex == '7')].aprIndicator,loan.closingCost.gfe2010.gfe2010Fees[(gfe2010FeeParentType == 'Section800' && gfe2010FeeType == 'Line801Additional' && gfe2010FeeIndex == '7')].aprIndicator,no,no,0,0,0,0,1,,,,,,,no,
NEWHUD.X1250,Line 819 Additional Paid to 7,standard,String,STRING,str x8,$.closingCost.gfe2010.gfe2010Fees[?(@.gfe2010FeeParentType == 'Section800' && @.gfe2010FeeType == 'Line801Additional' && @.gfe2010FeeIndex == '7')].ptbType,loan.closingCost.gfe2010.gfe2010Fees[(gfe2010FeeParentType == 'Section800' && gfe2010FeeType == 'Line801Additional' && gfe2010FeeIndex == '7')].ptbType,no,no,0,0,0,0,1,,,,,,,no,
NEWHUD.X1252,Fees Line 801n Paid To Name,standard,String,STRING,str x1,$.closingCost.gfe2010.gfe2010Fees[?(@.gfe2010FeeParentType == 'Section800' && @.gfe2010FeeType == 'Line801N')].paidToName,loan.closingCost.gfe2010.gfe2010Fees[(gfe2010FeeParentType == 'Section800' && gfe2010FeeType == 'Line801N')].paidToName,no,no,0,0,0,0,1,,,,,,,no,identifying-or-high-cardinality
NEWHUD.X1257,Fees Line 801 Additional APR 8,standard,Boolean,YN,bool x8,$.closingCost.gfe2010.gfe2010Fees[?(@.gfe2010FeeParentType == 'Section800' && @.gfe2010FeeType == 'Line801Additional' && @.gfe2010FeeIndex == '8')].aprIndicator,loan.closingCost.gfe2010.gfe2010Fees[(gfe2010FeeParentType == 'Section800' && gfe2010FeeType == 'Line801Additional' && gfe2010FeeIndex == '8')].aprIndicator,no,no,0,0,0,0,1,,,,,,,no,
NEWHUD.X1258,Line 819 Additional Paid to 8,standard,String,STRING,str x8,$.closingCost.gfe2010.gfe2010Fees[?(@.gfe2010FeeParentType == 'Section800' && @.gfe2010FeeType == 'Line801Additional' && @.gfe2010FeeIndex == '8')].ptbType,loan.closingCost.gfe2010.gfe2010Fees[(gfe2010FeeParentType == 'Section800' && gfe2010FeeType == 'Line801Additional' && gfe2010FeeIndex == '8')].ptbType,no,no,0,0,0,0,1,,,,,,,no,
NEWHUD.X1260,Fees Line 801o Paid To Name,standard,String,STRING,str x1,$.closingCost.gfe2010.gfe2010Fees[?(@.gfe2010FeeParentType == 'Section800' && @.gfe2010FeeType == 'Line801O')].paidToName,loan.closingCost.gfe2010.gfe2010Fees[(gfe2010FeeParentType == 'Section800' && gfe2010FeeType == 'Line801O')].paidToName,no,no,0,0,0,0,1,,,,,,,no,identifying-or-high-cardinality
NEWHUD.X1265,Fees Line 801 Additional APR 9,standard,Boolean,YN,bool x8,$.closingCost.gfe2010.gfe2010Fees[?(@.gfe2010FeeParentType == 'Section800' && @.gfe2010FeeType == 'Line801Additional' && @.gfe2010FeeIndex == '9')].aprIndicator,loan.closingCost.gfe2010.gfe2010Fees[(gfe2010FeeParentType == 'Section800' && gfe2010FeeType == 'Line801Additional' && gfe2010FeeIndex == '9')].aprIndicator,no,no,0,0,0,0,1,,,,,,,no,
NEWHUD.X1266,Line 819 Additional Paid to 9,standard,String,STRING,str x8,$.closingCost.gfe2010.gfe2010Fees[?(@.gfe2010FeeParentType == 'Section800' && @.gfe2010FeeType == 'Line801Additional' && @.gfe2010FeeIndex == '9')].ptbType,loan.closingCost.gfe2010.gfe2010Fees[(gfe2010FeeParentType == 'Section800' && gfe2010FeeType == 'Line801Additional' && gfe2010FeeIndex == '9')].ptbType,no,no,0,0,0,0,1,,,,,,,no,
NEWHUD.X1268,Fees Line 801p Paid To Name,standard,String,STRING,str x1,$.closingCost.gfe2010.gfe2010Fees[?(@.gfe2010FeeParentType == 'Section800' && @.gfe2010FeeType == 'Line801P')].paidToName,loan.closingCost.gfe2010.gfe2010Fees[(gfe2010FeeParentType == 'Section800' && gfe2010FeeType == 'Line801P')].paidToName,no,no,0,0,0,0,1,,,,,,,no,identifying-or-high-cardinality
NEWHUD.X1273,Fees Line 801 Additional APR 10,standard,Boolean,YN,bool x8,$.closingCost.gfe2010.gfe2010Fees[?(@.gfe2010FeeParentType == 'Section800' && @.gfe2010FeeType == 'Line801Additional' && @.gfe2010FeeIndex == '10')].aprIndicator,loan.closingCost.gfe2010.gfe2010Fees[(gfe2010FeeParentType == 'Section800' && gfe2010FeeType == 'Line801Additional' && gfe2010FeeIndex == '10')].aprIndicator,no,no,0,0,0,0,1,,,,,,,no,
NEWHUD.X1274,Line 819 Additional Paid to 10,standard,String,STRING,str x8,$.closingCost.gfe2010.gfe2010Fees[?(@.gfe2010FeeParentType == 'Section800' && @.gfe2010FeeType == 'Line801Additional' && @.gfe2010FeeIndex == '10')].ptbType,loan.closingCost.gfe2010.gfe2010Fees[(gfe2010FeeParentType == 'Section800' && gfe2010FeeType == 'Line801Additional' && gfe2010FeeIndex == '10')].ptbType,no,no,0,0,0,0,1,,,,,,,no,
NEWHUD.X1276,Fees Line 801q Paid To Name,standard,String,STRING,str x1,$.closingCost.gfe2010.gfe2010Fees[?(@.gfe2010FeeParentType == 'Section800' && @.gfe2010FeeType == 'Line801Q')].paidToName,loan.closingCost.gfe2010.gfe2010Fees[(gfe2010FeeParentType == 'Section800' && gfe2010FeeType == 'Line801Q')].paidToName,no,no,0,0,0,0,1,,,,,,,no,identifying-or-high-cardinality
NEWHUD.X1281,Fees Line 801 Additional APR 11,standard,Boolean,YN,bool x8,$.closingCost.gfe2010.gfe2010Fees[?(@.gfe2010FeeParentType == 'Section800' && @.gfe2010FeeType == 'Line801Additional' && @.gfe2010FeeIndex == '11')].aprIndicator,loan.closingCost.gfe2010.gfe2010Fees[(gfe2010FeeParentType == 'Section800' && gfe2010FeeType == 'Line801Additional' && gfe2010FeeIndex == '11')].aprIndicator,no,no,0,0,0,0,1,,,,,,,no,
NEWHUD.X1282,Line 819 Additional Paid to 11,standard,String,STRING,str x8,$.closingCost.gfe2010.gfe2010Fees[?(@.gfe2010FeeParentType == 'Section800' && @.gfe2010FeeType == 'Line801Additional' && @.gfe2010FeeIndex == '11')].ptbType,loan.closingCost.gfe2010.gfe2010Fees[(gfe2010FeeParentType == 'Section800' && gfe2010FeeType == 'Line801Additional' && gfe2010FeeIndex == '11')].ptbType,no,no,0,0,0,0,1,,,,,,,no,
NEWHUD.X1284,Fees Line 801r Paid To Name,standard,String,STRING,str x1,$.closingCost.gfe2010.gfe2010Fees[?(@.gfe2010FeeParentType == 'Section800' && @.gfe2010FeeType == 'Line801R')].paidToName,loan.closingCost.gfe2010.gfe2010Fees[(gfe2010FeeParentType == 'Section800' && gfe2010FeeType == 'Line801R')].paidToName,no,no,0,0,0,0,1,,,,,,,no,identifying-or-high-cardinality
NEWHUD.X1289,Fees Line 801 Additional APR 12,standard,Boolean,YN,bool x8,$.closingCost.gfe2010.gfe2010Fees[?(@.gfe2010FeeParentType == 'Section800' && @.gfe2010FeeType == 'Line801Additional' && @.gfe2010FeeIndex == '12')].aprIndicator,loan.closingCost.gfe2010.gfe2010Fees[(gfe2010FeeParentType == 'Section800' && gfe2010FeeType == 'Line801Additional' && gfe2010FeeIndex == '12')].aprIndicator,no,no,0,0,0,0,1,,,,,,,no,
NEWHUD.X1290,Line 819 Additional Paid to 12,standard,String,STRING,str x8,$.closingCost.gfe2010.gfe2010Fees[?(@.gfe2010FeeParentType == 'Section800' && @.gfe2010FeeType == 'Line801Additional' && @.gfe2010FeeIndex == '12')].ptbType,loan.closingCost.gfe2010.gfe2010Fees[(gfe2010FeeParentType == 'Section800' && gfe2010FeeType == 'Line801Additional' && gfe2010FeeIndex == '12')].ptbType,no,no,0,0,0,0,1,,,,,,,no,
NEWHUD.X1297,Fees Line 818 APR,standard,Boolean,YN,bool x8,$.closingCost.gfe2010.gfe2010Fees[?(@.gfe2010FeeParentType == 'Section800' && @.gfe2010FeeType == 'Line820')].aprIndicator,loan.closingCost.gfe2010.gfe2010Fees[(gfe2010FeeParentType == 'Section800' && gfe2010FeeType == 'Line820')].aprIndicator,no,no,0,0,0,0,1,,,,,,,no,
NEWHUD.X1298,Fees Line 818 Paid to,standard,String,STRING,str x8,$.closingCost.gfe2010.gfe2010Fees[?(@.gfe2010FeeParentType == 'Section800' && @.gfe2010FeeType == 'Line820')].ptbType,loan.closingCost.gfe2010.gfe2010Fees[(gfe2010FeeParentType == 'Section800' && gfe2010FeeType == 'Line820')].ptbType,no,no,0,0,0,0,1,,,,,,,no,
NEWHUD.X1305,Fees Line 819 APR,standard,Boolean,YN,bool x8,$.closingCost.gfe2010.gfe2010Fees[?(@.gfe2010FeeParentType == 'Section800' && @.gfe2010FeeType == 'Line821')].aprIndicator,loan.closingCost.gfe2010.gfe2010Fees[(gfe2010FeeParentType == 'Section800' && gfe2010FeeType == 'Line821')].aprIndicator,no,no,0,0,0,0,1,,,,,,,no,
NEWHUD.X1306,Fees Line 819 Paid to,standard,String,STRING,str x8,$.closingCost.gfe2010.gfe2010Fees[?(@.gfe2010FeeParentType == 'Section800' && @.gfe2010FeeType == 'Line821')].ptbType,loan.closingCost.gfe2010.gfe2010Fees[(gfe2010FeeParentType == 'Section800' && gfe2010FeeType == 'Line821')].ptbType,no,no,0,0,0,0,1,,,,,,,no,
NEWHUD.X1313,Fees Line 820 APR,standard,Boolean,YN,bool x8,$.closingCost.gfe2010.gfe2010Fees[?(@.gfe2010FeeParentType == 'Section800' && @.gfe2010FeeType == 'Line822')].aprIndicator,loan.closingCost.gfe2010.gfe2010Fees[(gfe2010FeeParentType == 'Section800' && gfe2010FeeType == 'Line822')].aprIndicator,no,no,0,0,0,0,1,,,,,,,no,
NEWHUD.X1314,Fees Line 820 Paid to,standard,String,STRING,str x8,$.closingCost.gfe2010.gfe2010Fees[?(@.gfe2010FeeParentType == 'Section800' && @.gfe2010FeeType == 'Line822')].ptbType,loan.closingCost.gfe2010.gfe2010Fees[(gfe2010FeeParentType == 'Section800' && gfe2010FeeType == 'Line822')].ptbType,no,no,0,0,0,0,1,,,,,,,no,
NEWHUD.X1321,Fees Line 821 APR,standard,Boolean,YN,bool x8,$.closingCost.gfe2010.gfe2010Fees[?(@.gfe2010FeeParentType == 'Section800' && @.gfe2010FeeType == 'Line823')].aprIndicator,loan.closingCost.gfe2010.gfe2010Fees[(gfe2010FeeParentType == 'Section800' && gfe2010FeeType == 'Line823')].aprIndicator,no,no,0,0,0,0,1,,,,,,,no,
NEWHUD.X1322,Fees Line 821 Paid to,standard,String,STRING,str x8,$.closingCost.gfe2010.gfe2010Fees[?(@.gfe2010FeeParentType == 'Section800' && @.gfe2010FeeType == 'Line823')].ptbType,loan.closingCost.gfe2010.gfe2010Fees[(gfe2010FeeParentType == 'Section800' && gfe2010FeeType == 'Line823')].ptbType,no,no,0,0,0,0,1,,,,,,,no,
NEWHUD.X1329,Fees Line 822 APR,standard,Boolean,YN,bool x8,$.closingCost.gfe2010.gfe2010Fees[?(@.gfe2010FeeParentType == 'Section800' && @.gfe2010FeeType == 'Line824')].aprIndicator,loan.closingCost.gfe2010.gfe2010Fees[(gfe2010FeeParentType == 'Section800' && gfe2010FeeType == 'Line824')].aprIndicator,no,no,0,0,0,0,1,,,,,,,no,
NEWHUD.X1330,Fees Line 822 Paid to,standard,String,STRING,str x8,$.closingCost.gfe2010.gfe2010Fees[?(@.gfe2010FeeParentType == 'Section800' && @.gfe2010FeeType == 'Line824')].ptbType,loan.closingCost.gfe2010.gfe2010Fees[(gfe2010FeeParentType == 'Section800' && gfe2010FeeType == 'Line824')].ptbType,no,no,0,0,0,0,1,,,,,,,no,
NEWHUD.X1337,Fees Line 823 APR,standard,Boolean,YN,bool x8,$.closingCost.gfe2010.gfe2010Fees[?(@.gfe2010FeeParentType == 'Section800' && @.gfe2010FeeType == 'Line825')].aprIndicator,loan.closingCost.gfe2010.gfe2010Fees[(gfe2010FeeParentType == 'Section800' && gfe2010FeeType == 'Line825')].aprIndicator,no,no,0,0,0,0,1,,,,,,,no,
NEWHUD.X1338,Fees Line 823 Paid to,standard,String,STRING,str x8,$.closingCost.gfe2010.gfe2010Fees[?(@.gfe2010FeeParentType == 'Section800' && @.gfe2010FeeType == 'Line825')].ptbType,loan.closingCost.gfe2010.gfe2010Fees[(gfe2010FeeParentType == 'Section800' && gfe2010FeeType == 'Line825')].ptbType,no,no,0,0,0,0,1,,,,,,,no,
NEWHUD.X1345,Fees Line 824 APR,standard,Boolean,YN,bool x8,$.closingCost.gfe2010.gfe2010Fees[?(@.gfe2010FeeParentType == 'Section800' && @.gfe2010FeeType == 'Line826')].aprIndicator,loan.closingCost.gfe2010.gfe2010Fees[(gfe2010FeeParentType == 'Section800' && gfe2010FeeType == 'Line826')].aprIndicator,no,no,0,0,0,0,1,,,,,,,no,
NEWHUD.X1346,Fees Line 824 Paid to,standard,String,STRING,str x8,$.closingCost.gfe2010.gfe2010Fees[?(@.gfe2010FeeParentType == 'Section800' && @.gfe2010FeeType == 'Line826')].ptbType,loan.closingCost.gfe2010.gfe2010Fees[(gfe2010FeeParentType == 'Section800' && gfe2010FeeType == 'Line826')].ptbType,no,no,0,0,0,0,1,,,,,,,no,
NEWHUD.X1353,Fees Line 825 APR,standard,Boolean,YN,bool x8,$.closingCost.gfe2010.gfe2010Fees[?(@.gfe2010FeeParentType == 'Section800' && @.gfe2010FeeType == 'Line827')].aprIndicator,loan.closingCost.gfe2010.gfe2010Fees[(gfe2010FeeParentType == 'Section800' && gfe2010FeeType == 'Line827')].aprIndicator,no,no,0,0,0,0,1,,,,,,,no,
NEWHUD.X1354,Fees Line 825 Paid to,standard,String,STRING,str x8,$.closingCost.gfe2010.gfe2010Fees[?(@.gfe2010FeeParentType == 'Section800' && @.gfe2010FeeType == 'Line827')].ptbType,loan.closingCost.gfe2010.gfe2010Fees[(gfe2010FeeParentType == 'Section800' && gfe2010FeeType == 'Line827')].ptbType,no,no,0,0,0,0,1,,,,,,,no,
NEWHUD.X1361,Fees Line 826 APR,standard,Boolean,YN,bool x8,$.closingCost.gfe2010.gfe2010Fees[?(@.gfe2010FeeParentType == 'Section800' && @.gfe2010FeeType == 'Line828')].aprIndicator,loan.closingCost.gfe2010.gfe2010Fees[(gfe2010FeeParentType == 'Section800' && gfe2010FeeType == 'Line828')].aprIndicator,no,no,0,0,0,0,1,,,,,,,no,
NEWHUD.X1362,Fees Line 826 Paid to,standard,String,STRING,str x8,$.closingCost.gfe2010.gfe2010Fees[?(@.gfe2010FeeParentType == 'Section800' && @.gfe2010FeeType == 'Line828')].ptbType,loan.closingCost.gfe2010.gfe2010Fees[(gfe2010FeeParentType == 'Section800' && gfe2010FeeType == 'Line828')].ptbType,no,no,0,0,0,0,1,,,,,,,no,
NEWHUD.X1369,Fees Line 827 APR,standard,Boolean,YN,bool x8,$.closingCost.gfe2010.gfe2010Fees[?(@.gfe2010FeeParentType == 'Section800' && @.gfe2010FeeType == 'Line829')].aprIndicator,loan.closingCost.gfe2010.gfe2010Fees[(gfe2010FeeParentType == 'Section800' && gfe2010FeeType == 'Line829')].aprIndicator,no,no,0,0,0,0,1,,,,,,,no,
NEWHUD.X1370,Fees Line 827 Paid to,standard,String,STRING,str x8,$.closingCost.gfe2010.gfe2010Fees[?(@.gfe2010FeeParentType == 'Section800' && @.gfe2010FeeType == 'Line829')].ptbType,loan.closingCost.gfe2010.gfe2010Fees[(gfe2010FeeParentType == 'Section800' && gfe2010FeeType == 'Line829')].ptbType,no,no,0,0,0,0,1,,,,,,,no,
NEWHUD.X1377,Fees Line 828 APR,standard,Boolean,YN,bool x8,$.closingCost.gfe2010.gfe2010Fees[?(@.gfe2010FeeParentType == 'Section800' && @.gfe2010FeeType == 'Line830')].aprIndicator,loan.closingCost.gfe2010.gfe2010Fees[(gfe2010FeeParentType == 'Section800' && gfe2010FeeType == 'Line830')].aprIndicator,no,no,0,0,0,0,1,,,,,,,no,
NEWHUD.X1378,Fees Line 828 Paid to,standard,String,STRING,str x8,$.closingCost.gfe2010.gfe2010Fees[?(@.gfe2010FeeParentType == 'Section800' && @.gfe2010FeeType == 'Line830')].ptbType,loan.closingCost.gfe2010.gfe2010Fees[(gfe2010FeeParentType == 'Section800' && gfe2010FeeType == 'Line830')].ptbType,no,no,0,0,0,0,1,,,,,,,no,
NEWHUD.X1385,Fees Line 829 APR,standard,Boolean,YN,bool x8,$.closingCost.gfe2010.gfe2010Fees[?(@.gfe2010FeeParentType == 'Section800' && @.gfe2010FeeType == 'Line831')].aprIndicator,loan.closingCost.gfe2010.gfe2010Fees[(gfe2010FeeParentType == 'Section800' && gfe2010FeeType == 'Line831')].aprIndicator,no,no,0,0,0,0,1,,,,,,,no,
NEWHUD.X1386,Fees Line 829 Paid to,standard,String,STRING,str x8,$.closingCost.gfe2010.gfe2010Fees[?(@.gfe2010FeeParentType == 'Section800' && @.gfe2010FeeType == 'Line831')].ptbType,loan.closingCost.gfe2010.gfe2010Fees[(gfe2010FeeParentType == 'Section800' && gfe2010FeeType == 'Line831')].ptbType,no,no,0,0,0,0,1,,,,,,,no,
NEWHUD.X1393,Fees Line 830 APR,standard,Boolean,YN,bool x8,$.closingCost.gfe2010.gfe2010Fees[?(@.gfe2010FeeParentType == 'Section800' && @.gfe2010FeeType == 'Line832')].aprIndicator,loan.closingCost.gfe2010.gfe2010Fees[(gfe2010FeeParentType == 'Section800' && gfe2010FeeType == 'Line832')].aprIndicator,no,no,0,0,0,0,1,,,,,,,no,
NEWHUD.X1394,Fees Line 830 Paid to,standard,String,STRING,str x8,$.closingCost.gfe2010.gfe2010Fees[?(@.gfe2010FeeParentType == 'Section800' && @.gfe2010FeeType == 'Line832')].ptbType,loan.closingCost.gfe2010.gfe2010Fees[(gfe2010FeeParentType == 'Section800' && gfe2010FeeType == 'Line832')].ptbType,no,no,0,0,0,0,1,,,,,,,no,
NEWHUD.X1401,Fees Line 831 APR,standard,Boolean,YN,bool x8,$.closingCost.gfe2010.gfe2010Fees[?(@.gfe2010FeeParentType == 'Section800' && @.gfe2010FeeType == 'Line833')].aprIndicator,loan.closingCost.gfe2010.gfe2010Fees[(gfe2010FeeParentType == 'Section800' && gfe2010FeeType == 'Line833')].aprIndicator,no,no,0,0,0,0,1,,,,,,,no,
NEWHUD.X1402,Fees Line 831 Paid to,standard,String,STRING,str x8,$.closingCost.gfe2010.gfe2010Fees[?(@.gfe2010FeeParentType == 'Section800' && @.gfe2010FeeType == 'Line833')].ptbType,loan.closingCost.gfe2010.gfe2010Fees[(gfe2010FeeParentType == 'Section800' && gfe2010FeeType == 'Line833')].ptbType,no,no,0,0,0,0,1,,,,,,,no,
NEWHUD.X1409,Fees Line 832 APR,standard,Boolean,YN,bool x8,$.closingCost.gfe2010.gfe2010Fees[?(@.gfe2010FeeParentType == 'Section800' && @.gfe2010FeeType == 'Line834')].aprIndicator,loan.closingCost.gfe2010.gfe2010Fees[(gfe2010FeeParentType == 'Section800' && gfe2010FeeType == 'Line834')].aprIndicator,no,no,0,0,0,0,1,,,,,,,no,
NEWHUD.X1410,Fees Line 832 Paid to,standard,String,STRING,str x8,$.closingCost.gfe2010.gfe2010Fees[?(@.gfe2010FeeParentType == 'Section800' && @.gfe2010FeeType == 'Line834')].ptbType,loan.closingCost.gfe2010.gfe2010Fees[(gfe2010FeeParentType == 'Section800' && gfe2010FeeType == 'Line834')].ptbType,no,no,0,0,0,0,1,,,,,,,no,
NEWHUD.X1417,Fees Line 833 APR,standard,Boolean,YN,bool x8,$.closingCost.gfe2010.gfe2010Fees[?(@.gfe2010FeeParentType == 'Section800' && @.gfe2010FeeType == 'Line835')].aprIndicator,loan.closingCost.gfe2010.gfe2010Fees[(gfe2010FeeParentType == 'Section800' && gfe2010FeeType == 'Line835')].aprIndicator,no,no,0,0,0,0,1,,,,,,,no,
NEWHUD.X1418,Fees Line 833 Paid to,standard,String,STRING,str x8,$.closingCost.gfe2010.gfe2010Fees[?(@.gfe2010FeeParentType == 'Section800' && @.gfe2010FeeType == 'Line835')].ptbType,loan.closingCost.gfe2010.gfe2010Fees[(gfe2010FeeParentType == 'Section800' && gfe2010FeeType == 'Line835')].ptbType,no,no,0,0,0,0,1,,,,,,,no,
NEWHUD.X1593,Fees Line 911 Paid to,standard,String,STRING,str x8,$.closingCost.gfe2010.gfe2010Fees[?(@.gfe2010FeeParentType == 'Section900' && @.gfe2010FeeType == 'Line911')].ptbType,loan.closingCost.gfe2010.gfe2010Fees[(gfe2010FeeParentType == 'Section900' && gfe2010FeeType == 'Line911')].ptbType,no,no,0,0,0,0,1,,,,,,,no,
NEWHUD.X1601,Fees Line 912 Paid to,standard,String,STRING,str x8,$.closingCost.gfe2010.gfe2010Fees[?(@.gfe2010FeeParentType == 'Section900' && @.gfe2010FeeType == 'Line912')].ptbType,loan.closingCost.gfe2010.gfe2010Fees[(gfe2010FeeParentType == 'Section900' && gfe2010FeeType == 'Line912')].ptbType,no,no,0,0,0,0,1,,,,,,,no,
NEWHUD.X1609,Fees Line 1115 Paid to,standard,String,STRING,str x8,$.closingCost.gfe2010.gfe2010Fees[?(@.gfe2010FeeParentType == 'Section1100' && @.gfe2010FeeType == 'Line1115')].ptbType,loan.closingCost.gfe2010.gfe2010Fees[(gfe2010FeeParentType == 'Section1100' && gfe2010FeeType == 'Line1115')].ptbType,no,no,0,0,0,0,1,,,,,,,no,
NEWHUD.X1617,Fees Line 1116 Paid to,standard,String,STRING,str x8,$.closingCost.gfe2010.gfe2010Fees[?(@.gfe2010FeeParentType == 'Section1100' && @.gfe2010FeeType == 'Line1116')].ptbType,loan.closingCost.gfe2010.gfe2010Fees[(gfe2010FeeParentType == 'Section1100' && gfe2010FeeType == 'Line1116')].ptbType,no,no,0,0,0,0,1,,,,,,,no,
NEWHUD.X1632,Fees Line 1312 Descr,standard,String,STRING,str x1,$.closingCost.gfe2010Section.line1312,loan.closingCost.gfe2010Section.line1312,no,no,1,0.2,0,0,1,,,,,,,no,
NEWHUD.X1633,Fees Line 1312 Paid To Name,standard,String,STRING,str x1,$.closingCost.gfe2010.gfe2010Fees[?(@.gfe2010FeeParentType == 'Section1300' && @.gfe2010FeeType == 'Line1312')].paidToName,loan.closingCost.gfe2010.gfe2010Fees[(gfe2010FeeParentType == 'Section1300' && gfe2010FeeType == 'Line1312')].paidToName,no,no,1,0.2,0,0,1,,,,,,,no,identifying-or-high-cardinality
NEWHUD.X1635,Fees Line 1312 Seller,standard,Decimal,DECIMAL_2,int x1,$.closingCost.gfe2010.gfe2010Fees[?(@.gfe2010FeeParentType == 'Section1300' && @.gfe2010FeeType == 'Line1312')].selPaidAmount,loan.closingCost.gfe2010.gfe2010Fees[(gfe2010FeeParentType == 'Section1300' && gfe2010FeeType == 'Line1312')].selPaidAmount,no,no,1,0.2,0,0,1,,,,,,,no,
NEWHUD.X1639,Fees Line 1312 Paid to,standard,String,STRING,str x8,$.closingCost.gfe2010.gfe2010Fees[?(@.gfe2010FeeParentType == 'Section1300' && @.gfe2010FeeType == 'Line1312')].ptbType,loan.closingCost.gfe2010.gfe2010Fees[(gfe2010FeeParentType == 'Section1300' && gfe2010FeeType == 'Line1312')].ptbType,no,no,0,0,0,0,1,,,,,,,no,
NEWHUD.X1647,Fees Line 1313 Paid to,standard,String,STRING,str x8,$.closingCost.gfe2010.gfe2010Fees[?(@.gfe2010FeeParentType == 'Section1300' && @.gfe2010FeeType == 'Line1313')].ptbType,loan.closingCost.gfe2010.gfe2010Fees[(gfe2010FeeParentType == 'Section1300' && gfe2010FeeType == 'Line1313')].ptbType,no,no,0,0,0,0,1,,,,,,,no,
NEWHUD.X1655,Fees Line 1314 Paid to,standard,String,STRING,str x8,$.closingCost.gfe2010.gfe2010Fees[?(@.gfe2010FeeParentType == 'Section1300' && @.gfe2010FeeType == 'Line1314')].ptbType,loan.closingCost.gfe2010.gfe2010Fees[(gfe2010FeeParentType == 'Section1300' && gfe2010FeeType == 'Line1314')].ptbType,no,no,0,0,0,0,1,,,,,,,no,
NEWHUD.X1663,Fees Line 1315 Paid to,standard,String,STRING,str x8,$.closingCost.gfe2010.gfe2010Fees[?(@.gfe2010FeeParentType == 'Section1300' && @.gfe2010FeeType == 'Line1315')].ptbType,loan.closingCost.gfe2010.gfe2010Fees[(gfe2010FeeParentType == 'Section1300' && gfe2010FeeType == 'Line1315')].ptbType,no,no,0,0,0,0,1,,,,,,,no,
NEWHUD.X1711,Fees Line 1010 Guarantee Fee APR,standard,Boolean,YN,bool x8,$.closingCost.gfe2010Section.section1000HudGuaranteeFeeAprIndicator,loan.closingCost.gfe2010Section.section1000HudGuaranteeFeeAprIndicator,no,no,0,0,0,0,1,,,,,,,no,
NEWHUD.X1716,Borr Fees Line 1001 for HUD-1 Page 2,standard,Decimal,DECIMAL_2,float x284 | int x133,$.closingCost.gfe2010Section.line1001BorPaidTotal,loan.closingCost.gfe2010Section.line1001BorPaidTotal,no,no,403,82.2,8,3.2,385,365,600,1240,2150,5125,Started,no,identifying-or-high-cardinality
NEWHUD.X1719,Fees Section 1000 Borrower Paid Total Amount,standard,Decimal,DECIMAL_2,float x284 | int x133,$.closingCost.section1000BorrowerPaidTotalAmount,loan.closingCost.section1000BorrowerPaidTotalAmount,no,no,403,82.2,8,3.2,385,365,600,1240,2150,5125,Started,no,identifying-or-high-cardinality
NEWHUD.X1726,Incl Escrow-City Prop Taxes,standard,Boolean,YN,bool x5,$.closingCost.gfe2010Page.hasEscrowCityPropertyTaxesIndicator,loan.closingCost.gfe2010Page.hasEscrowCityPropertyTaxesIndicator,no,no,5,1,0,0,1,,,,,,,no,identifying-or-high-cardinality
NEWHUD2.X28,Line 800 Total Borrower Paid Amount,standard,Decimal,DECIMAL_2,int x12 | float x10,$.closingCost.gfe2010.section800TotalBorrowerPaidAmount,loan.closingCost.gfe2010.section800TotalBorrowerPaidAmount,no,no,17,3.5,1,0.4,18,-9000,-901.875,-128.805,3690.3025,13069.02,Purchasing Conditions,no,
NEWHUD2.X31,Line 800 Total Paid Amount,standard,Decimal,DECIMAL_2,int x12 | float x10,$.closingCost.gfe2010.section800TotalPaidAmount,loan.closingCost.gfe2010.section800TotalPaidAmount,no,no,17,3.5,1,0.4,18,-9000,-901.875,-128.805,3690.3025,13069.02,Purchasing Conditions,no,
NEWHUD2.X32,Line 900 Total Borrower Paid Amount,standard,Decimal,DECIMAL_2,float x7 | int x1,$.closingCost.gfe2010.section900TotalBorrowerPaidAmount,loan.closingCost.gfe2010.section900TotalBorrowerPaidAmount,no,no,3,0.6,0,0,7,150.14,205.48,388.52,1222.9675,1449,,no,
NEWHUD2.X35,Line 900 Total Paid Amount,standard,Decimal,DECIMAL_2,float x7 | int x1,$.closingCost.gfe2010.section900TotalPaidAmount,loan.closingCost.gfe2010.section900TotalPaidAmount,no,no,3,0.6,0,0,7,150.14,205.48,388.52,1222.9675,1449,,no,
NEWHUD2.X36,Line 1000 Total Borrower Paid Amount,standard,Decimal,DECIMAL_2,float x51 | int x9,$.closingCost.gfe2010.section1000TotalBorrowerPaidAmount,loan.closingCost.gfe2010.section1000TotalBorrowerPaidAmount,no,no,54,11,0,0,59,-3303.53,-1024.2475,-502.45,-214.22,2508,Investor Delivery,no,identifying-or-high-cardinality
NEWHUD2.X39,Line 1000 Total Paid Amount,standard,Decimal,DECIMAL_2,float x51 | int x9,$.closingCost.gfe2010.section1000TotalPaidAmount,loan.closingCost.gfe2010.section1000TotalPaidAmount,no,no,54,11,0,0,59,-3303.53,-1024.2475,-502.45,-214.22,2508,Investor Delivery,no,identifying-or-high-cardinality
NEWHUD2.X40,Line 1100 Total Borrower Paid Amount,standard,Decimal,DECIMAL_2,int x1,$.closingCost.gfe2010.section1100TotalBorrowerPaidAmount,loan.closingCost.gfe2010.section1100TotalBorrowerPaidAmount,no,no,0,0,0,0,1,,,,,,,no,
NEWHUD2.X43,Line 1100 Total Paid Amount,standard,Decimal,DECIMAL_2,int x1,$.closingCost.gfe2010.section1100TotalPaidAmount,loan.closingCost.gfe2010.section1100TotalPaidAmount,no,no,0,0,0,0,1,,,,,,,no,
NEWHUD2.X44,Line 1200 Total Borrower Paid Amount,standard,Decimal,DECIMAL_2,int x1,$.closingCost.gfe2010.section1200TotalBorrowerPaidAmount,loan.closingCost.gfe2010.section1200TotalBorrowerPaidAmount,no,no,0,0,0,0,1,,,,,,,no,
NEWHUD2.X47,Line 1200 Total Paid Amount,standard,Decimal,DECIMAL_2,int x1,$.closingCost.gfe2010.section1200TotalPaidAmount,loan.closingCost.gfe2010.section1200TotalPaidAmount,no,no,0,0,0,0,1,,,,,,,no,
NEWHUD2.X53,Line 1400 Total Paid Amount,standard,Decimal,DECIMAL_2,float x61 | int x9,$.closingCost.gfe2010.section1400TotalPaidAmount,loan.closingCost.gfe2010.section1400TotalPaidAmount,no,no,62,12.7,1,0.4,67,-3468.75,-1036.4825,-502.45,511.6775,11733.14,Investor Delivery,no,identifying-or-high-cardinality
NEWHUD2.X79,Fees Line 1102c APR,standard,Boolean,YN,bool x8,$.closingCost.gfe2010.gfe2010Fees[?(@.gfe2010FeeParentType == 'Section1100' && @.gfe2010FeeType == 'Line1102c')].aprIndicator,loan.closingCost.gfe2010.gfe2010Fees[(gfe2010FeeParentType == 'Section1100' && gfe2010FeeType == 'Line1102c')].aprIndicator,no,no,0,0,0,0,1,,,,,,,no,
NEWHUD2.X104,Fees Line 801a Paid To Name,standard,String,STRING,str x2,$.closingCost.gfe2010.gfe2010Fees[?(@.gfe2010FeeParentType == 'Section800' && @.gfe2010FeeType == 'Line801A')].paidToName,loan.closingCost.gfe2010.gfe2010Fees[(gfe2010FeeParentType == 'Section800' && gfe2010FeeType == 'Line801A')].paidToName,no,no,1,0.2,0,0,2,,,,,,,no,identifying-or-high-cardinality
NEWHUD2.X105,Fees Line 801b Paid To Name,standard,String,STRING,str x2,$.closingCost.gfe2010.gfe2010Fees[?(@.gfe2010FeeParentType == 'Section800' && @.gfe2010FeeType == 'Line801B')].paidToName,loan.closingCost.gfe2010.gfe2010Fees[(gfe2010FeeParentType == 'Section800' && gfe2010FeeType == 'Line801B')].paidToName,no,no,1,0.2,0,0,2,,,,,,,no,identifying-or-high-cardinality
NEWHUD2.X106,Fees Line 801c Paid To Name,standard,String,STRING,str x1,$.closingCost.gfe2010.gfe2010Fees[?(@.gfe2010FeeParentType == 'Section800' && @.gfe2010FeeType == 'Line801C')].paidToName,loan.closingCost.gfe2010.gfe2010Fees[(gfe2010FeeParentType == 'Section800' && gfe2010FeeType == 'Line801C')].paidToName,no,no,0,0,0,0,1,,,,,,,no,identifying-or-high-cardinality
NEWHUD2.X107,Fees Line 801d Paid To Name,standard,String,STRING,str x1,$.closingCost.gfe2010.gfe2010Fees[?(@.gfe2010FeeParentType == 'Section800' && @.gfe2010FeeType == 'Line801D')].paidToName,loan.closingCost.gfe2010.gfe2010Fees[(gfe2010FeeParentType == 'Section800' && gfe2010FeeType == 'Line801D')].paidToName,no,no,0,0,0,0,1,,,,,,,no,identifying-or-high-cardinality
NEWHUD2.X111,Fees Line 802e Paid To Name,standard,String,STRING,str x1,$.closingCost.gfe2010.gfe2010Fees[?(@.gfe2010FeeParentType == 'Section800' && @.gfe2010FeeType == 'Line802e')].paidToName,loan.closingCost.gfe2010.gfe2010Fees[(gfe2010FeeParentType == 'Section800' && gfe2010FeeType == 'Line802e')].paidToName,no,no,0,0,0,0,1,,,,,,,no,identifying-or-high-cardinality
NEWHUD2.X112,Fees Line 802f Paid To Name,standard,String,STRING,str x1,$.closingCost.gfe2010.gfe2010Fees[?(@.gfe2010FeeParentType == 'Section800' && @.gfe2010FeeType == 'Line802f')].paidToName,loan.closingCost.gfe2010.gfe2010Fees[(gfe2010FeeParentType == 'Section800' && gfe2010FeeType == 'Line802f')].paidToName,no,no,0,0,0,0,1,,,,,,,no,identifying-or-high-cardinality
NEWHUD2.X113,Fees Line 802g Paid To Name,standard,String,STRING,str x1,$.closingCost.gfe2010.gfe2010Fees[?(@.gfe2010FeeParentType == 'Section800' && @.gfe2010FeeType == 'Line802g')].paidToName,loan.closingCost.gfe2010.gfe2010Fees[(gfe2010FeeParentType == 'Section800' && gfe2010FeeType == 'Line802g')].paidToName,no,no,0,0,0,0,1,,,,,,,no,identifying-or-high-cardinality
NEWHUD2.X114,Fees Line 802h Paid To Name,standard,String,STRING,str x1,$.closingCost.gfe2010.gfe2010Fees[?(@.gfe2010FeeParentType == 'Section800' && @.gfe2010FeeType == 'Line802h')].paidToName,loan.closingCost.gfe2010.gfe2010Fees[(gfe2010FeeParentType == 'Section800' && gfe2010FeeType == 'Line802h')].paidToName,no,no,0,0,0,0,1,,,,,,,no,identifying-or-high-cardinality
NEWHUD2.X115,Fees Line 901 Paid To Name,standard,String,STRING,str x1,$.closingCost.gfe2010.gfe2010Fees[?(@.gfe2010FeeParentType == 'Section900' && @.gfe2010FeeType == 'Line901')].paidToName,loan.closingCost.gfe2010.gfe2010Fees[(gfe2010FeeParentType == 'Section900' && gfe2010FeeType == 'Line901')].paidToName,no,no,0,0,0,0,1,,,,,,,no,identifying-or-high-cardinality
NEWHUD2.X126,Line 1007 Taxes Indicator,standard,Boolean,YN,bool x52,$.closingCost.gfe2010.gfe2010Fees[?(@.gfe2010FeeParentType == 'Section1000' && @.gfe2010FeeType == 'Line1007')].taxesIndicator2015,loan.closingCost.gfe2010.gfe2010Fees[(gfe2010FeeParentType == 'Section1000' && gfe2010FeeType == 'Line1007')].taxesIndicator2015,no,no,52,10.6,0,0,1,,,,,,Investor Delivery,no,
NEWHUD2.X129,Line 1008 Taxes Indicator,standard,Boolean,YN,bool x33,$.closingCost.gfe2010.gfe2010Fees[?(@.gfe2010FeeParentType == 'Section1000' && @.gfe2010FeeType == 'Line1008')].taxesIndicator2015,loan.closingCost.gfe2010.gfe2010Fees[(gfe2010FeeParentType == 'Section1000' && gfe2010FeeType == 'Line1008')].taxesIndicator2015,no,no,33,6.7,0,0,1,,,,,,Purchasing Conditions,no,
NEWHUD2.X132,Line 1009 Taxes Indicator,standard,Boolean,YN,bool x8,$.closingCost.gfe2010.gfe2010Fees[?(@.gfe2010FeeParentType == 'Section1000' && @.gfe2010FeeType == 'Line1009')].taxesIndicator2015,loan.closingCost.gfe2010.gfe2010Fees[(gfe2010FeeParentType == 'Section1000' && gfe2010FeeType == 'Line1009')].taxesIndicator2015,no,no,8,1.6,0,0,1,,,,,,,no,
NEWHUD2.X133,Line 1002 Escrow Indicator,standard,Boolean,YN,bool x368,$.closingCost.gfe2010.gfe2010Fees[?(@.gfe2010FeeParentType == 'Section1000' && @.gfe2010FeeType == 'Line1002')].escrowedIndicator2015,loan.closingCost.gfe2010.gfe2010Fees[(gfe2010FeeParentType == 'Section1000' && gfe2010FeeType == 'Line1002')].escrowedIndicator2015,no,no,356,72.7,6,2.4,1,,,,,,Started,no,
NEWHUD2.X134,Line 1004 Escrow Indicator,standard,Boolean,YN,bool x372,$.closingCost.gfe2010.gfe2010Fees[?(@.gfe2010FeeParentType == 'Section1000' && @.gfe2010FeeType == 'Line1004')].escrowedIndicator2015,loan.closingCost.gfe2010.gfe2010Fees[(gfe2010FeeParentType == 'Section1000' && gfe2010FeeType == 'Line1004')].escrowedIndicator2015,no,no,359,73.3,6,2.4,1,,,,,,Started,no,
NEWHUD2.X135,Line 1005 Escrow Indicator,standard,Boolean,YN,bool x5,$.closingCost.gfe2010.gfe2010Fees[?(@.gfe2010FeeParentType == 'Section1000' && @.gfe2010FeeType == 'Line1005')].escrowedIndicator2015,loan.closingCost.gfe2010.gfe2010Fees[(gfe2010FeeParentType == 'Section1000' && gfe2010FeeType == 'Line1005')].escrowedIndicator2015,no,no,5,1,0,0,1,,,,,,,no,
NEWHUD2.X136,Line 1006 Escrow Indicator,standard,Boolean,YN,bool x11,$.closingCost.gfe2010.gfe2010Fees[?(@.gfe2010FeeParentType == 'Section1000' && @.gfe2010FeeType == 'Line1006')].escrowedIndicator2015,loan.closingCost.gfe2010.gfe2010Fees[(gfe2010FeeParentType == 'Section1000' && gfe2010FeeType == 'Line1006')].escrowedIndicator2015,no,no,10,2,0,0,1,,,,,,Purchasing Conditions,no,
NEWHUD2.X137,Line 1007 Escrow Indicator,standard,Boolean,YN,bool x40,$.closingCost.gfe2010.gfe2010Fees[?(@.gfe2010FeeParentType == 'Section1000' && @.gfe2010FeeType == 'Line1007')].escrowedIndicator2015,loan.closingCost.gfe2010.gfe2010Fees[(gfe2010FeeParentType == 'Section1000' && gfe2010FeeType == 'Line1007')].escrowedIndicator2015,no,no,40,8.2,0,0,1,,,,,,Investor Delivery,no,
NEWHUD2.X138,Line 1008 Escrow Indicator,standard,Boolean,YN,bool x22,$.closingCost.gfe2010.gfe2010Fees[?(@.gfe2010FeeParentType == 'Section1000' && @.gfe2010FeeType == 'Line1008')].escrowedIndicator2015,loan.closingCost.gfe2010.gfe2010Fees[(gfe2010FeeParentType == 'Section1000' && gfe2010FeeType == 'Line1008')].escrowedIndicator2015,no,no,21,4.3,0,0,1,,,,,,Purchasing Conditions,no,
NEWHUD2.X139,Line 1009 Escrow Indicator,standard,Boolean,YN,bool x7,$.closingCost.gfe2010.gfe2010Fees[?(@.gfe2010FeeParentType == 'Section1000' && @.gfe2010FeeType == 'Line1009')].escrowedIndicator2015,loan.closingCost.gfe2010.gfe2010Fees[(gfe2010FeeParentType == 'Section1000' && gfe2010FeeType == 'Line1009')].escrowedIndicator2015,no,no,7,1.4,0,0,1,,,,,,,no,
NEWHUD2.X300,Fee Details - Line 801a - Total Fee Amount,standard,Decimal,DECIMAL_2,int x6,$.closingCost.gfe2010.gfe2010Fees[?(@.gfe2010FeeParentType == 'Section800' && @.gfe2010FeeType == 'Line801A')].totalFeeAmount2015,loan.closingCost.gfe2010.gfe2010Fees[(gfe2010FeeParentType == 'Section800' && gfe2010FeeType == 'Line801A')].totalFeeAmount2015,no,no,3,0.6,1,0.4,4,2240,2960,6000,7000,10000,,no,
NEWHUD2.X301,Fee Details - Line 801a - Total Fee Percentage,standard,Decimal,DECIMAL_3,int x6,$.closingCost.gfe2010.gfe2010Fees[?(@.gfe2010FeeParentType == 'Section800' && @.gfe2010FeeType == 'Line801A')].totalFeePercentage2015,loan.closingCost.gfe2010.gfe2010Fees[(gfe2010FeeParentType == 'Section800' && gfe2010FeeType == 'Line801A')].totalFeePercentage2015,no,no,3,0.6,1,0.4,1,2,2,2,2,2,,no,
NEWHUD2.X303,Fee Details - Line 801a - Closing Disclosure Amount,standard,Decimal,DECIMAL_2,int x1,$.closingCost.gfe2010.gfe2010Fees[?(@.gfe2010FeeParentType == 'Section800' && @.gfe2010FeeType == 'Line801A')].lastDisclosedClosingDisclosure2015,loan.closingCost.gfe2010.gfe2010Fees[(gfe2010FeeParentType == 'Section800' && gfe2010FeeType == 'Line801A')].lastDisclosedClosingDisclosure2015,no,no,0,0,0,0,1,,,,,,,no,
NEWHUD2.X307,Fee Details - Line 801a - Borrower PTC Amount,standard,Decimal,DECIMAL_2,int x6,$.closingCost.gfe2010.gfe2010Fees[?(@.gfe2010FeeParentType == 'Section800' && @.gfe2010FeeType == 'Line801A')].borrowerPtc2015,loan.closingCost.gfe2010.gfe2010Fees[(gfe2010FeeParentType == 'Section800' && gfe2010FeeType == 'Line801A')].borrowerPtc2015,no,no,3,0.6,1,0.4,4,2240,2960,6000,7000,10000,,no,
NEWHUD2.X308,Fee Details - Line 801a - Borrower PAC Amount,standard,Decimal,DECIMAL_2,int x6,$.closingCost.gfe2010.gfe2010Fees[?(@.gfe2010FeeParentType == 'Section800' && @.gfe2010FeeType == 'Line801A')].borrowerPac2015,loan.closingCost.gfe2010.gfe2010Fees[(gfe2010FeeParentType == 'Section800' && gfe2010FeeType == 'Line801A')].borrowerPac2015,no,no,3,0.6,1,0.4,4,2240,2960,6000,7000,10000,,no,
NEWHUD2.X310,Fee Details - Line 801a - Borrower Amount Paid,standard,Decimal,DECIMAL_2,int x6,$.closingCost.gfe2010.gfe2010Fees[?(@.gfe2010FeeParentType == 'Section800' && @.gfe2010FeeType == 'Line801A')].borrowerAmountPaid2015,loan.closingCost.gfe2010.gfe2010Fees[(gfe2010FeeParentType == 'Section800' && gfe2010FeeType == 'Line801A')].borrowerAmountPaid2015,no,no,3,0.6,1,0.4,4,2240,2960,6000,7000,10000,,no,
NEWHUD2.X324,Fee Details - Line 801a - Sec 32 Points and Fees,standard,Decimal,DECIMAL_2,int x6,$.closingCost.gfe2010.gfe2010Fees[?(@.gfe2010FeeParentType == 'Section800' && @.gfe2010FeeType == 'Line801A')].sec32PointsAndFees2015,loan.closingCost.gfe2010.gfe2010Fees[(gfe2010FeeParentType == 'Section800' && gfe2010FeeType == 'Line801A')].sec32PointsAndFees2015,no,no,3,0.6,1,0.4,4,2240,2960,6000,7000,10000,,no,
NEWHUD2.X333,Fee Details - Line 801b - Total Fee Amount,standard,Decimal,DECIMAL_2,int x8,$.closingCost.gfe2010.gfe2010Fees[?(@.gfe2010FeeParentType == 'Section800' && @.gfe2010FeeType == 'Line801B')].totalFeeAmount2015,loan.closingCost.gfe2010.gfe2010Fees[(gfe2010FeeParentType == 'Section800' && gfe2010FeeType == 'Line801B')].totalFeeAmount2015,no,no,6,1.2,0,0,1,1595,1595,1595,1595,1595,,no,
NEWHUD2.X334,Fee Details - Line 801b - Total Fee Percentage,standard,Decimal,DECIMAL_3,float x5,$.closingCost.gfe2010.gfe2010Fees[?(@.gfe2010FeeParentType == 'Section800' && @.gfe2010FeeType == 'Line801B')].totalFeePercentage2015,loan.closingCost.gfe2010.gfe2010Fees[(gfe2010FeeParentType == 'Section800' && gfe2010FeeType == 'Line801B')].totalFeePercentage2015,no,no,3,0.6,0,0,3,0.319,0.4255,0.532,0.978,1.424,,no,
NEWHUD2.X336,Fee Details - Line 801b - Closing Disclosure Amount,standard,Decimal,DECIMAL_2,int x1,$.closingCost.gfe2010.gfe2010Fees[?(@.gfe2010FeeParentType == 'Section800' && @.gfe2010FeeType == 'Line801B')].lastDisclosedClosingDisclosure2015,loan.closingCost.gfe2010.gfe2010Fees[(gfe2010FeeParentType == 'Section800' && gfe2010FeeType == 'Line801B')].lastDisclosedClosingDisclosure2015,no,no,0,0,0,0,1,,,,,,,no,
NEWHUD2.X340,Fee Details - Line 801b - Borrower PTC Amount,standard,Decimal,DECIMAL_2,int x8,$.closingCost.gfe2010.gfe2010Fees[?(@.gfe2010FeeParentType == 'Section800' && @.gfe2010FeeType == 'Line801B')].borrowerPtc2015,loan.closingCost.gfe2010.gfe2010Fees[(gfe2010FeeParentType == 'Section800' && gfe2010FeeType == 'Line801B')].borrowerPtc2015,no,no,6,1.2,0,0,1,1595,1595,1595,1595,1595,,no,
NEWHUD2.X341,Fee Details - Line 801b - Borrower PAC Amount,standard,Decimal,DECIMAL_2,int x8,$.closingCost.gfe2010.gfe2010Fees[?(@.gfe2010FeeParentType == 'Section800' && @.gfe2010FeeType == 'Line801B')].borrowerPac2015,loan.closingCost.gfe2010.gfe2010Fees[(gfe2010FeeParentType == 'Section800' && gfe2010FeeType == 'Line801B')].borrowerPac2015,no,no,6,1.2,0,0,1,1595,1595,1595,1595,1595,,no,
NEWHUD2.X343,Fee Details - Line 801b - Borrower Amount Paid,standard,Decimal,DECIMAL_2,int x8,$.closingCost.gfe2010.gfe2010Fees[?(@.gfe2010FeeParentType == 'Section800' && @.gfe2010FeeType == 'Line801B')].borrowerAmountPaid2015,loan.closingCost.gfe2010.gfe2010Fees[(gfe2010FeeParentType == 'Section800' && gfe2010FeeType == 'Line801B')].borrowerAmountPaid2015,no,no,6,1.2,0,0,1,1595,1595,1595,1595,1595,,no,
NEWHUD2.X357,Fee Details - Line 801b - Sec 32 Points and Fees,standard,Decimal,DECIMAL_2,int x8,$.closingCost.gfe2010.gfe2010Fees[?(@.gfe2010FeeParentType == 'Section800' && @.gfe2010FeeType == 'Line801B')].sec32PointsAndFees2015,loan.closingCost.gfe2010.gfe2010Fees[(gfe2010FeeParentType == 'Section800' && gfe2010FeeType == 'Line801B')].sec32PointsAndFees2015,no,no,6,1.2,0,0,1,1595,1595,1595,1595,1595,,no,
NEWHUD2.X498,Fee Details - Line 801g - Total Fee Amount,standard,Decimal,DECIMAL_2,int x8,$.closingCost.gfe2010.gfe2010Fees[?(@.gfe2010FeeParentType == 'Section800' && @.gfe2010FeeType == 'Line801G')].totalFeeAmount2015,loan.closingCost.gfe2010.gfe2010Fees[(gfe2010FeeParentType == 'Section800' && gfe2010FeeType == 'Line801G')].totalFeeAmount2015,no,no,6,1.2,0,0,1,500,500,500,500,500,,no,
NEWHUD2.X499,Fee Details - Line 801g - Total Fee Percentage,standard,Decimal,DECIMAL_3,float x5,$.closingCost.gfe2010.gfe2010Fees[?(@.gfe2010FeeParentType == 'Section800' && @.gfe2010FeeType == 'Line801G')].totalFeePercentage2015,loan.closingCost.gfe2010.gfe2010Fees[(gfe2010FeeParentType == 'Section800' && gfe2010FeeType == 'Line801G')].totalFeePercentage2015,no,no,3,0.6,0,0,3,0.1,0.1335,0.167,0.3065,0.446,,no,
NEWHUD2.X501,Fee Details - Line 801g - Closing Disclosure Amount,standard,Decimal,DECIMAL_2,int x1,$.closingCost.gfe2010.gfe2010Fees[?(@.gfe2010FeeParentType == 'Section800' && @.gfe2010FeeType == 'Line801G')].lastDisclosedClosingDisclosure2015,loan.closingCost.gfe2010.gfe2010Fees[(gfe2010FeeParentType == 'Section800' && gfe2010FeeType == 'Line801G')].lastDisclosedClosingDisclosure2015,no,no,0,0,0,0,1,,,,,,,no,
NEWHUD2.X505,Fee Details - Line 801g - Borrower PTC Amount,standard,Decimal,DECIMAL_2,int x8,$.closingCost.gfe2010.gfe2010Fees[?(@.gfe2010FeeParentType == 'Section800' && @.gfe2010FeeType == 'Line801G')].borrowerPtc2015,loan.closingCost.gfe2010.gfe2010Fees[(gfe2010FeeParentType == 'Section800' && gfe2010FeeType == 'Line801G')].borrowerPtc2015,no,no,6,1.2,0,0,1,500,500,500,500,500,,no,
NEWHUD2.X506,Fee Details - Line 801g - Borrower PAC Amount,standard,Decimal,DECIMAL_2,int x8,$.closingCost.gfe2010.gfe2010Fees[?(@.gfe2010FeeParentType == 'Section800' && @.gfe2010FeeType == 'Line801G')].borrowerPac2015,loan.closingCost.gfe2010.gfe2010Fees[(gfe2010FeeParentType == 'Section800' && gfe2010FeeType == 'Line801G')].borrowerPac2015,no,no,6,1.2,0,0,1,500,500,500,500,500,,no,
NEWHUD2.X508,Fee Details - Line 801g - Borrower Amount Paid,standard,Decimal,DECIMAL_2,int x8,$.closingCost.gfe2010.gfe2010Fees[?(@.gfe2010FeeParentType == 'Section800' && @.gfe2010FeeType == 'Line801G')].borrowerAmountPaid2015,loan.closingCost.gfe2010.gfe2010Fees[(gfe2010FeeParentType == 'Section800' && gfe2010FeeType == 'Line801G')].borrowerAmountPaid2015,no,no,6,1.2,0,0,1,500,500,500,500,500,,no,
NEWHUD2.X522,Fee Details - Line 801g - Sec 32 Points and Fees,standard,Decimal,DECIMAL_2,int x8,$.closingCost.gfe2010.gfe2010Fees[?(@.gfe2010FeeParentType == 'Section800' && @.gfe2010FeeType == 'Line801G')].sec32PointsAndFees2015,loan.closingCost.gfe2010.gfe2010Fees[(gfe2010FeeParentType == 'Section800' && gfe2010FeeType == 'Line801G')].sec32PointsAndFees2015,no,no,6,1.2,0,0,1,500,500,500,500,500,,no,
NEWHUD2.X895,Fee Details - Line 802 - Total Fee Percentage,standard,Decimal,DECIMAL_3,float x28 | int x3,$.closingCost.gfe2010.gfe2010Fees[?(@.gfe2010FeeParentType == 'Section800' && @.gfe2010FeeType == 'Line802x')].totalFeePercentage2015,loan.closingCost.gfe2010.gfe2010Fees[(gfe2010FeeParentType == 'Section800' && gfe2010FeeType == 'Line802x')].totalFeePercentage2015,no,no,31,6.3,0,0,24,0.01,0.16,0.25,1,3.336,Investor Delivery,no,
NEWHUD2.X911,Fee Details - Line 802 - Lender PAC Amount,standard,Decimal,DECIMAL_2,int x18 | float x14,$.closingCost.gfe2010.gfe2010Fees[?(@.gfe2010FeeParentType == 'Section800' && @.gfe2010FeeType == 'Line802x')].lenderPac2015,loan.closingCost.gfe2010.gfe2010Fees[(gfe2010FeeParentType == 'Section800' && gfe2010FeeType == 'Line802x')].lenderPac2015,no,no,32,6.5,0,0,31,55.13,375.9375,945.75,2775.9375,10926.72,Investor Delivery,no,identifying-or-high-cardinality
NEWHUD2.X1092,Fee Details - Line 804 - Total Fee Amount,standard,Decimal,DECIMAL_2,int x8,$.closingCost.gfe2010.gfe2010Fees[?(@.gfe2010FeeParentType == 'Section800' && @.gfe2010FeeType == 'Line804')].totalFeeAmount2015,loan.closingCost.gfe2010.gfe2010Fees[(gfe2010FeeParentType == 'Section800' && gfe2010FeeType == 'Line804')].totalFeeAmount2015,no,no,6,1.2,0,0,1,750,750,750,750,750,,no,
NEWHUD2.X1093,Fee Details - Line 804 - Total Fee Percentage,standard,Decimal,DECIMAL_3,float x5,$.closingCost.gfe2010.gfe2010Fees[?(@.gfe2010FeeParentType == 'Section800' && @.gfe2010FeeType == 'Line804')].totalFeePercentage2015,loan.closingCost.gfe2010.gfe2010Fees[(gfe2010FeeParentType == 'Section800' && gfe2010FeeType == 'Line804')].totalFeePercentage2015,no,no,3,0.6,0,0,3,0.15,0.2,0.25,0.46,0.67,,no,
NEWHUD2.X1095,Fee Details - Line 804 - Closing Disclosure Amount,standard,Decimal,DECIMAL_2,int x1,$.closingCost.gfe2010.gfe2010Fees[?(@.gfe2010FeeParentType == 'Section800' && @.gfe2010FeeType == 'Line804')].lastDisclosedClosingDisclosure2015,loan.closingCost.gfe2010.gfe2010Fees[(gfe2010FeeParentType == 'Section800' && gfe2010FeeType == 'Line804')].lastDisclosedClosingDisclosure2015,no,no,0,0,0,0,1,,,,,,,no,
NEWHUD2.X1099,Fee Details - Line 804 - Borrower PTC Amount,standard,Decimal,DECIMAL_2,int x1,$.closingCost.gfe2010.gfe2010Fees[?(@.gfe2010FeeParentType == 'Section800' && @.gfe2010FeeType == 'Line804')].borrowerPtc2015,loan.closingCost.gfe2010.gfe2010Fees[(gfe2010FeeParentType == 'Section800' && gfe2010FeeType == 'Line804')].borrowerPtc2015,no,no,0,0,0,0,1,,,,,,,no,
NEWHUD2.X1100,Fee Details - Line 804 - Borrower PAC Amount,standard,Decimal,DECIMAL_2,int x1,$.closingCost.gfe2010.gfe2010Fees[?(@.gfe2010FeeParentType == 'Section800' && @.gfe2010FeeType == 'Line804')].borrowerPac2015,loan.closingCost.gfe2010.gfe2010Fees[(gfe2010FeeParentType == 'Section800' && gfe2010FeeType == 'Line804')].borrowerPac2015,no,no,0,0,0,0,1,,,,,,,no,
NEWHUD2.X1101,Fee Details - Line 804 - Borrower POC Amount,standard,Decimal,DECIMAL_2,int x7,$.closingCost.gfe2010.gfe2010Fees[?(@.gfe2010FeeParentType == 'Section800' && @.gfe2010FeeType == 'Line804')].borrowerPoc2015,loan.closingCost.gfe2010.gfe2010Fees[(gfe2010FeeParentType == 'Section800' && gfe2010FeeType == 'Line804')].borrowerPoc2015,no,no,6,1.2,0,0,1,750,750,750,750,750,,no,
NEWHUD2.X1102,Fee Details - Line 804 - Borrower Amount Paid,standard,Decimal,DECIMAL_2,int x8,$.closingCost.gfe2010.gfe2010Fees[?(@.gfe2010FeeParentType == 'Section800' && @.gfe2010FeeType == 'Line804')].borrowerAmountPaid2015,loan.closingCost.gfe2010.gfe2010Fees[(gfe2010FeeParentType == 'Section800' && gfe2010FeeType == 'Line804')].borrowerAmountPaid2015,no,no,6,1.2,0,0,1,750,750,750,750,750,,no,
NEWHUD2.X1116,Fee Details - Line 804 - Sec 32 Points and Fees,standard,Decimal,DECIMAL_2,int x15,$.closingCost.gfe2010.gfe2010Fees[?(@.gfe2010FeeParentType == 'Section800' && @.gfe2010FeeType == 'Line804')].sec32PointsAndFees2015,loan.closingCost.gfe2010.gfe2010Fees[(gfe2010FeeParentType == 'Section800' && gfe2010FeeType == 'Line804')].sec32PointsAndFees2015,no,no,6,1.2,0,0,1,750,750,750,750,750,,no,
NEWHUD2.X1125,Fee Details - Line 805 - Total Fee Amount,standard,Decimal,DECIMAL_2,int x6 | float x4,$.closingCost.gfe2010.gfe2010Fees[?(@.gfe2010FeeParentType == 'Section800' && @.gfe2010FeeType == 'Line805')].totalFeeAmount2015,loan.closingCost.gfe2010.gfe2010Fees[(gfe2010FeeParentType == 'Section800' && gfe2010FeeType == 'Line805')].totalFeeAmount2015,no,no,6,1.2,0,0,4,76.21,112.14,150,150,150,,no,
NEWHUD2.X1126,Fee Details - Line 805 - Total Fee Percentage,standard,Decimal,DECIMAL_3,float x7,$.closingCost.gfe2010.gfe2010Fees[?(@.gfe2010FeeParentType == 'Section800' && @.gfe2010FeeType == 'Line805')].totalFeePercentage2015,loan.closingCost.gfe2010.gfe2010Fees[(gfe2010FeeParentType == 'Section800' && gfe2010FeeType == 'Line805')].totalFeePercentage2015,no,no,3,0.6,0,0,5,0.011,0.022,0.05,0.064,0.068,,no,
NEWHUD2.X1128,Fee Details - Line 805 - Closing Disclosure Amount,standard,Decimal,DECIMAL_2,int x1,$.closingCost.gfe2010.gfe2010Fees[?(@.gfe2010FeeParentType == 'Section800' && @.gfe2010FeeType == 'Line805')].lastDisclosedClosingDisclosure2015,loan.closingCost.gfe2010.gfe2010Fees[(gfe2010FeeParentType == 'Section800' && gfe2010FeeType == 'Line805')].lastDisclosedClosingDisclosure2015,no,no,0,0,0,0,1,,,,,,,no,
NEWHUD2.X1132,Fee Details - Line 805 - Borrower PTC Amount,standard,Decimal,DECIMAL_2,int x6 | float x4,$.closingCost.gfe2010.gfe2010Fees[?(@.gfe2010FeeParentType == 'Section800' && @.gfe2010FeeType == 'Line805')].borrowerPtc2015,loan.closingCost.gfe2010.gfe2010Fees[(gfe2010FeeParentType == 'Section800' && gfe2010FeeType == 'Line805')].borrowerPtc2015,no,no,6,1.2,0,0,4,76.21,112.14,150,150,150,,no,
NEWHUD2.X1133,Fee Details - Line 805 - Borrower PAC Amount,standard,Decimal,DECIMAL_2,int x6 | float x4,$.closingCost.gfe2010.gfe2010Fees[?(@.gfe2010FeeParentType == 'Section800' && @.gfe2010FeeType == 'Line805')].borrowerPac2015,loan.closingCost.gfe2010.gfe2010Fees[(gfe2010FeeParentType == 'Section800' && gfe2010FeeType == 'Line805')].borrowerPac2015,no,no,6,1.2,0,0,4,76.21,112.14,150,150,150,,no,
NEWHUD2.X1135,Fee Details - Line 805 - Borrower Amount Paid,standard,Decimal,DECIMAL_2,int x6 | float x4,$.closingCost.gfe2010.gfe2010Fees[?(@.gfe2010FeeParentType == 'Section800' && @.gfe2010FeeType == 'Line805')].borrowerAmountPaid2015,loan.closingCost.gfe2010.gfe2010Fees[(gfe2010FeeParentType == 'Section800' && gfe2010FeeType == 'Line805')].borrowerAmountPaid2015,no,no,6,1.2,0,0,4,76.21,112.14,150,150,150,,no,
NEWHUD2.X1149,Fee Details - Line 805 - Sec 32 Points and Fees,standard,Decimal,DECIMAL_2,int x14 | float x1,$.closingCost.gfe2010.gfe2010Fees[?(@.gfe2010FeeParentType == 'Section800' && @.gfe2010FeeType == 'Line805')].sec32PointsAndFees2015,loan.closingCost.gfe2010.gfe2010Fees[(gfe2010FeeParentType == 'Section800' && gfe2010FeeType == 'Line805')].sec32PointsAndFees2015,no,no,6,1.2,0,0,2,76.21,150,150,150,150,,no,
NEWHUD2.X1191,Fee Details - Line 807 - Total Fee Amount,standard,Decimal,DECIMAL_2,float x1,$.closingCost.gfe2010.gfe2010Fees[?(@.gfe2010FeeParentType == 'Section800' && @.gfe2010FeeType == 'Line807')].totalFeeAmount2015,loan.closingCost.gfe2010.gfe2010Fees[(gfe2010FeeParentType == 'Section800' && gfe2010FeeType == 'Line807')].totalFeeAmount2015,no,no,0,0,0,0,1,,,,,,,no,
NEWHUD2.X1192,Fee Details - Line 807 - Total Fee Percentage,standard,Decimal,DECIMAL_3,float x1,$.closingCost.gfe2010.gfe2010Fees[?(@.gfe2010FeeParentType == 'Section800' && @.gfe2010FeeType == 'Line807')].totalFeePercentage2015,loan.closingCost.gfe2010.gfe2010Fees[(gfe2010FeeParentType == 'Section800' && gfe2010FeeType == 'Line807')].totalFeePercentage2015,no,no,0,0,0,0,1,,,,,,,no,
NEWHUD2.X1198,Fee Details - Line 807 - Borrower PTC Amount,standard,Decimal,DECIMAL_2,float x1,$.closingCost.gfe2010.gfe2010Fees[?(@.gfe2010FeeParentType == 'Section800' && @.gfe2010FeeType == 'Line807')].borrowerPtc2015,loan.closingCost.gfe2010.gfe2010Fees[(gfe2010FeeParentType == 'Section800' && gfe2010FeeType == 'Line807')].borrowerPtc2015,no,no,0,0,0,0,1,,,,,,,no,
NEWHUD2.X1199,Fee Details - Line 807 - Borrower PAC Amount,standard,Decimal,DECIMAL_2,float x1,$.closingCost.gfe2010.gfe2010Fees[?(@.gfe2010FeeParentType == 'Section800' && @.gfe2010FeeType == 'Line807')].borrowerPac2015,loan.closingCost.gfe2010.gfe2010Fees[(gfe2010FeeParentType == 'Section800' && gfe2010FeeType == 'Line807')].borrowerPac2015,no,no,0,0,0,0,1,,,,,,,no,
NEWHUD2.X1201,Fee Details - Line 807 - Borrower Amount Paid,standard,Decimal,DECIMAL_2,float x1,$.closingCost.gfe2010.gfe2010Fees[?(@.gfe2010FeeParentType == 'Section800' && @.gfe2010FeeType == 'Line807')].borrowerAmountPaid2015,loan.closingCost.gfe2010.gfe2010Fees[(gfe2010FeeParentType == 'Section800' && gfe2010FeeType == 'Line807')].borrowerAmountPaid2015,no,no,0,0,0,0,1,,,,,,,no,
NEWHUD2.X1224,Fee Details - Line 808 - Total Fee Amount,standard,Decimal,DECIMAL_2,float x1,$.closingCost.gfe2010.gfe2010Fees[?(@.gfe2010FeeParentType == 'Section800' && @.gfe2010FeeType == 'Line808')].totalFeeAmount2015,loan.closingCost.gfe2010.gfe2010Fees[(gfe2010FeeParentType == 'Section800' && gfe2010FeeType == 'Line808')].totalFeeAmount2015,no,no,0,0,0,0,1,,,,,,,no,
NEWHUD2.X1225,Fee Details - Line 808 - Total Fee Percentage,standard,Decimal,DECIMAL_3,float x1,$.closingCost.gfe2010.gfe2010Fees[?(@.gfe2010FeeParentType == 'Section800' && @.gfe2010FeeType == 'Line808')].totalFeePercentage2015,loan.closingCost.gfe2010.gfe2010Fees[(gfe2010FeeParentType == 'Section800' && gfe2010FeeType == 'Line808')].totalFeePercentage2015,no,no,0,0,0,0,1,,,,,,,no,
NEWHUD2.X1231,Fee Details - Line 808 - Borrower PTC Amount,standard,Decimal,DECIMAL_2,float x1,$.closingCost.gfe2010.gfe2010Fees[?(@.gfe2010FeeParentType == 'Section800' && @.gfe2010FeeType == 'Line808')].borrowerPtc2015,loan.closingCost.gfe2010.gfe2010Fees[(gfe2010FeeParentType == 'Section800' && gfe2010FeeType == 'Line808')].borrowerPtc2015,no,no,0,0,0,0,1,,,,,,,no,
NEWHUD2.X1232,Fee Details - Line 808 - Borrower PAC Amount,standard,Decimal,DECIMAL_2,float x1,$.closingCost.gfe2010.gfe2010Fees[?(@.gfe2010FeeParentType == 'Section800' && @.gfe2010FeeType == 'Line808')].borrowerPac2015,loan.closingCost.gfe2010.gfe2010Fees[(gfe2010FeeParentType == 'Section800' && gfe2010FeeType == 'Line808')].borrowerPac2015,no,no,0,0,0,0,1,,,,,,,no,
NEWHUD2.X1234,Fee Details - Line 808 - Borrower Amount Paid,standard,Decimal,DECIMAL_2,float x1,$.closingCost.gfe2010.gfe2010Fees[?(@.gfe2010FeeParentType == 'Section800' && @.gfe2010FeeType == 'Line808')].borrowerAmountPaid2015,loan.closingCost.gfe2010.gfe2010Fees[(gfe2010FeeParentType == 'Section800' && gfe2010FeeType == 'Line808')].borrowerAmountPaid2015,no,no,0,0,0,0,1,,,,,,,no,
NEWHUD2.X2148,Fee Details - Line 901 - Total Fee Amount,standard,Decimal,DECIMAL_2,float x7 | int x1,$.closingCost.gfe2010.gfe2010Fees[?(@.gfe2010FeeParentType == 'Section900' && @.gfe2010FeeType == 'Line901')].totalFeeAmount2015,loan.closingCost.gfe2010.gfe2010Fees[(gfe2010FeeParentType == 'Section900' && gfe2010FeeType == 'Line901')].totalFeeAmount2015,no,no,3,0.6,0,0,7,150.14,205.48,388.52,1222.9675,1449,,no,
NEWHUD2.X2149,Fee Details - Line 901 - Total Fee Percentage,standard,Decimal,DECIMAL_3,float x8,$.closingCost.gfe2010.gfe2010Fees[?(@.gfe2010FeeParentType == 'Section900' && @.gfe2010FeeType == 'Line901')].totalFeePercentage2015,loan.closingCost.gfe2010.gfe2010Fees[(gfe2010FeeParentType == 'Section900' && gfe2010FeeType == 'Line901')].totalFeePercentage2015,no,no,3,0.6,0,0,7,0.066,0.077,0.1585,0.3038,0.366,,no,
NEWHUD2.X2151,Fee Details - Line 901 - Closing Disclosure Amount,standard,Decimal,DECIMAL_2,float x1,$.closingCost.gfe2010.gfe2010Fees[?(@.gfe2010FeeParentType == 'Section900' && @.gfe2010FeeType == 'Line901')].lastDisclosedClosingDisclosure2015,loan.closingCost.gfe2010.gfe2010Fees[(gfe2010FeeParentType == 'Section900' && gfe2010FeeType == 'Line901')].lastDisclosedClosingDisclosure2015,no,no,0,0,0,0,1,,,,,,,no,
NEWHUD2.X2155,Fee Details - Line 901 - Borrower PTC Amount,standard,Decimal,DECIMAL_2,float x7 | int x1,$.closingCost.gfe2010.gfe2010Fees[?(@.gfe2010FeeParentType == 'Section900' && @.gfe2010FeeType == 'Line901')].borrowerPtc2015,loan.closingCost.gfe2010.gfe2010Fees[(gfe2010FeeParentType == 'Section900' && gfe2010FeeType == 'Line901')].borrowerPtc2015,no,no,3,0.6,0,0,7,150.14,205.48,388.52,1222.9675,1449,,no,
NEWHUD2.X2156,Fee Details - Line 901 - Borrower PAC Amount,standard,Decimal,DECIMAL_2,float x7 | int x1,$.closingCost.gfe2010.gfe2010Fees[?(@.gfe2010FeeParentType == 'Section900' && @.gfe2010FeeType == 'Line901')].borrowerPac2015,loan.closingCost.gfe2010.gfe2010Fees[(gfe2010FeeParentType == 'Section900' && gfe2010FeeType == 'Line901')].borrowerPac2015,no,no,3,0.6,0,0,7,150.14,205.48,388.52,1222.9675,1449,,no,
NEWHUD2.X2158,Fee Details - Line 901 - Borrower Amount Paid,standard,Decimal,DECIMAL_2,float x7 | int x1,$.closingCost.gfe2010.gfe2010Fees[?(@.gfe2010FeeParentType == 'Section900' && @.gfe2010FeeType == 'Line901')].borrowerAmountPaid2015,loan.closingCost.gfe2010.gfe2010Fees[(gfe2010FeeParentType == 'Section900' && gfe2010FeeType == 'Line901')].borrowerAmountPaid2015,no,no,3,0.6,0,0,7,150.14,205.48,388.52,1222.9675,1449,,no,
NEWHUD2.X2239,Fee Details - Line 903 - Borrower Can Shop For,standard,Boolean,YN,bool x8,$.closingCost.gfe2010.gfe2010Fees[?(@.gfe2010FeeParentType == 'Section900' && @.gfe2010FeeType == 'Line903')].borrowerCanShopForIndicator2015,loan.closingCost.gfe2010.gfe2010Fees[(gfe2010FeeParentType == 'Section900' && gfe2010FeeType == 'Line903')].borrowerCanShopForIndicator2015,no,no,0,0,0,0,1,,,,,,,no,
NEWHUD2.X2240,Fee Details - Line 903 - Borrower Did Shop For,standard,Boolean,YN,bool x8,$.closingCost.gfe2010.gfe2010Fees[?(@.gfe2010FeeParentType == 'Section900' && @.gfe2010FeeType == 'Line903')].borrowerDidShopForIndicator2015,loan.closingCost.gfe2010.gfe2010Fees[(gfe2010FeeParentType == 'Section900' && gfe2010FeeType == 'Line903')].borrowerDidShopForIndicator2015,no,no,0,0,0,0,1,,,,,,,no,
NEWHUD2.X2338,Fee Details - Line 906 - Borrower Can Shop For,standard,Boolean,YN,bool x8,$.closingCost.gfe2010.gfe2010Fees[?(@.gfe2010FeeParentType == 'Section900' && @.gfe2010FeeType == 'Line906')].borrowerCanShopForIndicator2015,loan.closingCost.gfe2010.gfe2010Fees[(gfe2010FeeParentType == 'Section900' && gfe2010FeeType == 'Line906')].borrowerCanShopForIndicator2015,no,no,0,0,0,0,1,,,,,,,no,
NEWHUD2.X2339,Fee Details - Line 906 - Borrower Did Shop For,standard,Boolean,YN,bool x8,$.closingCost.gfe2010.gfe2010Fees[?(@.gfe2010FeeParentType == 'Section900' && @.gfe2010FeeType == 'Line906')].borrowerDidShopForIndicator2015,loan.closingCost.gfe2010.gfe2010Fees[(gfe2010FeeParentType == 'Section900' && gfe2010FeeType == 'Line906')].borrowerDidShopForIndicator2015,no,no,0,0,0,0,1,,,,,,,no,
NEWHUD2.X2544,Fee Details - Line 1002 - Total Fee Amount,standard,Decimal,DECIMAL_2,int x8,$.closingCost.gfe2010.gfe2010Fees[?(@.gfe2010FeeParentType == 'Section1000' && @.gfe2010FeeType == 'Line1002')].totalFeeAmount2015,loan.closingCost.gfe2010.gfe2010Fees[(gfe2010FeeParentType == 'Section1000' && gfe2010FeeType == 'Line1002')].totalFeeAmount2015,no,no,3,0.6,0,0,7,160,204,550,1008,3000,,no,
NEWHUD2.X2545,Fee Details - Line 1002 - Total Fee Percentage,standard,Decimal,DECIMAL_3,float x8,$.closingCost.gfe2010.gfe2010Fees[?(@.gfe2010FeeParentType == 'Section1000' && @.gfe2010FeeType == 'Line1002')].totalFeePercentage2015,loan.closingCost.gfe2010.gfe2010Fees[(gfe2010FeeParentType == 'Section1000' && gfe2010FeeType == 'Line1002')].totalFeePercentage2015,no,no,3,0.6,0,0,7,0.019,0.0457,0.195,0.336,2.679,,no,
NEWHUD2.X2547,Fee Details - Line 1002 - Closing Disclosure Amount,standard,Decimal,DECIMAL_2,int x1,$.closingCost.gfe2010.gfe2010Fees[?(@.gfe2010FeeParentType == 'Section1000' && @.gfe2010FeeType == 'Line1002')].lastDisclosedClosingDisclosure2015,loan.closingCost.gfe2010.gfe2010Fees[(gfe2010FeeParentType == 'Section1000' && gfe2010FeeType == 'Line1002')].lastDisclosedClosingDisclosure2015,no,no,0,0,0,0,1,,,,,,,no,
NEWHUD2.X2551,Fee Details - Line 1002 - Borrower PTC Amount,standard,Decimal,DECIMAL_2,int x8,$.closingCost.gfe2010.gfe2010Fees[?(@.gfe2010FeeParentType == 'Section1000' && @.gfe2010FeeType == 'Line1002')].borrowerPtc2015,loan.closingCost.gfe2010.gfe2010Fees[(gfe2010FeeParentType == 'Section1000' && gfe2010FeeType == 'Line1002')].borrowerPtc2015,no,no,3,0.6,0,0,7,160,204,550,1008,3000,,no,
NEWHUD2.X2552,Fee Details - Line 1002 - Borrower PAC Amount,standard,Decimal,DECIMAL_2,int x8,$.closingCost.gfe2010.gfe2010Fees[?(@.gfe2010FeeParentType == 'Section1000' && @.gfe2010FeeType == 'Line1002')].borrowerPac2015,loan.closingCost.gfe2010.gfe2010Fees[(gfe2010FeeParentType == 'Section1000' && gfe2010FeeType == 'Line1002')].borrowerPac2015,no,no,3,0.6,0,0,7,160,204,550,1008,3000,,no,
NEWHUD2.X2554,Fee Details - Line 1002 - Borrower Amount Paid,standard,Decimal,DECIMAL_2,int x8,$.closingCost.gfe2010.gfe2010Fees[?(@.gfe2010FeeParentType == 'Section1000' && @.gfe2010FeeType == 'Line1002')].borrowerAmountPaid2015,loan.closingCost.gfe2010.gfe2010Fees[(gfe2010FeeParentType == 'Section1000' && gfe2010FeeType == 'Line1002')].borrowerAmountPaid2015,no,no,3,0.6,0,0,7,160,204,550,1008,3000,,no,
NEWHUD2.X2610,Fee Details - Line 1004 - Total Fee Amount,standard,Decimal,DECIMAL_2,int x8 | float x1,$.closingCost.gfe2010.gfe2010Fees[?(@.gfe2010FeeParentType == 'Section1000' && @.gfe2010FeeType == 'Line1004')].totalFeeAmount2015,loan.closingCost.gfe2010.gfe2010Fees[(gfe2010FeeParentType == 'Section1000' && gfe2010FeeType == 'Line1004')].totalFeeAmount2015,no,no,3,0.6,0,0,7,900,1500,1600,2191,3000,,no,
NEWHUD2.X2611,Fee Details - Line 1004 - Total Fee Percentage,standard,Decimal,DECIMAL_3,float x9,$.closingCost.gfe2010.gfe2010Fees[?(@.gfe2010FeeParentType == 'Section1000' && @.gfe2010FeeType == 'Line1004')].totalFeePercentage2015,loan.closingCost.gfe2010.gfe2010Fees[(gfe2010FeeParentType == 'Section1000' && gfe2010FeeType == 'Line1004')].totalFeePercentage2015,no,no,3,0.6,0,0,8,0.158,0.2965,0.5,0.762,2.679,,no,
NEWHUD2.X2613,Fee Details - Line 1004 - Closing Disclosure Amount,standard,Decimal,DECIMAL_2,int x1,$.closingCost.gfe2010.gfe2010Fees[?(@.gfe2010FeeParentType == 'Section1000' && @.gfe2010FeeType == 'Line1004')].lastDisclosedClosingDisclosure2015,loan.closingCost.gfe2010.gfe2010Fees[(gfe2010FeeParentType == 'Section1000' && gfe2010FeeType == 'Line1004')].lastDisclosedClosingDisclosure2015,no,no,0,0,0,0,1,,,,,,,no,
NEWHUD2.X2617,Fee Details - Line 1004 - Borrower PTC Amount,standard,Decimal,DECIMAL_2,int x8 | float x1,$.closingCost.gfe2010.gfe2010Fees[?(@.gfe2010FeeParentType == 'Section1000' && @.gfe2010FeeType == 'Line1004')].borrowerPtc2015,loan.closingCost.gfe2010.gfe2010Fees[(gfe2010FeeParentType == 'Section1000' && gfe2010FeeType == 'Line1004')].borrowerPtc2015,no,no,3,0.6,0,0,7,900,1500,1600,2191,3000,,no,
NEWHUD2.X2618,Fee Details - Line 1004 - Borrower PAC Amount,standard,Decimal,DECIMAL_2,int x8 | float x1,$.closingCost.gfe2010.gfe2010Fees[?(@.gfe2010FeeParentType == 'Section1000' && @.gfe2010FeeType == 'Line1004')].borrowerPac2015,loan.closingCost.gfe2010.gfe2010Fees[(gfe2010FeeParentType == 'Section1000' && gfe2010FeeType == 'Line1004')].borrowerPac2015,no,no,3,0.6,0,0,7,900,1500,1600,2191,3000,,no,
NEWHUD2.X2620,Fee Details - Line 1004 - Borrower Amount Paid,standard,Decimal,DECIMAL_2,int x8 | float x1,$.closingCost.gfe2010.gfe2010Fees[?(@.gfe2010FeeParentType == 'Section1000' && @.gfe2010FeeType == 'Line1004')].borrowerAmountPaid2015,loan.closingCost.gfe2010.gfe2010Fees[(gfe2010FeeParentType == 'Section1000' && gfe2010FeeType == 'Line1004')].borrowerAmountPaid2015,no,no,3,0.6,0,0,7,900,1500,1600,2191,3000,,no,
NEWHUD2.X3043,Fee Details - Line 1102a - Paid to Type,standard,String,STRING,str x8,$.closingCost.gfe2010.gfe2010Fees[?(@.gfe2010FeeParentType == 'Section1100' && @.gfe2010FeeType == 'Line1102a')].ptbType,loan.closingCost.gfe2010.gfe2010Fees[(gfe2010FeeParentType == 'Section1100' && gfe2010FeeType == 'Line1102a')].ptbType,no,no,0,0,0,0,1,,,,,,,no,
NEWHUD2.X3076,Fee Details - Line 1102b - Paid to Type,standard,String,STRING,str x8,$.closingCost.gfe2010.gfe2010Fees[?(@.gfe2010FeeParentType == 'Section1100' && @.gfe2010FeeType == 'Line1102b')].ptbType,loan.closingCost.gfe2010.gfe2010Fees[(gfe2010FeeParentType == 'Section1100' && gfe2010FeeType == 'Line1102b')].ptbType,no,no,0,0,0,0,1,,,,,,,no,
NEWHUD2.X3109,Fee Details - Line 1102c - Paid to Type,standard,String,STRING,str x8,$.closingCost.gfe2010.gfe2010Fees[?(@.gfe2010FeeParentType == 'Section1100' && @.gfe2010FeeType == 'Line1102c')].ptbType,loan.closingCost.gfe2010.gfe2010Fees[(gfe2010FeeParentType == 'Section1100' && gfe2010FeeType == 'Line1102c')].ptbType,no,no,0,0,0,0,1,,,,,,,no,
NEWHUD2.X3142,Fee Details - Line 1102d - Paid to Type,standard,String,STRING,str x8,$.closingCost.gfe2010.gfe2010Fees[?(@.gfe2010FeeParentType == 'Section1100' && @.gfe2010FeeType == 'Line1102d')].ptbType,loan.closingCost.gfe2010.gfe2010Fees[(gfe2010FeeParentType == 'Section1100' && gfe2010FeeType == 'Line1102d')].ptbType,no,no,0,0,0,0,1,,,,,,,no,
NEWHUD2.X3175,Fee Details - Line 1102e - Paid to Type,standard,String,STRING,str x8,$.closingCost.gfe2010.gfe2010Fees[?(@.gfe2010FeeParentType == 'Section1100' && @.gfe2010FeeType == 'Line1102e')].ptbType,loan.closingCost.gfe2010.gfe2010Fees[(gfe2010FeeParentType == 'Section1100' && gfe2010FeeType == 'Line1102e')].ptbType,no,no,0,0,0,0,1,,,,,,,no,
NEWHUD2.X3208,Fee Details - Line 1102f - Paid to Type,standard,String,STRING,str x8,$.closingCost.gfe2010.gfe2010Fees[?(@.gfe2010FeeParentType == 'Section1100' && @.gfe2010FeeType == 'Line1102f')].ptbType,loan.closingCost.gfe2010.gfe2010Fees[(gfe2010FeeParentType == 'Section1100' && gfe2010FeeType == 'Line1102f')].ptbType,no,no,0,0,0,0,1,,,,,,,no,
NEWHUD2.X3241,Fee Details - Line 1102g - Paid to Type,standard,String,STRING,str x8,$.closingCost.gfe2010.gfe2010Fees[?(@.gfe2010FeeParentType == 'Section1100' && @.gfe2010FeeType == 'Line1102g')].ptbType,loan.closingCost.gfe2010.gfe2010Fees[(gfe2010FeeParentType == 'Section1100' && gfe2010FeeType == 'Line1102g')].ptbType,no,no,0,0,0,0,1,,,,,,,no,
NEWHUD2.X3274,Fee Details - Line 1102h - Paid to Type,standard,String,STRING,str x8,$.closingCost.gfe2010.gfe2010Fees[?(@.gfe2010FeeParentType == 'Section1100' && @.gfe2010FeeType == 'Line1102h')].ptbType,loan.closingCost.gfe2010.gfe2010Fees[(gfe2010FeeParentType == 'Section1100' && gfe2010FeeType == 'Line1102h')].ptbType,no,no,0,0,0,0,1,,,,,,,no,
NEWHUD2.X3468,Fee Details - Line 1112 - Total Fee Amount,standard,Decimal,DECIMAL_2,int x1,$.closingCost.gfe2010.gfe2010Fees[?(@.gfe2010FeeParentType == 'Section1100' && @.gfe2010FeeType == 'Line1112')].totalFeeAmount2015,loan.closingCost.gfe2010.gfe2010Fees[(gfe2010FeeParentType == 'Section1100' && gfe2010FeeType == 'Line1112')].totalFeeAmount2015,no,no,0,0,0,0,1,,,,,,,no,
NEWHUD2.X3469,Fee Details - Line 1112 - Total Fee Percentage,standard,Decimal,DECIMAL_3,float x1,$.closingCost.gfe2010.gfe2010Fees[?(@.gfe2010FeeParentType == 'Section1100' && @.gfe2010FeeType == 'Line1112')].totalFeePercentage2015,loan.closingCost.gfe2010.gfe2010Fees[(gfe2010FeeParentType == 'Section1100' && gfe2010FeeType == 'Line1112')].totalFeePercentage2015,no,no,0,0,0,0,1,,,,,,,no,
NEWHUD2.X3475,Fee Details - Line 1112 - Borrower PTC Amount,standard,Decimal,DECIMAL_2,int x1,$.closingCost.gfe2010.gfe2010Fees[?(@.gfe2010FeeParentType == 'Section1100' && @.gfe2010FeeType == 'Line1112')].borrowerPtc2015,loan.closingCost.gfe2010.gfe2010Fees[(gfe2010FeeParentType == 'Section1100' && gfe2010FeeType == 'Line1112')].borrowerPtc2015,no,no,0,0,0,0,1,,,,,,,no,
NEWHUD2.X3476,Fee Details - Line 1112 - Borrower PAC Amount,standard,Decimal,DECIMAL_2,int x1,$.closingCost.gfe2010.gfe2010Fees[?(@.gfe2010FeeParentType == 'Section1100' && @.gfe2010FeeType == 'Line1112')].borrowerPac2015,loan.closingCost.gfe2010.gfe2010Fees[(gfe2010FeeParentType == 'Section1100' && gfe2010FeeType == 'Line1112')].borrowerPac2015,no,no,0,0,0,0,1,,,,,,,no,
NEWHUD2.X3478,Fee Details - Line 1112 - Borrower Amount Paid,standard,Decimal,DECIMAL_2,int x1,$.closingCost.gfe2010.gfe2010Fees[?(@.gfe2010FeeParentType == 'Section1100' && @.gfe2010FeeType == 'Line1112')].borrowerAmountPaid2015,loan.closingCost.gfe2010.gfe2010Fees[(gfe2010FeeParentType == 'Section1100' && gfe2010FeeType == 'Line1112')].borrowerAmountPaid2015,no,no,0,0,0,0,1,,,,,,,no,
NEWHUD2.X3633,Fee Details - Line 1202 - Total Fee Amount,standard,Decimal,DECIMAL_2,int x1,$.closingCost.gfe2010.gfe2010Fees[?(@.gfe2010FeeParentType == 'Section1200' && @.gfe2010FeeType == 'Line1202')].totalFeeAmount2015,loan.closingCost.gfe2010.gfe2010Fees[(gfe2010FeeParentType == 'Section1200' && gfe2010FeeType == 'Line1202')].totalFeeAmount2015,no,no,0,0,0,0,1,,,,,,,no,
NEWHUD2.X3634,Fee Details - Line 1202 - Total Fee Percentage,standard,Decimal,DECIMAL_3,float x1,$.closingCost.gfe2010.gfe2010Fees[?(@.gfe2010FeeParentType == 'Section1200' && @.gfe2010FeeType == 'Line1202')].totalFeePercentage2015,loan.closingCost.gfe2010.gfe2010Fees[(gfe2010FeeParentType == 'Section1200' && gfe2010FeeType == 'Line1202')].totalFeePercentage2015,no,no,0,0,0,0,1,,,,,,,no,
NEWHUD2.X3637,Fee Details - Line 1202 - Paid to Type,standard,String,STRING,str x8,$.closingCost.gfe2010.gfe2010Fees[?(@.gfe2010FeeParentType == 'Section1200' && @.gfe2010FeeType == 'Line1202')].ptbType,loan.closingCost.gfe2010.gfe2010Fees[(gfe2010FeeParentType == 'Section1200' && gfe2010FeeType == 'Line1202')].ptbType,no,no,0,0,0,0,1,,,,,,,no,
NEWHUD2.X3640,Fee Details - Line 1202 - Borrower PTC Amount,standard,Decimal,DECIMAL_2,int x1,$.closingCost.gfe2010.gfe2010Fees[?(@.gfe2010FeeParentType == 'Section1200' && @.gfe2010FeeType == 'Line1202')].borrowerPtc2015,loan.closingCost.gfe2010.gfe2010Fees[(gfe2010FeeParentType == 'Section1200' && gfe2010FeeType == 'Line1202')].borrowerPtc2015,no,no,0,0,0,0,1,,,,,,,no,
NEWHUD2.X3641,Fee Details - Line 1202 - Borrower PAC Amount,standard,Decimal,DECIMAL_2,int x1,$.closingCost.gfe2010.gfe2010Fees[?(@.gfe2010FeeParentType == 'Section1200' && @.gfe2010FeeType == 'Line1202')].borrowerPac2015,loan.closingCost.gfe2010.gfe2010Fees[(gfe2010FeeParentType == 'Section1200' && gfe2010FeeType == 'Line1202')].borrowerPac2015,no,no,0,0,0,0,1,,,,,,,no,
NEWHUD2.X3643,Fee Details - Line 1202 - Borrower Amount Paid,standard,Decimal,DECIMAL_2,int x1,$.closingCost.gfe2010.gfe2010Fees[?(@.gfe2010FeeParentType == 'Section1200' && @.gfe2010FeeType == 'Line1202')].borrowerAmountPaid2015,loan.closingCost.gfe2010.gfe2010Fees[(gfe2010FeeParentType == 'Section1200' && gfe2010FeeType == 'Line1202')].borrowerAmountPaid2015,no,no,0,0,0,0,1,,,,,,,no,
NEWHUD2.X3670,Fee Details - Line 1203 - Paid to Type,standard,String,STRING,str x8,$.closingCost.gfe2010.gfe2010Fees[?(@.gfe2010FeeParentType == 'Section1200' && @.gfe2010FeeType == 'Line1203')].ptbType,loan.closingCost.gfe2010.gfe2010Fees[(gfe2010FeeParentType == 'Section1200' && gfe2010FeeType == 'Line1203')].ptbType,no,no,0,0,0,0,1,,,,,,,no,
NEWHUD2.X3703,Fee Details - Line 1204 - Paid to Type,standard,String,STRING,str x8,$.closingCost.gfe2010.gfe2010Fees[?(@.gfe2010FeeParentType == 'Section1200' && @.gfe2010FeeType == 'Line1204')].ptbType,loan.closingCost.gfe2010.gfe2010Fees[(gfe2010FeeParentType == 'Section1200' && gfe2010FeeType == 'Line1204')].ptbType,no,no,0,0,0,0,1,,,,,,,no,
NEWHUD2.X3736,Fee Details - Line 1205 - Paid to Type,standard,String,STRING,str x8,$.closingCost.gfe2010.gfe2010Fees[?(@.gfe2010FeeParentType == 'Section1200' && @.gfe2010FeeType == 'Line1205')].ptbType,loan.closingCost.gfe2010.gfe2010Fees[(gfe2010FeeParentType == 'Section1200' && gfe2010FeeType == 'Line1205')].ptbType,no,no,0,0,0,0,1,,,,,,,no,
NEWHUD2.X3769,Fee Details - Line 1206 - Paid to Type,standard,String,STRING,str x8,$.closingCost.gfe2010.gfe2010Fees[?(@.gfe2010FeeParentType == 'Section1200' && @.gfe2010FeeType == 'Line1206')].ptbType,loan.closingCost.gfe2010.gfe2010Fees[(gfe2010FeeParentType == 'Section1200' && gfe2010FeeType == 'Line1206')].ptbType,no,no,0,0,0,0,1,,,,,,,no,
NEWHUD2.X3802,Fee Details - Line 1207 - Paid to Type,standard,String,STRING,str x8,$.closingCost.gfe2010.gfe2010Fees[?(@.gfe2010FeeParentType == 'Section1200' && @.gfe2010FeeType == 'Line1207')].ptbType,loan.closingCost.gfe2010.gfe2010Fees[(gfe2010FeeParentType == 'Section1200' && gfe2010FeeType == 'Line1207')].ptbType,no,no,0,0,0,0,1,,,,,,,no,
NEWHUD2.X3835,Fee Details - Line 1208 - Paid to Type,standard,String,STRING,str x8,$.closingCost.gfe2010.gfe2010Fees[?(@.gfe2010FeeParentType == 'Section1200' && @.gfe2010FeeType == 'Line1208')].ptbType,loan.closingCost.gfe2010.gfe2010Fees[(gfe2010FeeParentType == 'Section1200' && gfe2010FeeType == 'Line1208')].ptbType,no,no,0,0,0,0,1,,,,,,,no,
NEWHUD2.X3868,Fee Details - Line 1209 - Paid to Type,standard,String,STRING,str x8,$.closingCost.gfe2010.gfe2010Fees[?(@.gfe2010FeeParentType == 'Section1200' && @.gfe2010FeeType == 'Line1209')].ptbType,loan.closingCost.gfe2010.gfe2010Fees[(gfe2010FeeParentType == 'Section1200' && gfe2010FeeType == 'Line1209')].ptbType,no,no,0,0,0,0,1,,,,,,,no,
NEWHUD2.X3901,Fee Details - Line 1210 - Paid to Type,standard,String,STRING,str x8,$.closingCost.gfe2010.gfe2010Fees[?(@.gfe2010FeeParentType == 'Section1200' && @.gfe2010FeeType == 'Line1210')].ptbType,loan.closingCost.gfe2010.gfe2010Fees[(gfe2010FeeParentType == 'Section1200' && gfe2010FeeType == 'Line1210')].ptbType,no,no,0,0,0,0,1,,,,,,,no,
NEWHUD2.X4393,Fee Details - Line 1011 - Total Fee Amount,standard,Decimal,DECIMAL_2,float x144 | int x10,$.closingCost.gfe2010.gfe2010Fees[?(@.gfe2010FeeParentType == 'Section1000' && @.gfe2010FeeType == 'Line1011')].totalFeeAmount2015,loan.closingCost.gfe2010.gfe2010Fees[(gfe2010FeeParentType == 'Section1000' && gfe2010FeeType == 'Line1011')].totalFeeAmount2015,no,no,154,31.4,0,0,152,-3131.5,-807.72,-462.36,-160,-67.6,Docs Out,no,identifying-or-high-cardinality
NEWHUD2.X4394,Fee Details - Line 1011 - Total Fee Percentage,standard,Decimal,DECIMAL_3,float x1,$.closingCost.gfe2010.gfe2010Fees[?(@.gfe2010FeeParentType == 'Section1000' && @.gfe2010FeeType == 'Line1011')].totalFeePercentage2015,loan.closingCost.gfe2010.gfe2010Fees[(gfe2010FeeParentType == 'Section1000' && gfe2010FeeType == 'Line1011')].totalFeePercentage2015,no,no,1,0.2,0,0,1,,,,,,,no,
NEWHUD2.X4427,Line 1400 Total Borrower Paid Amount,standard,Decimal,DECIMAL_2,float x61 | int x9,$.closingCost.gfe2010.section1400TotalBorrowerPaidAmount,loan.closingCost.gfe2010.section1400TotalBorrowerPaidAmount,no,no,62,12.7,1,0.4,67,-3468.75,-1036.4825,-502.45,511.6775,11733.14,Investor Delivery,no,identifying-or-high-cardinality
NEWHUD2.X4616,Fees Line 1316 Paid to,standard,String,STRING,str x8,$.closingCost.gfe2010.gfe2010Fees[?(@.gfe2010FeeParentType == 'Section1300' && @.gfe2010FeeType == 'Line1316')].ptbType,loan.closingCost.gfe2010.gfe2010Fees[(gfe2010FeeParentType == 'Section1300' && gfe2010FeeType == 'Line1316')].ptbType,no,no,0,0,0,0,1,,,,,,,no,
NEWHUD2.X4623,Fees Line 1317 Paid to,standard,String,STRING,str x8,$.closingCost.gfe2010.gfe2010Fees[?(@.gfe2010FeeParentType == 'Section1300' && @.gfe2010FeeType == 'Line1317')].ptbType,loan.closingCost.gfe2010.gfe2010Fees[(gfe2010FeeParentType == 'Section1300' && gfe2010FeeType == 'Line1317')].ptbType,no,no,0,0,0,0,1,,,,,,,no,
NEWHUD2.X4630,Fees Line 1318 Paid to,standard,String,STRING,str x8,$.closingCost.gfe2010.gfe2010Fees[?(@.gfe2010FeeParentType == 'Section1300' && @.gfe2010FeeType == 'Line1318')].ptbType,loan.closingCost.gfe2010.gfe2010Fees[(gfe2010FeeParentType == 'Section1300' && gfe2010FeeType == 'Line1318')].ptbType,no,no,0,0,0,0,1,,,,,,,no,
NEWHUD2.X4637,Fees Line 1319 Paid to,standard,String,STRING,str x8,$.closingCost.gfe2010.gfe2010Fees[?(@.gfe2010FeeParentType == 'Section1300' && @.gfe2010FeeType == 'Line1319')].ptbType,loan.closingCost.gfe2010.gfe2010Fees[(gfe2010FeeParentType == 'Section1300' && gfe2010FeeType == 'Line1319')].ptbType,no,no,0,0,0,0,1,,,,,,,no,
NEWHUD2.X4644,Fees Line 1320 Paid to,standard,String,STRING,str x8,$.closingCost.gfe2010.gfe2010Fees[?(@.gfe2010FeeParentType == 'Section1300' && @.gfe2010FeeType == 'Line1320')].ptbType,loan.closingCost.gfe2010.gfe2010Fees[(gfe2010FeeParentType == 'Section1300' && gfe2010FeeType == 'Line1320')].ptbType,no,no,0,0,0,0,1,,,,,,,no,
NEWHUD2.XPJT,Projected Payment Table,standard,String,STRING,str x217,$.closingCost.gfe2010Section.projectedPaymentTableType,loan.closingCost.gfe2010Section.projectedPaymentTableType,no,no,1,0.2,215,85.7,1,,,,,,,no,
NEWHUD2.XPJTCOLUMNS,Projected Payment Table number of columns,standard,String,STRING,str x695,$.closingCost.gfe2010Section.projectedPaymentTableColumns,loan.closingCost.gfe2010Section.projectedPaymentTableColumns,no,no,449,91.6,223,88.8,2,,,,,,Started,no,
NMLS.X1,NMLS Loan Type,standard,String,STRING,str x745,$.loanProductData.nmlsLoanType,loan.loanProductData.nmlsLoanType,no,no,469,95.7,249,99.2,3,,,,,,Started,no,identifying-or-high-cardinality
NMLS.X2,NMLS Residential First Mortgage Type,standard,String,STRING,str x570,$.loanProductData.nmlsFirstMortgageType,loan.loanProductData.nmlsFirstMortgageType,no,no,396,80.8,155,61.8,3,,,,,,Started,no,identifying-or-high-cardinality
NMLS.X3,NMLS Documentation Type,standard,String,STRING,str x750,$.loanProductData.nmlsDocumentationType,loan.loanProductData.nmlsDocumentationType,no,no,486,99.2,249,99.2,2,,,,,,Started,no,identifying-or-high-cardinality
NMLS.X5,NMLS Piggyback or Funded HELOC Indicator,standard,Boolean,YN,bool x772,$.loanProductData.nmlsPiggyBackOrFundedHelocIndicator,loan.loanProductData.nmlsPiggyBackOrFundedHelocIndicator,no,no,0,0,0,0,1,,,,,,,no,identifying-or-high-cardinality
NMLS.X6,NMLS Refinance Purpose,standard,String,STRING,str x607,$.loanProductData.nmlsRefinancePurposeType,loan.loanProductData.nmlsRefinancePurposeType,no,no,346,70.6,242,96.4,3,,,,,,Started,no,identifying-or-high-cardinality
NMLS.X11,NMLS Initial Application Amount,standard,Decimal,DECIMAL_2,int x301,$.loanProductData.initialApplicationAmount,loan.loanProductData.initialApplicationAmount,no,no,284,58,7,2.8,196,100000,200000,280000,393750,825000,Started,no,identifying-or-high-cardinality
NMLS.X12,NMLS Net (Initial and Final),standard,Decimal,DECIMAL_2,int x544,$.loanProductData.netInitialAndFinal,loan.loanProductData.netInitialAndFinal,no,no,310,63.3,221,88,440,-2500,75000,350625,442500,800000,Started,no,identifying-or-high-cardinality
NOTICES.X1,Disclosure Occupancy Stmnt,standard,Boolean,YN,bool x4,$.disclosureNotices.occupancyStatementIndicator,loan.disclosureNotices.occupancyStatementIndicator,no,no,1,0.2,1,0.4,1,,,,,,,no,
NOTICES.X9,Disclosure Right to Privacy Act,standard,Boolean,YN,bool x8,$.disclosureNotices.rightToFinancialPrivacyActIndicator,loan.disclosureNotices.rightToFinancialPrivacyActIndicator,no,no,0,0,0,0,1,,,,,,,no,
NOTICES.X10,Disclosure Info Discl Auth,standard,Boolean,YN,bool x8,$.disclosureNotices.informationDisclosureAuthorizationIndicator,loan.disclosureNotices.informationDisclosureAuthorizationIndicator,no,no,0,0,0,0,1,,,,,,,no,
NOTICES.X12,Disclosure Auth Empl Hist Verif,standard,Boolean,YN,bool x8,$.disclosureNotices.releaseEmploymentInformationIndicator,loan.disclosureNotices.releaseEmploymentInformationIndicator,no,no,0,0,0,0,1,,,,,,,no,
NOTICES.X13,Disclosure Auth Bank Acct Verif,standard,Boolean,YN,bool x8,$.disclosureNotices.releaseBankingInformationIndicator,loan.disclosureNotices.releaseBankingInformationIndicator,no,no,0,0,0,0,1,,,,,,,no,
NOTICES.X14,Disclosure Auth Loan Rating Verif,standard,Boolean,YN,bool x8,$.disclosureNotices.releaseMortgageInformationIndicator,loan.disclosureNotices.releaseMortgageInformationIndicator,no,no,0,0,0,0,1,,,,,,,no,
NOTICES.X15,Disclosure Auth Any Info Necessary,standard,Boolean,YN,bool x8,$.disclosureNotices.releaseInformationInConnectionWithCreditReportIndicator,loan.disclosureNotices.releaseInformationInConnectionWithCreditReportIndicator,no,no,0,0,0,0,1,,,,,,,no,
NOTICES.X16,Disclosure Anti-Coerc Stmnt,standard,Boolean,YN,bool x8,$.disclosureNotices.antiCoercionStatementIndicator,loan.disclosureNotices.antiCoercionStatementIndicator,no,no,0,0,0,0,1,,,,,,,no,
NOTICES.X17,Disclosure Flood Ins Notif,standard,Boolean,YN,bool x8,$.disclosureNotices.floodInsuranceNotificationIndicator,loan.disclosureNotices.floodInsuranceNotificationIndicator,no,no,0,0,0,0,1,,,,,,,no,
NOTICES.X19,Disclosure Consumer/ARM Handbook,standard,String,STRING,str x1,$.disclosureNotices.consumerHandbookOnAdjustableRateMortgages,loan.disclosureNotices.consumerHandbookOnAdjustableRateMortgages,no,no,0,0,0,0,1,,,,,,,no,
NOTICES.X20,Disclosure Fair Lending Contact 1,standard,String,STRING,str x8,$.disclosureNotices.fairLendingNoticeDescription1,loan.disclosureNotices.fairLendingNoticeDescription1,no,no,0,0,0,0,1,,,,,,,no,identifying-or-high-cardinality
NOTICES.X22,Disclosure Fair Lending Contact 3,standard,String,STRING,str x8,$.disclosureNotices.fairLendingNoticeDescription3,loan.disclosureNotices.fairLendingNoticeDescription3,no,no,0,0,0,0,1,,,,,,,no,identifying-or-high-cardinality
NOTICES.X24,Disclosure Fair Lending Contact 5,standard,String,STRING,str x8,$.disclosureNotices.fairLendingNoticeDescription5,loan.disclosureNotices.fairLendingNoticeDescription5,no,no,0,0,0,0,1,,,,,,,no,
NOTICES.X26,Disclosure Fair Lending Contact 7,standard,String,STRING,str x8,$.disclosureNotices.fairLendingNoticeDescription7,loan.disclosureNotices.fairLendingNoticeDescription7,no,no,0,0,0,0,1,,,,,,,no,
NOTICES.X48,Property Community participates in NFIP,standard,Boolean,YN,bool x230,$.disclosureNotices.locatedInNfipIndicator,loan.disclosureNotices.locatedInNfipIndicator,no,no,120,24.5,8,3.2,1,,,,,,Started,no,
NOTICES.X50,Disclosure Community Name for FEMA,standard,String,STRING,str x230,$.disclosureNotices.femaCommunityName,loan.disclosureNotices.femaCommunityName,no,no,197,40.2,32,12.7,84,,,,,,Started,no,identifying-or-high-cardinality
NOTICES.X51,Privacy Policy Information Selection,standard,String,STRING,str x769,$.privacyPolicy.printSelection,loan.privacyPolicy.printSelection,no,no,490,100,251,100,1,,,,,,Started,no,
NOTICES.X52,Privacy Policy Information Types We Collect 1st Field,standard,String,STRING,str x769,$.privacyPolicy.informationTypesWeCollect1,loan.privacyPolicy.informationTypesWeCollect1,no,no,490,100,251,100,1,,,,,,Started,no,
NOTICES.X53,Privacy Policy Information Types We Collect 2nd Field,standard,String,STRING,str x769,$.privacyPolicy.informationTypesWeCollect2,loan.privacyPolicy.informationTypesWeCollect2,no,no,490,100,251,100,1,,,,,,Started,no,
NOTICES.X54,Privacy Policy Information Types We Collect 3rd Field,standard,String,STRING,str x769,$.privacyPolicy.informationTypesWeCollect3,loan.privacyPolicy.informationTypesWeCollect3,no,no,490,100,251,100,1,,,,,,Started,no,
NOTICES.X55,Privacy Policy Information Types We Collect 4th Field,standard,String,STRING,str x769,$.privacyPolicy.informationTypesWeCollect4,loan.privacyPolicy.informationTypesWeCollect4,no,no,490,100,251,100,1,,,,,,Started,no,
NOTICES.X56,Privacy Policy Information Types We Collect 5th Field,standard,String,STRING,str x769,$.privacyPolicy.informationTypesWeCollect5,loan.privacyPolicy.informationTypesWeCollect5,no,no,490,100,251,100,1,,,,,,Started,no,
NOTICES.X57,Privacy Policy How to Share Customer or Member,standard,String,STRING,str x769,$.privacyPolicy.howToShare,loan.privacyPolicy.howToShare,no,no,490,100,251,100,1,,,,,,Started,no,
NOTICES.X58,Privacy Policy Reasons We Can Share Your Personal Information 1,standard,String,STRING,str x769,$.privacyPolicy.informationShare1,loan.privacyPolicy.informationShare1,no,no,490,100,251,100,1,,,,,,Started,no,
NOTICES.X59,Privacy Policy Reasons We Can Share Your Personal Information 2,standard,String,STRING,str x769,$.privacyPolicy.informationShare2,loan.privacyPolicy.informationShare2,no,no,490,100,251,100,1,,,,,,Started,no,
NOTICES.X60,Privacy Policy Reasons We Can Share Your Personal Information 3,standard,String,STRING,str x769,$.privacyPolicy.informationShare3,loan.privacyPolicy.informationShare3,no,no,490,100,251,100,1,,,,,,Started,no,
NOTICES.X61,Privacy Policy Reasons We Can Share Your Personal Information 4,standard,String,STRING,str x769,$.privacyPolicy.informationShare4,loan.privacyPolicy.informationShare4,no,no,490,100,251,100,1,,,,,,Started,no,
NOTICES.X62,Privacy Policy Reasons We Can Share Your Personal Information 5,standard,String,STRING,str x769,$.privacyPolicy.informationShare5,loan.privacyPolicy.informationShare5,no,no,490,100,251,100,1,,,,,,Started,no,
NOTICES.X63,Privacy Policy Reasons We Can Share Your Personal Information 6,standard,String,STRING,str x769,$.privacyPolicy.informationShare6,loan.privacyPolicy.informationShare6,no,no,490,100,251,100,1,,,,,,Started,no,
NOTICES.X64,Privacy Policy Reasons We Can Share Your Personal Information 7,standard,String,STRING,str x769,$.privacyPolicy.informationShare7,loan.privacyPolicy.informationShare7,no,no,490,100,251,100,1,,,,,,Started,no,
NOTICES.X65,Privacy Policy Reasons We Can Share Your Personal Information Limit Sharing 1,standard,String,STRING,str x769,$.privacyPolicy.limitSharing1,loan.privacyPolicy.limitSharing1,no,no,490,100,251,100,1,,,,,,Started,no,
NOTICES.X66,Privacy Policy Reasons We Can Share Your Personal Information Limit Sharing 2,standard,String,STRING,str x769,$.privacyPolicy.limitSharing2,loan.privacyPolicy.limitSharing2,no,no,490,100,251,100,1,,,,,,Started,no,
NOTICES.X67,Privacy Policy Reasons We Can Share Your Personal Information Limit Sharing 3,standard,String,STRING,str x769,$.privacyPolicy.limitSharing3,loan.privacyPolicy.limitSharing3,no,no,490,100,251,100,1,,,,,,Started,no,
NOTICES.X68,Privacy Policy Reasons We Can Share Your Personal Information Limit Sharing 4,standard,String,STRING,str x769,$.privacyPolicy.limitSharing4,loan.privacyPolicy.limitSharing4,no,no,490,100,251,100,1,,,,,,Started,no,
NOTICES.X69,Privacy Policy Reasons We Can Share Your Personal Information Limit Sharing 5,standard,String,STRING,str x769,$.privacyPolicy.limitSharing5,loan.privacyPolicy.limitSharing5,no,no,490,100,251,100,1,,,,,,Started,no,
NOTICES.X70,Privacy Policy Reasons We Can Share Your Personal Information Limit Sharing 6,standard,String,STRING,str x769,$.privacyPolicy.limitSharing6,loan.privacyPolicy.limitSharing6,no,no,490,100,251,100,1,,,,,,Started,no,
NOTICES.X71,Privacy Policy Reasons We Can Share Your Personal Information Limit Sharing 7,standard,String,STRING,str x769,$.privacyPolicy.limitSharing7,loan.privacyPolicy.limitSharing7,no,no,490,100,251,100,1,,,,,,Started,no,
NOTICES.X73,Privacy Policy Information We Collect Customer Personal Information at These Times 1,standard,String,STRING,str x769,$.privacyPolicy.timesToCollect1,loan.privacyPolicy.timesToCollect1,no,no,490,100,251,100,1,,,,,,Started,no,
NOTICES.X74,Privacy Policy Information We Collect Customer Personal Information at These Times 2,standard,String,STRING,str x769,$.privacyPolicy.timesToCollect2,loan.privacyPolicy.timesToCollect2,no,no,490,100,251,100,1,,,,,,Started,no,
NOTICES.X75,Privacy Policy Information We Collect Customer Personal Information at These Times 3,standard,String,STRING,str x769,$.privacyPolicy.timesToCollect3,loan.privacyPolicy.timesToCollect3,no,no,490,100,251,100,1,,,,,,Started,no,
NOTICES.X76,Privacy Policy Information We Collect Customer Personal Information at These Times 4,standard,String,STRING,str x769,$.privacyPolicy.timesToCollect4,loan.privacyPolicy.timesToCollect4,no,no,490,100,251,100,1,,,,,,Started,no,
NOTICES.X77,Privacy Policy Information We Collect Customer Personal Information at These Times 5,standard,String,STRING,str x769,$.privacyPolicy.timesToCollect5,loan.privacyPolicy.timesToCollect5,no,no,490,100,251,100,1,,,,,,Started,no,
NOTICES.X79,Privacy Policy Information Do You Have Affiliates?,standard,String,STRING,str x769,$.privacyPolicy.affiliateType,loan.privacyPolicy.affiliateType,no,no,490,100,251,100,1,,,,,,Started,no,
NOTICES.X83,Privacy Policy Information Do You Have Nonaffiliates?,standard,String,STRING,str x769,$.privacyPolicy.nonaffiliateType,loan.privacyPolicy.nonaffiliateType,no,no,490,100,251,100,1,,,,,,Started,no,
NOTICES.X85,Privacy Policy Information Do You Have Joint Marketing?,standard,String,STRING,str x769,$.privacyPolicy.jointMarketType,loan.privacyPolicy.jointMarketType,no,no,490,100,251,100,1,,,,,,Started,no,
NOTICES.X88,Privacy Policy Information Do You Share Personal Information in Joint Marketing?,standard,String,STRING,str x769,$.privacyPolicy.shareInfoWithJointMarketing,loan.privacyPolicy.shareInfoWithJointMarketing,no,no,490,100,251,100,1,,,,,,Started,no,
NOTICES.X89,Privacy Policy Information Phone Number for Limit Our Sharing,standard,String,PHONE,str x769,$.privacyPolicy.phoneToLimit,loan.privacyPolicy.phoneToLimit,no,no,490,100,251,100,1,,,,,,Started,no,identifying-or-high-cardinality
NOTICES.X90,Privacy Policy Information Website for Limit Our Sharing,standard,String,STRING,str x769,$.privacyPolicy.websiteToLimit,loan.privacyPolicy.websiteToLimit,no,no,490,100,251,100,1,,,,,,Started,no,
NOTICES.X91,Privacy Policy Information Number of Days After Providing Notice Can We Begin Sharing Information (must be more than 30),standard,Int,INTEGER,int x769,$.privacyPolicy.daysToUse,loan.privacyPolicy.daysToUse,no,no,490,100,251,100,1,45,45,45,45,45,Started,no,
NOTICES.X92,Privacy Policy Information Phone Number for Question,standard,String,PHONE,str x769,$.privacyPolicy.phoneForQuestion,loan.privacyPolicy.phoneForQuestion,no,no,490,100,251,100,1,,,,,,Started,no,identifying-or-high-cardinality
NOTICES.X93,Privacy Policy Information Website for Question,standard,String,STRING,str x769,$.privacyPolicy.websiteForQuestion,loan.privacyPolicy.websiteForQuestion,no,no,490,100,251,100,1,,,,,,Started,no,
NOTICES.X94,Privacy Policy Information Institutions that collect personal information from their affiliates and credit bureaus,standard,String,STRING,str x769,$.privacyPolicy.alsoCollectFrom,loan.privacyPolicy.alsoCollectFrom,no,no,490,100,251,100,1,,,,,,Started,no,
NOTICES.X95,Disclosure NFIP Community Number,standard,String,STRING,str x231,$.disclosureNotices.nfipCommunityNumber,loan.disclosureNotices.nfipCommunityNumber,no,no,197,40.2,32,12.7,84,,,,,,Started,no,identifying-or-high-cardinality
NOTICES.X96,Disclosure NFIP Map Panel Effective/Revised Date,standard,DateTime,DATE,date x230,$.disclosureNotices.nfipMapEffectiveRevisedDate,loan.disclosureNotices.nfipMapEffectiveRevisedDate,no,no,197,40.2,32,12.7,42,,,,,,Started,no,identifying-or-high-cardinality
NOTICES.X97,Disclosure Map Panel Number,standard,String,STRING,str x230,$.disclosureNotices.mapPanelNumber,loan.disclosureNotices.mapPanelNumber,no,no,197,40.2,32,12.7,134,,,,,,Started,no,identifying-or-high-cardinality
NOTICES.X98,Privacy Policy Month,standard,String,STRING,str x772,$.privacyPolicy.month,loan.privacyPolicy.month,no,no,490,100,251,100,2,,,,,,Started,no,
NOTICES.X99,Privacy Policy Year,standard,Int,INTEGER,int x772,$.privacyPolicy.year,loan.privacyPolicy.year,no,no,490,100,251,100,2,24,25,25,25,25,Started,no,
NOTICES.X100,Disclosure NFIP Participation Status Type,standard,String,STRING,str x230,$.disclosureNotices.nfipParticipationStatus,loan.disclosureNotices.nfipParticipationStatus,no,no,197,40.2,32,12.7,2,,,,,,Started,no,
NTB.X27,Net Tangible Benefit New Loan Info - Difference between current payment with MI and new payment with MI,standard,Decimal,DECIMAL_2,float x640 | int x25,$.netTangibleBenefit.newLoanPaymentWithMiDifference,loan.netTangibleBenefit.newLoanPaymentWithMiDifference,no,no,449,91.6,199,79.3,620,-5525.4,-2214.84,-1379.55,-1061.11,-559.42,Started,no,identifying-or-high-cardinality
NTB.X28,Net Tangible Benefit New Loan Info - Difference between current payment total obligation and new payment total obligation,standard,Decimal,DECIMAL_2,float x643 | int x31,$.netTangibleBenefit.newLoanPaymentWithObligationDifference,loan.netTangibleBenefit.newLoanPaymentWithObligationDifference,no,no,452,92.2,202,80.5,657,-8087.9,-3784.395,-2288.82,-1419.42,-915.63,Started,no,identifying-or-high-cardinality
NTB.X29,Net Tangible Benefit Existing Loan Info - Difference between current payment and new payment,standard,Decimal,DECIMAL_2,float x639 | int x25,$.netTangibleBenefit.existingLoanPaymentDifference,loan.netTangibleBenefit.existingLoanPaymentDifference,no,no,449,91.6,199,79.3,619,-5525.4,-2214.84,-1379.55,-1061.11,-559.42,Started,no,identifying-or-high-cardinality
Opening.DocStkOrdr,Opening Document Stacking Order,standard,String,STRING,str x206,$.openingDocsStackingOrder,loan.openingDocsStackingOrder,no,no,205,41.8,0,0,1,,,,,,Started,no,
Opening.LoanProgTyp,Disclosures - Plan Code Type,standard,String,STRING,str x216,$.openingDocsLoanProgramType,loan.openingDocsLoanProgramType,no,no,206,42,0,0,2,,,,,,Started,no,
Opening.PlanDesc,Disclosures - Plan Description,standard,String,STRING,str x216,$.openingDocsPlanDescription,loan.openingDocsPlanDescription,no,no,206,42,0,0,2,,,,,,Started,no,identifying-or-high-cardinality
Opening.PlanID,Disclosures - Ellie Mae Plan ID,standard,String,STRING,str x216,$.openingDocsPlanId,loan.openingDocsPlanId,no,no,206,42,0,0,2,,,,,,Started,no,
Opening.ProgCd,Disclosures - Program Code,standard,String,STRING,str x216,$.openingDocsProgramCode,loan.openingDocsProgramCode,no,no,206,42,0,0,2,,,,,,Started,no,
ORGID,Company - Users Organization Code,standard,String,STRING,str x772,$.organizationCode,loan.organizationCode,no,no,490,100,251,100,2,,,,,,Started,no,
PlanCode.Desc,Plan Code Description,standard,String,STRING,str x187,$.closingDocument.planCodeDescription,loan.closingDocument.planCodeDescription,no,no,183,37.3,1,0.4,15,,,,,,Docs Out,no,identifying-or-high-cardinality
PlanCode.ID,Plan Code,standard,String,STRING,str x187,$.closingDocument.planCodeId,loan.closingDocument.planCodeId,no,no,183,37.3,1,0.4,16,,,,,,Docs Out,no,
PlanCode.InvCd,Closing Documents - Investor Code,standard,String,STRING,str x2,$.closingDocument.investorCode,loan.closingDocument.investorCode,no,no,1,0.2,0,0,1,,,,,,,no,
PlanCode.LoanProgTyp,Closing Documents - Plan Code Type,standard,String,STRING,str x187,$.closingDocument.closingDocsLoanProgramType,loan.closingDocument.closingDocsLoanProgramType,no,no,183,37.3,1,0.4,2,,,,,,Docs Out,no,
PlanCode.ProgCd,Closing Documents - Program Code,standard,String,STRING,str x187,$.closingDocument.programCode,loan.closingDocument.programCode,no,no,183,37.3,1,0.4,6,,,,,,Docs Out,no,
PlanCode.ProgSpnsrNm,Closing Documents - Investor,standard,String,STRING,str x1,$.closingDocument.programSponsor,loan.closingDocument.programSponsor,no,no,1,0.2,0,0,1,,,,,,,no,
POPT.X1,Section 800 Line 801 POC and PTC Indicator 1,standard,Boolean,YN,bool x3,$.closingCost.gfe2010.gfe2010Fees[?(@.gfe2010FeeParentType == 'POCPTC800' && @.gfe2010FeeIndex == '1')].pocPtcIndicator,loan.closingCost.gfe2010.gfe2010Fees[(gfe2010FeeParentType == 'POCPTC800' && gfe2010FeeIndex == '1')].pocPtcIndicator,no,no,1,0.2,0,0,1,,,,,,,no,
POPT.X2,Section 800 Line 801 POC and PTC Indicator 2,standard,Boolean,YN,bool x4,$.closingCost.gfe2010.gfe2010Fees[?(@.gfe2010FeeParentType == 'POCPTC800' && @.gfe2010FeeIndex == '2')].pocPtcIndicator,loan.closingCost.gfe2010.gfe2010Fees[(gfe2010FeeParentType == 'POCPTC800' && gfe2010FeeIndex == '2')].pocPtcIndicator,no,no,2,0.4,0,0,1,,,,,,,no,
POPT.X7,Section 800 Line 801 POC and PTC Indicator 7,standard,Boolean,YN,bool x4,$.closingCost.gfe2010.gfe2010Fees[?(@.gfe2010FeeParentType == 'POCPTC800' && @.gfe2010FeeIndex == '7')].pocPtcIndicator,loan.closingCost.gfe2010.gfe2010Fees[(gfe2010FeeParentType == 'POCPTC800' && gfe2010FeeIndex == '7')].pocPtcIndicator,no,no,2,0.4,0,0,1,,,,,,,no,
POPT.X9,Section 800 Line 801 POC and PTC Indicator 9,standard,Boolean,YN,bool x1,$.closingCost.gfe2010.gfe2010Fees[?(@.gfe2010FeeParentType == 'POCPTC800' && @.gfe2010FeeIndex == '9')].pocPtcIndicator,loan.closingCost.gfe2010.gfe2010Fees[(gfe2010FeeParentType == 'POCPTC800' && gfe2010FeeIndex == '9')].pocPtcIndicator,no,no,0,0,0,0,1,,,,,,,no,
POPT.X12,Section 800 Line 802 POC and PTC Indicator 12,standard,Boolean,YN,bool x1,$.closingCost.gfe2010.gfe2010Fees[?(@.gfe2010FeeParentType == 'POCPTC800' && @.gfe2010FeeIndex == '12')].pocPtcIndicator,loan.closingCost.gfe2010.gfe2010Fees[(gfe2010FeeParentType == 'POCPTC800' && gfe2010FeeIndex == '12')].pocPtcIndicator,no,no,1,0.2,0,0,1,,,,,,,no,
POPT.X13,Section 800 Line 804 POC and PTC Indicator,standard,Boolean,YN,bool x720,$.closingCost.gfe2010.gfe2010Fees[?(@.gfe2010FeeParentType == 'POCPTC800' && @.gfe2010FeeIndex == '13')].pocPtcIndicator,loan.closingCost.gfe2010.gfe2010Fees[(gfe2010FeeParentType == 'POCPTC800' && gfe2010FeeIndex == '13')].pocPtcIndicator,no,no,486,99.2,229,91.2,1,,,,,,Started,no,
POPT.X14,Section 800 Line 805 POC and PTC Indicator,standard,Boolean,YN,bool x6,$.closingCost.gfe2010.gfe2010Fees[?(@.gfe2010FeeParentType == 'POCPTC800' && @.gfe2010FeeIndex == '14')].pocPtcIndicator,loan.closingCost.gfe2010.gfe2010Fees[(gfe2010FeeParentType == 'POCPTC800' && gfe2010FeeIndex == '14')].pocPtcIndicator,no,no,2,0.4,0,0,1,,,,,,,no,
POPT.X16,Section 800 Line 807 POC and PTC Indicator,standard,Boolean,YN,bool x1,$.closingCost.gfe2010.gfe2010Fees[?(@.gfe2010FeeParentType == 'POCPTC800' && @.gfe2010FeeIndex == '16')].pocPtcIndicator,loan.closingCost.gfe2010.gfe2010Fees[(gfe2010FeeParentType == 'POCPTC800' && gfe2010FeeIndex == '16')].pocPtcIndicator,no,no,0,0,0,0,1,,,,,,,no,
POPT.X17,Section 800 Line 808 POC and PTC Indicator,standard,Boolean,YN,bool x152,$.closingCost.gfe2010.gfe2010Fees[?(@.gfe2010FeeParentType == 'POCPTC800' && @.gfe2010FeeIndex == '17')].pocPtcIndicator,loan.closingCost.gfe2010.gfe2010Fees[(gfe2010FeeParentType == 'POCPTC800' && gfe2010FeeIndex == '17')].pocPtcIndicator,no,no,149,30.4,1,0.4,1,,,,,,Started,no,
POPT.X18,Section 800 Line 809 POC and PTC Indicator,standard,Boolean,YN,bool x2,$.closingCost.gfe2010.gfe2010Fees[?(@.gfe2010FeeParentType == 'POCPTC800' && @.gfe2010FeeIndex == '18')].pocPtcIndicator,loan.closingCost.gfe2010.gfe2010Fees[(gfe2010FeeParentType == 'POCPTC800' && gfe2010FeeIndex == '18')].pocPtcIndicator,no,no,2,0.4,0,0,1,,,,,,,no,
POPT.X19,Section 800 Line 810 POC and PTC Indicator,standard,Boolean,YN,bool x5,$.closingCost.gfe2010.gfe2010Fees[?(@.gfe2010FeeParentType == 'POCPTC800' && @.gfe2010FeeIndex == '19')].pocPtcIndicator,loan.closingCost.gfe2010.gfe2010Fees[(gfe2010FeeParentType == 'POCPTC800' && gfe2010FeeIndex == '19')].pocPtcIndicator,no,no,5,1,0,0,1,,,,,,Purchasing Conditions,no,
POPT.X29,Section 900 Line 901 POC and PTC Indicator,standard,Boolean,YN,bool x6,$.closingCost.gfe2010.gfe2010Fees[?(@.gfe2010FeeParentType == 'POCPTC900' && @.gfe2010FeeIndex == '1')].pocPtcIndicator,loan.closingCost.gfe2010.gfe2010Fees[(gfe2010FeeParentType == 'POCPTC900' && gfe2010FeeIndex == '1')].pocPtcIndicator,no,no,1,0.2,0,0,1,,,,,,,no,
POPT.X31,Section 900 Line 903 POC and PTC Indicator,standard,Boolean,YN,bool x1,$.closingCost.gfe2010.gfe2010Fees[?(@.gfe2010FeeParentType == 'POCPTC900' && @.gfe2010FeeIndex == '3')].pocPtcIndicator,loan.closingCost.gfe2010.gfe2010Fees[(gfe2010FeeParentType == 'POCPTC900' && gfe2010FeeIndex == '3')].pocPtcIndicator,no,no,1,0.2,0,0,1,,,,,,,no,
POPT.X39,Section 1000 Line 1002 POC and PTC Indicator,standard,Boolean,YN,bool x6,$.closingCost.gfe2010.gfe2010Fees[?(@.gfe2010FeeParentType == 'POCPTC1000' && @.gfe2010FeeIndex == '1')].pocPtcIndicator,loan.closingCost.gfe2010.gfe2010Fees[(gfe2010FeeParentType == 'POCPTC1000' && gfe2010FeeIndex == '1')].pocPtcIndicator,no,no,1,0.2,0,0,1,,,,,,,no,
POPT.X41,Section 1000 Line 1004 POC and PTC Indicator,standard,Boolean,YN,bool x7,$.closingCost.gfe2010.gfe2010Fees[?(@.gfe2010FeeParentType == 'POCPTC1000' && @.gfe2010FeeIndex == '3')].pocPtcIndicator,loan.closingCost.gfe2010.gfe2010Fees[(gfe2010FeeParentType == 'POCPTC1000' && gfe2010FeeIndex == '3')].pocPtcIndicator,no,no,1,0.2,0,0,1,,,,,,,no,
POPT.X59,Section 1100 Line 1112 POC and PTC Indicator,standard,Boolean,YN,bool x1,$.closingCost.gfe2010.gfe2010Fees[?(@.gfe2010FeeParentType == 'POCPTC1100' && @.gfe2010FeeIndex == '13')].pocPtcIndicator,loan.closingCost.gfe2010.gfe2010Fees[(gfe2010FeeParentType == 'POCPTC1100' && gfe2010FeeIndex == '13')].pocPtcIndicator,no,no,0,0,0,0,1,,,,,,,no,
POPT.X62,Section 1200 Line 1202 POC and PTC Indicator,standard,Boolean,YN,bool x1,$.closingCost.gfe2010.gfe2010Fees[?(@.gfe2010FeeParentType == 'POCPTC1200' && @.gfe2010FeeIndex == '1')].pocPtcIndicator,loan.closingCost.gfe2010.gfe2010Fees[(gfe2010FeeParentType == 'POCPTC1200' && gfe2010FeeIndex == '1')].pocPtcIndicator,no,no,0,0,0,0,1,,,,,,,no,
POPT.X69,Section 1300 Line 1302 POC and PTC Indicator,standard,Boolean,YN,bool x1,$.closingCost.gfe2010.gfe2010Fees[?(@.gfe2010FeeParentType == 'POCPTC1300' && @.gfe2010FeeIndex == '1')].pocPtcIndicator,loan.closingCost.gfe2010.gfe2010Fees[(gfe2010FeeParentType == 'POCPTC1300' && gfe2010FeeIndex == '1')].pocPtcIndicator,no,no,1,0.2,0,0,1,,,,,,,no,
POPT.X79,Section 800 Line 801 POC and PTC BorPaidAmt 1,standard,Decimal,DECIMAL_2,int x449 | float x124,$.closingCost.gfe2010.gfe2010Fees[?(@.gfe2010FeeParentType == 'POCPTC800' && @.gfe2010FeeIndex == '1')].borPaidAmount,loan.closingCost.gfe2010.gfe2010Fees[(gfe2010FeeParentType == 'POCPTC800' && gfe2010FeeIndex == '1')].borPaidAmount,no,no,366,74.7,203,80.9,443,1725,3600,5700,7906.25,15400,Started,no,identifying-or-high-cardinality
POPT.X80,Section 800 Line 801 POC and PTC BorPaidAmt 2,standard,Decimal,DECIMAL_2,int x709,$.closingCost.gfe2010.gfe2010Fees[?(@.gfe2010FeeParentType == 'POCPTC800' && @.gfe2010FeeIndex == '2')].borPaidAmount,loan.closingCost.gfe2010.gfe2010Fees[(gfe2010FeeParentType == 'POCPTC800' && gfe2010FeeIndex == '2')].borPaidAmount,no,no,474,96.7,229,91.2,7,950,1200,1595,1595,2000,Started,no,
POPT.X81,Section 800 Line 801 POC and PTC BorPaidAmt 3,standard,Decimal,DECIMAL_2,int x1,$.closingCost.gfe2010.gfe2010Fees[?(@.gfe2010FeeParentType == 'POCPTC800' && @.gfe2010FeeIndex == '3')].borPaidAmount,loan.closingCost.gfe2010.gfe2010Fees[(gfe2010FeeParentType == 'POCPTC800' && gfe2010FeeIndex == '3')].borPaidAmount,no,no,1,0.2,0,0,1,,,,,,,no,
POPT.X82,Section 800 Line 801 POC and PTC BorPaidAmt 4,standard,Decimal,DECIMAL_2,int x2,$.closingCost.gfe2010.gfe2010Fees[?(@.gfe2010FeeParentType == 'POCPTC800' && @.gfe2010FeeIndex == '4')].borPaidAmount,loan.closingCost.gfe2010.gfe2010Fees[(gfe2010FeeParentType == 'POCPTC800' && gfe2010FeeIndex == '4')].borPaidAmount,no,no,1,0.2,1,0.4,2,,,,,,,no,
POPT.X85,Section 800 Line 801 POC and PTC BorPaidAmt 7,standard,Decimal,DECIMAL_2,int x570 | float x1,$.closingCost.gfe2010.gfe2010Fees[?(@.gfe2010FeeParentType == 'POCPTC800' && @.gfe2010FeeIndex == '7')].borPaidAmount,loan.closingCost.gfe2010.gfe2010Fees[(gfe2010FeeParentType == 'POCPTC800' && gfe2010FeeIndex == '7')].borPaidAmount,no,no,475,96.9,90,35.9,6,200,500,550,600,137053.15,Started,no,
POPT.X86,Section 800 Line 801 POC and PTC BorPaidAmt 8,standard,Decimal,DECIMAL_2,int x147,$.closingCost.gfe2010.gfe2010Fees[?(@.gfe2010FeeParentType == 'POCPTC800' && @.gfe2010FeeIndex == '8')].borPaidAmount,loan.closingCost.gfe2010.gfe2010Fees[(gfe2010FeeParentType == 'POCPTC800' && gfe2010FeeIndex == '8')].borPaidAmount,no,no,8,1.6,139,55.4,13,-2095,995,995,995,2000,Purchasing Conditions,no,
POPT.X87,Section 800 Line 801 POC and PTC BorPaidAmt 9,standard,Decimal,DECIMAL_2,int x9,$.closingCost.gfe2010.gfe2010Fees[?(@.gfe2010FeeParentType == 'POCPTC800' && @.gfe2010FeeIndex == '9')].borPaidAmount,loan.closingCost.gfe2010.gfe2010Fees[(gfe2010FeeParentType == 'POCPTC800' && gfe2010FeeIndex == '9')].borPaidAmount,no,no,0,0,9,3.6,2,100,100,100,100,750,,no,
POPT.X88,Section 800 Line 801 POC and PTC BorPaidAmt 10,standard,Decimal,DECIMAL_2,int x1,$.closingCost.gfe2010.gfe2010Fees[?(@.gfe2010FeeParentType == 'POCPTC800' && @.gfe2010FeeIndex == '10')].borPaidAmount,loan.closingCost.gfe2010.gfe2010Fees[(gfe2010FeeParentType == 'POCPTC800' && gfe2010FeeIndex == '10')].borPaidAmount,no,no,0,0,1,0.4,1,,,,,,,no,
POPT.X90,Section 800 Line 802 POC and PTC BorPaidAmt 12,standard,Decimal,DECIMAL_2,float x15 | int x2,$.closingCost.gfe2010.gfe2010Fees[?(@.gfe2010FeeParentType == 'POCPTC800' && @.gfe2010FeeIndex == '12')].borPaidAmount,loan.closingCost.gfe2010.gfe2010Fees[(gfe2010FeeParentType == 'POCPTC800' && gfe2010FeeIndex == '12')].borPaidAmount,no,no,17,3.5,0,0,17,38.25,393.19,623.03,1437.645,6600,Purchasing Conditions,no,
POPT.X91,Section 800 Line 804 POC and PTC BorPaidAmt,standard,Decimal,DECIMAL_2,int x42,$.closingCost.gfe2010.gfe2010Fees[?(@.gfe2010FeeParentType == 'POCPTC800' && @.gfe2010FeeIndex == '13')].borPaidAmount,loan.closingCost.gfe2010.gfe2010Fees[(gfe2010FeeParentType == 'POCPTC800' && gfe2010FeeIndex == '13')].borPaidAmount,no,no,13,2.7,25,10,16,5,93.75,162.5,256.25,2550,Started,no,
POPT.X92,Section 800 Line 805 POC and PTC BorPaidAmt,standard,Decimal,DECIMAL_2,int x417 | float x230,$.closingCost.gfe2010.gfe2010Fees[?(@.gfe2010FeeParentType == 'POCPTC800' && @.gfe2010FeeIndex == '14')].borPaidAmount,loan.closingCost.gfe2010.gfe2010Fees[(gfe2010FeeParentType == 'POCPTC800' && gfe2010FeeIndex == '14')].borPaidAmount,no,no,439,89.6,203,80.9,59,76.21,111.075,114.1,150,415.85,Started,no,identifying-or-high-cardinality
POPT.X94,Section 800 Line 807 POC and PTC BorPaidAmt,standard,Decimal,DECIMAL_2,float x422 | int x1,$.closingCost.gfe2010.gfe2010Fees[?(@.gfe2010FeeParentType == 'POCPTC800' && @.gfe2010FeeIndex == '16')].borPaidAmount,loan.closingCost.gfe2010.gfe2010Fees[(gfe2010FeeParentType == 'POCPTC800' && gfe2010FeeIndex == '16')].borPaidAmount,no,no,359,73.3,60,23.9,2,5,11.97,11.97,11.97,11.97,Started,no,
POPT.X95,Section 800 Line 808 POC and PTC BorPaidAmt,standard,Decimal,DECIMAL_2,int x162 | float x6,$.closingCost.gfe2010.gfe2010Fees[?(@.gfe2010FeeParentType == 'POCPTC800' && @.gfe2010FeeIndex == '17')].borPaidAmount,loan.closingCost.gfe2010.gfe2010Fees[(gfe2010FeeParentType == 'POCPTC800' && gfe2010FeeIndex == '17')].borPaidAmount,no,no,9,1.8,157,62.5,117,-750,30000,60000,100000,570000,Purchasing Conditions,no,identifying-or-high-cardinality
POPT.X96,Section 800 Line 809 POC and PTC BorPaidAmt,standard,Decimal,DECIMAL_2,int x60 | float x2,$.closingCost.gfe2010.gfe2010Fees[?(@.gfe2010FeeParentType == 'POCPTC800' && @.gfe2010FeeIndex == '18')].borPaidAmount,loan.closingCost.gfe2010.gfe2010Fees[(gfe2010FeeParentType == 'POCPTC800' && gfe2010FeeIndex == '18')].borPaidAmount,no,no,5,1,57,22.7,48,-750,3300,8000,25000,120000,Purchasing Conditions,no,identifying-or-high-cardinality
POPT.X97,Section 800 Line 810 POC and PTC BorPaidAmt,standard,Decimal,DECIMAL_2,int x21 | float x1,$.closingCost.gfe2010.gfe2010Fees[?(@.gfe2010FeeParentType == 'POCPTC800' && @.gfe2010FeeIndex == '19')].borPaidAmount,loan.closingCost.gfe2010.gfe2010Fees[(gfe2010FeeParentType == 'POCPTC800' && gfe2010FeeIndex == '19')].borPaidAmount,no,no,1,0.2,21,8.4,5,-76.21,1400,1400,1400,15000,,no,
POPT.X98,Section 800 Line 811 POC and PTC BorPaidAmt,standard,Decimal,DECIMAL_2,float x2 | int x1,$.closingCost.gfe2010.gfe2010Fees[?(@.gfe2010FeeParentType == 'POCPTC800' && @.gfe2010FeeIndex == '20')].borPaidAmount,loan.closingCost.gfe2010.gfe2010Fees[(gfe2010FeeParentType == 'POCPTC800' && gfe2010FeeIndex == '20')].borPaidAmount,no,no,1,0.2,2,0.8,3,-11.97,-11.97,100,2671.68,2671.68,,no,
POPT.X107,Section 900 Line 901 POC and PTC BorPaidAmt,standard,Decimal,DECIMAL_2,float x297 | int x3,$.closingCost.gfe2010.gfe2010Fees[?(@.gfe2010FeeParentType == 'POCPTC900' && @.gfe2010FeeIndex == '1')].borPaidAmount,loan.closingCost.gfe2010.gfe2010Fees[(gfe2010FeeParentType == 'POCPTC900' && gfe2010FeeIndex == '1')].borPaidAmount,no,no,280,57.1,17,6.8,292,118.66,247.515,462.56,814.83,11361.04,Started,no,identifying-or-high-cardinality
POPT.X109,Section 900 Line 903 POC and PTC BorPaidAmt,standard,Decimal,DECIMAL_2,int x16 | float x9,$.closingCost.gfe2010.gfe2010Fees[?(@.gfe2010FeeParentType == 'POCPTC900' && @.gfe2010FeeIndex == '3')].borPaidAmount,loan.closingCost.gfe2010.gfe2010Fees[(gfe2010FeeParentType == 'POCPTC900' && gfe2010FeeIndex == '3')].borPaidAmount,no,no,24,4.9,1,0.4,25,80.12,850.02,1585,2565.28,4620,Investor Delivery,no,
POPT.X110,Section 900 Line 904 POC and PTC BorPaidAmt,standard,Decimal,DECIMAL_2,float x5,$.closingCost.gfe2010.gfe2010Fees[?(@.gfe2010FeeParentType == 'POCPTC900' && @.gfe2010FeeIndex == '4')].borPaidAmount,loan.closingCost.gfe2010.gfe2010Fees[(gfe2010FeeParentType == 'POCPTC900' && gfe2010FeeIndex == '4')].borPaidAmount,no,no,5,1,0,0,5,519.8,524.95,677.35,2818.825,3123.55,,no,
POPT.X112,Section 900 Line 906 POC and PTC BorPaidAmt,standard,Decimal,DECIMAL_2,float x2 | int x2,$.closingCost.gfe2010.gfe2010Fees[?(@.gfe2010FeeParentType == 'POCPTC900' && @.gfe2010FeeIndex == '6')].borPaidAmount,loan.closingCost.gfe2010.gfe2010Fees[(gfe2010FeeParentType == 'POCPTC900' && gfe2010FeeIndex == '6')].borPaidAmount,no,no,4,0.8,0,0,3,872,903.8375,999.35,1062.8375,1084,,no,
POPT.X113,Section 900 Line 907 POC and PTC BorPaidAmt,standard,Decimal,DECIMAL_2,float x70 | int x7,$.closingCost.gfe2010.gfe2010Fees[?(@.gfe2010FeeParentType == 'POCPTC900' && @.gfe2010FeeIndex == '7')].borPaidAmount,loan.closingCost.gfe2010.gfe2010Fees[(gfe2010FeeParentType == 'POCPTC900' && gfe2010FeeIndex == '7')].borPaidAmount,no,no,24,4.9,53,21.1,76,92,298.745,1197.735,1921.285,5454.72,Purchasing Conditions,no,identifying-or-high-cardinality
POPT.X114,Section 900 Line 908 POC and PTC BorPaidAmt,standard,Decimal,DECIMAL_2,float x3,$.closingCost.gfe2010.gfe2010Fees[?(@.gfe2010FeeParentType == 'POCPTC900' && @.gfe2010FeeIndex == '8')].borPaidAmount,loan.closingCost.gfe2010.gfe2010Fees[(gfe2010FeeParentType == 'POCPTC900' && gfe2010FeeIndex == '8')].borPaidAmount,no,no,3,0.6,0,0,3,1591.09,1591.09,2053.64,2330.51,2330.51,,no,
POPT.X117,Section 1000 Line 1002 POC and PTC BorPaidAmt,standard,Decimal,DECIMAL_2,float x226 | int x177,$.closingCost.gfe2010.gfe2010Fees[?(@.gfe2010FeeParentType == 'POCPTC1000' && @.gfe2010FeeIndex == '1')].borPaidAmount,loan.closingCost.gfe2010.gfe2010Fees[(gfe2010FeeParentType == 'POCPTC1000' && gfe2010FeeIndex == '1')].borPaidAmount,no,no,394,80.4,8,3.2,310,100,200,250,375,2400,Started,no,identifying-or-high-cardinality
POPT.X119,Section 1000 Line 1004 POC and PTC BorPaidAmt,standard,Decimal,DECIMAL_2,float x264 | int x141,$.closingCost.gfe2010.gfe2010Fees[?(@.gfe2010FeeParentType == 'POCPTC1000' && @.gfe2010FeeIndex == '3')].borPaidAmount,loan.closingCost.gfe2010.gfe2010Fees[(gfe2010FeeParentType == 'POCPTC1000' && gfe2010FeeIndex == '3')].borPaidAmount,no,no,396,80.8,8,3.2,352,185,421.225,1000,1600,3625,Started,no,identifying-or-high-cardinality
POPT.X120,Section 1000 Line 1005 POC and PTC BorPaidAmt,standard,Decimal,DECIMAL_2,float x4 | int x1,$.closingCost.gfe2010.gfe2010Fees[?(@.gfe2010FeeParentType == 'POCPTC1000' && @.gfe2010FeeIndex == '4')].borPaidAmount,loan.closingCost.gfe2010.gfe2010Fees[(gfe2010FeeParentType == 'POCPTC1000' && gfe2010FeeIndex == '4')].borPaidAmount,no,no,5,1,0,0,5,141.1,231.05,737.22,1665.87,2388.18,,no,
POPT.X121,Section 1000 Line 1006 POC and PTC BorPaidAmt,standard,Decimal,DECIMAL_2,float x10 | int x2,$.closingCost.gfe2010.gfe2010Fees[?(@.gfe2010FeeParentType == 'POCPTC1000' && @.gfe2010FeeIndex == '5')].borPaidAmount,loan.closingCost.gfe2010.gfe2010Fees[(gfe2010FeeParentType == 'POCPTC1000' && gfe2010FeeIndex == '5')].borPaidAmount,no,no,12,2.4,0,0,12,72,124.125,239.55,397.635,2368.35,Purchasing Conditions,no,
POPT.X122,Section 1000 Line 1007 POC and PTC BorPaidAmt,standard,Decimal,DECIMAL_2,float x38 | int x2,$.closingCost.gfe2010.gfe2010Fees[?(@.gfe2010FeeParentType == 'POCPTC1000' && @.gfe2010FeeIndex == '6')].borPaidAmount,loan.closingCost.gfe2010.gfe2010Fees[(gfe2010FeeParentType == 'POCPTC1000' && gfe2010FeeIndex == '6')].borPaidAmount,no,no,40,8.2,0,0,40,52.85,215.94,466.56,1396.525,6245.12,Investor Delivery,no,identifying-or-high-cardinality
POPT.X123,Section 1000 Line 1008 POC and PTC BorPaidAmt,standard,Decimal,DECIMAL_2,float x18 | int x3,$.closingCost.gfe2010.gfe2010Fees[?(@.gfe2010FeeParentType == 'POCPTC1000' && @.gfe2010FeeIndex == '7')].borPaidAmount,loan.closingCost.gfe2010.gfe2010Fees[(gfe2010FeeParentType == 'POCPTC1000' && gfe2010FeeIndex == '7')].borPaidAmount,no,no,21,4.3,0,0,20,50.96,276.94,682.66,1723.03,6373.51,Purchasing Conditions,no,
POPT.X124,Section 1000 Line 1009 POC and PTC BorPaidAmt,standard,Decimal,DECIMAL_2,float x7,$.closingCost.gfe2010.gfe2010Fees[?(@.gfe2010FeeParentType == 'POCPTC1000' && @.gfe2010FeeIndex == '8')].borPaidAmount,loan.closingCost.gfe2010.gfe2010Fees[(gfe2010FeeParentType == 'POCPTC1000' && gfe2010FeeIndex == '8')].borPaidAmount,no,no,7,1.4,0,0,7,34.5,94.8,310.3,351.9,477.6,,no,
POPT.X125,Section 1100 Line 1101 POC and PTC BorPaidAmt 1,standard,Decimal,DECIMAL_2,int x147 | float x31,$.closingCost.gfe2010.gfe2010Fees[?(@.gfe2010FeeParentType == 'POCPTC1100' && @.gfe2010FeeIndex == '1')].borPaidAmount,loan.closingCost.gfe2010.gfe2010Fees[(gfe2010FeeParentType == 'POCPTC1100' && gfe2010FeeIndex == '1')].borPaidAmount,no,no,171,34.9,6,2.4,146,25,125,355,1250,3163,Docs Out,no,identifying-or-high-cardinality
POPT.X126,Section 1100 Line 1101 POC and PTC BorPaidAmt 2,standard,Decimal,DECIMAL_2,int x75 | float x3,$.closingCost.gfe2010.gfe2010Fees[?(@.gfe2010FeeParentType == 'POCPTC1100' && @.gfe2010FeeIndex == '2')].borPaidAmount,loan.closingCost.gfe2010.gfe2010Fees[(gfe2010FeeParentType == 'POCPTC1100' && gfe2010FeeIndex == '2')].borPaidAmount,no,no,77,15.7,1,0.4,33,-200,150,250,500,3103,Investor Delivery,no,identifying-or-high-cardinality
POPT.X127,Section 1100 Line 1101 POC and PTC BorPaidAmt 3,standard,Decimal,DECIMAL_2,int x52 | float x2,$.closingCost.gfe2010.gfe2010Fees[?(@.gfe2010FeeParentType == 'POCPTC1100' && @.gfe2010FeeIndex == '3')].borPaidAmount,loan.closingCost.gfe2010.gfe2010Fees[(gfe2010FeeParentType == 'POCPTC1100' && gfe2010FeeIndex == '3')].borPaidAmount,no,no,53,10.8,1,0.4,28,4.5,115,150,250,1550,Purchasing Conditions,no,identifying-or-high-cardinality
POPT.X128,Section 1100 Line 1101 POC and PTC BorPaidAmt 4,standard,Decimal,DECIMAL_2,int x35 | float x2,$.closingCost.gfe2010.gfe2010Fees[?(@.gfe2010FeeParentType == 'POCPTC1100' && @.gfe2010FeeIndex == '4')].borPaidAmount,loan.closingCost.gfe2010.gfe2010Fees[(gfe2010FeeParentType == 'POCPTC1100' && gfe2010FeeIndex == '4')].borPaidAmount,no,no,37,7.6,0,0,24,18,65,125,357.5,2780.15,Purchasing Conditions,no,
POPT.X129,Section 1100 Line 1101 POC and PTC BorPaidAmt 5,standard,Decimal,DECIMAL_2,int x24 | float x1,$.closingCost.gfe2010.gfe2010Fees[?(@.gfe2010FeeParentType == 'POCPTC1100' && @.gfe2010FeeIndex == '5')].borPaidAmount,loan.closingCost.gfe2010.gfe2010Fees[(gfe2010FeeParentType == 'POCPTC1100' && gfe2010FeeIndex == '5')].borPaidAmount,no,no,25,5.1,0,0,18,25,50,150,307.5,2394,Purchasing Conditions,no,
POPT.X130,Section 1100 Line 1101 POC and PTC BorPaidAmt 6,standard,Decimal,DECIMAL_2,int x19,$.closingCost.gfe2010.gfe2010Fees[?(@.gfe2010FeeParentType == 'POCPTC1100' && @.gfe2010FeeIndex == '6')].borPaidAmount,loan.closingCost.gfe2010.gfe2010Fees[(gfe2010FeeParentType == 'POCPTC1100' && gfe2010FeeIndex == '6')].borPaidAmount,no,no,19,3.9,0,0,15,15,50,250,365,1787,Purchasing Conditions,no,
POPT.X131,Section 1100 Line 1102 POC and PTC BorPaidAmt,standard,Decimal,DECIMAL_2,int x6,$.closingCost.gfe2010.gfe2010Fees[?(@.gfe2010FeeParentType == 'POCPTC1100' && @.gfe2010FeeIndex == '7')].borPaidAmount,loan.closingCost.gfe2010.gfe2010Fees[(gfe2010FeeParentType == 'POCPTC1100' && gfe2010FeeIndex == '7')].borPaidAmount,no,no,5,1,0,0,4,425,443.75,487.5,500,500,,no,
POPT.X132,Section 1100 Line 1103 POC and PTC BorPaidAmt,standard,Decimal,DECIMAL_2,int x12 | float x2,$.closingCost.gfe2010.gfe2010Fees[?(@.gfe2010FeeParentType == 'POCPTC1100' && @.gfe2010FeeIndex == '8')].borPaidAmount,loan.closingCost.gfe2010.gfe2010Fees[(gfe2010FeeParentType == 'POCPTC1100' && gfe2010FeeIndex == '8')].borPaidAmount,no,no,14,2.9,0,0,14,25,181.8,741,2865.75,5064,Purchasing Conditions,no,
POPT.X133,Section 1100 Line 1104 POC and PTC BorPaidAmt,standard,Decimal,DECIMAL_2,int x19 | float x9,$.closingCost.gfe2010.gfe2010Fees[?(@.gfe2010FeeParentType == 'POCPTC1100' && @.gfe2010FeeIndex == '9')].borPaidAmount,loan.closingCost.gfe2010.gfe2010Fees[(gfe2010FeeParentType == 'POCPTC1100' && gfe2010FeeIndex == '9')].borPaidAmount,no,no,26,5.3,0,0,28,335,587.5,926,1619.875,2289.89,Purchasing Conditions,no,identifying-or-high-cardinality
POPT.X134,Section 1100 Line 1109 POC and PTC BorPaidAmt,standard,Decimal,DECIMAL_2,int x77 | float x6,$.closingCost.gfe2010.gfe2010Fees[?(@.gfe2010FeeParentType == 'POCPTC1100' && @.gfe2010FeeIndex == '10')].borPaidAmount,loan.closingCost.gfe2010.gfe2010Fees[(gfe2010FeeParentType == 'POCPTC1100' && gfe2010FeeIndex == '10')].borPaidAmount,no,no,78,15.9,5,2,48,5,100,250,1038.625,6285,Investor Delivery,no,identifying-or-high-cardinality
POPT.X135,Section 1100 Line 1110 POC and PTC BorPaidAmt,standard,Decimal,DECIMAL_2,int x49 | float x2,$.closingCost.gfe2010.gfe2010Fees[?(@.gfe2010FeeParentType == 'POCPTC1100' && @.gfe2010FeeIndex == '11')].borPaidAmount,loan.closingCost.gfe2010.gfe2010Fees[(gfe2010FeeParentType == 'POCPTC1100' && gfe2010FeeIndex == '11')].borPaidAmount,no,no,48,9.8,3,1.2,33,5,150,180,1050,2400,Purchasing Conditions,no,identifying-or-high-cardinality
POPT.X136,Section 1100 Line 1111 POC and PTC BorPaidAmt,standard,Decimal,DECIMAL_2,int x30 | float x2,$.closingCost.gfe2010.gfe2010Fees[?(@.gfe2010FeeParentType == 'POCPTC1100' && @.gfe2010FeeIndex == '12')].borPaidAmount,loan.closingCost.gfe2010.gfe2010Fees[(gfe2010FeeParentType == 'POCPTC1100' && gfe2010FeeIndex == '12')].borPaidAmount,no,no,30,6.1,2,0.8,29,3,240.25,544.5,1145.25,2813,Purchasing Conditions,no,identifying-or-high-cardinality
POPT.X137,Section 1100 Line 1112 POC and PTC BorPaidAmt,standard,Decimal,DECIMAL_2,int x10 | float x2,$.closingCost.gfe2010.gfe2010Fees[?(@.gfe2010FeeParentType == 'POCPTC1100' && @.gfe2010FeeIndex == '13')].borPaidAmount,loan.closingCost.gfe2010.gfe2010Fees[(gfe2010FeeParentType == 'POCPTC1100' && gfe2010FeeIndex == '13')].borPaidAmount,no,no,11,2.2,1,0.4,11,13.5,133.75,387.5,650,1503.25,Purchasing Conditions,no,
POPT.X138,Section 1100 Line 1113 POC and PTC BorPaidAmt,standard,Decimal,DECIMAL_2,int x7,$.closingCost.gfe2010.gfe2010Fees[?(@.gfe2010FeeParentType == 'POCPTC1100' && @.gfe2010FeeIndex == '14')].borPaidAmount,loan.closingCost.gfe2010.gfe2010Fees[(gfe2010FeeParentType == 'POCPTC1100' && gfe2010FeeIndex == '14')].borPaidAmount,no,no,6,1.2,1,0.4,7,60,75,215,500,1366,,no,
POPT.X139,Section 1100 Line 1114 POC and PTC BorPaidAmt,standard,Decimal,DECIMAL_2,int x3,$.closingCost.gfe2010.gfe2010Fees[?(@.gfe2010FeeParentType == 'POCPTC1100' && @.gfe2010FeeIndex == '15')].borPaidAmount,loan.closingCost.gfe2010.gfe2010Fees[(gfe2010FeeParentType == 'POCPTC1100' && gfe2010FeeIndex == '15')].borPaidAmount,no,no,3,0.6,0,0,3,25,25,35,725,725,,no,
POPT.X140,Section 1200 Line 1202 POC and PTC BorPaidAmt,standard,Decimal,DECIMAL_2,int x159 | float x18,$.closingCost.gfe2010.gfe2010Fees[?(@.gfe2010FeeParentType == 'POCPTC1200' && @.gfe2010FeeIndex == '1')].borPaidAmount,loan.closingCost.gfe2010.gfe2010Fees[(gfe2010FeeParentType == 'POCPTC1200' && gfe2010FeeIndex == '1')].borPaidAmount,no,no,173,35.3,2,0.8,78,165,253.75,329,400,500,Docs Out,no,identifying-or-high-cardinality
POPT.X141,Section 1200 Line 1203 POC and PTC BorPaidAmt,standard,Decimal,DECIMAL_2,int x6 | float x5,$.closingCost.gfe2010.gfe2010Fees[?(@.gfe2010FeeParentType == 'POCPTC1200' && @.gfe2010FeeIndex == '2')].borPaidAmount,loan.closingCost.gfe2010.gfe2010Fees[(gfe2010FeeParentType == 'POCPTC1200' && gfe2010FeeIndex == '2')].borPaidAmount,no,no,11,2.2,0,0,11,950,2490,5170,8257.5,8968.6,Purchasing Conditions,no,
POPT.X142,Section 1200 Line 1204 POC and PTC BorPaidAmt,standard,Decimal,DECIMAL_2,int x2 | float x1,$.closingCost.gfe2010.gfe2010Fees[?(@.gfe2010FeeParentType == 'POCPTC1200' && @.gfe2010FeeIndex == '3')].borPaidAmount,loan.closingCost.gfe2010.gfe2010Fees[(gfe2010FeeParentType == 'POCPTC1200' && gfe2010FeeIndex == '3')].borPaidAmount,no,no,3,0.6,0,0,3,10,10,2250,3177.9,3177.9,,no,
POPT.X143,Section 1200 Line 1205 POC and PTC BorPaidAmt,standard,Decimal,DECIMAL_2,int x6 | float x2,$.closingCost.gfe2010.gfe2010Fees[?(@.gfe2010FeeParentType == 'POCPTC1200' && @.gfe2010FeeIndex == '4')].borPaidAmount,loan.closingCost.gfe2010.gfe2010Fees[(gfe2010FeeParentType == 'POCPTC1200' && gfe2010FeeIndex == '4')].borPaidAmount,no,no,8,1.6,0,0,8,452.3,1124.5,2678.45,8456.25,9980,Purchasing Conditions,no,
POPT.X144,Section 1200 Line 1206 POC and PTC BorPaidAmt,standard,Decimal,DECIMAL_2,int x27 | float x9,$.closingCost.gfe2010.gfe2010Fees[?(@.gfe2010FeeParentType == 'POCPTC1200' && @.gfe2010FeeIndex == '5')].borPaidAmount,loan.closingCost.gfe2010.gfe2010Fees[(gfe2010FeeParentType == 'POCPTC1200' && gfe2010FeeIndex == '5')].borPaidAmount,no,no,33,6.7,2,0.8,33,4.75,60.75,926.25,2062.5,23225.1,Purchasing Conditions,no,identifying-or-high-cardinality
POPT.X145,Section 1200 Line 1207 POC and PTC BorPaidAmt,standard,Decimal,DECIMAL_2,int x9 | float x2,$.closingCost.gfe2010.gfe2010Fees[?(@.gfe2010FeeParentType == 'POCPTC1200' && @.gfe2010FeeIndex == '6')].borPaidAmount,loan.closingCost.gfe2010.gfe2010Fees[(gfe2010FeeParentType == 'POCPTC1200' && gfe2010FeeIndex == '6')].borPaidAmount,no,no,11,2.2,0,0,11,9.5,175,475,800,1350,Purchasing Conditions,no,
POPT.X146,Section 1200 Line 1208 POC and PTC BorPaidAmt,standard,Decimal,DECIMAL_2,int x2,$.closingCost.gfe2010.gfe2010Fees[?(@.gfe2010FeeParentType == 'POCPTC1200' && @.gfe2010FeeIndex == '7')].borPaidAmount,loan.closingCost.gfe2010.gfe2010Fees[(gfe2010FeeParentType == 'POCPTC1200' && gfe2010FeeIndex == '7')].borPaidAmount,no,no,2,0.4,0,0,2,,,,,,,no,
POPT.X147,Section 1300 Line 1302 POC and PTC BorPaidAmt,standard,Decimal,DECIMAL_2,float x79 | int x58,$.closingCost.gfe2010.gfe2010Fees[?(@.gfe2010FeeParentType == 'POCPTC1300' && @.gfe2010FeeIndex == '1')].borPaidAmount,loan.closingCost.gfe2010.gfe2010Fees[(gfe2010FeeParentType == 'POCPTC1300' && gfe2010FeeIndex == '1')].borPaidAmount,no,no,132,26.9,5,2,128,74.29,246.6725,519.39,2131.6,437564.6,Docs Out,no,identifying-or-high-cardinality
POPT.X148,Section 1300 Line 1303 POC and PTC BorPaidAmt,standard,Decimal,DECIMAL_2,float x54 | int x39,$.closingCost.gfe2010.gfe2010Fees[?(@.gfe2010FeeParentType == 'POCPTC1300' && @.gfe2010FeeIndex == '2')].borPaidAmount,loan.closingCost.gfe2010.gfe2010Fees[(gfe2010FeeParentType == 'POCPTC1300' && gfe2010FeeIndex == '2')].borPaidAmount,no,no,90,18.4,3,1.2,82,10,202.5,291.24,500,7004.37,Investor Delivery,no,identifying-or-high-cardinality
POPT.X149,Section 1300 Line 1304 POC and PTC BorPaidAmt,standard,Decimal,DECIMAL_2,float x34 | int x30,$.closingCost.gfe2010.gfe2010Fees[?(@.gfe2010FeeParentType == 'POCPTC1300' && @.gfe2010FeeIndex == '3')].borPaidAmount,loan.closingCost.gfe2010.gfe2010Fees[(gfe2010FeeParentType == 'POCPTC1300' && gfe2010FeeIndex == '3')].borPaidAmount,no,no,64,13.1,0,0,60,29.31,210,500,1237.265,4331.25,Investor Delivery,no,identifying-or-high-cardinality
POPT.X150,Section 1300 Line 1305 POC and PTC BorPaidAmt,standard,Decimal,DECIMAL_2,float x18 | int x15,$.closingCost.gfe2010.gfe2010Fees[?(@.gfe2010FeeParentType == 'POCPTC1300' && @.gfe2010FeeIndex == '4')].borPaidAmount,loan.closingCost.gfe2010.gfe2010Fees[(gfe2010FeeParentType == 'POCPTC1300' && gfe2010FeeIndex == '4')].borPaidAmount,no,no,33,6.7,0,0,32,50,253.89,507.96,1211.5,8315.46,Purchasing Conditions,no,identifying-or-high-cardinality
POPT.X151,Section 1300 Line 1306 POC and PTC BorPaidAmt,standard,Decimal,DECIMAL_2,int x10 | float x8,$.closingCost.gfe2010.gfe2010Fees[?(@.gfe2010FeeParentType == 'POCPTC1300' && @.gfe2010FeeIndex == '5')].borPaidAmount,loan.closingCost.gfe2010.gfe2010Fees[(gfe2010FeeParentType == 'POCPTC1300' && gfe2010FeeIndex == '5')].borPaidAmount,no,no,18,3.7,0,0,18,18,289.95,509.995,1644.4875,4511.55,Purchasing Conditions,no,
POPT.X152,Section 1300 Line 1307 POC and PTC BorPaidAmt,standard,Decimal,DECIMAL_2,int x7 | float x2,$.closingCost.gfe2010.gfe2010Fees[?(@.gfe2010FeeParentType == 'POCPTC1300' && @.gfe2010FeeIndex == '6')].borPaidAmount,loan.closingCost.gfe2010.gfe2010Fees[(gfe2010FeeParentType == 'POCPTC1300' && gfe2010FeeIndex == '6')].borPaidAmount,no,no,9,1.8,0,0,9,5,42.5,350,1181.7,1988.52,Purchasing Conditions,no,
POPT.X153,Section 1300 Line 1308 POC and PTC BorPaidAmt,standard,Decimal,DECIMAL_2,int x2 | float x1,$.closingCost.gfe2010.gfe2010Fees[?(@.gfe2010FeeParentType == 'POCPTC1300' && @.gfe2010FeeIndex == '7')].borPaidAmount,loan.closingCost.gfe2010.gfe2010Fees[(gfe2010FeeParentType == 'POCPTC1300' && gfe2010FeeIndex == '7')].borPaidAmount,no,no,3,0.6,0,0,3,69.77,69.77,295,2500,2500,,no,
POPT.X154,Section 1300 Line 1309 POC and PTC BorPaidAmt,standard,Decimal,DECIMAL_2,int x3 | float x1,$.closingCost.gfe2010.gfe2010Fees[?(@.gfe2010FeeParentType == 'POCPTC1300' && @.gfe2010FeeIndex == '8')].borPaidAmount,loan.closingCost.gfe2010.gfe2010Fees[(gfe2010FeeParentType == 'POCPTC1300' && gfe2010FeeIndex == '8')].borPaidAmount,no,no,4,0.8,0,0,4,102,112.6,147.2,1200,1550,,no,
POPT.X155,Section 1300 Line 1310 POC and PTC BorPaidAmt,standard,Decimal,DECIMAL_2,int x2,$.closingCost.gfe2010.gfe2010Fees[?(@.gfe2010FeeParentType == 'POCPTC1300' && @.gfe2010FeeIndex == '9')].borPaidAmount,loan.closingCost.gfe2010.gfe2010Fees[(gfe2010FeeParentType == 'POCPTC1300' && gfe2010FeeIndex == '9')].borPaidAmount,no,no,2,0.4,0,0,2,,,,,,,no,
POPT.X156,Section 1300 Line 1311 POC and PTC BorPaidAmt,standard,Decimal,DECIMAL_2,float x1 | int x1,$.closingCost.gfe2010.gfe2010Fees[?(@.gfe2010FeeParentType == 'POCPTC1300' && @.gfe2010FeeIndex == '10')].borPaidAmount,loan.closingCost.gfe2010.gfe2010Fees[(gfe2010FeeParentType == 'POCPTC1300' && gfe2010FeeIndex == '10')].borPaidAmount,no,no,2,0.4,0,0,2,,,,,,,no,
POPT.X239,Section 800 Line 802 Component Fee POC and PTC Bor Paid Amt 1,standard,Decimal,DECIMAL_2,float x7 | int x2,$.closingCost.gfe2010.gfe2010Fees[?(@.gfe2010FeeParentType == 'POCPTC802Component' && @.gfe2010FeeIndex == '1')].borPaidAmount,loan.closingCost.gfe2010.gfe2010Fees[(gfe2010FeeParentType == 'POCPTC802Component' && gfe2010FeeIndex == '1')].borPaidAmount,no,no,9,1.8,0,0,9,220.31,356.065,984.38,2398.44,6600,Purchasing Conditions,no,
POPT.X240,Section 800 Line 802 Component Fee POC and PTC Bor Paid Amt 2,standard,Decimal,DECIMAL_2,float x7 | int x1,$.closingCost.gfe2010.gfe2010Fees[?(@.gfe2010FeeParentType == 'POCPTC802Component' && @.gfe2010FeeIndex == '2')].borPaidAmount,loan.closingCost.gfe2010.gfe2010Fees[(gfe2010FeeParentType == 'POCPTC802Component' && gfe2010FeeIndex == '2')].borPaidAmount,no,no,8,1.6,0,0,8,637.5,787.5,1216.875,1650,1730.63,Purchasing Conditions,no,
PREQUAL.X245,Loan Comp Monthly Pymt Svgs/Mo,standard,Int,INTEGER,int x667,$.prequalification.monthlySavings,loan.prequalification.monthlySavings,no,yes,450,91.8,201,80.1,606,-3806,-2317.5,-1516,-1018,475,Started,no,identifying-or-high-cardinality
PREQUAL.X247,Debt Con Total Pymt Svgs/Mo,standard,Int,INTEGER,int x691,$.prequalification.totalLoanSavings,loan.prequalification.totalLoanSavings,no,yes,450,91.8,223,88.8,650,-1401146,-901653,-496638,-350246,-132734,Started,no,identifying-or-high-cardinality
PREQUAL.X248,Debt Con Total Paid Off Bal,standard,Int,INTEGER,int x216,$.prequalification.totalPaidOffBalance,loan.prequalification.totalPaidOffBalance,no,yes,198,40.4,18,7.2,190,58800,200000,318896,501788,845682,Started,no,identifying-or-high-cardinality
PREQUAL.X249,Debt Con Total Paid Off Mo Pymt,standard,Int,INTEGER,int x168,$.prequalification.totalPaidOffMonthly,loan.prequalification.totalPaidOffMonthly,no,yes,149,30.4,19,7.6,128,441,2618,4854,7489,25710,Started,no,identifying-or-high-cardinality
PREQUAL.X252,Debt Con Total Pymt,standard,Int,INTEGER,int x360,$.prequalification.totalLiabilityPayment,loan.prequalification.totalLiabilityPayment,no,yes,308,62.9,39,15.5,248,105,14283,1000166,3345593,14625961,Started,no,identifying-or-high-cardinality
PREQUAL.X253,Debt Con Total Paid Off Total Pymt,standard,Int,INTEGER,int x30,$.prequalification.totalLiabilityUnpaid,loan.prequalification.totalLiabilityUnpaid,no,yes,30,6.1,0,0,27,22494,277689,771400,1129159.5,1705214,Purchasing Conditions,no,identifying-or-high-cardinality
PREQUAL.X270,Prequal Payoff Mtgs,standard,Decimal,DECIMAL_2,float x105 | int x86,$.prequalification.prequalificationScenarios[?(@.prequalificationScenarioIndex == 1)].totalPaidOffMortgage,loan.prequalification.prequalificationScenarios[(prequalificationScenarioIndex == 1)].totalPaidOffMortgage,no,no,187,38.2,4,1.6,166,55836,268008.75,454109.08,671268.4325,2198803.26,Started,no,identifying-or-high-cardinality
PREQUAL.X271,Prequal Other Payoffs,standard,Decimal,DECIMAL_2,float x2 | int x2,$.prequalification.prequalificationScenarios[?(@.prequalificationScenarioIndex == 1)].totalPaidOffOthers,loan.prequalification.prequalificationScenarios[(prequalificationScenarioIndex == 1)].totalPaidOffOthers,no,no,4,0.8,0,0,4,237.86,442.2575,65527.725,137500,140000,,no,
PREQUAL.X272,Prequal Base Cost,standard,Decimal,DECIMAL_2,int x261 | float x133,$.prequalification.prequalificationScenarios[?(@.prequalificationScenarioIndex == 1)].totalBaseCost,loan.prequalification.prequalificationScenarios[(prequalificationScenarioIndex == 1)].totalBaseCost,no,no,281,57.3,104,41.4,309,120000,260000,350000,450000,1250000,Started,no,identifying-or-high-cardinality
PREQUAL.X274,Prequal Qualification Status,standard,String,STRING,str x772,$.prequalification.qualificationStatus,loan.prequalification.qualificationStatus,no,yes,490,100,251,100,1,,,,,,Started,no,
PREQUAL.X275,Prequal Cash Left,standard,Decimal,DECIMAL_2,float x258 | int x89,$.prequalification.prequalificationScenarios[?(@.prequalificationScenarioIndex == 1)].totalCashLeft,loan.prequalification.prequalificationScenarios[(prequalificationScenarioIndex == 1)].totalCashLeft,no,yes,294,60,43,17.1,332,5566.08,63212.03,176885.06,450850,600000,Started,no,identifying-or-high-cardinality
PREQUAL.X294,Prequal Total Other Expenses,standard,Decimal,DECIMAL_2,float x288 | int x220,$.prequalification.totalOtherExpenses,loan.prequalification.totalOtherExpenses,no,yes,376,76.7,115,45.8,430,25,85,895,2450,40162.8,Started,no,identifying-or-high-cardinality
PREQUAL.X303,Prequal Qualification Status Scenario 2,standard,String,STRING,str x762,$.prequalification.prequalificationScenarios[?(@.prequalificationScenarioIndex == 2)].currentStatus,loan.prequalification.prequalificationScenarios[(prequalificationScenarioIndex == 2)].currentStatus,no,yes,490,100,251,100,1,,,,,,Started,no,
PREQUAL.X304,Prequal Qualification Status Scenario 3,standard,String,STRING,str x762,$.prequalification.prequalificationScenarios[?(@.prequalificationScenarioIndex == 3)].currentStatus,loan.prequalification.prequalificationScenarios[(prequalificationScenarioIndex == 3)].currentStatus,no,yes,490,100,251,100,1,,,,,,Started,no,
PREQUAL.X315,Prequal Within Limits 9,standard,String,STRING,str x42,$.prequalification.withinLimits9,loan.prequalification.withinLimits9,no,yes,39,8,0,0,2,,,,,,Purchasing Conditions,no,
PREQUAL.X316,Rent/Own Favorable Option,standard,String,STRING,str x762,$.prequalification.favorableOption,loan.prequalification.favorableOption,no,yes,490,100,251,100,2,,,,,,Started,no,
PREQUAL.X317,Rent/Own Average Mo Pymt Savings,standard,Decimal,DECIMAL_2,float x641 | int x33,$.prequalification.avgMoPmtSavings,loan.prequalification.avgMoPmtSavings,no,yes,452,92.2,202,80.5,657,915.63,1419.42,2288.82,3784.395,8087.9,Started,no,identifying-or-high-cardinality
PREQUAL.X318,Rent/Own Total Gain Over Years,standard,Decimal,DECIMAL_2,float x617 | int x79,$.prequalification.totalGain,loan.prequalification.totalGain,no,yes,453,92.4,221,88,676,915.63,2060.33,104919.17,275352.475,910000,Started,no,identifying-or-high-cardinality
PREQUAL.X320,Rent/Own Rent Before Tax Mo Pymt,standard,Decimal,DECIMAL_2,int x2,$.prequalification.beforeTaxRentMoPmt,loan.prequalification.beforeTaxRentMoPmt,no,yes,2,0.4,0,0,2,,,,,,,no,
PREQUAL.X321,Rent/Own Own Before Tax Mo Pymt,standard,Decimal,DECIMAL_2,float x641 | int x33,$.prequalification.beforeTaxOwnMoPmt,loan.prequalification.beforeTaxOwnMoPmt,no,yes,452,92.2,202,80.5,657,915.63,1419.42,2288.82,3784.395,8087.9,Started,no,identifying-or-high-cardinality
PREQUAL.X323,Rent/Own Rent Total Pymt Over Years,standard,Decimal,DECIMAL_2,int x2,$.prequalification.totalRentPmtOverYears,loan.prequalification.totalRentPmtOverYears,no,yes,2,0.4,0,0,2,,,,,,,no,
PREQUAL.X324,Rent/Own Own Total Pymt Over Years,standard,Decimal,DECIMAL_2,float x641 | int x33,$.prequalification.totalOwnPmtOverYears,loan.prequalification.totalOwnPmtOverYears,no,yes,452,92.2,202,80.5,657,915.63,1419.42,2288.82,3784.395,8087.9,Started,no,identifying-or-high-cardinality
PREQUAL.X326,Rent/Own Rent Average After Tax Mo Pymt,standard,Decimal,DECIMAL_2,int x2,$.prequalification.afterTaxRentMoSavings,loan.prequalification.afterTaxRentMoSavings,no,yes,2,0.4,0,0,2,,,,,,,no,
PREQUAL.X327,Rent/Own Own Average After Tax Mo Pymt,standard,Decimal,DECIMAL_2,float x641 | int x33,$.prequalification.afterTaxOwnMoSavings,loan.prequalification.afterTaxOwnMoSavings,no,yes,452,92.2,202,80.5,657,915.63,1419.42,2288.82,3784.395,8087.9,Started,no,identifying-or-high-cardinality
PREQUAL.X328,Rent/Own Home Sellings Price After Years,standard,Decimal,DECIMAL_2,int x329 | float x1,$.prequalification.homeSellingPriceAfterYears,loan.prequalification.homeSellingPriceAfterYears,no,yes,111,22.7,208,82.9,202,95000,260000,350000,465000,1250000,Started,no,identifying-or-high-cardinality
PREQUAL.X329,Rent/Own Minus Loan Balance,standard,Decimal,DECIMAL_2,float x392 | int x247,$.prequalification.minusLoanBalance,loan.prequalification.minusLoanBalance,no,yes,424,86.5,199,79.3,581,86175.74,171415.7275,322500,424687.5,799391.27,Started,no,identifying-or-high-cardinality
PREQUAL.X330,Rent/Own Minus Down Pymt/Initial Closing Costs,standard,Decimal,DECIMAL_2,int x312 | float x1,$.prequalification.minusDownPmtAndClosingCosts,loan.prequalification.minusDownPmtAndClosingCosts,no,yes,108,22,194,77.3,268,-100000,-11746,42500,100000,250000,Started,no,identifying-or-high-cardinality
PREQUAL.X331,Rent/Own Investment Gain of Buying vs. Renting,standard,Decimal,DECIMAL_2,float x392 | int x84,$.prequalification.investmentGain,loan.prequalification.investmentGain,no,yes,421,85.9,35,13.9,441,-799391.27,-359858.12,-168604.71,74.26,910000,Started,no,identifying-or-high-cardinality
PREQUAL.X332,Rent/Own Total Pymt Savings,standard,Decimal,DECIMAL_2,float x641 | int x33,$.prequalification.totalPmtSavings,loan.prequalification.totalPmtSavings,no,yes,452,92.2,202,80.5,657,915.63,1419.42,2288.82,3784.395,8087.9,Started,no,identifying-or-high-cardinality
PREQUAL.X333,Rent/Own Combined Gain of Buying vs. Renting,standard,Decimal,DECIMAL_2,float x617 | int x79,$.prequalification.combinedGain,loan.prequalification.combinedGain,no,yes,453,92.4,221,88,676,-807479.17,-181280.25,-4623.49,-1863.5,910000,Started,no,identifying-or-high-cardinality
PTC.X12,Section 800 Line 802 PTC Indicator 12,standard,Boolean,YN,bool x1,$.closingCost.gfe2010.gfe2010Fees[?(@.gfe2010FeeParentType == 'PTC800' && @.gfe2010FeeIndex == '12')].pocPtcIndicator,loan.closingCost.gfe2010.gfe2010Fees[(gfe2010FeeParentType == 'PTC800' && gfe2010FeeIndex == '12')].pocPtcIndicator,no,no,1,0.2,0,0,1,,,,,,,no,
PTC.X90,Section 800 Line 802 PTC Amount 12,standard,Decimal,DECIMAL_2,float x1,$.closingCost.gfe2010.gfe2010Fees[?(@.gfe2010FeeParentType == 'PTC800' && @.gfe2010FeeIndex == '12')].amount,loan.closingCost.gfe2010.gfe2010Fees[(gfe2010FeeParentType == 'PTC800' && gfe2010FeeIndex == '12')].amount,no,no,1,0.2,0,0,1,,,,,,,no,
PTC.X168,Section 800 Line 802 PTC Paid By 12,standard,String,STRING,str x1,$.closingCost.gfe2010.gfe2010Fees[?(@.gfe2010FeeParentType == 'PTC800' && @.gfe2010FeeIndex == '12')].paidByType,loan.closingCost.gfe2010.gfe2010Fees[(gfe2010FeeParentType == 'PTC800' && gfe2010FeeIndex == '12')].paidByType,no,no,1,0.2,0,0,1,,,,,,,no,
QM.X23,ATR QM - Eligibility - Ability-to-Repay Loan Type,standard,String,STRING,str x527,$.atrqmCommon.atrLoanType,loan.atrqmCommon.atrLoanType,no,no,308,62.9,217,86.5,1,,,,,,Started,no,
QM.X25,ATR QM - Eligibility - Is Loan Eligible for Safe Harbor?,standard,String,STRING,str x527,$.atrqmCommon.isEligibleForSafeHarbor,loan.atrqmCommon.isEligibleForSafeHarbor,no,no,308,62.9,217,86.5,1,,,,,,Started,no,
QM.X26,ATR QM - Eligibility - General Ability-to-Repay - Status of Eligibility,standard,String,STRING,str x772,$.atrqmCommon.generalAtrStatusOverall,loan.atrqmCommon.generalAtrStatusOverall,no,no,490,100,251,100,1,,,,,,Started,no,
QM.X27,ATR QM - Eligibility - General Ability-to-Repay - Debt to Income Ratio,standard,String,STRING,str x772,$.atrqmCommon.generalAtrStatusDti,loan.atrqmCommon.generalAtrStatusDti,no,no,490,100,251,100,1,,,,,,Started,no,
QM.X28,ATR QM - Eligibility - General Ability-to-Repay - Residual Income,standard,String,STRING,str x772,$.atrqmCommon.generalAtrStatusResidualIncome,loan.atrqmCommon.generalAtrStatusResidualIncome,no,no,490,100,251,100,1,,,,,,Started,no,
QM.X29,ATR QM - Eligibility - General Ability-to-Repay - Covered Loan,standard,String,STRING,str x772,$.atrqmCommon.generalAtrStatusCoveredLoan,loan.atrqmCommon.generalAtrStatusCoveredLoan,no,no,490,100,251,100,1,,,,,,Started,no,
QM.X30,ATR QM - Eligibility - General Ability-to-Repay - Simultaneous Loan,standard,String,STRING,str x772,$.atrqmCommon.generalAtrStatusSimultaneousLoan,loan.atrqmCommon.generalAtrStatusSimultaneousLoan,no,no,490,100,251,100,1,,,,,,Started,no,
QM.X31,ATR QM - Eligibility - General Ability-to-Repay - Mtg. Related Obligations,standard,String,STRING,str x772,$.atrqmCommon.generalAtrStatusMtgRelatedObligations,loan.atrqmCommon.generalAtrStatusMtgRelatedObligations,no,no,490,100,251,100,1,,,,,,Started,no,
QM.X33,ATR QM - Eligibility - General Ability-to-Repay - Employment,standard,String,STRING,str x772,$.atrqmCommon.generalAtrStatusEmployment,loan.atrqmCommon.generalAtrStatusEmployment,no,no,490,100,251,100,1,,,,,,Started,no,
QM.X34,ATR QM - Eligibility - General Ability-to-Repay - Income,standard,String,STRING,str x772,$.atrqmCommon.generalAtrStatusIncome,loan.atrqmCommon.generalAtrStatusIncome,no,no,490,100,251,100,1,,,,,,Started,no,
QM.X35,ATR QM - Eligibility - General Ability-to-Repay - Assets,standard,String,STRING,str x772,$.atrqmCommon.generalAtrStatusAssets,loan.atrqmCommon.generalAtrStatusAssets,no,no,490,100,251,100,1,,,,,,Started,no,
QM.X36,ATR QM - Eligibility - General Ability-to-Repay - Debt Obligations,standard,String,STRING,str x772,$.atrqmCommon.generalAtrStatusDebtObligations,loan.atrqmCommon.generalAtrStatusDebtObligations,no,no,490,100,251,100,1,,,,,,Started,no,
QM.X37,ATR QM - Eligibility - General Ability-to-Repay - Alimony,standard,String,STRING,str x772,$.atrqmCommon.generalAtrStatusAlimony,loan.atrqmCommon.generalAtrStatusAlimony,no,no,490,100,251,100,1,,,,,,Started,no,
QM.X38,ATR QM - Eligibility - General Ability-to-Repay - Child Support,standard,String,STRING,str x772,$.atrqmCommon.generalAtrStatusChildSupport,loan.atrqmCommon.generalAtrStatusChildSupport,no,no,490,100,251,100,1,,,,,,Started,no,
QM.X39,ATR QM - Eligibility - General Ability-to-Repay - Credit History,standard,String,STRING,str x772,$.atrqmCommon.generalAtrStatusCreditHistory,loan.atrqmCommon.generalAtrStatusCreditHistory,no,no,490,100,251,100,1,,,,,,Started,no,
QM.X40,ATR QM - Eligibility - Standard Qualified Mortgage - Status of Eligibility,standard,String,STRING,str x772,$.atrqmCommon.standardQmStatusOverall,loan.atrqmCommon.standardQmStatusOverall,no,no,490,100,251,100,2,,,,,,Started,no,
QM.X41,ATR QM - Eligibility - Standard Qualified Mortgage - Loan Term,standard,String,STRING,str x772,$.atrqmCommon.standardQmStatusLoanTerm,loan.atrqmCommon.standardQmStatusLoanTerm,no,no,490,100,251,100,3,,,,,,Started,no,
QM.X42,ATR QM - Eligibility - Standard Qualified Mortgage - Interest Only,standard,String,STRING,str x772,$.atrqmCommon.standardQmStatusInterestOnly,loan.atrqmCommon.standardQmStatusInterestOnly,no,no,490,100,251,100,2,,,,,,Started,no,
QM.X43,ATR QM - Eligibility - Standard Qualified Mortgage - Negative Amortization,standard,String,STRING,str x772,$.atrqmCommon.standardQmStatusNegativeAmortization,loan.atrqmCommon.standardQmStatusNegativeAmortization,no,no,490,100,251,100,2,,,,,,Started,no,
QM.X44,ATR QM - Eligibility - Standard Qualified Mortgage - Balloon Payment,standard,String,STRING,str x772,$.atrqmCommon.standardQmStatusBalloonPayment,loan.atrqmCommon.standardQmStatusBalloonPayment,no,no,490,100,251,100,1,,,,,,Started,no,
QM.X45,ATR QM - Eligibility - Standard Qualified Mortgage - Prepayment Penalty,standard,String,STRING,str x772,$.atrqmCommon.standardQmStatusPrepaymentPenalty,loan.atrqmCommon.standardQmStatusPrepaymentPenalty,no,no,490,100,251,100,3,,,,,,Started,no,
QM.X46,ATR QM - Eligibility - Standard Qualified Mortgage - Points and Fees Limit,standard,String,STRING,str x772,$.atrqmCommon.standardQmStatusPointsFeesLimit,loan.atrqmCommon.standardQmStatusPointsFeesLimit,no,no,490,100,251,100,3,,,,,,Started,no,
QM.X47,ATR QM - Eligibility - Standard Qualified Mortgage - Debt to Income Ratio,standard,String,STRING,str x772,$.atrqmCommon.standardQmStatusDti,loan.atrqmCommon.standardQmStatusDti,no,no,490,100,251,100,1,,,,,,Started,no,
QM.X48,ATR QM - Eligibility - Standard Qualified Mortgage - Residual Income,standard,String,STRING,str x772,$.atrqmCommon.standardQmStatusResidualIncome,loan.atrqmCommon.standardQmStatusResidualIncome,no,no,490,100,251,100,1,,,,,,Started,no,
QM.X49,ATR QM - Eligibility - Standard Qualified Mortgage - Covered Loan,standard,String,STRING,str x772,$.atrqmCommon.standardQmStatusCoveredLoan,loan.atrqmCommon.standardQmStatusCoveredLoan,no,no,490,100,251,100,1,,,,,,Started,no,
QM.X50,ATR QM - Eligibility - Standard Qualified Mortgage - Simultaneous Loan,standard,String,STRING,str x772,$.atrqmCommon.standardQmStatusSimultaneousLoan,loan.atrqmCommon.standardQmStatusSimultaneousLoan,no,no,490,100,251,100,1,,,,,,Started,no,
QM.X51,ATR QM - Eligibility - Standard Qualified Mortgage - Mtg. Related Obligations,standard,String,STRING,str x772,$.atrqmCommon.standardQmStatusMtgRelatedObligations,loan.atrqmCommon.standardQmStatusMtgRelatedObligations,no,no,490,100,251,100,1,,,,,,Started,no,
QM.X53,ATR QM - Eligibility - Standard Qualified Mortgage - Employment,standard,String,STRING,str x772,$.atrqmCommon.standardQmStatusEmployment,loan.atrqmCommon.standardQmStatusEmployment,no,no,490,100,251,100,1,,,,,,Started,no,
QM.X54,ATR QM - Eligibility - Standard Qualified Mortgage - Income,standard,String,STRING,str x772,$.atrqmCommon.standardQmStatusIncome,loan.atrqmCommon.standardQmStatusIncome,no,no,490,100,251,100,1,,,,,,Started,no,
QM.X55,ATR QM - Eligibility - Standard Qualified Mortgage - Assets,standard,String,STRING,str x772,$.atrqmCommon.standardQmStatusAssets,loan.atrqmCommon.standardQmStatusAssets,no,no,490,100,251,100,1,,,,,,Started,no,
QM.X56,ATR QM - Eligibility - Standard Qualified Mortgage - Debt Obligations,standard,String,STRING,str x772,$.atrqmCommon.standardQmStatusDebtObligations,loan.atrqmCommon.standardQmStatusDebtObligations,no,no,490,100,251,100,1,,,,,,Started,no,
QM.X57,ATR QM - Eligibility - Standard Qualified Mortgage - Alimony,standard,String,STRING,str x772,$.atrqmCommon.standardQmStatusAlimony,loan.atrqmCommon.standardQmStatusAlimony,no,no,490,100,251,100,1,,,,,,Started,no,
QM.X58,ATR QM - Eligibility - Standard Qualified Mortgage - Child Support,standard,String,STRING,str x772,$.atrqmCommon.standardQmStatusChildSupport,loan.atrqmCommon.standardQmStatusChildSupport,no,no,490,100,251,100,1,,,,,,Started,no,
QM.X59,ATR QM - Eligibility - Standard Qualified Mortgage - Credit History,standard,String,STRING,str x772,$.atrqmCommon.standardQmStatusCreditHistory,loan.atrqmCommon.standardQmStatusCreditHistory,no,no,490,100,251,100,1,,,,,,Started,no,
QM.X61,ATR QM - Eligibility - Standard Qualified Mortgage - Calculated Threshold,standard,Decimal,DECIMAL_3,float x11,$.atrqmCommon.standardQmCalculatedThreshold,loan.atrqmCommon.standardQmCalculatedThreshold,no,no,11,2.2,0,0,6,7.48,7.91,8.01,8.02,8.07,Purchasing Conditions,no,
QM.X62,ATR QM - Eligibility - GSE/Agency Qualified Mortgage - Status of Eligibility,standard,String,STRING,str x772,$.atrqmCommon.gseagencyQmStatusOverall,loan.atrqmCommon.gseagencyQmStatusOverall,no,no,490,100,251,100,2,,,,,,Started,no,
QM.X63,ATR QM - Eligibility - GSE/Agency Qualified Mortgage - Loan Term,standard,String,STRING,str x772,$.atrqmCommon.gseagencyQmStatusLoanTerm,loan.atrqmCommon.gseagencyQmStatusLoanTerm,no,no,490,100,251,100,3,,,,,,Started,no,
QM.X64,ATR QM - Eligibility - GSE/Agency Qualified Mortgage - Interest Only,standard,String,STRING,str x772,$.atrqmCommon.gseagencyQmStatusInterestOnly,loan.atrqmCommon.gseagencyQmStatusInterestOnly,no,no,490,100,251,100,2,,,,,,Started,no,
QM.X65,ATR QM - Eligibility - GSE/Agency Qualified Mortgage - Negative Amortization,standard,String,STRING,str x772,$.atrqmCommon.gseagencyQmStatusNegativeAmortization,loan.atrqmCommon.gseagencyQmStatusNegativeAmortization,no,no,490,100,251,100,2,,,,,,Started,no,
QM.X66,ATR QM - Eligibility - GSE/Agency Qualified Mortgage - Balloon Payment,standard,String,STRING,str x772,$.atrqmCommon.gseagencyQmStatusBalloonPayment,loan.atrqmCommon.gseagencyQmStatusBalloonPayment,no,no,490,100,251,100,1,,,,,,Started,no,
QM.X67,ATR QM - Eligibility - GSE/Agency Qualified Mortgage - Prepayment Penalty,standard,String,STRING,str x772,$.atrqmCommon.gseagencyQmStatusPrepaymentPenalty,loan.atrqmCommon.gseagencyQmStatusPrepaymentPenalty,no,no,490,100,251,100,3,,,,,,Started,no,
QM.X68,ATR QM - Eligibility - GSE/Agency Qualified Mortgage - Points and Fees Limit,standard,String,STRING,str x772,$.atrqmCommon.gseagencyQmStatusPointsFeesLimit,loan.atrqmCommon.gseagencyQmStatusPointsFeesLimit,no,no,490,100,251,100,3,,,,,,Started,no,
QM.X69,ATR QM - Eligibility - GSE/Agency Qualified Mortgage - Debt to Income Ratio,standard,String,STRING,str x772,$.atrqmCommon.gseagencyQmStatusDti,loan.atrqmCommon.gseagencyQmStatusDti,no,no,490,100,251,100,1,,,,,,Started,no,
QM.X70,ATR QM - Eligibility - GSE/Agency Qualified Mortgage - Residual Income,standard,String,STRING,str x772,$.atrqmCommon.gseagencyQmStatusResidualIncome,loan.atrqmCommon.gseagencyQmStatusResidualIncome,no,no,490,100,251,100,1,,,,,,Started,no,
QM.X71,ATR QM - Eligibility - GSE/Agency Qualified Mortgage - Covered Loan,standard,String,STRING,str x772,$.atrqmCommon.gseagencyQmStatusCoveredLoan,loan.atrqmCommon.gseagencyQmStatusCoveredLoan,no,no,490,100,251,100,1,,,,,,Started,no,
QM.X72,ATR QM - Eligibility - GSE/Agency Qualified Mortgage - Simultaneous Loan,standard,String,STRING,str x772,$.atrqmCommon.gseagencyQmStatusSimultaneousLoan,loan.atrqmCommon.gseagencyQmStatusSimultaneousLoan,no,no,490,100,251,100,1,,,,,,Started,no,
QM.X73,ATR QM - Eligibility - GSE/Agency Qualified Mortgage - Mtg. Related Obligations,standard,String,STRING,str x772,$.atrqmCommon.gseagencyQmStatusMtgRelatedObligations,loan.atrqmCommon.gseagencyQmStatusMtgRelatedObligations,no,no,490,100,251,100,1,,,,,,Started,no,
QM.X75,ATR QM - Eligibility - GSE/Agency Qualified Mortgage - Employment,standard,String,STRING,str x772,$.atrqmCommon.gseagencyQmStatusEmployment,loan.atrqmCommon.gseagencyQmStatusEmployment,no,no,490,100,251,100,1,,,,,,Started,no,
QM.X76,ATR QM - Eligibility - GSE/Agency Qualified Mortgage - Income,standard,String,STRING,str x772,$.atrqmCommon.gseagencyQmStatusIncome,loan.atrqmCommon.gseagencyQmStatusIncome,no,no,490,100,251,100,1,,,,,,Started,no,
QM.X77,ATR QM - Eligibility - GSE/Agency Qualified Mortgage - Assets,standard,String,STRING,str x772,$.atrqmCommon.gseagencyQmStatusAssets,loan.atrqmCommon.gseagencyQmStatusAssets,no,no,490,100,251,100,1,,,,,,Started,no,
QM.X78,ATR QM - Eligibility - GSE/Agency Qualified Mortgage - Debt Obligations,standard,String,STRING,str x772,$.atrqmCommon.gseagencyQmStatusDebtObligations,loan.atrqmCommon.gseagencyQmStatusDebtObligations,no,no,490,100,251,100,1,,,,,,Started,no,
QM.X79,ATR QM - Eligibility - GSE/Agency Qualified Mortgage - Alimony,standard,String,STRING,str x772,$.atrqmCommon.gseagencyQmStatusAlimony,loan.atrqmCommon.gseagencyQmStatusAlimony,no,no,490,100,251,100,1,,,,,,Started,no,
QM.X80,ATR QM - Eligibility - GSE/Agency Qualified Mortgage - Child Support,standard,String,STRING,str x772,$.atrqmCommon.gseagencyQmStatusChildSupport,loan.atrqmCommon.gseagencyQmStatusChildSupport,no,no,490,100,251,100,1,,,,,,Started,no,
QM.X81,ATR QM - Eligibility - GSE/Agency Qualified Mortgage - Credit History,standard,String,STRING,str x772,$.atrqmCommon.gseagencyQmStatusCreditHistory,loan.atrqmCommon.gseagencyQmStatusCreditHistory,no,no,490,100,251,100,1,,,,,,Started,no,
QM.X82,ATR QM - Eligibility - GSE/Agency Qualified Mortgage - Safe Harbor Eligibility,standard,String,STRING,str x765,$.atrqmCommon.gseagencyQmStatusSafeHarborEligibility,loan.atrqmCommon.gseagencyQmStatusSafeHarborEligibility,no,no,490,100,251,100,1,,,,,,Started,no,
QM.X83,ATR QM - Eligibility - GSE/Agency Qualified Mortgage - Calculated Threshold,standard,Decimal,DECIMAL_3,float x11,$.atrqmCommon.gseagencyQmCalculatedThreshold,loan.atrqmCommon.gseagencyQmCalculatedThreshold,no,no,11,2.2,0,0,6,7.48,7.91,8.01,8.02,8.07,Purchasing Conditions,no,
QM.X103,ATR QM - Eligibility - Transaction is exempt from Reg. Z Ability-to-Repay requirements,standard,Boolean,YN,bool x527,$.atrqmCommon.transactionExemptFromRegZ,loan.atrqmCommon.transactionExemptFromRegZ,no,no,308,62.9,217,86.5,1,,,,,,Started,no,
QM.X106,ATR QM - Eligibility - Loan Program,standard,Boolean,YN,bool x195,$.atrqmCommon.loanProgram,loan.atrqmCommon.loanProgram,no,no,1,0.2,193,76.9,1,,,,,,,no,
QM.X107,ATR QM - Eligibility - Loan Program Description,standard,String,STRING,str x194,$.atrqmCommon.loanProgramDescription,loan.atrqmCommon.loanProgramDescription,no,no,1,0.2,193,76.9,1,,,,,,,no,
QM.X110,ATR QM - Eligibility - Credit Type,standard,Boolean,YN,bool x526,$.atrqmCommon.creditType,loan.atrqmCommon.creditType,no,no,308,62.9,216,86.1,1,,,,,,Started,no,
QM.X111,ATR QM - Qualification - Fees from 2010 Itemization - Discount Points Amount,standard,Decimal,DECIMAL_2,float x7 | int x2,$.atrqmCommon.discountPointAmount,loan.atrqmCommon.discountPointAmount,no,no,9,1.8,0,0,9,220.31,356.065,984.38,2398.44,6600,Purchasing Conditions,no,
QM.X112,ATR QM - Qualification - Prepay Penalty Percentage,standard,Decimal,DECIMAL_3,int x157,$.atrqmCommon.prepayPenaltyPercentage,loan.atrqmCommon.prepayPenaltyPercentage,no,no,156,31.8,0,0,4,2,3,3,5,5,Docs Out,no,
QM.X113,ATR QM - Qualification - Initial Max Total Payment,standard,Decimal,DECIMAL_2,float x486 | int x21,$.atrqmCommon.initialMaxTotalPayment,loan.atrqmCommon.initialMaxTotalPayment,no,no,453,92.4,33,13.1,490,1041.18,1408.5,2288.82,3961.29,8087.9,Started,no,identifying-or-high-cardinality
QM.X114,ATR QM - Qualification - Fully Index Rate Max Total Payment,standard,Decimal,DECIMAL_2,float x1,$.atrqmCommon.fullyIndexRateMaxTotalPayment,loan.atrqmCommon.fullyIndexRateMaxTotalPayment,no,no,0,0,0,0,1,,,,,,,no,
QM.X115,ATR QM - Qualification - Fully Index Rate Housing Ratio,standard,Decimal,DECIMAL_3,float x1,$.atrqmCommon.fullyIndexRateHousingRatio,loan.atrqmCommon.fullyIndexRateHousingRatio,no,no,0,0,0,0,1,,,,,,,no,
QM.X116,ATR QM - Qualification - Fully Index Rate Total Debt Ratio,standard,Decimal,DECIMAL_3,float x1,$.atrqmCommon.fullyIndexRateTotalDebtRatio,loan.atrqmCommon.fullyIndexRateTotalDebtRatio,no,no,0,0,0,0,1,,,,,,,no,
QM.X117,ATR QM - Qualification - Max Rate During First 5 Years - Max Total Payment,standard,Decimal,DECIMAL_2,float x611 | int x30,$.atrqmCommon.max5YrsTotalPayment,loan.atrqmCommon.max5YrsTotalPayment,no,no,419,85.5,202,80.5,625,915.63,1408.5,2288.82,3719.875,8087.9,Started,no,identifying-or-high-cardinality
QM.X118,ATR QM - Qualification - Max Rate During First 5 Years - Housing Ratio,standard,Decimal,DECIMAL_3,float x306 | int x1,$.atrqmCommon.max5YrsHousingRatio,loan.atrqmCommon.max5YrsHousingRatio,no,no,289,59,7,2.8,302,19.048,120.886,219.5945,496.872,2658.286,Started,no,identifying-or-high-cardinality
QM.X119,ATR QM - Qualification - Max Rate During First 5 Years - Total Debt Ratio,standard,Decimal,DECIMAL_3,float x307 | int x1,$.atrqmCommon.max5YrsTotalDebtRatio,loan.atrqmCommon.max5YrsTotalDebtRatio,no,no,289,59,7,2.8,303,19.048,135.385,464.5775,1458.569,5766.658,Started,no,identifying-or-high-cardinality
QM.X120,ATR QM - Qualification - Reg-Z Total Loan Amount,standard,Decimal,DECIMAL_2,int x623 | float x139,$.atrqmCommon.regZTotalLoanAmount,loan.atrqmCommon.regZTotalLoanAmount,no,no,489,99.8,250,99.6,620,-2245,-2095,-1200,218255,781905,Started,no,identifying-or-high-cardinality
QM.X121,ATR QM - Qualification - Current Qualified Mortgage Fee Threshold Amount,standard,Decimal,DECIMAL_2,float x640 | int x122,$.atrqmCommon.currentQmFeeThresholdAmt,loan.atrqmCommon.currentQmFeeThresholdAmt,no,no,489,99.8,250,99.6,576,-179.6,-167.6,4045,5665.65,23457.15,Started,no,identifying-or-high-cardinality
QM.X122,ATR QM - Qualification - Current Qualified Mortgage Fee Threshold Percentage,standard,Decimal,DECIMAL_3,int x706 | float x56,$.atrqmCommon.currentQmFeeThresholdPercent,loan.atrqmCommon.currentQmFeeThresholdPercent,no,no,489,99.8,250,99.6,49,3,3,4.218,8,8,Started,no,identifying-or-high-cardinality
QM.X123,ATR QM - Qualification - Total Points and Fees Percentage Applicable Under Section 32,standard,Decimal,DECIMAL_3,float x718 | int x9,$.atrqmCommon.totalPointsFeesSec32Percent,loan.atrqmCommon.totalPointsFeesSec32Percent,no,no,489,99.8,232,92.4,639,-195.417,-107.731,-100,2.841,7.003,Started,no,identifying-or-high-cardinality
QM.X124,ATR QM - Qualification - This Loan exceed the threshold for Qualified Mortgages,standard,String,STRING,str x646,$.atrqmCommon.thresholdExceedsQm,loan.atrqmCommon.thresholdExceedsQm,no,no,429,87.6,198,78.9,2,,,,,,Started,no,
QM.X125,ATR QM - Qualification - Required Services - Lender Selected Amount,standard,Decimal,DECIMAL_2,float x460 | int x266,$.atrqmCommon.requiredServicesLenderSelectedAmt,loan.atrqmCommon.requiredServicesLenderSelectedAmt,no,no,487,99.4,232,92.4,291,711.88,874.11,911.97,974.02,100900,Started,no,identifying-or-high-cardinality
QM.X126,ATR QM - Qualification - Fees Included in Points and Fees Test - Finance Charge Fees,standard,Decimal,DECIMAL_2,float x11,$.atrqmCommon.financeChargeFees,loan.atrqmCommon.financeChargeFees,no,no,11,2.2,0,0,11,842.59,3557.85,6221.29,11530.37,18048.1,Purchasing Conditions,no,
QM.X127,ATR QM - Qualification - Fees Included in Points and Fees Test - Real Estate Related Fees,standard,Decimal,DECIMAL_2,int x10 | float x1,$.atrqmCommon.realEstateFees,loan.atrqmCommon.realEstateFees,no,no,1,0.2,0,0,1,,,,,,,no,
QM.X128,ATR QM - Qualification - Fees Included in Points and Fees Test - Discount Point Fees,standard,Decimal,DECIMAL_2,int x10 | float x1,$.atrqmCommon.discountPointFees,loan.atrqmCommon.discountPointFees,no,no,1,0.2,0,0,1,,,,,,,no,
QM.X135,ATR QM - Qualification - This Loan is a Higher-Priced Covered Transaction,standard,String,STRING,str x11,$.atrqmCommon.isHigherPricedLoan,loan.atrqmCommon.isHigherPricedLoan,no,no,11,2.2,0,0,2,,,,,,Purchasing Conditions,no,
QM.X136,ATR QM - Qualification - Fees from 2010 Itemization - Discount Points %,standard,Decimal,DECIMAL_3,float x16 | int x1,$.atrqmCommon.discountPointPercentage,loan.atrqmCommon.discountPointPercentage,no,no,17,3.5,0,0,9,0.015,0.09,0.135,0.375,1,Purchasing Conditions,no,
QM.X337,ATR QM - Qualification - Max Rate During First 5 Years - Max P & I,standard,Decimal,DECIMAL_2,float x606 | int x32,$.atrqmCommon.max5YrsPrincipleAndInterest,loan.atrqmCommon.max5YrsPrincipleAndInterest,no,no,416,84.9,199,79.3,590,559.42,1061.11,1379.55,2481.42,5525.4,Started,no,identifying-or-high-cardinality
QM.X373,ATR QM - Qualification - Fully Index Rate Monthly Payment,standard,Decimal,DECIMAL_2,int x23 | float x1,$.atrqmCommon.fullyIndexRateMonthlyPayment,loan.atrqmCommon.fullyIndexRateMonthlyPayment,no,no,0,0,0,0,1,,,,,,,no,
QM.X374,ATR QM - Qualification - Initial Rate Monthly Payment,standard,Decimal,DECIMAL_2,float x467 | int x10,$.atrqmCommon.initialRateMonthlyPayment,loan.atrqmCommon.initialRateMonthlyPayment,no,no,450,91.8,4,1.6,431,559.42,1077.81,1666.67,2965.67,5525.4,Started,no,identifying-or-high-cardinality
QM.X375,ATR QM - Qualification - Initial Rate Housing Ratio,standard,Decimal,DECIMAL_3,float x328 | int x1,$.atrqmCommon.initialRateHousingRatio,loan.atrqmCommon.initialRateHousingRatio,no,no,314,64.1,3,1.2,324,19.048,120.886,219.5945,496.872,2658.286,Started,no,identifying-or-high-cardinality
QM.X376,ATR QM - Qualification - Initial Rate Total Debt Ratio,standard,Decimal,DECIMAL_3,float x329 | int x1,$.atrqmCommon.initialRateTotalDebtRatio,loan.atrqmCommon.initialRateTotalDebtRatio,no,no,314,64.1,4,1.6,325,19.048,135.385,464.5775,1458.569,5766.658,Started,no,identifying-or-high-cardinality
QM.X377,ATR QM - Qualification - Title Services and Lender's Title Ins,standard,Decimal,DECIMAL_2,int x139 | float x55,$.atrqmCommon.titleServicesLenderTitleinsuranceFee,loan.atrqmCommon.titleServicesLenderTitleinsuranceFee,no,no,182,37.1,9,3.6,190,100,1741,2037.5,3128.55,8870,Docs Out,no,identifying-or-high-cardinality
QM.X380,ATR QM - Eligibility - GSE/Agency Qualified Mortgage - QM Available,standard,String,STRING,str x765,$.atrqmCommon.gseagencyQmStatusQmAvailable,loan.atrqmCommon.gseagencyQmStatusQmAvailable,no,yes,490,100,251,100,1,,,,,,Started,no,
QM.X381,ATR QM - Qualification - QM APR %,standard,Decimal,DECIMAL_3,float x663 | int x26,$.atrqmCommon.qmAprPercentage,loan.atrqmCommon.qmAprPercentage,no,no,434,88.6,219,87.3,553,6.739,7.125,7.25,7.5312,11.5,Started,no,identifying-or-high-cardinality
QM.X382,ATR QM - Qualification - QM HPCT Test,standard,String,STRING,str x11,$.atrqmCommon.isQmHigherPricedLoan,loan.atrqmCommon.isQmHigherPricedLoan,no,no,11,2.2,0,0,2,,,,,,Purchasing Conditions,no,
QM.X383,ATR QM - Qualification - Use Price-Based Limit for General QM,standard,Boolean,YN,bool x772,$.atrqmCommon.usePriceBasedLimitTest,loan.atrqmCommon.usePriceBasedLimitTest,no,no,489,99.8,247,98.4,1,,,,,,Started,no,
QM.X384,ATR QM - Eligibility - Results of the QM APR to APOR Test,standard,String,STRING,str x766,$.atrqmCommon.standardQmStatusPriceLimit,loan.atrqmCommon.standardQmStatusPriceLimit,no,no,489,99.8,247,98.4,3,,,,,,Started,no,
RE882.X6,MLDS RE882 Estimated Cash Payable to Borrower,standard,Decimal,DECIMAL_2,int x681,$.gfe.estimatedCashToBorrower,loan.gfe.estimatedCashToBorrower,no,yes,449,91.6,223,88.8,475,120000,214500,361875,423750,637500,Started,no,identifying-or-high-cardinality
RE882.X12,MLDS RE882 Title Insurance Policy to Other,standard,Decimal,DECIMAL_2,int x2,$.gfe.gfeFees[?(@.gfeFeeType == 'TitleInsurance' && @.gfeFeeIndex == '0')].otherAmount,loan.gfe.gfeFees[(gfeFeeType == 'TitleInsurance' && gfeFeeIndex == '0')].otherAmount,no,no,1,0.2,0,0,2,,,,,,,no,
RE882.X25,MLDS RE882 Total Est Max Costs and Expenses,standard,Decimal,DECIMAL_2,int x2,$.gfe.totalMaximumCostsExpenses,loan.gfe.totalMaximumCostsExpenses,no,yes,1,0.2,0,0,2,,,,,,,no,
RE882.X55,MLDS RE882 Principal Amount,standard,Decimal,DECIMAL_2,int x681,$.gfe.principalAmount,loan.gfe.principalAmount,no,no,449,91.6,223,88.8,474,120000,214500,367500,438750,637500,Started,no,identifying-or-high-cardinality
RE882.X59,MLDS RE882 User Defined Others Amount,standard,Decimal,DECIMAL_2,int x1,$.gfe.gfeFees[?(@.gfeFeeType == 'UserDefined1')].otherAmount,loan.gfe.gfeFees[(gfeFeeType == 'UserDefined1')].otherAmount,no,no,1,0.2,0,0,1,,,,,,,no,
RE882.X67,MLDS RE882 Credit to Borrower Amount,standard,Decimal,DECIMAL_2,int x1,$.gfe.creditToBorrowerAmount,loan.gfe.creditToBorrowerAmount,no,no,1,0.2,0,0,1,,,,,,,no,
RE88395.X4,MLDS Loan Origination Fee Others,standard,Decimal,DECIMAL_2,int x267 | float x30,$.fees[?(@.feeType == 'LoanOriginationFee')].paidToOthers,loan.fees[(feeType == 'LoanOriginationFee')].paidToOthers,no,yes,237,48.4,57,22.7,212,2000,3750,5250,7050,11200,Started,no,identifying-or-high-cardinality
RE88395.X10,MLDS Appraisal Fee Others,standard,Decimal,DECIMAL_2,int x304,$.fees[?(@.feeType == 'AppraisalFee')].paidToOthers,loan.fees[(feeType == 'AppraisalFee')].paidToOthers,no,no,244,49.8,58,23.1,32,250,725,750,875,3300,Started,no,identifying-or-high-cardinality
RE88395.X13,MLDS Credit Report Others,standard,Decimal,DECIMAL_2,float x258 | int x43,$.fees[?(@.feeType == 'CreditReportFee')].paidToOthers,loan.fees[(feeType == 'CreditReportFee')].paidToOthers,no,no,243,49.6,54,21.5,27,76.21,85.84,112.14,150,818.18,Started,no,identifying-or-high-cardinality
RE88395.X40,MLDS Interest Others,standard,Decimal,DECIMAL_2,float x298 | int x3,$.fees[?(@.feeType == 'PrepaidInterest')].paidToOthers,loan.fees[(feeType == 'PrepaidInterest')].paidToOthers,no,yes,279,56.9,16,6.4,292,118.66,232.78,462.56,760.8125,11361.04,Started,no,identifying-or-high-cardinality
RE88395.X41,MLDS Tax Resrv Others,standard,Decimal,DECIMAL_2,float x240 | int x127,$.fees[?(@.feeType == 'PropertyTaxes')].paidToOthers,loan.fees[(feeType == 'PropertyTaxes')].paidToOthers,no,yes,356,72.7,6,2.4,324,185,400,849.09,1575,2845.06,Started,no,identifying-or-high-cardinality
RE88395.X46,MLDS Hazard Ins Others,standard,Decimal,DECIMAL_2,float x14 | int x9,$.fees[?(@.feeType == 'HazardInsurancePremium')].paidToOthers,loan.fees[(feeType == 'HazardInsurancePremium')].paidToOthers,no,no,23,4.7,0,0,23,498.96,851.04,1584.96,2472.96,4620,Investor Delivery,no,
RE88395.X47,MLDS Flood Ins Resrv Others,standard,Decimal,DECIMAL_2,float x10 | int x2,$.fees[?(@.feeType == 'FloodInsurance')].paidToOthers,loan.fees[(feeType == 'FloodInsurance')].paidToOthers,no,yes,12,2.4,0,0,12,72,124.125,239.55,397.635,2368.35,Purchasing Conditions,no,
RE88395.X57,MLDS Line 906 Others,standard,Decimal,DECIMAL_2,float x5 | int x1,$.fees[?(@.feeType == 'UserDefined_906')].paidToOthers,loan.fees[(feeType == 'UserDefined_906')].paidToOthers,no,no,5,1,1,0.4,6,619.58,1713.41,2682.82,3604.725,3643.35,,no,
RE88395.X62,MLDS Line 1007 Resrv Others,standard,Decimal,DECIMAL_2,float x18 | int x3,$.fees[?(@.feeType == 'UserDefined_1007')].paidToOthers,loan.fees[(feeType == 'UserDefined_1007')].paidToOthers,no,yes,21,4.3,0,0,20,50.96,276.94,682.66,1723.03,6373.51,Purchasing Conditions,no,
RE88395.X71,MLDS Line 1008 Resrv Others,standard,Decimal,DECIMAL_2,float x7,$.fees[?(@.feeType == 'UserDefined_1008')].paidToOthers,loan.fees[(feeType == 'UserDefined_1008')].paidToOthers,no,yes,7,1.4,0,0,7,34.5,94.8,310.3,351.9,477.6,,no,
RE88395.X91,MLDS Recording Fee Others,standard,Decimal,DECIMAL_2,int x8,$.fees[?(@.feeType == 'RecordingFee')].paidToOthers,loan.fees[(feeType == 'RecordingFee')].paidToOthers,no,no,7,1.4,0,0,7,205,322.25,344.5,498.75,657,,no,
RE88395.X99,MLDS Line 1204 Others,standard,Decimal,DECIMAL_2,int x1,$.fees[?(@.feeType == 'UserDefined_1204')].paidToOthers,loan.fees[(feeType == 'UserDefined_1204')].paidToOthers,no,no,1,0.2,0,0,1,,,,,,,no,
RE88395.X146,MLDS Hazard Ins Resrv Others,standard,Decimal,DECIMAL_2,float x203 | int x160,$.fees[?(@.feeType == 'HazardInsurance')].paidToOthers,loan.fees[(feeType == 'HazardInsurance')].paidToOthers,no,yes,353,72,6,2.4,282,100,200,250,385.36,1008,Started,no,identifying-or-high-cardinality
RE88395.X148,MLDS School Tax Resrv Others,standard,Decimal,DECIMAL_2,float x4 | int x1,$.fees[?(@.feeType == 'SchoolTaxes')].paidToOthers,loan.fees[(feeType == 'SchoolTaxes')].paidToOthers,no,yes,5,1,0,0,5,141.1,231.05,737.22,1665.87,2388.18,,no,
RE88395.X150,MLDS Broker Name,standard,String,STRING,str x772,$.gfe.brokerName,loan.gfe.brokerName,no,no,490,100,251,100,4,,,,,,Started,no,identifying-or-high-cardinality
RE88395.X151,MLDS Broker Rep,standard,String,STRING,str x763,$.gfe.brokerRepresentative,loan.gfe.brokerRepresentative,no,no,489,99.8,251,100,25,,,,,,Started,no,
RE88395.X153,Fees Subtotal Fees/Commiss/Costs/Exp Others,standard,Decimal,DECIMAL_2,float x615 | int x117,$.gfe.gfeFees[?(@.gfeFeeType == 'SubtotalOfInitialFeesPaid' && @.gfeFeeIndex == '0')].otherAmount,loan.gfe.gfeFees[(gfeFeeType == 'SubtotalOfInitialFeesPaid' && gfeFeeIndex == '0')].otherAmount,no,yes,489,99.8,232,92.4,670,2245,2256.97,2345,7332.21,580895,Started,no,identifying-or-high-cardinality
RE88395.X160,MLDS Line 1006 Resrv Others,standard,Decimal,DECIMAL_2,float x38 | int x2,$.fees[?(@.feeType == 'UserDefined_1006')].paidToOthers,loan.fees[(feeType == 'UserDefined_1006')].paidToOthers,no,yes,40,8.2,0,0,40,52.85,215.94,466.56,1396.525,6245.12,Investor Delivery,no,identifying-or-high-cardinality
RE88395.X193,MLDS Purchase/Payoff Amt,standard,Decimal,DECIMAL_2,int x363 | float x139,$.gfe.purchasePayOff,loan.gfe.purchasePayOff,no,no,300,61.2,192,76.5,436,-100000,-10000,90000,172498,585000,Started,no,identifying-or-high-cardinality
RE88395.X315,MLDS Prepymt Penalty Amt,standard,Decimal,DECIMAL_2,int x114 | float x31,$.gfe.prepaymentPenaltyAmount,loan.gfe.prepaymentPenaltyAmount,no,no,144,29.4,0,0,130,3600,6581.25,12300,13668.75,34950,Docs Out,no,identifying-or-high-cardinality
RE88395.X316,MLDS Prepymt Penalty Period,standard,Int,INTEGER,int x183,$.gfe.prepaymentPenaltyPeriod,loan.gfe.prepaymentPenaltyPeriod,no,no,179,36.5,0,0,6,6,36,36,60,60,Docs Out,no,
RE88395.X318,MLDS Monthly Pymt With Escrow,standard,Decimal,DECIMAL_2,int x663,$.gfe.monthlyPaymentAndEscrow,loan.gfe.monthlyPaymentAndEscrow,no,yes,448,91.4,199,79.3,606,559,1250,1747,2580,5525,Started,no,identifying-or-high-cardinality
RE88395.X322,MLDS Prepymt Penalty,standard,Boolean,YN,bool x766,$.gfe.hasPrepaymentPenaltyIndicator,loan.gfe.hasPrepaymentPenaltyIndicator,no,no,467,95.3,0,0,1,,,,,,Started,no,
RE88395.X338,MLDS Broker Street Address,standard,String,STRING,str x771,$.gfe.address,loan.gfe.address,no,no,489,99.8,251,100,4,,,,,,Started,no,identifying-or-high-cardinality
RE88395.X339,MLDS Broker City,standard,String,STRING,str x771,$.gfe.city,loan.gfe.city,no,no,489,99.8,251,100,2,,,,,,Started,no,identifying-or-high-cardinality
RE88395.X340,MLDS Broker State,standard,String,STATE,str x771,$.gfe.state,loan.gfe.state,no,no,489,99.8,251,100,2,,,,,,Started,no,
RE88395.X341,MLDS Broker Zip Code,standard,String,ZIPCODE,str x771,$.gfe.postalCode,loan.gfe.postalCode,no,no,489,99.8,251,100,3,,,,,,Started,no,identifying-or-high-cardinality
REGZ_TABLETYPE,REGZ Summary Table Type Used in REGZ-TIL Output,standard,String,STRING,str x772,$.regulationZ.regzTableType,loan.regulationZ.regzTableType,no,yes,490,100,251,100,3,,,,,,Started,no,
REGZGFE.X8,File Contacts Underwriter Co Name,standard,String,STRING,str x166,$.fees[?(@.feeType == 'UnderwritingFee')].paidToName,loan.fees[(feeType == 'UnderwritingFee')].paidToName,no,no,153,31.2,10,4,2,,,,,,Cond. Approval,no,identifying-or-high-cardinality
RESPA.X1,Disclosure 1A We May Assign,standard,Boolean,YN,bool x1,$.servicingDisclosure.weMayAssignIndicator,loan.servicingDisclosure.weMayAssignIndicator,no,no,1,0.2,0,0,1,,,,,,,no,
RESPA.X6,Disclosure 1B We Do Not Service,standard,Boolean,YN,bool x764,$.servicingDisclosure.weDoNotServiceMortgageLoansIndicator,loan.servicingDisclosure.weDoNotServiceMortgageLoansIndicator,no,no,482,98.4,251,100,1,,,,,,Started,no,
S32DISC.X2,Sec 32 Security Yield Test Result,standard,String,STRING,str x772,$.section32.resultOfSecurityYieldTest,loan.section32.resultOfSecurityYieldTest,no,yes,490,100,251,100,1,,,,,,Started,no,
S32DISC.X48,Sec 32 Total Points/Fees Appl Under Section 32,standard,Decimal,DECIMAL_2,float x589 | int x138,$.section32.totalPointsAndFees,loan.section32.totalPointsAndFees,no,no,489,99.8,232,92.4,665,2245,2256.97,2356.88,6149.18,580895,Started,no,identifying-or-high-cardinality
S32DISC.X49,Sec 32 Points/Fees Test Results,standard,String,STRING,str x772,$.section32.resultOfPointAndFees,loan.section32.resultOfPointAndFees,no,yes,490,100,251,100,2,,,,,,Started,no,
S32DISC.X51,Sec 32 Qualifies as High Cost Mtg Under Section 32,standard,String,STRING,str x772,$.section32.loanQualifyAsHighCostMortgage,loan.section32.loanQualifyAsHighCostMortgage,no,yes,490,100,251,100,2,,,,,,Started,no,
S32DISC.X100,Sec 32 Max % of Loan Amt for Allowed Fees,standard,Decimal,DECIMAL_3,int x772,$.section32.maximumPercentageOfLoan,loan.section32.maximumPercentageOfLoan,no,no,490,100,251,100,2,5,5,6.5,8,8,Started,no,
S32DISC.X101,Sec 32 Max Allowed Points/Fees,standard,Decimal,DECIMAL_2,float x664 | int x98,$.section32.maximumPointsAndFees,loan.section32.maximumPointsAndFees,no,no,489,99.8,250,99.6,620,-179.6,-167.6,-96,10912.75,39095.25,Started,no,identifying-or-high-cardinality
S32DISC.X178,Sec 32 - Prepayment Penalty Amount Percentage of Amount Prepaid,standard,Decimal,DECIMAL_3,int x144 | float x1,$.section32.prepayPenaltyPercentofAmtPrepaid,loan.section32.prepayPenaltyPercentofAmtPrepaid,no,no,144,29.4,0,0,5,0.1,3,3,5,5,Docs Out,no,
S32DISC.X179,Sec 32 - Maximum Prepayment Penalty does/does not exceed 2% of the amount prepaid,standard,String,STRING,str x696,$.section32.exceed2PercentPrepayPenalty,loan.section32.exceed2PercentPrepayPenalty,no,no,450,91.8,223,88.8,2,,,,,,Started,no,
S32DISC.X180,Sec 32 - There is a prepayment penalty and it will/will not be charged more than 36 months after consummation or account opening.,standard,String,STRING,str x145,$.section32.penaltyChargeMoreThan36Months,loan.section32.penaltyChargeMoreThan36Months,no,no,144,29.4,0,0,2,,,,,,Docs Out,no,identifying-or-high-cardinality
SERVICE.X144,Intrm Serv Beginning Balance,standard,Decimal,DECIMAL_2,int x209,$.interimServicing.beginningBalance,loan.interimServicing.beginningBalance,no,no,165,33.7,28,11.2,154,100000,250000,364000,517492,800000,Submittal,no,identifying-or-high-cardinality
SERVICE.X999,Intrm Serv Calc Flag,standard,String,STRING,str x758,$.interimServicing.calcTriggered,loan.interimServicing.calcTriggered,no,yes,487,99.4,250,99.6,4,,,,,,Started,no,
SYS.X2,Trans Details Amort Type Biweekly Days/Yr,standard,String,STRING,str x755,$.regulationZ.useDaysInYears,loan.regulationZ.useDaysInYears,no,no,490,100,251,100,2,,,,,,Started,no,
SYS.X4,Fees Interest APR,standard,Boolean,YN,bool x8,$.fees[?(@.feeType == 'PrepaidInterest')].pfc,loan.fees[(feeType == 'PrepaidInterest')].pfc,no,no,0,0,0,0,1,,,,,,,no,
SYS.X6,REGZ Construction Mortgage Est Interest On,standard,String,STRING,str x193,$.regulationZ.constructionLoanMethod,loan.regulationZ.constructionLoanMethod,no,no,1,0.2,192,76.5,1,,,,,,,no,
SYS.X8,Number of Decimals for Fees Interest # of Days,standard,Boolean,YN,bool x14,$.fees[?(@.feeType == 'PrepaidInterest')].use4Decimals,loan.fees[(feeType == 'PrepaidInterest')].use4Decimals,no,no,2,0.4,1,0.4,1,,,,,,,no,
SYS.X17,Fees Loan Origination Fee APR,standard,Boolean,YN,bool x732,$.fees[?(@.feeType == 'LoanOriginationFee')].pfc,loan.fees[(feeType == 'LoanOriginationFee')].pfc,no,no,489,99.8,230,91.6,1,,,,,,Started,no,
SYS.X20,Fees Line 805 Credit Report APR,standard,Boolean,YN,bool x721,$.fees[?(@.feeType == 'CreditReportFee')].pfc,loan.fees[(feeType == 'CreditReportFee')].pfc,no,no,126,25.7,10,4,1,,,,,,Completion,no,
SYS.X22,Fees Line 806 Tax Svc Fee APR,standard,Boolean,YN,bool x8,$.fees[?(@.feeType == 'TaxServiceFee')].pfc,loan.fees[(feeType == 'TaxServiceFee')].pfc,no,no,0,0,0,0,1,,,,,,,no,
SYS.X23,Fees Underwriting Fee APR,standard,Boolean,YN,bool x8,$.fees[?(@.feeType == 'UnderwritingFee')].pfc,loan.fees[(feeType == 'UnderwritingFee')].pfc,no,no,0,0,0,0,1,,,,,,,no,
SYS.X28,Fees Mtg Broker Fee APR,standard,Boolean,YN,bool x8,$.fees[?(@.feeType == 'MortgageBrokerFee')].pfc,loan.fees[(feeType == 'MortgageBrokerFee')].pfc,no,no,0,0,0,0,1,,,,,,,no,
SYS.X29,Fees VA Fund Fee APR,standard,Boolean,YN,bool x8,$.fees[?(@.feeType == 'VAFundingFee')].pfc,loan.fees[(feeType == 'VAFundingFee')].pfc,no,no,0,0,0,0,1,,,,,,,no,
SYS.X30,Fees Line 813 APR,standard,Boolean,YN,bool x8,$.fees[?(@.feeType == 'UserDefinedFee_813')].pfc,loan.fees[(feeType == 'UserDefinedFee_813')].pfc,no,no,0,0,0,0,1,,,,,,,no,
SYS.X31,Fees Line 814 APR,standard,Boolean,YN,bool x8,$.fees[?(@.feeType == 'UserDefinedFee_814')].pfc,loan.fees[(feeType == 'UserDefinedFee_814')].pfc,no,no,0,0,0,0,1,,,,,,,no,
SYS.X32,Fees Line 815 APR,standard,Boolean,YN,bool x8,$.fees[?(@.feeType == 'UserDefinedFee_815')].pfc,loan.fees[(feeType == 'UserDefinedFee_815')].pfc,no,no,0,0,0,0,1,,,,,,,no,
SYS.X33,Fees Line 816 APR,standard,Boolean,YN,bool x8,$.fees[?(@.feeType == 'UserDefinedFee_816')].pfc,loan.fees[(feeType == 'UserDefinedFee_816')].pfc,no,no,0,0,0,0,1,,,,,,,no,
SYS.X34,Fees Line 817 APR,standard,Boolean,YN,bool x8,$.fees[?(@.feeType == 'UserDefinedFee_817')].pfc,loan.fees[(feeType == 'UserDefinedFee_817')].pfc,no,no,0,0,0,0,1,,,,,,,no,
SYS.X35,Fees Line 834 APR,standard,Boolean,YN,bool x8,$.fees[?(@.feeType == 'UserDefinedFee_818')].pfc,loan.fees[(feeType == 'UserDefinedFee_818')].pfc,no,no,0,0,0,0,1,,,,,,,no,
SYS.X37,Fees Line 820 APR,standard,Boolean,YN,bool x732,$.fees[?(@.feeType == 'UserDefinedFee_820')].pfc,loan.fees[(feeType == 'UserDefinedFee_820')].pfc,no,no,489,99.8,230,91.6,1,,,,,,Started,no,
SYS.X38,Fees Mtg Ins Premium APR,standard,Boolean,YN,bool x8,$.fees[?(@.feeType == 'MortgageInsurancePremium')].pfc,loan.fees[(feeType == 'MortgageInsurancePremium')].pfc,no,no,0,0,0,0,1,,,,,,,no,
SYS.X43,Fees Mortgage Ins APR,standard,Boolean,YN,bool x8,$.fees[?(@.feeType == 'MortgageInsurance')].pfc,loan.fees[(feeType == 'MortgageInsurance')].pfc,no,no,0,0,0,0,1,,,,,,,no,
SYS.X116,Fees MI Applic Fee APR,standard,Boolean,YN,bool x732,$.fees[?(@.feeType == 'MortgageInspectionFee')].pfc,loan.fees[(feeType == 'MortgageInspectionFee')].pfc,no,no,489,99.8,230,91.6,1,,,,,,Started,no,
SYS.X159,Fees Haz Ins Premium POC,standard,Boolean,YN,bool x1,$.fees[?(@.feeType == 'HazardInsurancePremium')].poc,loan.fees[(feeType == 'HazardInsurancePremium')].poc,no,no,1,0.2,0,0,1,,,,,,,no,
SYS.X201,Fees Process Fee APR,standard,Boolean,YN,bool x8,$.fees[?(@.feeType == 'ProcessingFee')].pfc,loan.fees[(feeType == 'ProcessingFee')].pfc,no,no,0,0,0,0,1,,,,,,,no,
SYS.X215,Fees Line 821 APR,standard,Boolean,YN,bool x9,$.fees[?(@.feeType == 'UserDefinedFee_821')].pfc,loan.fees[(feeType == 'UserDefinedFee_821')].pfc,no,no,1,0.2,0,0,1,,,,,,,no,
SYS.X217,Fees Line 1111 APR,standard,Boolean,YN,bool x8,$.fees[?(@.feeType == 'UserDefined_1111')].pfc,loan.fees[(feeType == 'UserDefined_1111')].pfc,no,no,0,0,0,0,1,,,,,,,no,
SYS.X219,Fees Line 1112 APR,standard,Boolean,YN,bool x8,$.fees[?(@.feeType == 'UserDefined_1112')].pfc,loan.fees[(feeType == 'UserDefined_1112')].pfc,no,no,0,0,0,0,1,,,,,,,no,
SYS.X231,Fees Appraisal Fee POC,standard,Boolean,YN,bool x719,$.fees[?(@.feeType == 'AppraisalFee')].poc,loan.fees[(feeType == 'AppraisalFee')].poc,no,no,486,99.2,229,91.2,1,,,,,,Started,no,
SYS.X252,Fees Loan Origination Fee Paid To,standard,String,STRING,str x732,$.fees[?(@.feeType == 'LoanOriginationFee')].ptb,loan.fees[(feeType == 'LoanOriginationFee')].ptb,no,no,489,99.8,230,91.6,1,,,,,,Started,no,
SYS.X256,Fees Appraisal Fee Paid To,standard,String,STRING,str x728,$.fees[?(@.feeType == 'AppraisalFee')].ptb,loan.fees[(feeType == 'AppraisalFee')].ptb,no,no,486,99.2,230,91.6,2,,,,,,Started,no,
SYS.X258,Fees Credit Report Paid To,standard,String,STRING,str x179,$.fees[?(@.feeType == 'CreditReportFee')].ptb,loan.fees[(feeType == 'CreditReportFee')].ptb,no,no,159,32.4,10,4,2,,,,,,Started,no,
SYS.X262,Fees MI Applic Fee Paid To,standard,String,STRING,str x732,$.fees[?(@.feeType == 'MortgageInspectionFee')].ptb,loan.fees[(feeType == 'MortgageInspectionFee')].ptb,no,no,489,99.8,230,91.6,1,,,,,,Started,no,
SYS.X268,Fees Tax Svc Fee Paid To,standard,String,STRING,str x8,$.fees[?(@.feeType == 'TaxServiceFee')].ptb,loan.fees[(feeType == 'TaxServiceFee')].ptb,no,no,0,0,0,0,1,,,,,,,no,
SYS.X270,Fees Process Fee Paid To,standard,String,STRING,str x8,$.fees[?(@.feeType == 'ProcessingFee')].ptb,loan.fees[(feeType == 'ProcessingFee')].ptb,no,no,0,0,0,0,1,,,,,,,no,
SYS.X272,Fees Underwriting Fee Paid To,standard,String,STRING,str x8,$.fees[?(@.feeType == 'UnderwritingFee')].ptb,loan.fees[(feeType == 'UnderwritingFee')].ptb,no,no,0,0,0,0,1,,,,,,,no,
SYS.X276,Fees Line 813 Paid To,standard,String,STRING,str x8,$.fees[?(@.feeType == 'UserDefinedFee_813')].ptb,loan.fees[(feeType == 'UserDefinedFee_813')].ptb,no,no,0,0,0,0,1,,,,,,,no,
SYS.X278,Fees Line 814 Paid To,standard,String,STRING,str x8,$.fees[?(@.feeType == 'UserDefinedFee_814')].ptb,loan.fees[(feeType == 'UserDefinedFee_814')].ptb,no,no,0,0,0,0,1,,,,,,,no,
SYS.X280,Fees Line 815 Paid To,standard,String,STRING,str x8,$.fees[?(@.feeType == 'UserDefinedFee_815')].ptb,loan.fees[(feeType == 'UserDefinedFee_815')].ptb,no,no,0,0,0,0,1,,,,,,,no,
SYS.X282,Fees Line 816 Paid To,standard,String,STRING,str x8,$.fees[?(@.feeType == 'UserDefinedFee_816')].ptb,loan.fees[(feeType == 'UserDefinedFee_816')].ptb,no,no,0,0,0,0,1,,,,,,,no,
SYS.X284,Fees Line 817 Paid To,standard,String,STRING,str x8,$.fees[?(@.feeType == 'UserDefinedFee_817')].ptb,loan.fees[(feeType == 'UserDefinedFee_817')].ptb,no,no,0,0,0,0,1,,,,,,,no,
SYS.X286,Fees Line 834 Paid To,standard,String,STRING,str x8,$.fees[?(@.feeType == 'UserDefinedFee_818')].ptb,loan.fees[(feeType == 'UserDefinedFee_818')].ptb,no,no,0,0,0,0,1,,,,,,,no,
SYS.X290,Fees Line 820 Paid To,standard,String,STRING,str x732,$.fees[?(@.feeType == 'UserDefinedFee_820')].ptb,loan.fees[(feeType == 'UserDefinedFee_820')].ptb,no,no,489,99.8,230,91.6,1,,,,,,Started,no,
SYS.X292,Fees Line 821 Paid To,standard,String,STRING,str x8,$.fees[?(@.feeType == 'UserDefinedFee_821')].ptb,loan.fees[(feeType == 'UserDefinedFee_821')].ptb,no,no,0,0,0,0,1,,,,,,,no,
SYS.X293,Fees Line 822 POC,standard,Boolean,YN,bool x1,$.fees[?(@.feeType == 'UserDefinedFee_822')].poc,loan.fees[(feeType == 'UserDefinedFee_822')].poc,no,no,0,0,0,0,1,,,,,,,no,
SYS.X294,Fees Line 822 APR,standard,Boolean,YN,bool x8,$.fees[?(@.feeType == 'UserDefinedFee_822')].pfc,loan.fees[(feeType == 'UserDefinedFee_822')].pfc,no,no,0,0,0,0,1,,,,,,,no,
SYS.X297,Fees Line 822 Paid To,standard,String,STRING,str x8,$.fees[?(@.feeType == 'UserDefinedFee_822')].ptb,loan.fees[(feeType == 'UserDefinedFee_822')].ptb,no,no,0,0,0,0,1,,,,,,,no,
SYS.X299,Fees Line 823 APR,standard,Boolean,YN,bool x8,$.fees[?(@.feeType == 'UserDefinedFee_823')].pfc,loan.fees[(feeType == 'UserDefinedFee_823')].pfc,no,no,0,0,0,0,1,,,,,,,no,
SYS.X302,Fees Line 823 Paid To,standard,String,STRING,str x8,$.fees[?(@.feeType == 'UserDefinedFee_823')].ptb,loan.fees[(feeType == 'UserDefinedFee_823')].ptb,no,no,0,0,0,0,1,,,,,,,no,
SYS.X304,Fees Interest Paid To,standard,String,STRING,str x9,$.fees[?(@.feeType == 'PrepaidInterest')].ptb,loan.fees[(feeType == 'PrepaidInterest')].ptb,no,no,1,0.2,0,0,1,,,,,,,no,
SYS.X306,Fees Mtg Ins Premium Paid To,standard,String,STRING,str x8,$.fees[?(@.feeType == 'MortgageInsurancePremium')].ptb,loan.fees[(feeType == 'MortgageInsurancePremium')].ptb,no,no,0,0,0,0,1,,,,,,,no,
SYS.X308,Fees Homeowners Ins Premium Paid To,standard,String,STRING,str x8,$.fees[?(@.feeType == 'HazardInsurancePremium')].ptb,loan.fees[(feeType == 'HazardInsurancePremium')].ptb,no,no,0,0,0,0,1,,,,,,,no,
SYS.X310,Fees Flood Ins Premium Paid To,standard,String,STRING,str x8,$.fees[?(@.feeType == 'FloodInsuranceReserv')].ptb,loan.fees[(feeType == 'FloodInsuranceReserv')].ptb,no,no,0,0,0,0,1,,,,,,,no,
SYS.X312,Fees VA Fund Fee Paid To,standard,String,STRING,str x8,$.fees[?(@.feeType == 'VAFundingFee')].ptb,loan.fees[(feeType == 'VAFundingFee')].ptb,no,no,0,0,0,0,1,,,,,,,no,
SYS.X314,Fees Line 907 Paid To,standard,String,STRING,str x8,$.fees[?(@.feeType == 'UserDefined_906')].ptb,loan.fees[(feeType == 'UserDefined_906')].ptb,no,no,0,0,0,0,1,,,,,,,no,
SYS.X316,Fees Line 908 Paid To,standard,String,STRING,str x8,$.fees[?(@.feeType == 'UserDefined_907')].ptb,loan.fees[(feeType == 'UserDefined_907')].ptb,no,no,0,0,0,0,1,,,,,,,no,
SYS.X318,Fees Hazard Ins Paid To,standard,String,STRING,str x9,$.fees[?(@.feeType == 'HazardInsurance')].ptb,loan.fees[(feeType == 'HazardInsurance')].ptb,no,no,1,0.2,0,0,2,,,,,,,no,
SYS.X320,Fees Mortgage Ins Paid To,standard,String,STRING,str x8,$.fees[?(@.feeType == 'MortgageInsurance')].ptb,loan.fees[(feeType == 'MortgageInsurance')].ptb,no,no,0,0,0,0,1,,,,,,,no,
SYS.X322,Fees City Property Tax Paid To,standard,String,STRING,str x9,$.fees[?(@.feeType == 'PropertyTaxes')].ptb,loan.fees[(feeType == 'PropertyTaxes')].ptb,no,no,1,0.2,0,0,2,,,,,,,no,identifying-or-high-cardinality
SYS.X324,Fees Tax Paid To,standard,String,STRING,str x8,$.fees[?(@.feeType == 'SchoolTaxes')].ptb,loan.fees[(feeType == 'SchoolTaxes')].ptb,no,no,0,0,0,0,1,,,,,,,no,
SYS.X326,Fees Flood Ins Paid To,standard,String,STRING,str x8,$.fees[?(@.feeType == 'FloodInsurance')].ptb,loan.fees[(feeType == 'FloodInsurance')].ptb,no,no,0,0,0,0,1,,,,,,,no,
SYS.X328,Fees Line 1007 Paid To,standard,String,STRING,str x8,$.fees[?(@.feeType == 'UserDefined_1006')].ptb,loan.fees[(feeType == 'UserDefined_1006')].ptb,no,no,0,0,0,0,1,,,,,,,no,
SYS.X330,Fees Line 1008 Paid To,standard,String,STRING,str x8,$.fees[?(@.feeType == 'UserDefined_1007')].ptb,loan.fees[(feeType == 'UserDefined_1007')].ptb,no,no,0,0,0,0,1,,,,,,,no,
SYS.X332,Fees Line 1009 Paid To,standard,String,STRING,str x8,$.fees[?(@.feeType == 'UserDefined_1008')].ptb,loan.fees[(feeType == 'UserDefined_1008')].ptb,no,no,0,0,0,0,1,,,,,,,no,
SYS.X348,Fees Line 1111 Paid To,standard,String,STRING,str x8,$.fees[?(@.feeType == 'UserDefined_1111')].ptb,loan.fees[(feeType == 'UserDefined_1111')].ptb,no,no,0,0,0,0,1,,,,,,,no,
SYS.X350,Fees Line 1112 Paid To,standard,String,STRING,str x8,$.fees[?(@.feeType == 'UserDefined_1112')].ptb,loan.fees[(feeType == 'UserDefined_1112')].ptb,no,no,0,0,0,0,1,,,,,,,no,
SYS.X352,Fees Line 1113 Paid To,standard,String,STRING,str x8,$.fees[?(@.feeType == 'UserDefined_1113')].ptb,loan.fees[(feeType == 'UserDefined_1113')].ptb,no,no,0,0,0,0,1,,,,,,,no,
SYS.X354,Fees Line 1114 Paid To,standard,String,STRING,str x8,$.fees[?(@.feeType == 'UserDefined_1114')].ptb,loan.fees[(feeType == 'UserDefined_1114')].ptb,no,no,0,0,0,0,1,,,,,,,no,
SYS.X375,Fees Line 1303 Paid To,standard,String,STRING,str x8,$.fees[?(@.feeType == 'UserDefined_1303')].ptb,loan.fees[(feeType == 'UserDefined_1303')].ptb,no,no,0,0,0,0,1,,,,,,,no,
SYS.X377,Fees Line 1304 Paid To,standard,String,STRING,str x8,$.fees[?(@.feeType == 'UserDefined_1304')].ptb,loan.fees[(feeType == 'UserDefined_1304')].ptb,no,no,0,0,0,0,1,,,,,,,no,
SYS.X379,Fees Line 1305 Paid To,standard,String,STRING,str x8,$.fees[?(@.feeType == 'UserDefined_1305')].ptb,loan.fees[(feeType == 'UserDefined_1305')].ptb,no,no,0,0,0,0,1,,,,,,,no,
SYS.X381,Fees Line 1306 Paid To,standard,String,STRING,str x8,$.fees[?(@.feeType == 'UserDefined_1306')].ptb,loan.fees[(feeType == 'UserDefined_1306')].ptb,no,no,0,0,0,0,1,,,,,,,no,
SYS.X383,Fees Line 1307 Paid To,standard,String,STRING,str x8,$.fees[?(@.feeType == 'UserDefined_1307')].ptb,loan.fees[(feeType == 'UserDefined_1307')].ptb,no,no,0,0,0,0,1,,,,,,,no,
SYS.X385,Fees Line 1308 Paid To,standard,String,STRING,str x8,$.fees[?(@.feeType == 'UserDefined_1308')].ptb,loan.fees[(feeType == 'UserDefined_1308')].ptb,no,no,0,0,0,0,1,,,,,,,no,
SYS.X387,Fees Line 1309 Paid To,standard,String,STRING,str x8,$.fees[?(@.feeType == 'UserDefined_1309')].ptb,loan.fees[(feeType == 'UserDefined_1309')].ptb,no,no,0,0,0,0,1,,,,,,,no,
SYS.X409,Funding Loan Origination Fee Checked Borrower,standard,String,STRING,str x169,$.fees[?(@.feeType == 'LoanOriginationFee')].fwbc,loan.fees[(feeType == 'LoanOriginationFee')].fwbc,no,no,107,21.8,61,24.3,1,,,,,,Investor Delivery,no,
SYS.X411,Funding Appraisal Fee Checked Borrower,standard,String,STRING,str x10,$.fees[?(@.feeType == 'AppraisalFee')].fwbc,loan.fees[(feeType == 'AppraisalFee')].fwbc,no,no,4,0.8,6,2.4,1,,,,,,,no,
SYS.X412,Funding Credit Report Fee Checked Borrower,standard,String,STRING,str x182,$.fees[?(@.feeType == 'CreditReportFee')].fwbc,loan.fees[(feeType == 'CreditReportFee')].fwbc,no,no,134,27.3,47,18.7,1,,,,,,Investor Delivery,no,
SYS.X414,Funding Mortgage Inspection Fee Checked Borrower,standard,String,STRING,str x229,$.fees[?(@.feeType == 'MortgageInspectionFee')].fwbc,loan.fees[(feeType == 'MortgageInspectionFee')].fwbc,no,no,167,34.1,61,24.3,1,,,,,,Docs Out,no,
SYS.X416,Funding Mortgage Broker Fee Checked Borrower,standard,String,STRING,str x4,$.fees[?(@.feeType == 'MortgageBrokerFee')].fwbc,loan.fees[(feeType == 'MortgageBrokerFee')].fwbc,no,no,0,0,4,1.6,1,,,,,,,no,
SYS.X417,Funding Tax Service Fee Checked Borrower,standard,String,STRING,str x1,$.fees[?(@.feeType == 'TaxServiceFee')].fwbc,loan.fees[(feeType == 'TaxServiceFee')].fwbc,no,no,1,0.2,0,0,1,,,,,,,no,
SYS.X418,Funding Processing Fee Checked Borrower,standard,String,STRING,str x5,$.fees[?(@.feeType == 'ProcessingFee')].fwbc,loan.fees[(feeType == 'ProcessingFee')].fwbc,no,no,1,0.2,4,1.6,1,,,,,,,no,
SYS.X419,Funding Underwriting Fee Checked Borrower,standard,String,STRING,str x6,$.fees[?(@.feeType == 'UnderwritingFee')].fwbc,loan.fees[(feeType == 'UnderwritingFee')].fwbc,no,no,1,0.2,5,2,1,,,,,,,no,
SYS.X428,Funding User Defined Fee 820 Checked Borrower,standard,String,STRING,str x187,$.fees[?(@.feeType == 'UserDefinedFee_820')].fwbc,loan.fees[(feeType == 'UserDefinedFee_820')].fwbc,no,no,167,34.1,19,7.6,1,,,,,,Docs Out,no,
SYS.X429,Funding User Defined Fee 821 Checked Borrower,standard,String,STRING,str x14,$.fees[?(@.feeType == 'UserDefinedFee_821')].fwbc,loan.fees[(feeType == 'UserDefinedFee_821')].fwbc,no,no,7,1.4,6,2.4,1,,,,,,Purchasing Conditions,no,
SYS.X432,Funding Paid In Advance Interest Checked Borrower,standard,String,STRING,str x192,$.fees[?(@.feeType == 'PrepaidInterest')].fwbc,loan.fees[(feeType == 'PrepaidInterest')].fwbc,no,no,181,36.9,10,4,1,,,,,,Docs Out,no,
SYS.X434,Funding Paid In Advance Haz Insurance Checked Borrower,standard,String,STRING,str x3,$.fees[?(@.feeType == 'HazardInsurancePremium')].fwbc,loan.fees[(feeType == 'HazardInsurancePremium')].fwbc,no,no,3,0.6,0,0,1,,,,,,,no,
SYS.X438,Funding Paid In Advance User Defined 906 Checked Borrower,standard,String,STRING,str x54,$.fees[?(@.feeType == 'UserDefined_906')].fwbc,loan.fees[(feeType == 'UserDefined_906')].fwbc,no,no,1,0.2,53,21.1,1,,,,,,,no,
SYS.X440,Funding Reserves Haz Insurance Checked Borrower,standard,String,STRING,str x178,$.fees[?(@.feeType == 'HazardInsurance')].fwbc,loan.fees[(feeType == 'HazardInsurance')].fwbc,no,no,178,36.3,0,0,1,,,,,,Docs Out,no,
SYS.X442,Funding Reserves City Tax Checked Borrower,standard,String,STRING,str x6,$.fees[?(@.feeType == 'SchoolTaxes')].fwbc,loan.fees[(feeType == 'SchoolTaxes')].fwbc,no,no,6,1.2,0,0,1,,,,,,Purchasing Conditions,no,identifying-or-high-cardinality
SYS.X443,Funding Reserves Tax Checked Borrower,standard,String,STRING,str x176,$.fees[?(@.feeType == 'PropertyTaxes')].fwbc,loan.fees[(feeType == 'PropertyTaxes')].fwbc,no,no,176,35.9,0,0,1,,,,,,Docs Out,no,
SYS.X444,Funding Reserves Flood Insurance Checked Borrower,standard,String,STRING,str x11,$.fees[?(@.feeType == 'FloodInsurance')].fwbc,loan.fees[(feeType == 'FloodInsurance')].fwbc,no,no,11,2.2,0,0,1,,,,,,Purchasing Conditions,no,
SYS.X445,Funding Reserves User Defined 1007 Checked Borrower,standard,String,STRING,str x46,$.fees[?(@.feeType == 'UserDefined_1006')].fwbc,loan.fees[(feeType == 'UserDefined_1006')].fwbc,no,no,46,9.4,0,0,1,,,,,,Investor Delivery,no,
SYS.X446,Funding Reserves User Defined 1008 Checked Borrower,standard,String,STRING,str x27,$.fees[?(@.feeType == 'UserDefined_1007')].fwbc,loan.fees[(feeType == 'UserDefined_1007')].fwbc,no,no,27,5.5,0,0,1,,,,,,Purchasing Conditions,no,
SYS.X447,Funding Reserves User Defined 1009 Checked Borrower,standard,String,STRING,str x7,$.fees[?(@.feeType == 'UserDefined_1008')].fwbc,loan.fees[(feeType == 'UserDefined_1008')].fwbc,no,no,7,1.4,0,0,1,,,,,,,no,
SYS.X476,Funding Additional User Defined 1309 Checked Borrower,standard,String,STRING,str x1,$.fees[?(@.feeType == 'UserDefined_1309')].fwbc,loan.fees[(feeType == 'UserDefined_1309')].fwbc,no,no,1,0.2,0,0,1,,,,,,,no,
SYS.X545,Funding Aggregate Adjustment Checked Borrower,standard,String,STRING,str x159,$.closingCost.aggregateAdjustmentFwbc,loan.closingCost.aggregateAdjustmentFwbc,no,no,159,32.4,0,0,1,,,,,,Docs Out,no,
SYS.X610,LE Latest Guid,standard,String,STRING,str x772,$.systemIdGuid,loan.systemIdGuid,no,yes,490,100,251,100,1,,,,,,Started,no,
SYS.X611,Encompass Version,standard,String,STRING,str x772,$.encompassVersion,loan.encompassVersion,no,yes,490,100,251,100,16,,,,,,Started,no,
TERM1,Expenses Calc First Mtg Pymt Term,standard,Int,INTEGER,int x1,$.miscellaneous.housingExpenseTerm1,loan.miscellaneous.housingExpenseTerm1,no,yes,0,0,0,0,1,,,,,,,no,
Terms.IntrOnly,Interest Only Indicator,standard,Boolean,YN,bool x297,$.regulationZ.interestOnly,loan.regulationZ.interestOnly,no,yes,43,8.8,251,100,1,,,,,,Loan Setup,no,
Terms.PrepyVrbgTyp,Prepay Verbiage Type,standard,String,STRING,str x1,$.loanProductData.prepaymentPenaltyVerbiage,loan.loanProductData.prepaymentPenaltyVerbiage,no,no,0,0,0,0,1,,,,,,,no,
TNBPCC,Fees Total Closing Costs Non-Borr,standard,Decimal,DECIMAL_2,float x25 | int x9,$.totalNonborrowerPaidClosingCostsAmount,loan.totalNonborrowerPaidClosingCostsAmount,no,no,32,6.5,2,0.8,34,25,2639.51,7265.81,22495.235,37227.77,Investor Delivery,no,identifying-or-high-cardinality
TOTAL_CC,Fees Total Closing Cost,standard,Decimal,DECIMAL_2,float x524 | int x207,$.gfe.totalClosingCostWithDiscount,loan.gfe.totalClosingCostWithDiscount,no,yes,489,99.8,232,92.4,648,2995,3006.97,3106.97,7495,19006.97,Started,no,identifying-or-high-cardinality
TOTAL_PREPAID,Fees Total Prepaid Cost,standard,Decimal,DECIMAL_2,float x420 | int x73,$.gfe.totalPrepaidClosingCost,loan.gfe.totalPrepaidClosingCost,no,yes,412,84.1,72,28.7,478,440,1200,1636.705,2331.565,5125,Started,no,identifying-or-high-cardinality
TOTPCC,Fees Total Closing Costs,standard,Decimal,DECIMAL_2,float x614 | int x118,$.totalClosingCostsAmount,loan.totalClosingCostsAmount,no,yes,489,99.8,232,92.4,674,2995,3006.97,3106.88,8082.21,581645,Started,no,identifying-or-high-cardinality
TOTPOC,Fees Total Paid Outside of Closing (Oth Summaries),standard,Decimal,DECIMAL_2,int x573 | float x147,$.totalPaidOutsideClosingAmount,loan.totalPaidOutsideClosingAmount,no,yes,487,99.4,229,91.2,56,250,725,775,849.91,2300,Started,no,identifying-or-high-cardinality
TPO.X1,TPO Site ID,standard,String,STRING,str x1,$.tpo.siteId,loan.tpo.siteId,no,no,0,0,0,0,1,,,,,,,no,identifying-or-high-cardinality
TPO.X3,TPO Registration Date,standard,DateTime,DATE,date x1,$.tpo.registerDate,loan.tpo.registerDate,no,no,0,0,0,0,1,,,,,,,no,
TPO.X9,TPO Import Source,standard,String,STRING,str x1,$.tpo.importSource,loan.tpo.importSource,no,no,0,0,0,0,1,,,,,,,no,
TPO.X14,TPO Company Name,standard,String,STRING,str x1,$.tpo.companyName,loan.tpo.companyName,no,no,0,0,0,0,1,,,,,,,no,identifying-or-high-cardinality
TPO.X15,TPO Company ID,standard,String,STRING,str x1,$.tpo.companyId,loan.tpo.companyId,no,no,0,0,0,0,1,,,,,,,no,identifying-or-high-cardinality
TPO.X17,TPO Company Legal Name,standard,String,STRING,str x1,$.tpo.companyLegalName,loan.tpo.companyLegalName,no,no,0,0,0,0,1,,,,,,,no,identifying-or-high-cardinality
TPO.X18,TPO Company Address,standard,String,STRING,str x1,$.tpo.companyAddress,loan.tpo.companyAddress,no,no,0,0,0,0,1,,,,,,,no,identifying-or-high-cardinality
TPO.X19,TPO Company Address City,standard,String,STRING,str x1,$.tpo.companyCity,loan.tpo.companyCity,no,no,0,0,0,0,1,,,,,,,no,identifying-or-high-cardinality
TPO.X20,TPO Company Address State,standard,String,STATE,str x1,$.tpo.companyState,loan.tpo.companyState,no,no,0,0,0,0,1,,,,,,,no,identifying-or-high-cardinality
TPO.X21,TPO Company Address Zipcode,standard,String,ZIPCODE,str x1,$.tpo.companyZip,loan.tpo.companyZip,no,no,0,0,0,0,1,,,,,,,no,identifying-or-high-cardinality
TPO.X22,TPO Company Phone,standard,String,STRING,str x1,$.tpo.companyPhone,loan.tpo.companyPhone,no,no,0,0,0,0,1,,,,,,,no,identifying-or-high-cardinality
TPO.X30,TPO Company AE Name,standard,String,STRING,str x1,$.tpo.companyAeName,loan.tpo.companyAeName,no,no,0,0,0,0,1,,,,,,,no,identifying-or-high-cardinality
TPO.X31,TPO Company AE User Name,standard,String,STRING,str x1,$.tpo.companyAeUserName,loan.tpo.companyAeUserName,no,no,0,0,0,0,1,,,,,,,no,identifying-or-high-cardinality
TPO.X56,TPO Loan Officer Sales Rep/AE,standard,String,STRING,str x1,$.tpo.loAeName,loan.tpo.loAeName,no,no,0,0,0,0,1,,,,,,,no,
TPO.X57,TPO Loan Officer Sales Rep/AE User ID,standard,String,STRING,str x1,$.tpo.loAeUserName,loan.tpo.loAeUserName,no,no,0,0,0,0,1,,,,,,,no,
TPO.X58,TPO Loan Processor Sales Rep/AE,standard,String,STRING,str x1,$.tpo.lpAeName,loan.tpo.lpAeName,no,no,0,0,0,0,1,,,,,,,no,
TPO.X59,TPO Loan Processor Sales Rep/AE User ID,standard,String,STRING,str x1,$.tpo.lpAeUserName,loan.tpo.lpAeUserName,no,no,0,0,0,0,1,,,,,,,no,
TPO.X61,TPO Loan Officer Name,standard,String,STRING,str x1,$.tpo.loName,loan.tpo.loName,no,no,0,0,0,0,1,,,,,,,no,identifying-or-high-cardinality
TPO.X62,TPO Loan Officer ID,standard,String,STRING,str x1,$.tpo.loId,loan.tpo.loId,no,no,0,0,0,0,1,,,,,,,no,identifying-or-high-cardinality
TPO.X63,TPO Loan Officer Email/User Name,standard,String,STRING,str x1,$.tpo.loEmail,loan.tpo.loEmail,no,no,0,0,0,0,1,,,,,,,no,identifying-or-high-cardinality
TPO.X64,TPO Loan Officer Status,standard,String,STRING,str x1,$.tpo.loStatus,loan.tpo.loStatus,no,no,0,0,0,0,1,,,,,,,no,
TPO.X68,TPO Loan Officer Address,standard,String,STRING,str x1,$.tpo.loAddress,loan.tpo.loAddress,no,no,0,0,0,0,1,,,,,,,no,identifying-or-high-cardinality
TPO.X69,TPO Loan Officer Address City,standard,String,STRING,str x1,$.tpo.loCity,loan.tpo.loCity,no,no,0,0,0,0,1,,,,,,,no,identifying-or-high-cardinality
TPO.X70,TPO Loan Officer Address State,standard,String,STATE,str x1,$.tpo.loState,loan.tpo.loState,no,no,0,0,0,0,1,,,,,,,no,identifying-or-high-cardinality
TPO.X71,TPO Loan Officer Address Zipcode,standard,String,ZIPCODE,str x1,$.tpo.loZip,loan.tpo.loZip,no,no,0,0,0,0,1,,,,,,,no,identifying-or-high-cardinality
TPO.X74,TPO Loan Processor Name,standard,String,STRING,str x1,$.tpo.lpName,loan.tpo.lpName,no,no,0,0,0,0,1,,,,,,,no,identifying-or-high-cardinality
TPO.X75,TPO Loan Processor ID,standard,String,STRING,str x1,$.tpo.lpId,loan.tpo.lpId,no,no,0,0,0,0,1,,,,,,,no,identifying-or-high-cardinality
TPO.X76,TPO Loan Processor Email/User Name,standard,String,STRING,str x1,$.tpo.lpEmail,loan.tpo.lpEmail,no,no,0,0,0,0,1,,,,,,,no,identifying-or-high-cardinality
TPO.X77,TPO Loan Processor Status,standard,String,STRING,str x1,$.tpo.lpStatus,loan.tpo.lpStatus,no,no,0,0,0,0,1,,,,,,,no,
TPO.X81,TPO Loan Processor Address,standard,String,STRING,str x1,$.tpo.lpAddress,loan.tpo.lpAddress,no,no,0,0,0,0,1,,,,,,,no,identifying-or-high-cardinality
TPO.X82,TPO Loan Processor Address City,standard,String,STRING,str x1,$.tpo.lpCity,loan.tpo.lpCity,no,no,0,0,0,0,1,,,,,,,no,identifying-or-high-cardinality
TPO.X83,TPO Loan Processor Address State,standard,String,STATE,str x1,$.tpo.lpState,loan.tpo.lpState,no,no,0,0,0,0,1,,,,,,,no,identifying-or-high-cardinality
TPO.X84,TPO Loan Processor Address Zipcode,standard,String,ZIPCODE,str x1,$.tpo.lpZip,loan.tpo.lpZip,no,no,0,0,0,0,1,,,,,,,no,identifying-or-high-cardinality
TPO.X112,Import Source Last Updated Date,standard,DateTime,DATE,date x1,$.tpo.importSourceLastUpdatedDate,loan.tpo.importSourceLastUpdatedDate,no,no,0,0,0,0,1,,,,,,,no,identifying-or-high-cardinality
TPO.X119,Preferred AUS,standard,String,STRING,str x772,$.tpo.preferredAus,loan.tpo.preferredAus,no,no,490,100,251,100,1,,,,,,Started,no,
TPOCONNECTSTATUSUPDATED,TPO Connect Status Updated,standard,Boolean,YN,bool x772,$.miscellaneous.tpoConnectStatusUpdated,loan.miscellaneous.tpoConnectStatusUpdated,no,yes,490,100,251,100,1,,,,,,Started,no,
TQL.X110,TQL - Flood Program Code,standard,String,STRING,str x230,$.tql.floodProgramCode,loan.tql.floodProgramCode,no,no,197,40.2,32,12.7,2,,,,,,Started,no,
TSUM.PropertyFormType,Property Valuation Form Type,standard,String,STRING,str x123,$.tsum.propertyFormType,loan.tsum.propertyFormType,no,no,77,15.7,46,18.3,3,,,,,,Started,no,
ULDD.FNM.975,ULDD Trans Details Total Loan to Value (TLTV),standard,Int,INTEGER,int x677,$.uldd.fannieTlTv,loan.uldd.fannieTlTv,no,no,441,90,211,84.1,116,55,75,80,104,137,Started,no,identifying-or-high-cardinality
ULDD.FNM.1859,Fannie Borrower Vesting Borr 1 Corp/Trust Name,standard,String,STRING,str x430,$.uldd.fannieTrustName,loan.uldd.fannieTrustName,no,yes,280,57.1,148,59,340,,,,,,Started,no,identifying-or-high-cardinality
ULDD.FNM.4000,Fannie Borrower First Name,standard,String,STRING,str x704,$.applications[0].borrower.fannieFirstName,loan.currentApplication.borrower.fannieFirstName,no,no,463,94.5,214,85.3,221,,,,,,Started,no,identifying-or-high-cardinality
ULDD.FNM.4001,Fannie Borrower Middle Name,standard,String,STRING,str x126,$.applications[0].borrower.fannieMiddleName,loan.currentApplication.borrower.fannieMiddleName,no,no,91,18.6,28,11.2,23,,,,,,Started,no,identifying-or-high-cardinality
ULDD.FNM.4004,Fannie Co-Borrower First Name,standard,String,STRING,str x61,$.applications[0].coborrower.fannieFirstName,loan.currentApplication.coborrower.fannieFirstName,no,no,23,4.7,37,14.7,41,,,,,,Purchasing Conditions,no,identifying-or-high-cardinality
ULDD.FNM.4005,Fannie Co-Borrower Middle Name,standard,String,STRING,str x10,$.applications[0].coborrower.fannieMiddleName,loan.currentApplication.coborrower.fannieMiddleName,no,no,9,1.8,1,0.4,7,,,,,,,no,identifying-or-high-cardinality
ULDD.FNM.FloodSpecialFeatureCode,ULDD Fannie Flood Special Feature Code,standard,String,STRING,str x772,$.uldd.fannieFloodSpecialFeatureCode,loan.uldd.fannieFloodSpecialFeatureCode,no,no,490,100,251,100,2,,,,,,Started,no,
ULDD.FNM.HMDA.X15,ULDD Trans Details Rate Spread,standard,Decimal,DECIMAL_2,int x743 | float x18,$.uldd.fannieRateSpread,loan.uldd.fannieRateSpread,no,no,18,3.7,0,0,17,-6.4,0.165,0.53,1.57,2.34,,no,
ULDD.FNM.MORNET.X75,ULDD Fannie Mae MORNETPlus LTV,standard,Int,INTEGER,int x677,$.uldd.fannieLtv,loan.uldd.fannieLtv,no,no,441,90,211,84.1,117,55,75,80,104,137,Started,no,identifying-or-high-cardinality
ULDD.FNM.MORNET.X76,ULDD Fannie Mae MORNETPlus CLTV,standard,Int,INTEGER,int x677,$.uldd.fannieCltv,loan.uldd.fannieCltv,no,no,441,90,211,84.1,117,55,75,80,104,128,Started,no,identifying-or-high-cardinality
ULDD.FNM.MORNET.X77,ULDD Fannie Mae MORNETPlus HCLTV and HTLTV,standard,Int,INTEGER,int x677,$.uldd.fannieHclTv,loan.uldd.fannieHclTv,no,no,441,90,211,84.1,117,55,75,80,104,128,Started,no,identifying-or-high-cardinality
ULDD.FNM.PropertyFormType,Property Valuation Form Type,standard,String,STRING,str x52,$.uldd.fanniePropertyFormType,loan.uldd.fanniePropertyFormType,no,no,50,10.2,1,0.4,3,,,,,,Submittal,no,
ULDD.FNM.X1172,Trans Details Loan Type,standard,String,STRING,str x766,$.uldd.fannieMortgageType,loan.uldd.fannieMortgageType,no,no,490,100,251,100,2,,,,,,Started,no,
ULDD.FRD.CASASRN.X217,ULDD Freddie Mac LTV,standard,Decimal,DECIMAL_4,int x407 | float x270,$.uldd.freddieLtv,loan.uldd.freddieLtv,no,no,442,90.2,212,84.5,286,50,70,75,80,170.2971,Started,no,identifying-or-high-cardinality
ULDD.FRD.CASASRN.X218,ULDD Freddie Mac TLTV,standard,Decimal,DECIMAL_4,int x401 | float x276,$.uldd.freddieTltv,loan.uldd.freddieTltv,no,no,442,90.2,212,84.5,291,50,70,75,80,170.2971,Started,no,identifying-or-high-cardinality
ULDD.FRD.CASASRN.X219,ULDD Freddie Mac HTLTV,standard,Decimal,DECIMAL_4,int x401 | float x276,$.uldd.freddieHtltv,loan.uldd.freddieHtltv,no,no,442,90.2,212,84.5,291,50,70,75,80,170.2971,Started,no,identifying-or-high-cardinality
ULDD.FRE.X1172,Trans Details Loan Type,standard,String,STRING,str x766,$.uldd.freddieMortgageType,loan.uldd.freddieMortgageType,no,no,490,100,251,100,2,,,,,,Started,no,
ULDD.GNM.MortgageOriginator,Trans Details Mtg Originator,standard,String,STRING,str x514,$.uldd.mortgageOriginator,loan.uldd.mortgageOriginator,no,no,489,99.8,19,7.6,1,,,,,,Started,no,
ULDD.RefinanceCashOutAmount,Refinance Cash Out Amount,standard,Decimal,DECIMAL_2,float x264 | int x37,$.uldd.refinanceCashOutAmount,loan.uldd.refinanceCashOutAmount,no,no,265,54.1,3,1.2,274,34728.28,119044.51,162122.22,243045.455,932291.3,Started,no,identifying-or-high-cardinality
ULDD.TotalMortgagedPropertiesCount,Total Mortgaged Properties Count,standard,Int,INTEGER,int x220,$.uldd.totalMortgagedPropertiesCount,loan.uldd.totalMortgagedPropertiesCount,no,no,178,36.3,26,10.4,11,1,1,2,3,11,Submittal,no,
ULDD.X18,ULDD - Refinance Cash Out Type,standard,String,STRING,str x372,$.uldd.refinanceCashOutDeterminationType,loan.uldd.refinanceCashOutDeterminationType,no,no,350,71.4,10,4,2,,,,,,Started,no,
ULDD.X21,ULDD - Seller Loan ID,standard,String,STRING,str x772,$.uldd.sellerLoanIdentifier,loan.uldd.sellerLoanIdentifier,no,no,490,100,251,100,766,,,,,,Started,no,identifying-or-high-cardinality
ULDD.X27,ULDD - Country Code,standard,String,STRING,str x772,$.uldd.countryCode,loan.uldd.countryCode,no,no,490,100,251,100,1,,,,,,Started,no,
ULDD.X29,ULDD - Property Valuation Method Type,standard,String,STRING,str x129,$.uldd.propertyValuationMethodType,loan.uldd.propertyValuationMethodType,no,no,83,16.9,46,18.3,1,,,,,,Started,no,
ULDD.X30,ULDD - Property Valuation Effective Date,standard,DateTime,DATE,date x189,$.uldd.propertyValuationEffectiveDate,loan.uldd.propertyValuationEffectiveDate,no,no,141,28.8,47,18.7,99,,,,,,Started,no,identifying-or-high-cardinality
ULDD.X31,ULDD - Appraisal ID,standard,String,STRING,str x168,$.uldd.appraisalIdentifier,loan.uldd.appraisalIdentifier,no,no,127,25.9,40,15.9,168,,,,,,Started,no,identifying-or-high-cardinality
ULDD.X138,Number of Units Sold,standard,Int,INTEGER,int x2,$.uldd.numberOfUnitsSold,loan.uldd.numberOfUnitsSold,no,no,2,0.4,0,0,2,,,,,,,no,
ULDD.X140,Project Design Type,standard,String,STRING,str x133,$.uldd.projectDesignType,loan.uldd.projectDesignType,no,no,87,17.8,46,18.3,4,,,,,,Started,no,
ULDD.X142,Fannie Project Classification Type,standard,String,STRING,str x1,$.uldd.fannieProjectClassificationType,loan.uldd.fannieProjectClassificationType,no,no,1,0.2,0,0,1,,,,,,,no,
ULDD.X150,Borrower Type,standard,String,STRING,str x1,$.uldd.borrowerType,loan.uldd.borrowerType,no,no,1,0.2,0,0,1,,,,,,,no,
ULDD.X155,ULDD - Co-Borrower Country Code,standard,String,STRING,str x67,$.uldd.coBorrowerCountryCode,loan.uldd.coBorrowerCountryCode,no,no,28,5.7,38,15.1,1,,,,,,Purchasing Conditions,no,
ULDD.X160,ULDD - Second Unit Bedrooms,standard,Int,INTEGER,int x71,$.uldd.unit2TotalBedrooms,loan.uldd.unit2TotalBedrooms,no,no,42,8.6,28,11.2,6,1,2,3,3,6,Purchasing Conditions,no,
ULDD.X162,ULDD - Third Unit Bedrooms,standard,Int,INTEGER,int x65,$.uldd.unit3TotalBedrooms,loan.uldd.unit3TotalBedrooms,no,no,21,4.3,13,5.2,4,1,2,2,3,4,Purchasing Conditions,no,
ULDD.X164,ULDD - Fourth Unit Bedrooms,standard,Int,INTEGER,int x61,$.uldd.unit4TotalBedrooms,loan.uldd.unit4TotalBedrooms,no,no,9,1.8,5,2,3,1,1,2,2.25,3,,no,
ULDD.X170,ULDD - First Unit Bedrooms,standard,Int,INTEGER,int x150,$.uldd.unit1TotalBedrooms,loan.uldd.unit1TotalBedrooms,no,no,103,21,46,18.3,6,1,2,3,3,6,Started,no,
ULDD.X172,ULDD Construction Method Type,standard,String,STRING,str x2,$.uldd.constructionMethodType,loan.uldd.constructionMethodType,no,no,1,0.2,1,0.4,1,,,,,,,no,
ULDD.X176,ULDD Project Unit Count,standard,Int,INTEGER,int x2,$.uldd.projectUnitCount,loan.uldd.projectUnitCount,no,no,2,0.4,0,0,2,,,,,,,no,
ULDD.X177,ULDD Attachment Type,standard,String,STRING,str x577,$.uldd.attachmentType,loan.uldd.attachmentType,no,no,490,100,67,26.7,3,,,,,,Started,no,
ULDD.X180,ULDD - Refinance Cash Out Type,standard,String,STRING,str x372,$.uldd.freddieRefinanceCashOutDeterminationType,loan.uldd.freddieRefinanceCashOutDeterminationType,no,no,350,71.4,10,4,2,,,,,,Started,no,
ULDD.X182,Subject Property Project Classification,standard,String,STRING,str x13,$.uldd.gseProjectType,loan.uldd.gseProjectType,no,no,13,2.7,0,0,1,,,,,,Purchasing Conditions,no,
ULDD.X184,Note Pay To Name,standard,String,STRING,str x519,$.uldd.notePayToName,loan.uldd.notePayToName,no,no,489,99.8,23,9.2,9,,,,,,Started,no,identifying-or-high-cardinality
ULDD.X185,First Rate Change Payment Effective Date,standard,DateTime,DATE,date x686,$.uldd.firstRateChangePaymentEffectiveDate,loan.uldd.firstRateChangePaymentEffectiveDate,no,no,446,91,223,88.8,166,,,,,,Started,no,identifying-or-high-cardinality
ULDD.X186,Base LTV Ratio Percent,standard,Int,INTEGER,int x685,$.uldd.fannieBltv,loan.uldd.fannieBltv,no,no,442,90.2,219,87.3,118,55,75,80,104,137,Started,no,identifying-or-high-cardinality
ULDD.X187,ULDD Construction Method Type,standard,String,STRING,str x220,$.uldd.ginnieConstructionMethodType,loan.uldd.ginnieConstructionMethodType,no,no,178,36.3,26,10.4,3,,,,,,Submittal,no,
ULDD.X197,ULDD - Property Estate Type,standard,String,STRING,str x590,$.uldd.propertyEstateType,loan.uldd.propertyEstateType,no,no,489,99.8,77,30.7,1,,,,,,Started,no,
URLA.X1,Borr Declarations,standard,String,STRING,str x577,$.applications[0].borrower.urla2020CitizenshipResidencyType,loan.currentApplication.borrower.urla2020CitizenshipResidencyType,no,no,488,99.6,69,27.5,2,,,,,,Started,no,
URLA.X2,Co-Borr Declarations,standard,String,STRING,str x22,$.applications[0].coborrower.urla2020CitizenshipResidencyType,loan.currentApplication.coborrower.urla2020CitizenshipResidencyType,no,no,13,2.7,9,3.6,1,,,,,,,no,
URLA.X3,Obsolete - Assets/Liabilities Completed Jointly/Not Jointly,standard,String,STRING,str x7,$.applications[0].borrower.jointAssetLiabilityReportingIndicator,loan.currentApplication.borrower.jointAssetLiabilityReportingIndicator,no,no,6,1.2,1,0.4,2,,,,,,,no,
URLA.X4,Obsolete -Assets/Liabilities Completed Jointly/Not Jointly,standard,String,STRING,str x7,$.applications[0].coborrower.jointAssetLiabilityReportingIndicator,loan.currentApplication.coborrower.jointAssetLiabilityReportingIndicator,no,no,6,1.2,1,0.4,2,,,,,,,no,
URLA.X7,Borr Current Address Unit Type,standard,String,STRING,str x18,$.applications[0].borrower.mailingAddress.addressUnitDesignatorType,loan.currentApplication.borrower.mailingAddress.addressUnitDesignatorType,no,no,17,3.5,0,0,3,,,,,,Purchasing Conditions,no,identifying-or-high-cardinality
URLA.X8,Borr Mailing Unit,standard,String,STRING,str x130,$.applications[0].borrower.mailingAddress.addressUnitIdentifier,loan.currentApplication.borrower.mailingAddress.addressUnitIdentifier,no,no,115,23.5,11,4.4,55,,,,,,Started,no,identifying-or-high-cardinality
URLA.X9,Co-Borr Current Address Unit Type,standard,String,STRING,str x1,$.applications[0].coborrower.mailingAddress.addressUnitDesignatorType,loan.currentApplication.coborrower.mailingAddress.addressUnitDesignatorType,no,no,1,0.2,0,0,1,,,,,,,no,identifying-or-high-cardinality
URLA.X10,Co-Borr Mailing Unit,standard,String,STRING,str x1,$.applications[0].coborrower.mailingAddress.addressUnitIdentifier,loan.currentApplication.coborrower.mailingAddress.addressUnitIdentifier,no,no,1,0.2,0,0,1,,,,,,,no,
URLA.X11,Borr Mailing Country Code,standard,String,STRING,str x438,$.applications[0].borrower.mailingAddress.countryCode,loan.currentApplication.borrower.mailingAddress.countryCode,no,no,415,84.7,14,5.6,1,,,,,,Started,no,
URLA.X12,Co-Borr Mailing Country Code,standard,String,STRING,str x5,$.applications[0].coborrower.mailingAddress.countryCode,loan.currentApplication.coborrower.mailingAddress.countryCode,no,no,5,1,0,0,1,,,,,,,no,
URLA.X21,Borr Language Preference,standard,String,STRING,str x552,$.applications[0].borrower.languagePreference,loan.currentApplication.borrower.languagePreference,no,no,484,98.8,50,19.9,1,,,,,,Started,no,
URLA.X22,Co-Borr Language Preference,standard,String,STRING,str x5,$.applications[0].coborrower.languagePreference,loan.currentApplication.coborrower.languagePreference,no,no,3,0.6,2,0.8,1,,,,,,,no,
URLA.X42,Borr AdditionalOtherIncome,standard,Decimal,DECIMAL_2,float x1 | int x1,$.applications[0].borrower.additionalOtherIncome,loan.currentApplication.borrower.additionalOtherIncome,no,no,2,0.4,0,0,2,,,,,,,no,
URLA.X44,Borr Other Total Income,standard,Decimal,DECIMAL_2,float x1 | int x1,$.applications[0].otherTotalIncome,loan.currentApplication.otherTotalIncome,no,no,2,0.4,0,0,2,,,,,,,no,
URLA.X50,Total Assets Amount,standard,Decimal,DECIMAL_2,float x27 | int x9,$.applications[0].totalUrla2020AssetsAmount,loan.currentApplication.totalUrla2020AssetsAmount,no,no,33,6.7,0,0,30,4635.57,32580.99,50000,168417.87,521026.6,Purchasing Conditions,no,identifying-or-high-cardinality
URLA.X54,Total Other Assets Amount,standard,Decimal,DECIMAL_2,int x59 | float x4,$.applications[0].totalOtherAssetsAmount,loan.currentApplication.totalOtherAssetsAmount,no,no,60,12.2,2,0.8,34,-137665,9250,10000,27942.875,316108.91,Investor Delivery,no,identifying-or-high-cardinality
URLA.X55,Total Borrower Assets Amount,standard,Decimal,DECIMAL_2,float x27 | int x9,$.applications[0].borrower.totalAssets,loan.currentApplication.borrower.totalAssets,no,no,33,6.7,0,0,30,4635.57,32580.99,50000,168417.87,521026.6,Purchasing Conditions,no,identifying-or-high-cardinality
URLA.X57,Total Borrower Other Assets Amount,standard,Decimal,DECIMAL_2,int x57 | float x4,$.applications[0].borrower.totalOtherAssets,loan.currentApplication.borrower.totalOtherAssets,no,no,59,12,2,0.8,32,-137665,9250,10000,36250,316108.91,Investor Delivery,no,identifying-or-high-cardinality
URLA.X58,Total Coborrower Other Assets Amount,standard,Decimal,DECIMAL_2,float x1,$.applications[0].coborrower.totalOtherAssets,loan.currentApplication.coborrower.totalOtherAssets,no,no,1,0.2,0,0,1,,,,,,,no,
URLA.X63,Other Liabilities Does not Apply - Borrower,standard,Boolean,YN,bool x16,$.applications[0].borrower.otherLiabilitiesDoesNotApply,loan.currentApplication.borrower.otherLiabilitiesDoesNotApply,no,no,1,0.2,0,0,1,,,,,,,no,
URLA.X64,Other Liabilities Does not Apply - CoBorrower,standard,Boolean,YN,bool x1,$.applications[0].coborrower.otherLiabilitiesDoesNotApply,loan.currentApplication.coborrower.otherLiabilitiesDoesNotApply,no,no,1,0.2,0,0,1,,,,,,,no,
URLA.X71,Display Loan Purpose Type for Property,standard,String,STRING,str x736,$.property.loanPurposeTypeUrla,loan.property.loanPurposeTypeUrla,no,no,460,93.9,251,100,2,,,,,,Started,no,
URLA.X73,Property Address Line Text,standard,String,STRING,str x693,$.property.addressLineText,loan.property.addressLineText,no,no,461,94.1,208,82.9,649,,,,,,Started,yes,identifying-or-high-cardinality
URLA.X74,Address Unit Type Identifier,standard,String,STRING,str x4,$.property.addressUnitDesignatorType,loan.property.addressUnitDesignatorType,no,no,3,0.6,1,0.4,2,,,,,,,no,identifying-or-high-cardinality
URLA.X75,Property Address Unit Identifier,standard,String,STRING,str x17,$.property.addressUnitIdentifier,loan.property.addressUnitIdentifier,no,no,15,3.1,1,0.4,16,,,,,,Started,no,identifying-or-high-cardinality
URLA.X80,4c. Rental Income onthe Property You want to Purchase - For Purchase Only Does not Apply,standard,Boolean,YN,bool x514,$.rentalIncomeSectionIndicator,loan.rentalIncomeSectionIndicator,no,no,488,99.6,19,7.6,1,,,,,,Started,no,
URLA.X81,Expected Net Monthly Rental Income For LENDER to Calculate,standard,Decimal,DECIMAL_2,float x274 | int x23,$.rentalEstimatedNetMonthlyRentAmount,loan.rentalEstimatedNetMonthlyRentAmount,no,no,106,21.6,183,72.9,290,-11296.49,-3193.88,-2288.82,-816.67,1511.34,Started,no,identifying-or-high-cardinality
URLA.X84,Borr Declarations 5a B,standard,Boolean,YN,bool x750,$.applications[0].borrower.specialBorrowerSellerRelationshipIndicator,loan.currentApplication.borrower.specialBorrowerSellerRelationshipIndicator,no,no,0,0,0,0,0,,,,,,,yes,
URLA.X86,Borr Declarations 5a C,standard,Boolean,YN,bool x750,$.applications[0].borrower.undisclosedBorrowedFundsIndicator,loan.currentApplication.borrower.undisclosedBorrowedFundsIndicator,no,no,0,0,0,0,0,,,,,,,yes,
URLA.X90,Borr Declarations 5a D,standard,Boolean,YN,bool x750,$.applications[0].borrower.undisclosedMortgageApplicationIndicator,loan.currentApplication.borrower.undisclosedMortgageApplicationIndicator,no,no,11,2.2,1,0.4,1,,,,,,,yes,
URLA.X92,Borr Declarations 5a D,standard,Boolean,YN,bool x751,$.applications[0].borrower.undisclosedCreditApplicationIndicator,loan.currentApplication.borrower.undisclosedCreditApplicationIndicator,no,no,0,0,1,0.4,1,,,,,,,yes,
URLA.X94,Borr Declarations 5a E,standard,Boolean,YN,bool x749,$.applications[0].borrower.propertyProposedCleanEnergyLienIndicator,loan.currentApplication.borrower.propertyProposedCleanEnergyLienIndicator,no,no,0,0,0,0,0,,,,,,,yes,
URLA.X96,Borr Declarations 5b F,standard,Boolean,YN,bool x749,$.applications[0].borrower.undisclosedComakerOfNoteIndicator,loan.currentApplication.borrower.undisclosedComakerOfNoteIndicator,no,no,0,0,0,0,0,,,,,,,yes,
URLA.X98,Borr Declarations 5b H,standard,Boolean,YN,bool x750,$.applications[0].borrower.presentlyDelinquentIndicatorUrla,loan.currentApplication.borrower.presentlyDelinquentIndicatorUrla,no,no,0,0,0,0,0,,,,,,,yes,
URLA.X100,Borr Declarations 5b I,standard,Boolean,YN,bool x750,$.applications[0].borrower.partyToLawsuitIndicatorUrla,loan.currentApplication.borrower.partyToLawsuitIndicatorUrla,no,no,0,0,0,0,0,,,,,,,yes,
URLA.X102,Borr Declarations 5b J,standard,Boolean,YN,bool x750,$.applications[0].borrower.priorPropertyDeedInLieuConveyedIndicator,loan.currentApplication.borrower.priorPropertyDeedInLieuConveyedIndicator,no,no,0,0,0,0,0,,,,,,,yes,
URLA.X104,Borr Declarations 5b K,standard,Boolean,YN,bool x750,$.applications[0].borrower.priorPropertyShortSaleCompletedIndicator,loan.currentApplication.borrower.priorPropertyShortSaleCompletedIndicator,no,no,0,0,0,0,0,,,,,,,yes,
URLA.X106,Borr Declarations 5b L,standard,Boolean,YN,bool x750,$.applications[0].borrower.priorPropertyForeclosureCompletedIndicator,loan.currentApplication.borrower.priorPropertyForeclosureCompletedIndicator,no,no,0,0,0,0,0,,,,,,,yes,
URLA.X108,Property Address Occupancy Display Field,standard,String,STRING,str x734,$.property.occupancyDisplayField,loan.property.occupancyDisplayField,no,no,490,100,221,88,2,,,,,,Started,no,identifying-or-high-cardinality
URLA.X119,Print ULI on URLA,standard,Boolean,YN,bool x168,$.printUliOnUrla,loan.printUliOnUrla,no,no,124,25.3,26,10.4,1,,,,,,Cond. Approval,no,
URLA.X120,URLA Loan Identifier,standard,String,STRING,str x770,$.urlaLoanIdentifier,loan.urlaLoanIdentifier,no,no,490,100,250,99.6,754,,,,,,Started,no,identifying-or-high-cardinality
URLA.X122,Co-Borr Print on Additional Borrower Page,standard,Boolean,YN,bool x3,$.applications[0].coborrower.printOnAdditionalBorrowerPage,loan.currentApplication.coborrower.printOnAdditionalBorrowerPage,no,no,0,0,1,0.4,1,,,,,,,no,
URLA.X129,BORROWER Community Property State Resident Indicator,standard,Boolean,YN,bool x51,$.borrCommunityPropertyStateResidentIndicator,loan.borrCommunityPropertyStateResidentIndicator,no,no,6,1.2,2,0.8,1,,,,,,,no,
URLA.X130,Community Property State Resident Indicator,standard,Boolean,YN,bool x11,$.communityPropertyStateResidentIndicator,loan.communityPropertyStateResidentIndicator,no,no,0,0,1,0.4,1,,,,,,,no,
URLA.X133,Construction Loan Indicator,standard,Boolean,YN,bool x220,$.constructionLoanIndicator,loan.constructionLoanIndicator,no,no,1,0.2,1,0.4,1,,,,,,,no,
URLA.X135,Property Existing Clean Energy Lien Indicator,standard,Boolean,YN,bool x221,$.propertyExistingCleanEnergyLienIndicator,loan.propertyExistingCleanEnergyLienIndicator,no,no,1,0.2,0,0,1,,,,,,,no,
URLA.X136,Title Will Be Full Name,standard,String,STRING,str x235,$.titleWillBeFullName,loan.titleWillBeFullName,no,no,154,31.4,57,22.7,160,,,,,,Started,no,identifying-or-high-cardinality
URLA.X138,Relationship Vesting Type,standard,String,STRING,str x248,$.relationshipVestingType,loan.relationshipVestingType,no,no,215,43.9,22,8.8,3,,,,,,Started,no,
URLA.X139,Relationship Vesting Type Other Description,standard,String,STRING,str x19,$.relationshipVestingTypeOtherDescription,loan.relationshipVestingTypeOtherDescription,no,no,15,3.1,4,1.6,15,,,,,,Started,no,
URLA.X144,Proposed Supplemental Property Insurance Amount,standard,Decimal,DECIMAL_2,float x10 | int x2,$.supplementalPropertyInsuranceAmount,loan.supplementalPropertyInsuranceAmount,no,no,12,2.4,0,0,11,24,60.7925,80.64,114.63,473.67,Purchasing Conditions,no,
URLA.X145,Total Non Subject Property Debts ToBe Paid Off Amount,standard,Decimal,DECIMAL_2,float x7 | int x7,$.totalNonSubjectPropertyDebtsToBePaidOffAmount,loan.totalNonSubjectPropertyDebtsToBePaidOffAmount,no,no,14,2.9,0,0,14,237.86,128277.5,269145,305081.2025,467513.83,Completion,no,
URLA.X146,Estimated Closing Costs Amount,standard,Decimal,DECIMAL_2,float x616 | int x116,$.borrEstimatedClosingCostsAmount,loan.borrEstimatedClosingCostsAmount,no,no,489,99.8,231,92,669,2245,2256.97,2345,7201.8725,580895,Started,no,identifying-or-high-cardinality
URLA.X148,URLA Total Mortgage Loans Amount,standard,Decimal,DECIMAL_2,int x695,$.urlaTotalMortgageLoansAmount,loan.urlaTotalMortgageLoansAmount,no,no,450,91.8,223,88.8,476,120000,216000,360000,450000,600000,Started,no,identifying-or-high-cardinality
URLA.X149,URLA Total Other Credits Amount,standard,Decimal,DECIMAL_2,int x169 | float x23,$.urlaTotalOtherCreditsAmount,loan.urlaTotalOtherCreditsAmount,no,no,153,31.2,25,10,92,378,850,850,3867.1875,130725,Submittal,no,identifying-or-high-cardinality
URLA.X150,URLA Total Total Of Gifts Grants,standard,Decimal,DECIMAL_2,int x7,$.totalOfGiftsGrants,loan.totalOfGiftsGrants,no,no,7,1.4,0,0,6,10000,40000,43000,69000,96185,Purchasing Conditions,no,
URLA.X151,URLA Total Total Other Asset To Loan,standard,Decimal,DECIMAL_2,int x20 | float x1,$.totalOtherAssetToLoan,loan.totalOtherAssetToLoan,no,no,20,4.1,1,0.4,11,4000,8500,10000,42500,100000,Purchasing Conditions,no,
URLA.X152,URLA Total Credits Amount,standard,Decimal,DECIMAL_2,int x151 | float x46,$.urlaTotalCreditsAmount,loan.urlaTotalCreditsAmount,no,no,156,31.8,27,10.8,105,25,850,850,2339.125,130725,Started,no,identifying-or-high-cardinality
URLA.X165,Refinance Cash Out Determination Type,standard,String,STRING,str x333,$.refinanceCashOutDeterminationType,loan.refinanceCashOutDeterminationType,no,no,319,65.1,2,0.8,3,,,,,,Started,yes,
URLA.X166,Government Refinance Type,standard,String,STRING,str x1,$.governmentRefinanceType,loan.governmentRefinanceType,no,no,0,0,0,0,1,,,,,,,no,
URLA.X167,Government Refinance Type Other Description,standard,String,STRING,str x1,$.governmentRefinanceTypeOtherDescription,loan.governmentRefinanceTypeOtherDescription,no,no,0,0,0,0,1,,,,,,,no,
URLA.X170,URLA Loan Originator first name,standard,String,STRING,str x743,$.originatorFirstName,loan.originatorFirstName,no,no,483,98.6,236,94,21,,,,,,Started,yes,identifying-or-high-cardinality
URLA.X171,URLA Loan originator middle name,standard,String,STRING,str x11,$.originatorMiddleName,loan.originatorMiddleName,no,no,5,1,5,2,1,,,,,,,no,identifying-or-high-cardinality
URLA.X172,URLA Loan originator last name,standard,String,STRING,str x743,$.originatorLastName,loan.originatorLastName,no,no,483,98.6,236,94,21,,,,,,Started,yes,identifying-or-high-cardinality
URLA.X188,Loan Originator Address Line Text,standard,String,STRING,str x771,$.originatorAddressLineText,loan.originatorAddressLineText,no,no,489,99.8,251,100,3,,,,,,Started,yes,identifying-or-high-cardinality
URLA.X189,Loan Originator Unit Type Identifier,standard,String,STRING,str x1,$.originatorAddressUnitDesignatorType,loan.originatorAddressUnitDesignatorType,no,no,0,0,0,0,1,,,,,,,no,
URLA.X190,Loan Originator Address Unit Identifier,standard,String,STRING,str x770,$.originatorAddressUnitIdentifier,loan.originatorAddressUnitIdentifier,no,no,488,99.6,251,100,2,,,,,,Started,no,identifying-or-high-cardinality
URLA.X194,Borrower count ,standard,String,STRING,str x706,$.borrowerCount,loan.borrowerCount,no,no,464,94.7,213,84.9,3,,,,,,Started,no,
URLA.X195,Borrower URLA Alias Name,standard,String,STRING,str x46,$.applications[0].borrower.urlaAliasName,loan.currentApplication.borrower.urlaAliasName,no,no,43,8.8,2,0.8,34,,,,,,Investor Delivery,no,identifying-or-high-cardinality
URLA.X196,Co-Borrower Alias Name,standard,String,STRING,str x3,$.applications[0].coborrower.urlaAliasName,loan.currentApplication.coborrower.urlaAliasName,no,no,3,0.6,0,0,3,,,,,,,no,identifying-or-high-cardinality
URLA.X197,URLA 2020 Street Address,standard,String,STRING,str x456,$.applications[0].borrower.mailingAddress.urla2020StreetAddress,loan.currentApplication.borrower.mailingAddress.urla2020StreetAddress,no,no,417,85.1,30,12,274,,,,,,Started,no,identifying-or-high-cardinality
URLA.X198,URLA 2020 Street Address,standard,String,STRING,str x5,$.applications[0].coborrower.mailingAddress.urla2020StreetAddress,loan.currentApplication.coborrower.mailingAddress.urla2020StreetAddress,no,no,5,1,0,0,5,,,,,,,no,identifying-or-high-cardinality
URLA.X199,Borr Current Employment Does Not Apply,standard,Boolean,YN,bool x535,$.applications[0].borrower.currentEmploymentDoesNotApply,loan.currentApplication.borrower.currentEmploymentDoesNotApply,no,no,480,98,37,14.7,1,,,,,,Started,no,
URLA.X201,Borr Additional Employment DoesNotApply,standard,Boolean,YN,bool x511,$.applications[0].borrower.additionalEmploymentDoesNotApply,loan.currentApplication.borrower.additionalEmploymentDoesNotApply,no,no,486,99.2,19,7.6,1,,,,,,Started,no,
URLA.X202,CoBorr Additional Employment DoesNotApply,standard,Boolean,YN,bool x505,$.applications[0].coborrower.additionalEmploymentDoesNotApply,loan.currentApplication.coborrower.additionalEmploymentDoesNotApply,no,no,480,98,19,7.6,1,,,,,,Started,no,
URLA.X205,Condominium Project Type Indicator,standard,Boolean,YN,bool x20,$.condominiumIndicator,loan.condominiumIndicator,no,no,16,3.3,0,0,1,,,,,,Purchasing Conditions,no,
URLA.X207,Planned Unit Development Project Type Indicator,standard,Boolean,YN,bool x221,$.pudIndicator,loan.pudIndicator,no,no,1,0.2,0,0,1,,,,,,,no,
URLA.X208,Property is not located in a project Indicator,standard,Boolean,YN,bool x537,$.notInProjectIndicator,loan.notInProjectIndicator,no,no,482,98.4,32,12.7,1,,,,,,Started,no,
URLA.X229,Total Additional Loans Amount,standard,Decimal,DECIMAL_2,int x3,$.applications[0].totalAdditionalLoansAmount,loan.currentApplication.totalAdditionalLoansAmount,no,no,2,0.4,0,0,2,36000,36000,36000,509000,509000,,no,
URLA.X231,PrintLenderPages,standard,Boolean,YN,bool x510,$.printLenderPages,loan.printLenderPages,no,no,486,99.2,19,7.6,1,,,,,,Started,no,
URLA.X234,Assets/Liabilities Completed Jointly/Not Jointly,standard,String,STRING,str x705,$.applications[0].borrower.jointAssetLiabilityReportingIndicator1,loan.currentApplication.borrower.jointAssetLiabilityReportingIndicator1,no,no,464,94.7,213,84.9,2,,,,,,Started,no,
URLA.X235,Declarations Section D2 Explanation,standard,String,STRING,str x1,$.applications[0].borrower.sectionD2Explanation,loan.currentApplication.borrower.sectionD2Explanation,no,no,1,0.2,0,0,1,,,,,,,no,
URLA.X237,4b. Other New Mortgage Loans on the Property You are Buying or Refinancing Does not Apply,standard,Boolean,YN,bool x514,$.additionalLoanDoesNotApply,loan.additionalLoanDoesNotApply,no,no,489,99.8,19,7.6,1,,,,,,Started,no,
URLA.X238,Print both ULI / NULI and Loan Number,standard,Boolean,YN,bool x260,$.printUliAndLoanNoUrla,loan.printUliAndLoanNoUrla,no,no,1,0.2,0,0,1,,,,,,,no,
URLA.X245,Borrower Previous Gross Monthly Income,standard,Decimal,DECIMAL_2,float x1,$.applications[0].borrower.previousGrossMonthlyIncome,loan.currentApplication.borrower.previousGrossMonthlyIncome,no,no,1,0.2,0,0,1,,,,,,,no,
URLA.X261,Expected Borrower Count,standard,Int,INTEGER,int x225,$.expectedBorrowerCount,loan.expectedBorrowerCount,no,no,182,37.1,27,10.8,2,1,1,1,2,2,Started,no,
URLA.X265,Borr Prior Residence Does Not Apply,standard,Boolean,YN,bool x100,$.applications[0].borrower.priorResidenceDoesNotApply,loan.currentApplication.borrower.priorResidenceDoesNotApply,no,no,16,3.3,5,2,1,,,,,,Started,no,
URLA.X266,CoBorr Prior Residence Does Not Apply,standard,Boolean,YN,bool x10,$.applications[0].coborrower.priorResidenceDoesNotApply,loan.currentApplication.coborrower.priorResidenceDoesNotApply,no,no,4,0.8,4,1.6,1,,,,,,,no,
URLA.X267,Borr Mailing Foreign Address Indicator,standard,Boolean,YN,bool x2,$.applications[0].borrower.mailingAddress.foreignAddressIndicator,loan.currentApplication.borrower.mailingAddress.foreignAddressIndicator,no,no,1,0.2,0,0,1,,,,,,,no,identifying-or-high-cardinality
URLA.X269,Borr Mailing Country,standard,String,STRING,str x446,$.applications[0].borrower.mailingAddress.country,loan.currentApplication.borrower.mailingAddress.country,no,no,412,84.1,26,10.4,1,,,,,,Started,no,
URLA.X270,Co-Borr Mailing Country,standard,String,STRING,str x5,$.applications[0].coborrower.mailingAddress.country,loan.currentApplication.coborrower.mailingAddress.country,no,no,5,1,0,0,1,,,,,,,no,
USDA.X3,USDA - First Time Home Buyer Indicator,standard,Boolean,YN,bool x1,$.applications[0].borrower.firstTimeHomeBuyer,loan.currentApplication.borrower.firstTimeHomeBuyer,no,no,0,0,0,0,1,,,,,,,no,
USDA.X7,USDA Refinance Loan Indicator,standard,Boolean,YN,bool x735,$.usda.refinanceLoanIndicator,loan.usda.refinanceLoanIndicator,no,yes,350,71.4,10,4,1,,,,,,Started,no,
USDA.X16,USDA - Annual income for the household,standard,Decimal,DECIMAL_2,float x305 | int x28,$.applications[0].borrower.annualIncome,loan.currentApplication.borrower.annualIncome,no,no,315,64.3,7,2.8,326,1335.96,4769.76,9780.36,47133.39,1200000,Started,no,identifying-or-high-cardinality
USDA.X17,USDA - Adjusted Annual income for the household,standard,Decimal,DECIMAL_2,float x305 | int x28,$.applications[0].borrower.adjustedAnnualIncome,loan.currentApplication.borrower.adjustedAnnualIncome,no,no,315,64.3,7,2.8,326,1335.96,4769.76,9780.36,47133.39,1200000,Started,no,identifying-or-high-cardinality
USDA.X108,USDA - Present Landloard - Name,standard,String,STRING,str x60,$.usda.presentLandloardName,loan.usda.presentLandloardName,no,no,50,10.2,9,3.6,41,,,,,,Submittal,no,identifying-or-high-cardinality
USDA.X109,USDA - Present Landloard - Address,standard,String,STRING,str x40,$.usda.presentLandloardAddress,loan.usda.presentLandloardAddress,no,no,36,7.3,4,1.6,31,,,,,,Submittal,no,identifying-or-high-cardinality
USDA.X110,USDA - Present Landloard - City,standard,String,STRING,str x35,$.usda.presentLandloardCity,loan.usda.presentLandloardCity,no,no,31,6.3,4,1.6,15,,,,,,Submittal,no,identifying-or-high-cardinality
USDA.X111,USDA - Present Landloard - State,standard,String,STATE,str x34,$.usda.presentLandloardState,loan.usda.presentLandloardState,no,no,30,6.1,4,1.6,4,,,,,,Submittal,no,
USDA.X112,USDA - Present Landloard - Zip,standard,String,ZIPCODE,str x34,$.usda.presentLandloardZip,loan.usda.presentLandloardZip,no,no,30,6.1,4,1.6,16,,,,,,Submittal,no,identifying-or-high-cardinality
USDA.X113,USDA - Present Landloard - Phone Number,standard,String,PHONE,str x34,$.usda.presentLandloardPhone,loan.usda.presentLandloardPhone,no,no,32,6.5,1,0.4,29,,,,,,Submittal,no,identifying-or-high-cardinality
USDA.X164,USDA - Annual Income - Applicant Base Income,standard,Decimal,DECIMAL_2,int x7 | float x4,$.applications[0].borrower.baseIncome,loan.currentApplication.borrower.baseIncome,no,no,6,1.2,0,0,8,93876.48,99996,120978,852578.4,1200000,,no,
USDA.X170,USDA - Asset Income (Income from household assets as described in 1980.347(d) of RD Instruction 1980-D),standard,Decimal,DECIMAL_2,float x303 | int x25,$.applications[0].borrower.assetIncome,loan.currentApplication.borrower.assetIncome,no,no,311,63.5,7,2.8,322,1335.96,4769.76,9628.44,30551.28,111228,Started,no,identifying-or-high-cardinality
USDA.X194,USDA - Applicant Credit Score,standard,Int,INTEGER,int x408,$.applications[0].borrower.middleCreditScore,loan.currentApplication.borrower.middleCreditScore,no,no,270,55.1,132,52.6,106,727,744,752,772,798,Started,no,identifying-or-high-cardinality
USDA.X195,USDA - Co-Applicant Credit Score,standard,Int,INTEGER,int x26,$.applications[0].coborrower.middleCreditScore,loan.currentApplication.coborrower.middleCreditScore,no,no,14,2.9,11,4.4,22,597,728.5,754,775,805,Purchasing Conditions,no,
USDA.X222,USDA - Total Annual income for the household,standard,Decimal,DECIMAL_2,float x305 | int x29,$.usda.totalAnnualIncome,loan.usda.totalAnnualIncome,no,yes,315,64.3,7,2.8,327,1335.96,4769.76,9780.36,47133.39,1200000,Started,no,identifying-or-high-cardinality
USDA.X223,USDA - Total Adjusted Annual income for the household,standard,Decimal,DECIMAL_2,float x305 | int x29,$.usda.totalAdjustedAnnualIncome,loan.usda.totalAdjustedAnnualIncome,no,yes,315,64.3,7,2.8,327,1335.96,4769.76,9780.36,47133.39,1200000,Started,no,identifying-or-high-cardinality
USEGFETAX,Real Estate Tax Overide w/GFE Tax,standard,String,STRING,str x48,$.miscellaneous.useGfeTax,loan.miscellaneous.useGfeTax,no,no,48,9.8,0,0,1,,,,,,Investor Delivery,no,
UWID,File Contacts Underwriter Login ID,standard,String,STRING,str x165,$.contacts[?(@.contactType == 'LOAN_UNDERWRITER')].loginId,loan.contacts[(contactType == 'LOAN_UNDERWRITER')].loginId,no,no,153,31.2,10,4,6,,,,,,Cond. Approval,no,
VALA.X29,VA Loan Analysis Total Debt Mo Pymt,standard,Decimal,DECIMAL_2,int x237 | float x171,$.vaLoanData.totalDebtMonthlyPayment,loan.vaLoanData.totalDebtMonthlyPayment,no,yes,349,71.2,43,17.1,254,40,875,6118,18288.21,139432.12,Started,no,identifying-or-high-cardinality
VARRRWS.X2,VA Initial Computation Total,standard,Decimal,DECIMAL_2,float x133 | int x52,$.vaLoanData.initialTotal,loan.vaLoanData.initialTotal,no,no,185,37.8,0,0,174,58800,172025.41,318304.1,478099.2375,845682.35,Started,no,identifying-or-high-cardinality
VARRRWS.X4,VA Origination Fee,standard,Decimal,DECIMAL_2,float x96 | int x32,$.vaLoanData.originationFeeAmount,loan.vaLoanData.originationFeeAmount,no,yes,128,26.1,0,0,122,1176,2785.06,5040,11453.44,16913.65,Started,no,identifying-or-high-cardinality
VARRRWS.X7,VA Preliminary Loan Amt Total,standard,Decimal,DECIMAL_2,float x144 | int x41,$.vaLoanData.preliminaryTotal,loan.vaLoanData.preliminaryTotal,no,yes,185,37.8,0,0,176,59976,167562.25,321481.225,520338.3475,862596,Started,no,identifying-or-high-cardinality
VARRRWS.X13,VA Total - Max Loan Amt,standard,Decimal,DECIMAL_2,float x144 | int x41,$.vaLoanData.totalForMaxLoanAmount,loan.vaLoanData.totalForMaxLoanAmount,no,yes,185,37.8,0,0,176,59976,167562.25,321481.225,520338.3475,862596,Started,no,identifying-or-high-cardinality
VASUMM.X7,VA Loan Summ Property Gross Living Area,standard,Int,INTEGER,int x133,$.vaLoanData.propertyGrossLivingArea,loan.vaLoanData.propertyGrossLivingArea,no,no,86,17.6,47,18.7,128,525,942,1128,1319,1872,Started,no,identifying-or-high-cardinality
VASUMM.X10,VA Loan Summ Total Rooms,standard,Int,INTEGER,int x133,$.vaLoanData.totalRooms,loan.vaLoanData.totalRooms,no,no,86,17.6,47,18.7,11,2,5,6,7,13,Started,no,
VASUMM.X11,VA Loan Summ Baths,standard,Decimal,DECIMAL_2,int x109 | float x24,$.vaLoanData.totalBaths,loan.vaLoanData.totalBaths,no,no,86,17.6,47,18.7,8,1,1,1,2,4.1,Started,no,
VASUMM.X12,VA Loan Summ Bedrooms,standard,Int,INTEGER,int x133,$.vaLoanData.totalBedrooms,loan.vaLoanData.totalBedrooms,no,no,86,17.6,47,18.7,6,1,2,3,4,6,Started,no,
VASUMM.X22,VA Management - Qualification - Closing Cost Recoupment - Monthly Decrease in Payment,standard,Decimal,DECIMAL_2,float x643 | int x31,$.vaLoanData.vaRecoupmentMonthlyDecreaseInPayment,loan.vaLoanData.vaRecoupmentMonthlyDecreaseInPayment,no,no,452,92.2,202,80.5,657,-8087.9,-3784.395,-2288.82,-1419.42,-915.63,Started,no,identifying-or-high-cardinality
VASUMM.X23,VA Loan Summ Credit Score,standard,Int,INTEGER,int x167,$.vaLoanData.creditScore,loan.vaLoanData.creditScore,no,no,139,28.4,23,9.2,79,594,747,767,783,800,Started,no,identifying-or-high-cardinality
VASUMM.X25,VA Management - Qualification - Closing Cost Recoupment - Total Closing Costs,standard,Decimal,DECIMAL_2,float x613 | int x119,$.vaLoanData.vaRecoupmentTotalClosingCosts,loan.vaLoanData.vaRecoupmentTotalClosingCosts,no,no,489,99.8,232,92.4,674,2995,3006.97,3106.88,8082.21,581645,Started,no,identifying-or-high-cardinality
VASUMM.X27,VA Management - Qualification - Recoup Closing Costs,standard,Int,INTEGER,int x3,$.vaLoanData.vaRecoupmentClosingCosts,loan.vaLoanData.vaRecoupmentClosingCosts,no,no,2,0.4,1,0.4,2,3,3,3,52,52,,no,
VASUMM.X59,VA Loan Disbursement - Annual Special Assessment,standard,Decimal,DECIMAL_2,int x123,$.vaLoanData.annualSpecialAssessment,loan.vaLoanData.annualSpecialAssessment,no,no,3,0.6,1,0.4,4,117,130.25,197,2603.75,3397,,no,
VASUMM.X98,VA Management Tool - Total Monthly Payment,standard,Decimal,DECIMAL_2,int x3 | float x1,$.vaLoanData.totalMonthlyPayment,loan.vaLoanData.totalMonthlyPayment,no,no,3,0.6,1,0.4,4,2400,2519.9075,3939.815,6500,7000,,no,
VASUMM.X99,VA Management Tool - Total Proposed Monthly Payment,standard,Decimal,DECIMAL_2,float x643 | int x36,$.vaLoanData.totalProposedMonthlyPayment,loan.vaLoanData.totalProposedMonthlyPayment,no,no,452,92.2,202,80.5,657,915.63,1419.42,2288.82,3784.395,8087.9,Started,no,identifying-or-high-cardinality
VASUMM.X112,VA Management Tool - Cash-Out Refinance - Proposed Home Equity Remaining Amount,standard,Decimal,DECIMAL_2,int x688 | float x1,$.vaLoanData.proposedHomeEquityRemainingAmount,loan.vaLoanData.proposedHomeEquityRemainingAmount,no,no,443,90.4,220,87.6,385,40000,150000,300000,500000,850000,Started,no,identifying-or-high-cardinality
VASUMM.X114,VA Management Tool - Cash-Out Refinance - Amount of Cash Directly Disbursed to Borrower(s),standard,Decimal,DECIMAL_2,int x434 | float x328,$.vaLoanData.cashDisbursedToBorrowerAmount,loan.vaLoanData.cashDisbursedToBorrowerAmount,no,no,305,62.2,57,22.7,368,2294.7,89864,155437.59,286945,2408246.31,Loan Setup,no,identifying-or-high-cardinality
VASUMM.X115,VA Management Tool - Cash-Out Refinance - Amount of Disbursements less Mortgage Payoffs,standard,Decimal,DECIMAL_2,int x762 | float x10,$.vaLoanData.disbursementsLessPayoffAmount,loan.vaLoanData.disbursementsLessPayoffAmount,no,no,18,3.7,18,7.2,26,237.86,145800,280899.89,436500,825000,,no,identifying-or-high-cardinality
VASUMM.X124,VA Management Tool - Cash-Out Refinance - Total CLosing Cost Less Guarantee Fee,standard,Decimal,DECIMAL_2,float x613 | int x119,$.vaLoanData.totalClosingCostLessGuaranteeFee,loan.vaLoanData.totalClosingCostLessGuaranteeFee,no,no,489,99.8,232,92.4,674,2995,3006.97,3106.88,8082.21,581645,Started,no,identifying-or-high-cardinality
VASUMM.X126,VA Loan Amount of Proposed Liens,standard,Decimal,DECIMAL_2,int x355 | float x1,$.vaLoanData.amountOfProposedLiens,loan.vaLoanData.amountOfProposedLiens,no,no,337,68.8,7,2.8,248,120000,195000,300000,450000,770000,Started,no,identifying-or-high-cardinality
VASUMM.X137,VA Management - Qualification - Closing Cost Recoupment - CD Non Shoppable Less Funding Fee,standard,Decimal,DECIMAL_2,int x6 | float x4,$.vaLoanData.cdNonShoppableLessFundingFee,loan.vaLoanData.cdNonShoppableLessFundingFee,no,no,6,1.2,0,0,5,112.14,648.1,900,900,3959.02,,no,
VASUMM.X140,VA Management Tool - Include Section A In Recoupment Test,standard,Boolean,YN,bool x772,$.vaLoanData.includeSectionAIndicator,loan.vaLoanData.includeSectionAIndicator,no,no,490,100,251,100,1,,,,,,Started,no,
VASUMM.X141,VA Management Tool - Include Section B VA Funding Fee In Recoupment Test,standard,Boolean,YN,bool x772,$.vaLoanData.includeSectionBVaFundingFeeIndicator,loan.vaLoanData.includeSectionBVaFundingFeeIndicator,no,no,490,100,251,100,1,,,,,,Started,no,
VASUMM.X142,VA Management Tool - Include Section B Other In Recoupment Test,standard,Boolean,YN,bool x772,$.vaLoanData.includeSectionBOtherIndicator,loan.vaLoanData.includeSectionBOtherIndicator,no,no,490,100,251,100,1,,,,,,Started,no,
VASUMM.X143,VA Management Tool - Include Section C In Recoupment Test,standard,Boolean,YN,bool x772,$.vaLoanData.includeSectionCIndicator,loan.vaLoanData.includeSectionCIndicator,no,no,490,100,251,100,1,,,,,,Started,no,
VASUMM.X144,VA Management Tool - Include Section E In Recoupment Test,standard,Boolean,YN,bool x772,$.vaLoanData.includeSectionEIndicator,loan.vaLoanData.includeSectionEIndicator,no,no,490,100,251,100,1,,,,,,Started,no,
VASUMM.X145,VA Management Tool - Include Section F In Recoupment Test,standard,Boolean,YN,bool x772,$.vaLoanData.includeSectionFIndicator,loan.vaLoanData.includeSectionFIndicator,no,no,490,100,251,100,1,,,,,,Started,no,
VASUMM.X146,VA Management Tool - Include Section G In Recoupment Test,standard,Boolean,YN,bool x772,$.vaLoanData.includeSectionGIndicator,loan.vaLoanData.includeSectionGIndicator,no,no,490,100,251,100,1,,,,,,Started,no,
VASUMM.X147,VA Management Tool - Include Section H In Recoupment Test,standard,Boolean,YN,bool x772,$.vaLoanData.includeSectionHIndicator,loan.vaLoanData.includeSectionHIndicator,no,no,490,100,251,100,1,,,,,,Started,no,
VASUMM.X148,VA Management Tool - Include Lender Credit In Recoupment Test,standard,Boolean,YN,bool x772,$.vaLoanData.includeLenderCreditIndicator,loan.vaLoanData.includeLenderCreditIndicator,no,no,490,100,251,100,1,,,,,,Started,no,
VASUMM.X149,VA Management Tool - Loan Info Refi Existing Lien,standard,Decimal,DECIMAL_2,float x107 | int x78,$.vaLoanData.refinancePropertyExistingLienAmount,loan.vaLoanData.refinancePropertyExistingLienAmount,no,no,185,37.8,0,0,161,55836,226000,501787.97,1058181.69,2198803.26,Started,no,identifying-or-high-cardinality
VEND.X2,File Contacts Custom Category #4 Contact Name,standard,String,STRING,str x1,$.contacts[?(@.contactType == 'CUSTOM' && @.customContactIndex == 4)].contactName,loan.contacts[(contactType == 'CUSTOM' && customContactIndex == 4)].contactName,no,no,1,0.2,0,0,1,,,,,,,no,identifying-or-high-cardinality
VEND.X10,File Contacts Custom Category #4 Co Email,standard,String,STRING,str x1,$.contacts[?(@.contactType == 'CUSTOM' && @.customContactIndex == 4)].email,loan.contacts[(contactType == 'CUSTOM' && customContactIndex == 4)].email,no,no,1,0.2,0,0,1,,,,,,,no,identifying-or-high-cardinality
VEND.X13,File Contacts Flood Ins Co Contact,standard,String,STRING,str x5,$.contacts[?(@.contactType == 'FLOOD_INSURANCE')].contactName,loan.contacts[(contactType == 'FLOOD_INSURANCE')].contactName,no,no,5,1,0,0,3,,,,,,,no,
VEND.X14,File Contacts Flood Ins Co Addr,standard,String,STRING,str x5,$.contacts[?(@.contactType == 'FLOOD_INSURANCE')].address,loan.contacts[(contactType == 'FLOOD_INSURANCE')].address,no,no,5,1,0,0,3,,,,,,,no,
VEND.X15,File Contacts Flood Ins Co City,standard,String,STRING,str x5,$.contacts[?(@.contactType == 'FLOOD_INSURANCE')].city,loan.contacts[(contactType == 'FLOOD_INSURANCE')].city,no,no,5,1,0,0,3,,,,,,,no,identifying-or-high-cardinality
VEND.X16,File Contacts Flood Ins Co State,standard,String,STATE,str x5,$.contacts[?(@.contactType == 'FLOOD_INSURANCE')].state,loan.contacts[(contactType == 'FLOOD_INSURANCE')].state,no,no,5,1,0,0,2,,,,,,,no,
VEND.X17,File Contacts Flood Ins Co Zip,standard,String,ZIPCODE,str x5,$.contacts[?(@.contactType == 'FLOOD_INSURANCE')].postalCode,loan.contacts[(contactType == 'FLOOD_INSURANCE')].postalCode,no,no,5,1,0,0,3,,,,,,,no,identifying-or-high-cardinality
VEND.X19,File Contacts Flood Ins Co Phone,standard,String,PHONE,str x5,$.contacts[?(@.contactType == 'FLOOD_INSURANCE')].phone,loan.contacts[(contactType == 'FLOOD_INSURANCE')].phone,no,no,5,1,0,0,3,,,,,,,no,identifying-or-high-cardinality
VEND.X21,File Contacts Flood Ins Co Email,standard,String,STRING,str x5,$.contacts[?(@.contactType == 'FLOOD_INSURANCE')].email,loan.contacts[(contactType == 'FLOOD_INSURANCE')].email,no,no,5,1,0,0,3,,,,,,,no,identifying-or-high-cardinality
VEND.X22,File Contacts Flood Ins Co Policy #,standard,String,STRING,str x1,$.contacts[?(@.contactType == 'FLOOD_INSURANCE')].referenceNumber,loan.contacts[(contactType == 'FLOOD_INSURANCE')].referenceNumber,no,no,1,0.2,0,0,1,,,,,,,no,
VEND.X44,File Contacts Financial Planner Name,standard,String,STRING,str x1,$.contacts[?(@.contactType == 'FINANCIAL_PLANNER')].name,loan.contacts[(contactType == 'FINANCIAL_PLANNER')].name,no,no,1,0.2,0,0,1,,,,,,,no,identifying-or-high-cardinality
VEND.X54,File Contacts Custom Category #1 Co Name,standard,String,STRING,str x131,$.contacts[?(@.contactType == 'CUSTOM' && @.customContactIndex == 1)].name,loan.contacts[(contactType == 'CUSTOM' && customContactIndex == 1)].name,no,no,72,14.7,59,23.5,118,,,,,,Started,no,identifying-or-high-cardinality
VEND.X55,File Contacts Custom Category #1 Co Contact Name,standard,String,STRING,str x32,$.contacts[?(@.contactType == 'CUSTOM' && @.customContactIndex == 1)].contactName,loan.contacts[(contactType == 'CUSTOM' && customContactIndex == 1)].contactName,no,no,29,5.9,3,1.2,19,,,,,,Investor Delivery,no,identifying-or-high-cardinality
VEND.X56,File Contacts Custom Category #1 Co Addr,standard,String,STRING,str x1,$.contacts[?(@.contactType == 'CUSTOM' && @.customContactIndex == 1)].address,loan.contacts[(contactType == 'CUSTOM' && customContactIndex == 1)].address,no,no,0,0,1,0.4,1,,,,,,,no,
VEND.X57,File Contacts Custom Category #1 Co City,standard,String,STRING,str x1,$.contacts[?(@.contactType == 'CUSTOM' && @.customContactIndex == 1)].city,loan.contacts[(contactType == 'CUSTOM' && customContactIndex == 1)].city,no,no,0,0,1,0.4,1,,,,,,,no,identifying-or-high-cardinality
VEND.X58,File Contacts Custom Category #1 Co State,standard,String,STATE,str x1,$.contacts[?(@.contactType == 'CUSTOM' && @.customContactIndex == 1)].state,loan.contacts[(contactType == 'CUSTOM' && customContactIndex == 1)].state,no,no,0,0,1,0.4,1,,,,,,,no,
VEND.X59,File Contacts Custom Category #1 Co Zip,standard,String,ZIPCODE,str x1,$.contacts[?(@.contactType == 'CUSTOM' && @.customContactIndex == 1)].postalCode,loan.contacts[(contactType == 'CUSTOM' && customContactIndex == 1)].postalCode,no,no,0,0,1,0.4,1,,,,,,,no,identifying-or-high-cardinality
VEND.X63,File Contacts Custom Category #1 Co Email,standard,String,STRING,str x19,$.contacts[?(@.contactType == 'CUSTOM' && @.customContactIndex == 1)].email,loan.contacts[(contactType == 'CUSTOM' && customContactIndex == 1)].email,no,no,19,3.9,0,0,2,,,,,,Purchasing Conditions,no,identifying-or-high-cardinality
VEND.X64,File Contacts Custom Category #2 Co Name,standard,String,STRING,str x7,$.contacts[?(@.contactType == 'CUSTOM' && @.customContactIndex == 2)].name,loan.contacts[(contactType == 'CUSTOM' && customContactIndex == 2)].name,no,no,7,1.4,0,0,5,,,,,,,no,identifying-or-high-cardinality
VEND.X65,File Contacts Custom Category #2 Co Contact Name,standard,String,STRING,str x6,$.contacts[?(@.contactType == 'CUSTOM' && @.customContactIndex == 2)].contactName,loan.contacts[(contactType == 'CUSTOM' && customContactIndex == 2)].contactName,no,no,6,1.2,0,0,5,,,,,,,no,identifying-or-high-cardinality
VEND.X73,File Contacts Custom Category #2 Co Email,standard,String,STRING,str x1,$.contacts[?(@.contactType == 'CUSTOM' && @.customContactIndex == 2)].email,loan.contacts[(contactType == 'CUSTOM' && customContactIndex == 2)].email,no,no,1,0.2,0,0,1,,,,,,,no,identifying-or-high-cardinality
VEND.X74,File Contacts Custom Category #3 Co Name,standard,String,STRING,str x1,$.contacts[?(@.contactType == 'CUSTOM' && @.customContactIndex == 3)].name,loan.contacts[(contactType == 'CUSTOM' && customContactIndex == 3)].name,no,no,1,0.2,0,0,1,,,,,,,no,identifying-or-high-cardinality
VEND.X75,File Contacts Custom Category #3 Co Contact Name,standard,String,STRING,str x4,$.contacts[?(@.contactType == 'CUSTOM' && @.customContactIndex == 3)].contactName,loan.contacts[(contactType == 'CUSTOM' && customContactIndex == 3)].contactName,no,no,4,0.8,0,0,4,,,,,,,no,identifying-or-high-cardinality
VEND.X83,File Contacts Custom Category #3 Co Email,standard,String,STRING,str x3,$.contacts[?(@.contactType == 'CUSTOM' && @.customContactIndex == 3)].email,loan.contacts[(contactType == 'CUSTOM' && customContactIndex == 3)].email,no,no,3,0.6,0,0,3,,,,,,,no,identifying-or-high-cardinality
VEND.X84,File Contacts Custom Category #1 Name,standard,String,STRING,str x18,$.contacts[?(@.contactType == 'CUSTOM' && @.customContactIndex == 1)].categoryName,loan.contacts[(contactType == 'CUSTOM' && customContactIndex == 1)].categoryName,no,no,14,2.9,4,1.6,4,,,,,,Purchasing Conditions,no,identifying-or-high-cardinality
VEND.X85,File Contacts Custom Category #2 Name,standard,String,STRING,str x7,$.contacts[?(@.contactType == 'CUSTOM' && @.customContactIndex == 2)].categoryName,loan.contacts[(contactType == 'CUSTOM' && customContactIndex == 2)].categoryName,no,no,7,1.4,0,0,4,,,,,,,no,identifying-or-high-cardinality
VEND.X86,File Contacts Custom Category #3 Name,standard,String,STRING,str x1,$.contacts[?(@.contactType == 'CUSTOM' && @.customContactIndex == 3)].categoryName,loan.contacts[(contactType == 'CUSTOM' && customContactIndex == 3)].categoryName,no,no,1,0.2,0,0,1,,,,,,,no,identifying-or-high-cardinality
VEND.X157,File Contacts Hazard Ins Co Addr,standard,String,STRING,str x208,$.contacts[?(@.contactType == 'HAZARD_INSURANCE')].address,loan.contacts[(contactType == 'HAZARD_INSURANCE')].address,no,no,158,32.2,48,19.1,70,,,,,,Loan Setup,no,identifying-or-high-cardinality
VEND.X158,File Contacts Hazard Ins Co City,standard,String,STRING,str x208,$.contacts[?(@.contactType == 'HAZARD_INSURANCE')].city,loan.contacts[(contactType == 'HAZARD_INSURANCE')].city,no,no,158,32.2,48,19.1,29,,,,,,Loan Setup,no,identifying-or-high-cardinality
VEND.X159,File Contacts Hazard Ins Co State,standard,String,STATE,str x208,$.contacts[?(@.contactType == 'HAZARD_INSURANCE')].state,loan.contacts[(contactType == 'HAZARD_INSURANCE')].state,no,no,158,32.2,48,19.1,7,,,,,,Loan Setup,no,
VEND.X160,File Contacts Hazard Ins Co Zip,standard,String,ZIPCODE,str x208,$.contacts[?(@.contactType == 'HAZARD_INSURANCE')].postalCode,loan.contacts[(contactType == 'HAZARD_INSURANCE')].postalCode,no,no,158,32.2,48,19.1,40,,,,,,Loan Setup,no,identifying-or-high-cardinality
VEND.X162,File Contacts Hazard Ins Agent / Contact Name,standard,String,STRING,str x261,$.contacts[?(@.contactType == 'HAZARD_INSURANCE')].contactName,loan.contacts[(contactType == 'HAZARD_INSURANCE')].contactName,no,no,200,40.8,60,23.9,110,,,,,,Loan Setup,no,identifying-or-high-cardinality
VEND.X163,File Contacts Hazard Ins Co Phone,standard,String,PHONE,str x184,$.contacts[?(@.contactType == 'HAZARD_INSURANCE')].phone,loan.contacts[(contactType == 'HAZARD_INSURANCE')].phone,no,no,138,28.2,44,17.5,70,,,,,,Loan Setup,no,identifying-or-high-cardinality
VEND.X164,File Contacts Hazard Ins Co Email,standard,String,STRING,str x269,$.contacts[?(@.contactType == 'HAZARD_INSURANCE')].email,loan.contacts[(contactType == 'HAZARD_INSURANCE')].email,no,no,208,42.4,59,23.5,106,,,,,,Loan Setup,no,identifying-or-high-cardinality
VEND.X165,File Contacts Hazard Ins Co Fax,standard,String,PHONE,str x24,$.contacts[?(@.contactType == 'HAZARD_INSURANCE')].fax,loan.contacts[(contactType == 'HAZARD_INSURANCE')].fax,no,no,22,4.5,2,0.8,11,,,,,,Purchasing Conditions,no,identifying-or-high-cardinality
VEND.X171,File Contacts Underwriter Co Addr,standard,String,STRING,str x164,$.contacts[?(@.contactType == 'UNDERWRITER')].address,loan.contacts[(contactType == 'UNDERWRITER')].address,no,no,151,30.8,10,4,1,,,,,,Cond. Approval,no,
VEND.X172,File Contacts Underwriter Co City,standard,String,STRING,str x164,$.contacts[?(@.contactType == 'UNDERWRITER')].city,loan.contacts[(contactType == 'UNDERWRITER')].city,no,no,151,30.8,10,4,1,,,,,,Cond. Approval,no,identifying-or-high-cardinality
VEND.X173,File Contacts Underwriter Co State,standard,String,STATE,str x164,$.contacts[?(@.contactType == 'UNDERWRITER')].state,loan.contacts[(contactType == 'UNDERWRITER')].state,no,no,151,30.8,10,4,1,,,,,,Cond. Approval,no,
VEND.X174,File Contacts Underwriter Co Zip,standard,String,ZIPCODE,str x164,$.contacts[?(@.contactType == 'UNDERWRITER')].postalCode,loan.contacts[(contactType == 'UNDERWRITER')].postalCode,no,no,151,30.8,10,4,1,,,,,,Cond. Approval,no,identifying-or-high-cardinality
VEND.X176,File Contacts Underwriter Co Fax,standard,String,PHONE,str x164,$.contacts[?(@.contactType == 'UNDERWRITER')].fax,loan.contacts[(contactType == 'UNDERWRITER')].fax,no,no,151,30.8,10,4,1,,,,,,Cond. Approval,no,identifying-or-high-cardinality
VEND.X178,File Contacts Servicing Co Name,standard,String,STRING,str x142,$.contacts[?(@.contactType == 'SERVICING')].name,loan.contacts[(contactType == 'SERVICING')].name,no,no,142,29,0,0,11,,,,,,Investor Delivery,no,identifying-or-high-cardinality
VEND.X179,File Contacts Servicing Co Addr,standard,String,STRING,str x515,$.contacts[?(@.contactType == 'SERVICING')].address,loan.contacts[(contactType == 'SERVICING')].address,no,no,489,99.8,19,7.6,12,,,,,,Started,no,identifying-or-high-cardinality
VEND.X180,File Contacts Servicing Co City,standard,String,STRING,str x515,$.contacts[?(@.contactType == 'SERVICING')].city,loan.contacts[(contactType == 'SERVICING')].city,no,no,489,99.8,19,7.6,6,,,,,,Started,no,identifying-or-high-cardinality
VEND.X181,File Contacts Servicing Co State,standard,String,STATE,str x515,$.contacts[?(@.contactType == 'SERVICING')].state,loan.contacts[(contactType == 'SERVICING')].state,no,no,489,99.8,19,7.6,6,,,,,,Started,no,
VEND.X182,File Contacts Servicing Co Zip,standard,String,ZIPCODE,str x515,$.contacts[?(@.contactType == 'SERVICING')].postalCode,loan.contacts[(contactType == 'SERVICING')].postalCode,no,no,489,99.8,19,7.6,10,,,,,,Started,no,identifying-or-high-cardinality
VEND.X184,File Contacts Servicing Co Contact Name,standard,String,STRING,str x515,$.contacts[?(@.contactType == 'SERVICING')].contactName,loan.contacts[(contactType == 'SERVICING')].contactName,no,no,489,99.8,19,7.6,16,,,,,,Started,no,identifying-or-high-cardinality
VEND.X185,File Contacts Servicing Co Phone,standard,String,PHONE,str x513,$.contacts[?(@.contactType == 'SERVICING')].phone,loan.contacts[(contactType == 'SERVICING')].phone,no,no,487,99.4,19,7.6,12,,,,,,Started,no,identifying-or-high-cardinality
VEND.X186,File Contacts Servicing Co Email,standard,String,STRING,str x73,$.contacts[?(@.contactType == 'SERVICING')].email,loan.contacts[(contactType == 'SERVICING')].email,no,no,73,14.9,0,0,5,,,,,,Purchasing Conditions,no,identifying-or-high-cardinality
VEND.X200,File Contacts Warehouse Co Name,standard,String,STRING,str x190,$.contacts[?(@.contactType == 'WAREHOUSE')].name,loan.contacts[(contactType == 'WAREHOUSE')].name,no,no,179,36.5,10,4,6,,,,,,Docs Out,yes,identifying-or-high-cardinality
VEND.X201,File Contacts Warehouse Co Addr,standard,String,STRING,str x188,$.contacts[?(@.contactType == 'WAREHOUSE')].address,loan.contacts[(contactType == 'WAREHOUSE')].address,no,no,178,36.3,9,3.6,6,,,,,,Docs Out,no,identifying-or-high-cardinality
VEND.X202,File Contacts Warehouse Co City,standard,String,STRING,str x188,$.contacts[?(@.contactType == 'WAREHOUSE')].city,loan.contacts[(contactType == 'WAREHOUSE')].city,no,no,178,36.3,9,3.6,6,,,,,,Docs Out,no,identifying-or-high-cardinality
VEND.X203,File Contacts Warehouse Co State,standard,String,STATE,str x188,$.contacts[?(@.contactType == 'WAREHOUSE')].state,loan.contacts[(contactType == 'WAREHOUSE')].state,no,no,178,36.3,9,3.6,5,,,,,,Docs Out,no,
VEND.X204,File Contacts Warehouse Co Zip,standard,String,ZIPCODE,str x188,$.contacts[?(@.contactType == 'WAREHOUSE')].postalCode,loan.contacts[(contactType == 'WAREHOUSE')].postalCode,no,no,178,36.3,9,3.6,6,,,,,,Docs Out,no,identifying-or-high-cardinality
VEND.X206,File Contacts Warehouse Co Contact Name,standard,String,STRING,str x188,$.contacts[?(@.contactType == 'WAREHOUSE')].contactName,loan.contacts[(contactType == 'WAREHOUSE')].contactName,no,no,178,36.3,9,3.6,5,,,,,,Docs Out,no,identifying-or-high-cardinality
VEND.X207,File Contacts Warehouse Co Phone,standard,String,PHONE,str x82,$.contacts[?(@.contactType == 'WAREHOUSE')].phone,loan.contacts[(contactType == 'WAREHOUSE')].phone,no,no,80,16.3,2,0.8,1,,,,,,Docs Out,no,identifying-or-high-cardinality
VEND.X208,File Contacts Warehouse Co Email,standard,String,STRING,str x188,$.contacts[?(@.contactType == 'WAREHOUSE')].email,loan.contacts[(contactType == 'WAREHOUSE')].email,no,no,178,36.3,9,3.6,5,,,,,,Docs Out,no,identifying-or-high-cardinality
VEND.X216,File Contacts Escrow Co Relationship,standard,String,STRING,str x2,$.contacts[?(@.contactType == 'ESCROW_COMPANY')].relationship,loan.contacts[(contactType == 'ESCROW_COMPANY')].relationship,no,no,1,0.2,0,0,1,,,,,,,no,
VEND.X218,File Contacts Escrow Co Line Item #,standard,String,STRING,str x2,$.contacts[?(@.contactType == 'ESCROW_COMPANY')].lineItemNumber,loan.contacts[(contactType == 'ESCROW_COMPANY')].lineItemNumber,no,no,1,0.2,0,0,1,,,,,,,no,
VEND.X263,File Contacts Investor Name,standard,String,STRING,str x408,$.contacts[?(@.contactType == 'INVESTOR')].name,loan.contacts[(contactType == 'INVESTOR')].name,no,no,348,71,56,22.3,68,,,,,,Loan Setup,yes,identifying-or-high-cardinality
VEND.X264,File Contacts Investor Addr,standard,String,STRING,str x178,$.contacts[?(@.contactType == 'INVESTOR')].address,loan.contacts[(contactType == 'INVESTOR')].address,no,no,175,35.7,2,0.8,12,,,,,,Docs Out,no,identifying-or-high-cardinality
VEND.X265,File Contacts Investor City,standard,String,STRING,str x178,$.contacts[?(@.contactType == 'INVESTOR')].city,loan.contacts[(contactType == 'INVESTOR')].city,no,no,175,35.7,2,0.8,10,,,,,,Docs Out,no,identifying-or-high-cardinality
VEND.X266,File Contacts Investor State,standard,String,STATE,str x178,$.contacts[?(@.contactType == 'INVESTOR')].state,loan.contacts[(contactType == 'INVESTOR')].state,no,no,175,35.7,2,0.8,8,,,,,,Docs Out,no,
VEND.X267,File Contacts Investor Zip,standard,String,ZIPCODE,str x178,$.contacts[?(@.contactType == 'INVESTOR')].postalCode,loan.contacts[(contactType == 'INVESTOR')].postalCode,no,no,175,35.7,2,0.8,11,,,,,,Docs Out,no,identifying-or-high-cardinality
VEND.X271,File Contacts Investor Contact Name,standard,String,STRING,str x189,$.contacts[?(@.contactType == 'INVESTOR')].contactName,loan.contacts[(contactType == 'INVESTOR')].contactName,no,no,186,38,2,0.8,17,,,,,,Docs Out,no,identifying-or-high-cardinality
VEND.X272,File Contacts Investor Phone,standard,String,PHONE,str x186,$.contacts[?(@.contactType == 'INVESTOR')].phone,loan.contacts[(contactType == 'INVESTOR')].phone,no,no,183,37.3,2,0.8,13,,,,,,Docs Out,no,identifying-or-high-cardinality
VEND.X273,File Contacts Investor Email,standard,String,STRING,str x186,$.contacts[?(@.contactType == 'INVESTOR')].email,loan.contacts[(contactType == 'INVESTOR')].email,no,no,183,37.3,2,0.8,14,,,,,,Docs Out,no,identifying-or-high-cardinality
VEND.X276,File Contacts Investor Ref #,standard,String,STRING,str x386,$.contacts[?(@.contactType == 'INVESTOR')].referenceNumber,loan.contacts[(contactType == 'INVESTOR')].referenceNumber,no,no,330,67.3,51,20.3,379,,,,,,Loan Setup,yes,identifying-or-high-cardinality
VEND.X293,File Contacts Broker Name,standard,String,STRING,str x293,$.contacts[?(@.contactType == 'BROKER')].name,loan.contacts[(contactType == 'BROKER')].name,no,no,101,20.6,187,74.5,2,,,,,,Completion,no,identifying-or-high-cardinality
VEND.X294,File Contacts Broker Addr,standard,String,STRING,str x293,$.contacts[?(@.contactType == 'BROKER')].address,loan.contacts[(contactType == 'BROKER')].address,no,no,101,20.6,187,74.5,2,,,,,,Completion,no,
VEND.X295,File Contacts Broker City,standard,String,STRING,str x293,$.contacts[?(@.contactType == 'BROKER')].city,loan.contacts[(contactType == 'BROKER')].city,no,no,101,20.6,187,74.5,1,,,,,,Completion,no,identifying-or-high-cardinality
VEND.X296,File Contacts Broker State,standard,String,STATE,str x293,$.contacts[?(@.contactType == 'BROKER')].state,loan.contacts[(contactType == 'BROKER')].state,no,no,101,20.6,187,74.5,1,,,,,,Completion,no,
VEND.X297,File Contacts Broker Zip,standard,String,ZIPCODE,str x293,$.contacts[?(@.contactType == 'BROKER')].postalCode,loan.contacts[(contactType == 'BROKER')].postalCode,no,no,101,20.6,187,74.5,2,,,,,,Completion,no,identifying-or-high-cardinality
VEND.X300,File Contacts Broker Ref #,standard,String,STRING,str x147,$.contacts[?(@.contactType == 'BROKER')].referenceNumber,loan.contacts[(contactType == 'BROKER')].referenceNumber,no,no,60,12.2,85,33.9,1,,,,,,Completion,no,
VEND.X310,File Contacts Doc Prep Name,standard,String,STRING,str x2,$.contacts[?(@.contactType == 'DOCSPREPAREDBY')].name,loan.contacts[(contactType == 'DOCSPREPAREDBY')].name,no,no,1,0.2,1,0.4,2,,,,,,,no,identifying-or-high-cardinality
VEND.X311,File Contacts Doc Prep Addr,standard,String,STRING,str x2,$.contacts[?(@.contactType == 'DOCSPREPAREDBY')].address,loan.contacts[(contactType == 'DOCSPREPAREDBY')].address,no,no,1,0.2,1,0.4,2,,,,,,,no,
VEND.X312,File Contacts Doc Prep City,standard,String,STRING,str x2,$.contacts[?(@.contactType == 'DOCSPREPAREDBY')].city,loan.contacts[(contactType == 'DOCSPREPAREDBY')].city,no,no,1,0.2,1,0.4,2,,,,,,,no,identifying-or-high-cardinality
VEND.X313,File Contacts Doc Prep State,standard,String,STATE,str x2,$.contacts[?(@.contactType == 'DOCSPREPAREDBY')].state,loan.contacts[(contactType == 'DOCSPREPAREDBY')].state,no,no,1,0.2,1,0.4,2,,,,,,,no,
VEND.X314,File Contacts Doc Prep Zip,standard,String,ZIPCODE,str x2,$.contacts[?(@.contactType == 'DOCSPREPAREDBY')].postalCode,loan.contacts[(contactType == 'DOCSPREPAREDBY')].postalCode,no,no,1,0.2,1,0.4,2,,,,,,,no,identifying-or-high-cardinality
VEND.X317,File Contacts Doc Prep Contact Name,standard,String,STRING,str x43,$.contacts[?(@.contactType == 'DOCSPREPAREDBY')].contactName,loan.contacts[(contactType == 'DOCSPREPAREDBY')].contactName,no,no,42,8.6,1,0.4,12,,,,,,Docs Out,no,identifying-or-high-cardinality
VEND.X318,File Contacts Doc Prep Phone,standard,String,PHONE,str x15,$.contacts[?(@.contactType == 'DOCSPREPAREDBY')].phone,loan.contacts[(contactType == 'DOCSPREPAREDBY')].phone,no,no,14,2.9,1,0.4,3,,,,,,Investor Delivery,no,identifying-or-high-cardinality
VEND.X319,File Contacts Doc Prep Email,standard,String,STRING,str x43,$.contacts[?(@.contactType == 'DOCSPREPAREDBY')].email,loan.contacts[(contactType == 'DOCSPREPAREDBY')].email,no,no,42,8.6,1,0.4,9,,,,,,Docs Out,no,identifying-or-high-cardinality
VEND.X320,File Contacts Doc Prep Fax,standard,String,PHONE,str x2,$.contacts[?(@.contactType == 'DOCSPREPAREDBY')].fax,loan.contacts[(contactType == 'DOCSPREPAREDBY')].fax,no,no,1,0.2,1,0.4,2,,,,,,,no,identifying-or-high-cardinality
VEND.X396,File Contacts Escrow Co ABA Number,standard,String,STRING,str x14,$.contacts[?(@.contactType == 'ESCROW_COMPANY')].aba,loan.contacts[(contactType == 'ESCROW_COMPANY')].aba,no,no,14,2.9,0,0,5,,,,,,Purchasing Conditions,no,identifying-or-high-cardinality
VEND.X397,File Contacts Escrow Co Account Number,standard,String,STRING,str x14,$.contacts[?(@.contactType == 'ESCROW_COMPANY')].accountName,loan.contacts[(contactType == 'ESCROW_COMPANY')].accountName,no,no,14,2.9,0,0,7,,,,,,Purchasing Conditions,no,identifying-or-high-cardinality
VEND.X437,HUD1ES Tax Pay To Payment Schedule,standard,String,STRING,str x170,$.hud1Es.realEstateTaxPaymentSchedule,loan.hud1Es.realEstateTaxPaymentSchedule,no,yes,169,34.5,0,0,4,,,,,,Docs Out,no,
VEND.X440,HUD1ES Tax Pay To Amount Next Due,standard,Decimal,DECIMAL_2,float x162 | int x8,$.hud1Es.realEstateTaxAmountNextDue,loan.hud1Es.realEstateTaxAmountNextDue,no,no,169,34.5,0,0,167,459.72,773.04,1551.66,2123.3175,5846.04,Docs Out,no,identifying-or-high-cardinality
VEND.X441,HUD1ES Tax Pay To Next Due Date,standard,DateTime,DATE,date x170,$.hud1Es.realEstateTaxNextDueDate,loan.hud1Es.realEstateTaxNextDueDate,no,no,169,34.5,0,0,31,,,,,,Docs Out,no,identifying-or-high-cardinality
VEND.X443,HUD1ES Tax Pay Hazard Insurance Premium,standard,Decimal,DECIMAL_2,float x115 | int x57,$.contacts[?(@.contactType == 'HAZARD_INSURANCE')].insurancePremium,loan.contacts[(contactType == 'HAZARD_INSURANCE')].insurancePremium,no,no,171,34.9,0,0,164,480,892.18,1367.04,2023.92,2916.75,Docs Out,no,identifying-or-high-cardinality
VEND.X444,HUD1ES Tax Pay Hazard Insurance Renewal Date,standard,DateTime,DATE,date x172,$.contacts[?(@.contactType == 'HAZARD_INSURANCE')].insuranceRenewalDate,loan.contacts[(contactType == 'HAZARD_INSURANCE')].insuranceRenewalDate,no,no,171,34.9,0,0,129,,,,,,Docs Out,no,identifying-or-high-cardinality
VEND.X447,HUD1ES Tax Pay Flood Insurance Premium,standard,Decimal,DECIMAL_2,float x8 | int x2,$.contacts[?(@.contactType == 'FLOOD_INSURANCE')].insurancePremium,loan.contacts[(contactType == 'FLOOD_INSURANCE')].insurancePremium,no,no,10,2,0,0,10,288,760.02,999.355,1514.31,5684.04,Purchasing Conditions,no,
VEND.X448,HUD1ES Tax Pay Flood Insurance Renewal Date,standard,DateTime,DATE,date x10,$.contacts[?(@.contactType == 'FLOOD_INSURANCE')].insuranceRenewalDate,loan.contacts[(contactType == 'FLOOD_INSURANCE')].insuranceRenewalDate,no,no,10,2,0,0,10,,,,,,Purchasing Conditions,no,
VEND.X449,HUD1ES City Property Tax Pay To Payment Schedule,standard,String,STRING,str x5,$.hud1Es.cityPropertyTaxPaymentSchedule,loan.hud1Es.cityPropertyTaxPaymentSchedule,no,no,5,1,0,0,3,,,,,,,no,identifying-or-high-cardinality
VEND.X452,HUD1ES City Property Tax Pay To Amount Next Due,standard,Decimal,DECIMAL_2,float x4 | int x1,$.hud1Es.cityPropertyTaxAmountNextDue,loan.hud1Es.cityPropertyTaxAmountNextDue,no,no,5,1,0,0,5,321,329.82,737.22,5248.185,9552.81,,no,identifying-or-high-cardinality
VEND.X453,HUD1ES City Property Tax Pay To Next Due Date,standard,DateTime,DATE,date x5,$.hud1Es.cityPropertyTaxNextDueDate,loan.hud1Es.cityPropertyTaxNextDueDate,no,no,5,1,0,0,4,,,,,,,no,identifying-or-high-cardinality
VEND.X458,HUD1ES Custom Escrow 1 Pay To Payment Schedule,standard,String,STRING,str x1,$.hud1Es.hud1EsPayTos[?(@.hud1EsPayToIndex == '1')].paymentSchedule,loan.hud1Es.hud1EsPayTos[(hud1EsPayToIndex == '1')].paymentSchedule,no,no,1,0.2,0,0,1,,,,,,,no,
VEND.X461,HUD1ES Custom Escrow 1 Pay To Amount Next Due,standard,Decimal,DECIMAL_2,float x1,$.hud1Es.hud1EsPayTos[?(@.hud1EsPayToIndex == '1')].amountNextDue,loan.hud1Es.hud1EsPayTos[(hud1EsPayToIndex == '1')].amountNextDue,no,no,1,0.2,0,0,1,,,,,,,no,
VEND.X462,HUD1ES Custom Escrow 1 Pay To Next Due Date,standard,DateTime,DATE,date x1,$.hud1Es.hud1EsPayTos[?(@.hud1EsPayToIndex == '1')].nextDueDate,loan.hud1Es.hud1EsPayTos[(hud1EsPayToIndex == '1')].nextDueDate,no,no,1,0.2,0,0,1,,,,,,,no,
VEND.X467,HUD1ES Custom Escrow 2 Pay To Payment Schedule,standard,String,STRING,str x1,$.hud1Es.hud1EsPayTos[?(@.hud1EsPayToIndex == '2')].paymentSchedule,loan.hud1Es.hud1EsPayTos[(hud1EsPayToIndex == '2')].paymentSchedule,no,no,1,0.2,0,0,1,,,,,,,no,
VEND.X470,HUD1ES Custom Escrow 2 Pay To Amount Next Due,standard,Decimal,DECIMAL_2,float x1,$.hud1Es.hud1EsPayTos[?(@.hud1EsPayToIndex == '2')].amountNextDue,loan.hud1Es.hud1EsPayTos[(hud1EsPayToIndex == '2')].amountNextDue,no,no,1,0.2,0,0,1,,,,,,,no,
VEND.X471,HUD1ES Custom Escrow 2 Pay To Next Due Date,standard,DateTime,DATE,date x1,$.hud1Es.hud1EsPayTos[?(@.hud1EsPayToIndex == '2')].nextDueDate,loan.hud1Es.hud1EsPayTos[(hud1EsPayToIndex == '2')].nextDueDate,no,no,1,0.2,0,0,1,,,,,,,no,
VEND.X476,HUD1ES Custom Escrow 3 Pay To Payment Schedule,standard,String,STRING,str x1,$.hud1Es.hud1EsPayTos[?(@.hud1EsPayToIndex == '3')].paymentSchedule,loan.hud1Es.hud1EsPayTos[(hud1EsPayToIndex == '3')].paymentSchedule,no,no,1,0.2,0,0,1,,,,,,,no,
VEND.X479,HUD1ES Custom Escrow 3 Pay To Amount Next Due,standard,Decimal,DECIMAL_2,float x1,$.hud1Es.hud1EsPayTos[?(@.hud1EsPayToIndex == '3')].amountNextDue,loan.hud1Es.hud1EsPayTos[(hud1EsPayToIndex == '3')].amountNextDue,no,no,1,0.2,0,0,1,,,,,,,no,
VEND.X480,HUD1ES Custom Escrow 3 Pay To Next Due Date,standard,DateTime,DATE,date x1,$.hud1Es.hud1EsPayTos[?(@.hud1EsPayToIndex == '3')].nextDueDate,loan.hud1Es.hud1EsPayTos[(hud1EsPayToIndex == '3')].nextDueDate,no,no,1,0.2,0,0,1,,,,,,,no,
VEND.X482,HUD1ES Custom Escrow 1 Pay To Fee Type,standard,String,STRING,str x1,$.hud1Es.hud1EsPayTos[?(@.hud1EsPayToIndex == '1')].feeType,loan.hud1Es.hud1EsPayTos[(hud1EsPayToIndex == '1')].feeType,no,no,1,0.2,0,0,1,,,,,,,no,
VEND.X483,HUD1ES Custom Escrow 2 Pay To Fee Type,standard,String,STRING,str x1,$.hud1Es.hud1EsPayTos[?(@.hud1EsPayToIndex == '2')].feeType,loan.hud1Es.hud1EsPayTos[(hud1EsPayToIndex == '2')].feeType,no,no,1,0.2,0,0,1,,,,,,,no,
VEND.X484,HUD1ES Custom Escrow 2 Pay To Fee Type,standard,String,STRING,str x1,$.hud1Es.hud1EsPayTos[?(@.hud1EsPayToIndex == '3')].feeType,loan.hud1Es.hud1EsPayTos[(hud1EsPayToIndex == '3')].feeType,no,no,1,0.2,0,0,1,,,,,,,no,
VEND.X488,File Contacts Mortgagee Name,standard,String,STRING,str x513,$.contacts[?(@.contactType == 'MORTGAGEE')].name,loan.contacts[(contactType == 'MORTGAGEE')].name,no,no,488,99.6,19,7.6,1,,,,,,Started,no,identifying-or-high-cardinality
VEND.X489,File Contacts Mortgagee Contact Name,standard,String,STRING,str x513,$.contacts[?(@.contactType == 'MORTGAGEE')].contactName,loan.contacts[(contactType == 'MORTGAGEE')].contactName,no,no,488,99.6,19,7.6,1,,,,,,Started,no,identifying-or-high-cardinality
VEND.X490,File Contacts Mortgagee Address,standard,String,STRING,str x513,$.contacts[?(@.contactType == 'MORTGAGEE')].address,loan.contacts[(contactType == 'MORTGAGEE')].address,no,no,488,99.6,19,7.6,1,,,,,,Started,no,identifying-or-high-cardinality
VEND.X491,File Contacts Mortgagee City,standard,String,STRING,str x513,$.contacts[?(@.contactType == 'MORTGAGEE')].city,loan.contacts[(contactType == 'MORTGAGEE')].city,no,no,488,99.6,19,7.6,1,,,,,,Started,no,identifying-or-high-cardinality
VEND.X492,File Contacts Mortgagee State,standard,String,STATE,str x513,$.contacts[?(@.contactType == 'MORTGAGEE')].state,loan.contacts[(contactType == 'MORTGAGEE')].state,no,no,488,99.6,19,7.6,1,,,,,,Started,no,
VEND.X493,File Contacts Mortgagee Zip,standard,String,ZIPCODE,str x513,$.contacts[?(@.contactType == 'MORTGAGEE')].postalCode,loan.contacts[(contactType == 'MORTGAGEE')].postalCode,no,no,488,99.6,19,7.6,1,,,,,,Started,no,identifying-or-high-cardinality
VEND.X494,File Contacts Mortgagee Phone,standard,String,PHONE,str x513,$.contacts[?(@.contactType == 'MORTGAGEE')].phone,loan.contacts[(contactType == 'MORTGAGEE')].phone,no,no,488,99.6,19,7.6,1,,,,,,Started,no,identifying-or-high-cardinality
VEND.X495,File Contacts Mortgagee Fax,standard,String,PHONE,str x513,$.contacts[?(@.contactType == 'MORTGAGEE')].fax,loan.contacts[(contactType == 'MORTGAGEE')].fax,no,no,488,99.6,19,7.6,1,,,,,,Started,no,identifying-or-high-cardinality
VEND.X497,File Contacts Lender Cell Phone,standard,String,PHONE,str x2,$.contacts[?(@.contactType == 'LENDER_INVESTOR')].cell,loan.contacts[(contactType == 'LENDER_INVESTOR')].cell,no,no,2,0.4,0,0,2,,,,,,,no,identifying-or-high-cardinality
VEND.X507,File Contacts Warehouse Company Cell Phone,standard,String,PHONE,str x92,$.contacts[?(@.contactType == 'WAREHOUSE')].cell,loan.contacts[(contactType == 'WAREHOUSE')].cell,no,no,85,17.3,7,2.8,3,,,,,,Investor Delivery,no,identifying-or-high-cardinality
VEND.X509,File Contacts Custom Category 1 Cell Phone,standard,String,PHONE,str x19,$.contacts[?(@.contactType == 'CUSTOM' && @.customContactIndex == 1)].cell,loan.contacts[(contactType == 'CUSTOM' && customContactIndex == 1)].cell,no,no,19,3.9,0,0,1,,,,,,Purchasing Conditions,no,identifying-or-high-cardinality
VEND.X510,File Contacts Custom Category 2 Cell Phone,standard,String,PHONE,str x1,$.contacts[?(@.contactType == 'CUSTOM' && @.customContactIndex == 2)].cell,loan.contacts[(contactType == 'CUSTOM' && customContactIndex == 2)].cell,no,no,1,0.2,0,0,1,,,,,,,no,identifying-or-high-cardinality
VEND.X511,File Contacts Custom Category 3 Cell Phone,standard,String,PHONE,str x3,$.contacts[?(@.contactType == 'CUSTOM' && @.customContactIndex == 3)].cell,loan.contacts[(contactType == 'CUSTOM' && customContactIndex == 3)].cell,no,no,3,0.6,0,0,2,,,,,,,no,identifying-or-high-cardinality
VEND.X512,File Contacts Custom Category 4 Cell Phone,standard,String,PHONE,str x1,$.contacts[?(@.contactType == 'CUSTOM' && @.customContactIndex == 4)].cell,loan.contacts[(contactType == 'CUSTOM' && customContactIndex == 4)].cell,no,no,1,0.2,0,0,1,,,,,,,no,identifying-or-high-cardinality
VEND.X513,File Contacts Investor Cell Phone,standard,String,PHONE,str x46,$.contacts[?(@.contactType == 'INVESTOR')].cell,loan.contacts[(contactType == 'INVESTOR')].cell,no,no,45,9.2,0,0,4,,,,,,Purchasing Conditions,no,identifying-or-high-cardinality
VEND.X516,File Contacts Doc Prepared By Cell Phone,standard,String,PHONE,str x29,$.contacts[?(@.contactType == 'DOCSPREPAREDBY')].cell,loan.contacts[(contactType == 'DOCSPREPAREDBY')].cell,no,no,29,5.9,0,0,3,,,,,,Docs Out,no,identifying-or-high-cardinality
VEND.X517,File Contacts Haz Ins Company Cell Phone,standard,String,PHONE,str x61,$.contacts[?(@.contactType == 'HAZARD_INSURANCE')].cell,loan.contacts[(contactType == 'HAZARD_INSURANCE')].cell,no,no,42,8.6,19,7.6,9,,,,,,Purchasing Conditions,no,identifying-or-high-cardinality
VEND.X518,File Contacts Escrow Co Cell Phone,standard,String,PHONE,str x12,$.contacts[?(@.contactType == 'ESCROW_COMPANY')].cell,loan.contacts[(contactType == 'ESCROW_COMPANY')].cell,no,no,8,1.6,3,1.2,7,,,,,,,no,identifying-or-high-cardinality
VEND.X519,File Contacts Title Ins Co Cell Phone,standard,String,PHONE,str x11,$.contacts[?(@.contactType == 'TITLE_COMPANY')].cell,loan.contacts[(contactType == 'TITLE_COMPANY')].cell,no,no,7,1.4,3,1.2,7,,,,,,,no,identifying-or-high-cardinality
VEND.X524,File Contacts Flood Ins Company Cell Phone,standard,String,PHONE,str x3,$.contacts[?(@.contactType == 'FLOOD_INSURANCE')].cell,loan.contacts[(contactType == 'FLOOD_INSURANCE')].cell,no,no,3,0.6,0,0,1,,,,,,,no,identifying-or-high-cardinality
VEND.X525,File Contacts Mtg Ins Company Cell Phone,standard,String,PHONE,str x1,$.contacts[?(@.contactType == 'MORTGAGE_INSURANCE')].cell,loan.contacts[(contactType == 'MORTGAGE_INSURANCE')].cell,no,no,0,0,1,0.4,1,,,,,,,no,identifying-or-high-cardinality
VEND.X527,File Contacts Broker NMLS Ref #,standard,String,STRING,str x292,$.contacts[?(@.contactType == 'BROKER')].nmlsLicense,loan.contacts[(contactType == 'BROKER')].nmlsLicense,no,no,101,20.6,187,74.5,1,,,,,,Completion,no,identifying-or-high-cardinality
VEND.X650,File Contacts Investor License #,standard,String,STRING,str x78,$.contacts[?(@.contactType == 'INVESTOR')].investorLicense,loan.contacts[(contactType == 'INVESTOR')].investorLicense,no,no,77,15.7,0,0,1,,,,,,Purchasing Conditions,no,identifying-or-high-cardinality
VEND.X651,File Contacts Broker Lender type,standard,String,STRING,str x292,$.contacts[?(@.contactType == 'BROKER')].lenderType,loan.contacts[(contactType == 'BROKER')].lenderType,no,no,101,20.6,187,74.5,1,,,,,,Completion,no,identifying-or-high-cardinality
VEND.X652,File Contacts Broker License type,standard,String,STRING,str x191,$.contacts[?(@.contactType == 'BROKER')].licenseType,loan.contacts[(contactType == 'BROKER')].licenseType,no,no,73,14.9,114,45.4,2,,,,,,Completion,no,identifying-or-high-cardinality
VEND.X654,File Contacts Settlement Agent Add to CD Contact Info ,standard,Boolean,YN,bool x3,$.contacts[?(@.contactType == 'SETTLEMENT_AGENT')].addToCdContactInfo,loan.contacts[(contactType == 'SETTLEMENT_AGENT')].addToCdContactInfo,no,no,1,0.2,0,0,1,,,,,,,no,
VEND.X655,File Contacts Settlement Agent Co Name,standard,String,STRING,str x253,$.contacts[?(@.contactType == 'SETTLEMENT_AGENT')].name,loan.contacts[(contactType == 'SETTLEMENT_AGENT')].name,no,no,187,38.2,64,25.5,69,,,,,,Submittal,no,identifying-or-high-cardinality
VEND.X656,File Contacts Settlement Agent Addr,standard,String,STRING,str x218,$.contacts[?(@.contactType == 'SETTLEMENT_AGENT')].address,loan.contacts[(contactType == 'SETTLEMENT_AGENT')].address,no,no,164,33.5,52,20.7,60,,,,,,Docs Out,no,identifying-or-high-cardinality
VEND.X657,File Contacts Settlement Agent City,standard,String,STRING,str x219,$.contacts[?(@.contactType == 'SETTLEMENT_AGENT')].city,loan.contacts[(contactType == 'SETTLEMENT_AGENT')].city,no,no,165,33.7,52,20.7,34,,,,,,Docs Out,no,identifying-or-high-cardinality
VEND.X658,File Contacts Settlement Agent State,standard,String,STATE,str x219,$.contacts[?(@.contactType == 'SETTLEMENT_AGENT')].state,loan.contacts[(contactType == 'SETTLEMENT_AGENT')].state,no,no,165,33.7,52,20.7,11,,,,,,Docs Out,no,
VEND.X659,File Contacts Settlement Agent Zip,standard,String,ZIPCODE,str x219,$.contacts[?(@.contactType == 'SETTLEMENT_AGENT')].postalCode,loan.contacts[(contactType == 'SETTLEMENT_AGENT')].postalCode,no,no,165,33.7,52,20.7,41,,,,,,Docs Out,no,identifying-or-high-cardinality
VEND.X666,File Contacts Settlement Agent Lic Authority State Code,standard,String,STATE,str x13,$.contacts[?(@.contactType == 'SETTLEMENT_AGENT')].bizLicenseAuthStateCode,loan.contacts[(contactType == 'SETTLEMENT_AGENT')].bizLicenseAuthStateCode,no,no,12,2.4,1,0.4,1,,,,,,Purchasing Conditions,no,
VEND.X668,File Contacts Settlement Agent Contact Name,standard,String,STRING,str x235,$.contacts[?(@.contactType == 'SETTLEMENT_AGENT')].contactName,loan.contacts[(contactType == 'SETTLEMENT_AGENT')].contactName,no,no,182,37.1,51,20.3,93,,,,,,Docs Out,no,identifying-or-high-cardinality
VEND.X669,File Contacts Settlement Agent Contact Phone,standard,String,PHONE,str x226,$.contacts[?(@.contactType == 'SETTLEMENT_AGENT')].phone,loan.contacts[(contactType == 'SETTLEMENT_AGENT')].phone,no,no,174,35.5,52,20.7,79,,,,,,Docs Out,no,identifying-or-high-cardinality
VEND.X670,File Contacts Settlement Agent Contact Email,standard,String,STRING,str x224,$.contacts[?(@.contactType == 'SETTLEMENT_AGENT')].email,loan.contacts[(contactType == 'SETTLEMENT_AGENT')].email,no,no,171,34.9,52,20.7,84,,,,,,Investor Delivery,no,identifying-or-high-cardinality
VEND.X671,File Contacts Settlement Agent Contact Fax,standard,String,STRING,str x90,$.contacts[?(@.contactType == 'SETTLEMENT_AGENT')].fax,loan.contacts[(contactType == 'SETTLEMENT_AGENT')].fax,no,no,70,14.3,19,7.6,29,,,,,,Investor Delivery,no,identifying-or-high-cardinality
VEND.X672,File Contacts Settlement Agent Contact Cell,standard,String,PHONE,str x17,$.contacts[?(@.contactType == 'SETTLEMENT_AGENT')].cell,loan.contacts[(contactType == 'SETTLEMENT_AGENT')].cell,no,no,13,2.7,3,1.2,9,,,,,,Purchasing Conditions,no,identifying-or-high-cardinality
VEND.X697,File Contacts Appraiser Contact Info License Auth Sate Code,standard,String,STATE,str x122,$.contacts[?(@.contactType == 'APPRAISAL_COMPANY')].personalLicenseAuthStateCode,loan.contacts[(contactType == 'APPRAISAL_COMPANY')].personalLicenseAuthStateCode,no,no,76,15.5,46,18.3,6,,,,,,Started,no,identifying-or-high-cardinality
VEND.X701,File Contacts Escrow Business License Auth Sate Code,standard,String,STATE,str x3,$.contacts[?(@.contactType == 'ESCROW_COMPANY')].bizLicenseAuthStateCode,loan.contacts[(contactType == 'ESCROW_COMPANY')].bizLicenseAuthStateCode,no,no,2,0.4,1,0.4,1,,,,,,,no,identifying-or-high-cardinality
VEND.X710,File Contacts Title Business License Auth Sate Code,standard,String,STATE,str x20,$.contacts[?(@.contactType == 'TITLE_COMPANY')].bizLicenseAuthStateCode,loan.contacts[(contactType == 'TITLE_COMPANY')].bizLicenseAuthStateCode,no,no,19,3.9,1,0.4,1,,,,,,Loan Setup,no,identifying-or-high-cardinality
VEND.X817,File Contacts Servicing Business License Auth Type,standard,String,STRING,str x5,$.contacts[?(@.contactType == 'SERVICING')].bizLicenseAuthType,loan.contacts[(contactType == 'SERVICING')].bizLicenseAuthType,no,no,5,1,0,0,1,,,,,,,no,identifying-or-high-cardinality
VEND.X888,File Contacts Custom1Business License Auth Name,standard,String,STRING,str x7,$.contacts[?(@.contactType == 'CUSTOM' && @.customContactIndex == 1)].bizLicenseAuthName,loan.contacts[(contactType == 'CUSTOM' && customContactIndex == 1)].bizLicenseAuthName,no,no,5,1,2,0.8,7,,,,,,Purchasing Conditions,no,identifying-or-high-cardinality
VEND.X910,File Contacts Custom3 Contact Info License No,standard,String,STRING,str x1,$.contacts[?(@.contactType == 'CUSTOM' && @.customContactIndex == 3)].personalLicenseNumber,loan.contacts[(contactType == 'CUSTOM' && customContactIndex == 3)].personalLicenseNumber,no,no,1,0.2,0,0,1,,,,,,,no,identifying-or-high-cardinality
VEND.X966,File Contacts Docs Prepared by Biz Info License No,standard,String,STRING,str x1,$.contacts[?(@.contactType == 'DOCSPREPAREDBY')].bizLicenseNumber,loan.contacts[(contactType == 'DOCSPREPAREDBY')].bizLicenseNumber,no,no,1,0.2,0,0,1,,,,,,,no,identifying-or-high-cardinality
VEND.X968,File Contacts Custom1 Biz Info License No,standard,String,STRING,str x9,$.contacts[?(@.contactType == 'CUSTOM' && @.customContactIndex == 1)].bizLicenseNumber,loan.contacts[(contactType == 'CUSTOM' && customContactIndex == 1)].bizLicenseNumber,no,no,5,1,4,1.6,9,,,,,,Purchasing Conditions,no,identifying-or-high-cardinality
VEND.X970,File Contacts Custom2 Biz Info License No,standard,String,STRING,str x1,$.contacts[?(@.contactType == 'CUSTOM' && @.customContactIndex == 2)].bizLicenseNumber,loan.contacts[(contactType == 'CUSTOM' && customContactIndex == 2)].bizLicenseNumber,no,no,1,0.2,0,0,1,,,,,,,no,identifying-or-high-cardinality
VEND.X972,File Contacts Custom3 Biz Info License No,standard,String,STRING,str x1,$.contacts[?(@.contactType == 'CUSTOM' && @.customContactIndex == 3)].bizLicenseNumber,loan.contacts[(contactType == 'CUSTOM' && customContactIndex == 3)].bizLicenseNumber,no,no,1,0.2,0,0,1,,,,,,,no,identifying-or-high-cardinality
VEND.X1032,File Contacts Seller Not a Natural Person (legal entity) Flag,standard,Boolean,YN,bool x2,$.contacts[?(@.contactType == 'SELLER')].notNaturalPersonFlag,loan.contacts[(contactType == 'SELLER')].notNaturalPersonFlag,no,no,1,0.2,0,0,1,,,,,,,no,
VEND.X1040,File Contacts Settlement Agent - Closing Company Web URL,standard,String,STRING,str x12,$.contacts[?(@.contactType == 'SETTLEMENT_AGENT')].closingCompanyWebUrl,loan.contacts[(contactType == 'SETTLEMENT_AGENT')].closingCompanyWebUrl,no,no,5,1,7,2.8,4,,,,,,,no,identifying-or-high-cardinality
VEND.X1041,File Contacts Settlement Agent - Closing Agent Web URL,standard,String,STRING,str x12,$.contacts[?(@.contactType == 'SETTLEMENT_AGENT')].closingAgentWebUrl,loan.contacts[(contactType == 'SETTLEMENT_AGENT')].closingAgentWebUrl,no,no,5,1,7,2.8,4,,,,,,,no,identifying-or-high-cardinality
VEND.X1042,File Contacts Warehouse Lender,standard,String,STRING,str x1,$.contacts[?(@.contactType == 'WAREHOUSE')].warehouseLender,loan.contacts[(contactType == 'WAREHOUSE')].warehouseLender,no,yes,1,0.2,0,0,1,,,,,,,no,
VEND.X1043,File Contacts Warehouse ID,standard,String,STRING,str x1,$.contacts[?(@.contactType == 'WAREHOUSE')].warehouseId,loan.contacts[(contactType == 'WAREHOUSE')].warehouseId,no,yes,1,0.2,0,0,1,,,,,,,no,
VEND.X1044,File Contacts Warehouse URL,standard,String,STRING,str x1,$.contacts[?(@.contactType == 'WAREHOUSE')].warehouseUrl,loan.contacts[(contactType == 'WAREHOUSE')].warehouseUrl,no,yes,1,0.2,0,0,1,,,,,,,no,identifying-or-high-cardinality
VEND.X1045,File Contacts Warehouse Funds to Title Date,standard,DateTime,DATE,date x1,$.contacts[?(@.contactType == 'WAREHOUSE')].fundsToTitleDate,loan.contacts[(contactType == 'WAREHOUSE')].fundsToTitleDate,no,yes,1,0.2,0,0,1,,,,,,,no,
VEND.X1046,File Contacts Warehouse Fed Reference #,standard,String,STRING,str x1,$.contacts[?(@.contactType == 'WAREHOUSE')].fedReferenceNumber,loan.contacts[(contactType == 'WAREHOUSE')].fedReferenceNumber,no,yes,1,0.2,0,0,1,,,,,,,no,
Vesting.Trst1AmdDate,Borrower Vesting Corp/Trust 1 Amended Date or Year,standard,String,STRING,str x1,$.closingDocument.borrowerTrustAmendedDateOrYear1,loan.closingDocument.borrowerTrustAmendedDateOrYear1,no,no,1,0.2,0,0,1,,,,,,,no,
Vesting.Trst2Name,Borrower Vesting Corp/Trust 2 Name,standard,String,STRING,str x1,$.closingDocument.borrowerUnparsedName2,loan.closingDocument.borrowerUnparsedName2,no,no,1,0.2,0,0,1,,,,,,,no,identifying-or-high-cardinality
