Field ID,Label,Kind,Data type,Format,Option value,Option text,Where this option came from,Long-term loans using it,Known drift
169,Borr Declarations G,standard,Boolean,YN,Y,Yes,declared by Encompass,0,boolean-representation
169,Borr Declarations G,standard,Boolean,YN,N,No,declared by Encompass,490,boolean-representation
265,Borr Declarations M,standard,Boolean,YN,Y,Yes,declared by Encompass,0,boolean-representation
265,Borr Declarations M,standard,Boolean,YN,N,No,declared by Encompass,490,boolean-representation
418,Borr Declarations A,standard,Boolean,YN,Yes,Yes,declared by Encompass,0,declared-set-does-not-match-tenant
418,Borr Declarations A,standard,Boolean,YN,No,No,declared by Encompass,490,declared-set-does-not-match-tenant
420,Trans Details Lien Position,standard,String,STRING,FirstLien,First,declared by Encompass,490,
420,Trans Details Lien Position,standard,String,STRING,SecondLien,Subordinate,declared by Encompass,0,
608,Trans Details Amort Type,standard,String,STRING,Fixed,Fixed Rate,declared by Encompass,490,
608,Trans Details Amort Type,standard,String,STRING,GraduatedPaymentMortgage,GPM - Rate,declared by Encompass,0,
608,Trans Details Amort Type,standard,String,STRING,AdjustableRate,ARM,declared by Encompass,0,
608,Trans Details Amort Type,standard,String,STRING,OtherAmortizationType,Other,declared by Encompass,0,
675,Prepayment Penalty,standard,Boolean,YN,Y,Yes,declared by Encompass,466,boolean-representation
675,Prepayment Penalty,standard,Boolean,YN,N,No,declared by Encompass,24,boolean-representation
677,Trans Details Assumption May/May Not,standard,String,STRING,May,may (only for RESPA 2010),declared by Encompass,0,
677,Trans Details Assumption May/May Not,standard,String,STRING,May_not,may not,declared by Encompass,490,
677,Trans Details Assumption May/May Not,standard,String,STRING,May_SubjectToConditions,"may, subject to conditions",declared by Encompass,0,
1041,Subject Property Type Fannie Mae,standard,String,STRING,Attached,Attached,declared by Encompass,0,
1041,Subject Property Type Fannie Mae,standard,String,STRING,Condominium,Condominium,declared by Encompass,1,
1041,Subject Property Type Fannie Mae,standard,String,STRING,Cooperative,Co-Operative,declared by Encompass,0,
1041,Subject Property Type Fannie Mae,standard,String,STRING,Detached,Detached,declared by Encompass,488,
1041,Subject Property Type Fannie Mae,standard,String,STRING,HighRiseCondominium,High Rise Condominium,declared by Encompass,0,
1041,Subject Property Type Fannie Mae,standard,String,STRING,ManufacturedHousing,Manufactured Housing,declared by Encompass,0,
1041,Subject Property Type Fannie Mae,standard,String,STRING,PUD,PUD,declared by Encompass,1,
1041,Subject Property Type Fannie Mae,standard,String,STRING,DetachedCondo,Detached Condo,declared by Encompass,0,
1041,Subject Property Type Fannie Mae,standard,String,STRING,ManufacturedHomeCondoPUDCoOp,Mfd Home/Condo/PUD/Co-Op,declared by Encompass,0,
1041,Subject Property Type Fannie Mae,standard,String,STRING,MH HomeChoice,MH CHOICEHome,declared by Encompass,0,
1041,Subject Property Type Fannie Mae,standard,String,STRING,MHSelect,MH Select,declared by Encompass,0,
1041,Subject Property Type Fannie Mae,standard,String,STRING,MHAdvantage,MH Advantage,declared by Encompass,0,
1172,Trans Details Loan Type,standard,String,STRING,Conventional,Conventional,declared by Encompass,490,
1172,Trans Details Loan Type,standard,String,STRING,VA,VA,declared by Encompass,0,
1172,Trans Details Loan Type,standard,String,STRING,FHA,FHA,declared by Encompass,0,
1172,Trans Details Loan Type,standard,String,STRING,Other,Other,declared by Encompass,0,
1172,Trans Details Loan Type,standard,String,STRING,FarmersHomeAdministration,USDA-RHS,declared by Encompass,0,
1172,Trans Details Loan Type,standard,String,STRING,HELOC,HELOC,declared by Encompass,0,
1550,Underwriting Escrow,standard,Boolean,YN,Y,Escrow (T&I),declared by Encompass,485,boolean-representation
1550,Underwriting Escrow,standard,Boolean,YN,N,No,declared by Encompass,5,boolean-representation
1659,Trans Details Amort Type Balloon,standard,Boolean,YN,Y,Yes,declared by Encompass,0,boolean-representation
1659,Trans Details Amort Type Balloon,standard,Boolean,YN,N,No,declared by Encompass,490,boolean-representation
1719,Trans Details Late Charge % Based On,standard,String,STRING,of the payment,of the payment,declared by Encompass,0,
1719,Trans Details Late Charge % Based On,standard,String,STRING,of the overdue payment,of the overdue payment,declared by Encompass,488,
1719,Trans Details Late Charge % Based On,standard,String,STRING,of the interest payment due,of the interest payment due,declared by Encompass,0,
1719,Trans Details Late Charge % Based On,standard,String,STRING,of the principal and interest overdue,of the principal and interest overdue,declared by Encompass,2,
1719,Trans Details Late Charge % Based On,standard,String,STRING,of any installment,of any installment,declared by Encompass,0,
1757,Expenses Calc MIP/PMI Based On,standard,String,STRING,Loan Amount,Loan Amount,declared by Encompass,490,
1757,Expenses Calc MIP/PMI Based On,standard,String,STRING,Purchase Price,Purchase Price,declared by Encompass,0,
1757,Expenses Calc MIP/PMI Based On,standard,String,STRING,Appraisal Value,Appraisal Value,declared by Encompass,0,
1757,Expenses Calc MIP/PMI Based On,standard,String,STRING,Base Loan Amount,Base Loan Amount,declared by Encompass,0,
1811,Subject Property Occupancy Status,standard,String,STRING,PrimaryResidence,Primary,declared by Encompass,1,
1811,Subject Property Occupancy Status,standard,String,STRING,SecondHome,Secondary,declared by Encompass,0,
1811,Subject Property Occupancy Status,standard,String,STRING,Investor,Investment,declared by Encompass,489,
1825,Trans Details Print 2003 Appl,standard,String,STRING,Y,Print 2003 Application,declared by Encompass,0,
1825,Trans Details Print 2003 Appl,standard,String,STRING,N,N,declared by Encompass,0,
1825,Trans Details Print 2003 Appl,standard,String,STRING,2004,Print 2004 & 2005 Application,declared by Encompass,0,
1825,Trans Details Print 2003 Appl,standard,String,STRING,2006,Print 2006 Application,declared by Encompass,0,
1825,Trans Details Print 2003 Appl,standard,String,STRING,2009,Print 2009 Application,declared by Encompass,0,
1825,Trans Details Print 2003 Appl,standard,String,STRING,2020,Print 2020 Application,declared by Encompass,490,
1969,Trans Details Copy to Lender Check Box,standard,Boolean,YN,Y,Copy to Lender,declared by Encompass,268,boolean-representation
1969,Trans Details Copy to Lender Check Box,standard,Boolean,YN,N,No,declared by Encompass,222,boolean-representation
2852,Closing Docs REGZ Loan Info Sync Prepaid Int,standard,Boolean,YN,Y,Y,declared by Encompass,490,boolean-representation
2852,Closing Docs REGZ Loan Info Sync Prepaid Int,standard,Boolean,YN,N,N,declared by Encompass,0,boolean-representation
2947,Lock Request Subject Property Type,standard,String,STRING,Attached,Attached,declared by Encompass,0,
2947,Lock Request Subject Property Type,standard,String,STRING,Condominium,Condominium,declared by Encompass,1,
2947,Lock Request Subject Property Type,standard,String,STRING,Cooperative,Co-Operative,declared by Encompass,0,
2947,Lock Request Subject Property Type,standard,String,STRING,Detached,Detached,declared by Encompass,488,
2947,Lock Request Subject Property Type,standard,String,STRING,HighRiseCondominium,High Rise Condominium,declared by Encompass,0,
2947,Lock Request Subject Property Type,standard,String,STRING,ManufacturedHousing,Manufactured Housing,declared by Encompass,0,
2947,Lock Request Subject Property Type,standard,String,STRING,PUD,PUD,declared by Encompass,1,
2947,Lock Request Subject Property Type,standard,String,STRING,DetachedCondo,Detached Condo,declared by Encompass,0,
2947,Lock Request Subject Property Type,standard,String,STRING,ManufacturedHomeCondoPUDCoOp,Mfd Home/Condo/PUD/Co-Op,declared by Encompass,0,
2947,Lock Request Subject Property Type,standard,String,STRING,MH HomeChoice,MH CHOICEHome,declared by Encompass,0,
2947,Lock Request Subject Property Type,standard,String,STRING,MHSelect,MH Select,declared by Encompass,0,
2947,Lock Request Subject Property Type,standard,String,STRING,MHAdvantage,MH Advantage,declared by Encompass,0,
2950,Lock Request Subject Property Occupancy Status,standard,String,STRING,Investor,Investment,declared by Encompass,490,
2950,Lock Request Subject Property Occupancy Status,standard,String,STRING,SecondHome,Secondary,declared by Encompass,0,
2950,Lock Request Subject Property Occupancy Status,standard,String,STRING,PrimaryResidence,Primary,declared by Encompass,0,
2952,Lock Request Loan Type,standard,String,STRING,Conventional,Conventional,declared by Encompass,490,
2952,Lock Request Loan Type,standard,String,STRING,VA,VA,declared by Encompass,0,
2952,Lock Request Loan Type,standard,String,STRING,FHA,FHA,declared by Encompass,0,
2952,Lock Request Loan Type,standard,String,STRING,Other,Other,declared by Encompass,0,
2952,Lock Request Loan Type,standard,String,STRING,FarmersHomeAdministration,USDA-RHS,declared by Encompass,0,
2952,Lock Request Loan Type,standard,String,STRING,HELOC,HELOC,declared by Encompass,0,
2953,Lock Request Amort Type,standard,String,STRING,Fixed,Fixed Rate,declared by Encompass,490,
2953,Lock Request Amort Type,standard,String,STRING,GraduatedPaymentMortgage,GPM - Rate,declared by Encompass,0,
2953,Lock Request Amort Type,standard,String,STRING,AdjustableRate,ARM,declared by Encompass,0,
2953,Lock Request Amort Type,standard,String,STRING,OtherAmortizationType,Other,declared by Encompass,0,
2958,Lock Request Lein Position,standard,String,STRING,SecondLien,Second,declared by Encompass,0,
2958,Lock Request Lein Position,standard,String,STRING,FirstLien,First,declared by Encompass,490,
2963,Lock Request Prepay Penalty,standard,String,STRING,,,declared by Encompass,0,
2963,Lock Request Prepay Penalty,standard,String,STRING,Y,Yes,declared by Encompass,465,
2963,Lock Request Prepay Penalty,standard,String,STRING,N,No,declared by Encompass,25,
2982,Trans Details Interest Only Indicator,standard,Boolean,YN,Y,Yes,declared by Encompass,43,boolean-representation
2982,Trans Details Interest Only Indicator,standard,Boolean,YN,N,No,declared by Encompass,447,boolean-representation
3160,HUD-1Tolerance Lmt Violation,standard,Boolean,YN,Y,Yes,declared by Encompass,183,boolean-representation
3160,HUD-1Tolerance Lmt Violation,standard,Boolean,YN,N,No,declared by Encompass,307,boolean-representation
3164,Borrower Intends to Continue Chkbx,standard,Boolean,YN,Y,Yes,declared by Encompass,0,boolean-representation
3164,Borrower Intends to Continue Chkbx,standard,Boolean,YN,N,No,declared by Encompass,490,boolean-representation
3168,Changed Circumstance Chkbx,standard,Boolean,YN,Y,Yes,declared by Encompass,0,boolean-representation
3168,Changed Circumstance Chkbx,standard,Boolean,YN,N,No,declared by Encompass,490,boolean-representation
3201,GFE Redisclosure Required Due to Rate Lock,standard,Boolean,YN,Y,Yes,declared by Encompass,148,boolean-representation
3201,GFE Redisclosure Required Due to Rate Lock,standard,Boolean,YN,N,No,declared by Encompass,342,boolean-representation
3335,Occupancy Type,standard,String,STRING,OwnerOccupied,Owner Occupied,declared by Encompass,1,
3335,Occupancy Type,standard,String,STRING,NonOwnerOccupied,Non-Owner Occupied,declared by Encompass,489,
3336,Private Mortgage Insurance Indicator,standard,Boolean,YN,Y,PMI Included,declared by Encompass,0,boolean-representation
3336,Private Mortgage Insurance Indicator,standard,Boolean,YN,N,PMI Not Included,declared by Encompass,490,boolean-representation
3639,HUD 1003 Addendum Use Default Lender,standard,Boolean,YN,Y,Yes,declared by Encompass,490,boolean-representation
3639,HUD 1003 Addendum Use Default Lender,standard,Boolean,YN,N,No,declared by Encompass,0,boolean-representation
3894,Enforce County Loan Limit,standard,Boolean,YN,Y,Yes,declared by Encompass,490,boolean-representation
3894,Enforce County Loan Limit,standard,Boolean,YN,N,No,declared by Encompass,0,boolean-representation
3969,"Use New LE, CD, GFE And HUD",standard,String,STRING,Old GFE and HUD-1,OldGFEandHUD1,declared by Encompass,0,
3969,"Use New LE, CD, GFE And HUD",standard,String,STRING,RESPA 2010 GFE and HUD-1,RESPA2010GFEandHUD1,declared by Encompass,488,
3969,"Use New LE, CD, GFE And HUD",standard,String,STRING,RESPA-TILA 2015 LE and CD,TILARESPA2015LEandCD,declared by Encompass,2,
4082,Is CD Valid for Earliest Closing Date Calculation,standard,Boolean,YN,Y,Yes,declared by Encompass,0,boolean-representation
4082,Is CD Valid for Earliest Closing Date Calculation,standard,Boolean,YN,N,No,declared by Encompass,490,boolean-representation
4142,Use 2018 DI,standard,Boolean,YN,Y,Use 2018 DI,declared by Encompass,490,boolean-representation
4142,Use 2018 DI,standard,Boolean,YN,N,No,declared by Encompass,0,boolean-representation
4143,Borr Trans Details Application Taken By,standard,String,STRING,FaceToFace,Face-to-Face Interview,declared by Encompass,1,
4143,Borr Trans Details Application Taken By,standard,String,STRING,Internet,Email or Internet,declared by Encompass,1,
4143,Borr Trans Details Application Taken By,standard,String,STRING,Mail,Fax or Mail,declared by Encompass,0,
4143,Borr Trans Details Application Taken By,standard,String,STRING,Telephone,Telephone Interview,declared by Encompass,488,
4205,Borr Do Not Wish Indicator,standard,Boolean,YN,Y,I do not wish to provide this information,declared by Encompass,487,boolean-representation
4205,Borr Do Not Wish Indicator,standard,Boolean,YN,N,No,declared by Encompass,3,boolean-representation
4461,Fee Level Disclosures Indicator,standard,Boolean,YN,Y,Yes,declared by Encompass,490,boolean-representation
4461,Fee Level Disclosures Indicator,standard,Boolean,YN,N,No,declared by Encompass,0,boolean-representation
4494,HELOC Lien Position,standard,String,STRING,1,1,declared by Encompass,490,
4494,HELOC Lien Position,standard,String,STRING,2,2,declared by Encompass,0,
4494,HELOC Lien Position,standard,String,STRING,3,3,declared by Encompass,0,
4494,HELOC Lien Position,standard,String,STRING,4,4,declared by Encompass,0,
4515,Rate Lock Request - FHA Secondary Residence,standard,Boolean,YN,Y,Yes,declared by Encompass,0,boolean-representation
4515,Rate Lock Request - FHA Secondary Residence,standard,Boolean,YN,N,No,declared by Encompass,490,boolean-representation
4559,HELOC Draw Payment Basis,standard,Boolean,YN,Y,Rate,declared by Encompass,490,boolean-representation
4559,HELOC Draw Payment Basis,standard,Boolean,YN,N,No,declared by Encompass,0,boolean-representation
4568,HELOC Repayment Basis,standard,Boolean,YN,Y,Rate,declared by Encompass,490,boolean-representation
4568,HELOC Repayment Basis,standard,Boolean,YN,N,No,declared by Encompass,0,boolean-representation
4689,eClose Closing Type,standard,String,STRING,InkOnly,Ink Only,declared by Encompass,0,
4689,eClose Closing Type,standard,String,STRING,Hybrid,Hybrid,declared by Encompass,490,
4689,eClose Closing Type,standard,String,STRING,HybridWithENote,Hybrid With eNote,declared by Encompass,0,
4689,eClose Closing Type,standard,String,STRING,ESignOnly,eSign Only,declared by Encompass,0,
4723,MERS Original Mortgagee (MOM),standard,Boolean,YN,Y,Yes,declared by Encompass,490,boolean-representation
4723,MERS Original Mortgagee (MOM),standard,Boolean,YN,N,No,declared by Encompass,0,boolean-representation
4745, Loan Amount Rounding Indicator,standard,Boolean,YN,Y,Yes,declared by Encompass,490,boolean-representation
4745, Loan Amount Rounding Indicator,standard,Boolean,YN,N,No,declared by Encompass,0,boolean-representation
4746,Zero Percent Payment Options,standard,String,STRING,AmortizingPayment,Amortizing Payment,declared by Encompass,490,
4746,Zero Percent Payment Options,standard,String,STRING,NoPaymentwithBalloon,No Payment with Balloon,declared by Encompass,0,
4746,Zero Percent Payment Options,standard,String,STRING,NoPayment,No Payment - Fully Forgiven,declared by Encompass,0,
4747,Interest Accrual for APR,standard,String,STRING,Actuarial,Actuarial,declared by Encompass,490,
4747,Interest Accrual for APR,standard,String,STRING,USRule,US Rule,declared by Encompass,0,
5016,To indicate a loan as Archive,standard,Boolean,YN,Y,Yes,declared by Encompass,0,boolean-representation
5016,To indicate a loan as Archive,standard,Boolean,YN,N,No,declared by Encompass,490,boolean-representation
ARM.IdxLkbckPrd,ARM Index Lookback Period,standard,String,STRING,30 days,30 days,declared by Encompass,490,
ARM.IdxLkbckPrd,ARM Index Lookback Period,standard,String,STRING,45 days,45 days,declared by Encompass,0,
ARM.IdxLkbckPrd,ARM Index Lookback Period,standard,String,STRING,First Business Day,First Business Day,declared by Encompass,0,
CD1.X52,Closing Disclosure - Change in APR,standard,Boolean,YN,Y,Yes,declared by Encompass,0,boolean-representation
CD1.X52,Closing Disclosure - Change in APR,standard,Boolean,YN,N,No,declared by Encompass,490,boolean-representation
CD1.X53,Closing Disclosure - Change in Loan Product,standard,Boolean,YN,Y,Yes,declared by Encompass,0,boolean-representation
CD1.X53,Closing Disclosure - Change in Loan Product,standard,Boolean,YN,N,No,declared by Encompass,490,boolean-representation
CD1.X54,Closing Disclosure - Prepayment Penalty Added,standard,Boolean,YN,Y,Yes,declared by Encompass,0,boolean-representation
CD1.X54,Closing Disclosure - Prepayment Penalty Added,standard,Boolean,YN,N,No,declared by Encompass,490,boolean-representation
CD1.X55,Closing Disclosure - Change in Settlement Charges,standard,Boolean,YN,Y,Yes,declared by Encompass,0,boolean-representation
CD1.X55,Closing Disclosure - Change in Settlement Charges,standard,Boolean,YN,N,No,declared by Encompass,490,boolean-representation
CD1.X56,Closing Disclosure - 24-hour Advanced Preview,standard,Boolean,YN,Y,Yes,declared by Encompass,0,boolean-representation
CD1.X56,Closing Disclosure - 24-hour Advanced Preview,standard,Boolean,YN,N,No,declared by Encompass,490,boolean-representation
CD1.X57,Closing Disclosure - Tolerance Cure,standard,Boolean,YN,Y,Yes,declared by Encompass,0,boolean-representation
CD1.X57,Closing Disclosure - Tolerance Cure,standard,Boolean,YN,N,No,declared by Encompass,490,boolean-representation
CD1.X58,Closing Disclosure - Clerical Error Correction,standard,Boolean,YN,Y,Yes,declared by Encompass,0,boolean-representation
CD1.X58,Closing Disclosure - Clerical Error Correction,standard,Boolean,YN,N,No,declared by Encompass,490,boolean-representation
CD1.X59,Closing Disclosure - Other,standard,Boolean,YN,Y,Yes,declared by Encompass,0,boolean-representation
CD1.X59,Closing Disclosure - Other,standard,Boolean,YN,N,No,declared by Encompass,490,boolean-representation
CD1.X61,CD Changed Circumstance Chkbx,standard,Boolean,YN,Y,Yes,declared by Encompass,0,boolean-representation
CD1.X61,CD Changed Circumstance Chkbx,standard,Boolean,YN,N,No,declared by Encompass,490,boolean-representation
CD1.X66,Closing Disclosure - Revisions requested by the Consumer,standard,Boolean,YN,Y,Yes,declared by Encompass,0,boolean-representation
CD1.X66,Closing Disclosure - Revisions requested by the Consumer,standard,Boolean,YN,N,No,declared by Encompass,490,boolean-representation
CD1.X67,Closing Disclosure - Interest Rate dependent charges (Rate Lock),standard,Boolean,YN,Y,Yes,declared by Encompass,0,boolean-representation
CD1.X67,Closing Disclosure - Interest Rate dependent charges (Rate Lock),standard,Boolean,YN,N,No,declared by Encompass,490,boolean-representation
CD1.X68,Closing Disclosure - Changed Circumstance - Eligibility,standard,Boolean,YN,Y,Yes,declared by Encompass,0,boolean-representation
CD1.X68,Closing Disclosure - Changed Circumstance - Eligibility,standard,Boolean,YN,N,No,declared by Encompass,490,boolean-representation
CD3.X137,Exclude Borrower Closing Costs,standard,Boolean,YN,Y,Yes,declared by Encompass,0,boolean-representation
CD3.X137,Exclude Borrower Closing Costs,standard,Boolean,YN,N,No,declared by Encompass,490,boolean-representation
CD3.X1542,New Verbiage Disclosed,standard,Boolean,YN,Y,Yes,declared by Encompass,0,boolean-representation
CD3.X1542,New Verbiage Disclosed,standard,Boolean,YN,N,No,declared by Encompass,490,boolean-representation
CD4.X2,Negative Amortization,standard,String,STRING,scheduled,scheduled,declared by Encompass,0,
CD4.X2,Negative Amortization,standard,String,STRING,potential,potential,declared by Encompass,0,
CD4.X2,Negative Amortization,standard,String,STRING,none,none,declared by Encompass,490,
CD4.X23,Interest Only Payments,standard,Boolean,YN,Y,Yes,declared by Encompass,43,boolean-representation
CD4.X23,Interest Only Payments,standard,Boolean,YN,N,No,declared by Encompass,447,boolean-representation
CD4.X25,Step Payments,standard,Boolean,YN,Y,Yes,declared by Encompass,0,boolean-representation
CD4.X25,Step Payments,standard,Boolean,YN,N,No,declared by Encompass,490,boolean-representation
CD4.X27,Seasonal Payments,standard,Boolean,YN,Y,Yes,declared by Encompass,0,boolean-representation
CD4.X27,Seasonal Payments,standard,Boolean,YN,N,No,declared by Encompass,490,boolean-representation
CD4.X51,Escrowed Property Costs Basis,standard,String,STRING,ConsummationDate,Consummation Date,declared by Encompass,1,
CD4.X51,Escrowed Property Costs Basis,standard,String,STRING,1stPaymentDate,1st Payment Date,declared by Encompass,489,
CD5.X67,Closing Disclosure - Signature Type,standard,String,STRING,AsApplicant,As Applicant,declared by Encompass,490,
CD5.X67,Closing Disclosure - Signature Type,standard,String,STRING,ByName,By Name,declared by Encompass,0,
CD5.X67,Closing Disclosure - Signature Type,standard,String,STRING,None,None,declared by Encompass,0,
COMPLIANCEVERSION.NEWBUYDOWNENABLED,Buydown Calculation - New Buydown Feature Enabled Flag,standard,Boolean,YN,Y,Yes,declared by Encompass,490,boolean-representation
COMPLIANCEVERSION.NEWBUYDOWNENABLED,Buydown Calculation - New Buydown Feature Enabled Flag,standard,Boolean,YN,N,No,declared by Encompass,0,boolean-representation
CX.CDC.CHANGES,CD yes no box for CD changes,custom,YN,YN,true,true,inferred from live data,489,
CX.CDC.CHANGES,CD yes no box for CD changes,custom,YN,YN,false,false,inferred from live data,1,
CX.UC.CHANGES,UW Comparison - Changes,custom,DROPDOWNLIST,DROPDOWNLIST,Yes,Yes,inferred from live data,467,
CX.UC.CHANGES,UW Comparison - Changes,custom,DROPDOWNLIST,DROPDOWNLIST,No,No,inferred from live data,23,
DISCLOSURE.X1080,Refinance Subordination - Existing Junior Lien will be subordinated under new first lien,standard,Boolean,YN,Y,Yes,declared by Encompass,0,boolean-representation
DISCLOSURE.X1080,Refinance Subordination - Existing Junior Lien will be subordinated under new first lien,standard,Boolean,YN,N,No,declared by Encompass,490,boolean-representation
DISCLOSURE.X1217,State Disc - Statutory Election in Kansas,standard,String,STRING,No Statutory Election,No Statutory Election,declared by Encompass,490,
DISCLOSURE.X1217,State Disc - Statutory Election in Kansas,standard,String,STRING,Kansas UCCC Election For All Loans,Kansas UCCC Election For All Loans,declared by Encompass,0,
DISCLOSURE.X1218,State Disc - Statutory Election in Maryland,standard,String,STRING,No Statutory Election,No Statutory Election,declared by Encompass,490,
DISCLOSURE.X1218,State Disc - Statutory Election in Maryland,standard,String,STRING,Credit Grantor Law Election (for All Loans),Credit Grantor Law Election (for All Loans),declared by Encompass,0,
DISCLOSURE.X1218,State Disc - Statutory Election in Maryland,standard,String,STRING,"Credit Grantor Law Election (for 1-4 unit, Jr. Lien only)","Credit Grantor Law Election (for 1-4 unit, Jr. Lien only)",declared by Encompass,0,
DISCLOSURE.X1218,State Disc - Statutory Election in Maryland,standard,String,STRING,Credit Grantor Law Election (for 1-4 unit only),Credit Grantor Law Election (for 1-4 unit only),declared by Encompass,0,
DISCLOSURE.X671,State Disc - Loan Terms Change Escrow Payment After Change (Hidden Field),standard,String,STRING,,,declared by Encompass,0,
DISCLOSURE.X671,State Disc - Loan Terms Change Escrow Payment After Change (Hidden Field),standard,String,STRING,Required,Required,declared by Encompass,172,
DISCLOSURE.X671,State Disc - Loan Terms Change Escrow Payment After Change (Hidden Field),standard,String,STRING,Not Required,Not Required,declared by Encompass,318,
DISCLOSURE.X672,State Disc - Loan Terms Change Mortgage Insurance After Change (Hidden Field),standard,String,STRING,,,declared by Encompass,0,
DISCLOSURE.X672,State Disc - Loan Terms Change Mortgage Insurance After Change (Hidden Field),standard,String,STRING,Required,Required,declared by Encompass,0,
DISCLOSURE.X672,State Disc - Loan Terms Change Mortgage Insurance After Change (Hidden Field),standard,String,STRING,Not Required,Not Required,declared by Encompass,490,
ENHANCEDCOND.X1,Apply Enhanced Conditions to Loan,standard,Boolean,YN,Y,Yes,declared by Encompass,490,boolean-representation
ENHANCEDCOND.X1,Apply Enhanced Conditions to Loan,standard,Boolean,YN,N,No,declared by Encompass,0,boolean-representation
HMDA.X109,Trans Details Interest Only Indicator,standard,Boolean,YN,Y,Yes,declared by Encompass,43,boolean-representation
HMDA.X109,Trans Details Interest Only Indicator,standard,Boolean,YN,N,No,declared by Encompass,447,boolean-representation
HMDA.X114,Trans Details Amort Type Balloon,standard,String,STRING,Y,Yes,declared by Encompass,0,
HMDA.X114,Trans Details Amort Type Balloon,standard,String,STRING,N,No,declared by Encompass,490,
HMDA.X114,Trans Details Amort Type Balloon,standard,String,STRING,Exempt,1111. Exempt,declared by Encompass,0,
HMDA.X120,Trans Details Interest Only Indicator,standard,String,STRING,Y,Yes,declared by Encompass,43,
HMDA.X120,Trans Details Interest Only Indicator,standard,String,STRING,N,No,declared by Encompass,447,
HMDA.X120,Trans Details Interest Only Indicator,standard,String,STRING,Exempt,1111. Exempt,declared by Encompass,0,
HMDA.X121,CD Required,standard,Boolean,YN,Y,Yes,declared by Encompass,182,boolean-representation
HMDA.X121,CD Required,standard,Boolean,YN,N,No,declared by Encompass,308,boolean-representation
HMDA.X13,Trans Details HOEPA Status,standard,String,STRING,HOEPA Loan,1. High-cost mortgage,declared by Encompass,0,
HMDA.X13,Trans Details HOEPA Status,standard,String,STRING,Not a HOEPA Loan,2. Not a high-cost mortgage,declared by Encompass,1,
HMDA.X13,Trans Details HOEPA Status,standard,String,STRING,Not applicable,3. Not applicable,declared by Encompass,489,
HMDA.X30,HMDA Loan Type,standard,String,STRING,Conventional,1. Conventional,declared by Encompass,490,
HMDA.X30,HMDA Loan Type,standard,String,STRING,FHA,2. FHA,declared by Encompass,0,
HMDA.X30,HMDA Loan Type,standard,String,STRING,VA,3. VA,declared by Encompass,0,
HMDA.X30,HMDA Loan Type,standard,String,STRING,USDA-RHS or FSA,4. USDA-RHS or FSA,declared by Encompass,0,
HMDA.X58,Business or Commercial Purpose,standard,String,STRING,Primarily for a business or commercial purpose,1. Primarily for a business or commercial purpose,declared by Encompass,308,
HMDA.X58,Business or Commercial Purpose,standard,String,STRING,Not primarily for a business or commercial purpose,2. Not primarily for a business or commercial purpose,declared by Encompass,182,
HMDA.X58,Business or Commercial Purpose,standard,String,STRING,Exempt,1111. Exempt,declared by Encompass,0,
HMDA.X91,HMDA Sync address fields with subject property address,standard,Boolean,YN,Y,HMDA Sync Address Indicator,declared by Encompass,490,boolean-representation
HMDA.X91,HMDA Sync address fields with subject property address,standard,Boolean,YN,N,No,declared by Encompass,0,boolean-representation
HUD69,Escrow First Payment Date Type,standard,String,STRING,FirstPaymentDate,1st Payment Date,declared by Encompass,490,
HUD69,Escrow First Payment Date Type,standard,String,STRING,FirstAmortDate,1st Amort Date,declared by Encompass,0,
IRS4506.X93,Classic Tax Form Transcript Requested to be sent to the IRS,standard,String,STRING,4506-COct2022,4506-C Oct 2022,declared by Encompass,490,
IRS4506.X93,Classic Tax Form Transcript Requested to be sent to the IRS,standard,String,STRING,4506-CSept2020,4506-C Sept 2020,declared by Encompass,0,
IRS4506.X93,Classic Tax Form Transcript Requested to be sent to the IRS,standard,String,STRING,4506-T,4506-T,declared by Encompass,0,
L83,HUD1 Loan Type,standard,String,STRING,FHA,FHA,declared by Encompass,0,
L83,HUD1 Loan Type,standard,String,STRING,Rural Housing Service,Rural Housing Service,declared by Encompass,0,
L83,HUD1 Loan Type,standard,String,STRING,FmHA,FarmersHomeAdministration,declared by Encompass,0,
L83,HUD1 Loan Type,standard,String,STRING,Uninsured,Conventional Uninsured,declared by Encompass,490,
L83,HUD1 Loan Type,standard,String,STRING,VA,VA,declared by Encompass,0,
L83,HUD1 Loan Type,standard,String,STRING,Insured,Conventional Insured,declared by Encompass,0,
LE1.X78,Changed Circumstance - Settlement Charges,standard,Boolean,YN,Y,Yes,declared by Encompass,0,boolean-representation
LE1.X78,Changed Circumstance - Settlement Charges,standard,Boolean,YN,N,No,declared by Encompass,490,boolean-representation
LE1.X79,Changed Circumstance - Eligibility,standard,Boolean,YN,Y,Yes,declared by Encompass,0,boolean-representation
LE1.X79,Changed Circumstance - Eligibility,standard,Boolean,YN,N,No,declared by Encompass,490,boolean-representation
LE1.X80,Revisions requested by the consumer,standard,Boolean,YN,Y,Yes,declared by Encompass,0,boolean-representation
LE1.X80,Revisions requested by the consumer,standard,Boolean,YN,N,No,declared by Encompass,490,boolean-representation
LE1.X81,Interest Rate dependent charges (Rate Lock),standard,Boolean,YN,Y,Yes,declared by Encompass,0,boolean-representation
LE1.X81,Interest Rate dependent charges (Rate Lock),standard,Boolean,YN,N,No,declared by Encompass,490,boolean-representation
LE1.X82,Expiration (Intent to Proceed received after 10 business days),standard,Boolean,YN,Y,Yes,declared by Encompass,0,boolean-representation
LE1.X82,Expiration (Intent to Proceed received after 10 business days),standard,Boolean,YN,N,No,declared by Encompass,490,boolean-representation
LE1.X83,Delayed Settlement on Construction Loans,standard,Boolean,YN,Y,Yes,declared by Encompass,0,boolean-representation
LE1.X83,Delayed Settlement on Construction Loans,standard,Boolean,YN,N,No,declared by Encompass,490,boolean-representation
LE1.X84,Other,standard,Boolean,YN,Y,Yes,declared by Encompass,0,boolean-representation
LE1.X84,Other,standard,Boolean,YN,N,No,declared by Encompass,490,boolean-representation
LE2.X30,Loan Estimate - Use Actual Down Payment & Closing Costs Financed Indicator,standard,Boolean,YN,Y,Yes,declared by Encompass,0,boolean-representation
LE2.X30,Loan Estimate - Use Actual Down Payment & Closing Costs Financed Indicator,standard,Boolean,YN,N,No,declared by Encompass,490,boolean-representation
LE3.X19,Loan Estimate - Signature Type,standard,String,STRING,AsApplicant,As Applicant,declared by Encompass,490,
LE3.X19,Loan Estimate - Signature Type,standard,String,STRING,ByName,By Name,declared by Encompass,0,
LE3.X19,Loan Estimate - Signature Type,standard,String,STRING,None,None,declared by Encompass,0,
MAX23K.X118,FHA 203k - Criteria for Appropriate LTV Factor,standard,String,STRING,At or above 580,At or above 580,declared by Encompass,140,
MAX23K.X118,FHA 203k - Criteria for Appropriate LTV Factor,standard,String,STRING,Between 500 and 579,Between 500 and 579,declared by Encompass,0,
MAX23K.X118,FHA 203k - Criteria for Appropriate LTV Factor,standard,String,STRING,With HOC Approval,With HOC Approval,declared by Encompass,0,
MAX23K.X118,FHA 203k - Criteria for Appropriate LTV Factor,standard,String,STRING,Manual Underwriting Required,Manual Underwriting Required,declared by Encompass,350,
MS.STATUS,Tracking - Current Milestone Name,standard,String,STRING,Started,Started,declared by Encompass,6,declared-set-does-not-match-tenant
MS.STATUS,Tracking - Current Milestone Name,standard,String,STRING,Sent to processing,Sent to processing,declared by Encompass,27,declared-set-does-not-match-tenant
MS.STATUS,Tracking - Current Milestone Name,standard,String,STRING,Submitted,Submitted,declared by Encompass,32,declared-set-does-not-match-tenant
MS.STATUS,Tracking - Current Milestone Name,standard,String,STRING,Approved,Approved,declared by Encompass,0,declared-set-does-not-match-tenant
MS.STATUS,Tracking - Current Milestone Name,standard,String,STRING,Doc signed,Doc signed,declared by Encompass,0,declared-set-does-not-match-tenant
MS.STATUS,Tracking - Current Milestone Name,standard,String,STRING,Funded,Funded,declared by Encompass,4,declared-set-does-not-match-tenant
MS.STATUS,Tracking - Current Milestone Name,standard,String,STRING,Completed,Completed,declared by Encompass,79,declared-set-does-not-match-tenant
NEWHUD.X1017,Itemize Fees on Line 1101,standard,Boolean,YN,Y,Yes,declared by Encompass,490,boolean-representation
NEWHUD.X1017,Itemize Fees on Line 1101,standard,Boolean,YN,N,No,declared by Encompass,0,boolean-representation
NEWHUD.X1139,Itemize Fees on Line 802 Use LO Compensation Tool,standard,Boolean,YN,Y,Yes,declared by Encompass,489,boolean-representation
NEWHUD.X1139,Itemize Fees on Line 802 Use LO Compensation Tool,standard,Boolean,YN,N,No,declared by Encompass,1,boolean-representation
NEWHUD.X335,Has Escrow Acct,standard,String,STRING,Yes,Yes,declared by Encompass,172,declared-set-does-not-match-tenant
NEWHUD.X335,Has Escrow Acct,standard,String,STRING,No,No,declared by Encompass,318,declared-set-does-not-match-tenant
NEWHUD.X750,Itemize Fees on Line 801,standard,Boolean,YN,Y,Yes,declared by Encompass,490,boolean-representation
NEWHUD.X750,Itemize Fees on Line 801,standard,Boolean,YN,N,No,declared by Encompass,0,boolean-representation
NMLS.X4,NMLS Option ARM Indicator,standard,Boolean,YN,Y,Option ARM,declared by Encompass,0,boolean-representation
NMLS.X4,NMLS Option ARM Indicator,standard,Boolean,YN,N,Not Option ARM,declared by Encompass,490,boolean-representation
NMLS.X5,NMLS Piggyback or Funded HELOC Indicator,standard,Boolean,YN,Y,Includes piggyback second or funded HELOC,declared by Encompass,0,boolean-representation
NMLS.X5,NMLS Piggyback or Funded HELOC Indicator,standard,Boolean,YN,N,Does not include piggyback second or funded HELOC,declared by Encompass,490,boolean-representation
NOTICES.X51,Privacy Policy Information Selection,standard,String,STRING,Affiliate Opt-Out,Affiliate Opt-Out,declared by Encompass,0,
NOTICES.X51,Privacy Policy Information Selection,standard,String,STRING,Affiliate No Opt-Out,Affiliate No Opt-Out,declared by Encompass,0,
NOTICES.X51,Privacy Policy Information Selection,standard,String,STRING,No Affiliate Opt-Out,No Affiliate Opt-Out,declared by Encompass,0,
NOTICES.X51,Privacy Policy Information Selection,standard,String,STRING,No Affiliate No Opt-Out,No Affiliate No Opt-Out,declared by Encompass,490,
NOTICES.X52,Privacy Policy Information Types We Collect 1st Field,standard,String,STRING,Account balances,Account balances,declared by Encompass,0,
NOTICES.X52,Privacy Policy Information Types We Collect 1st Field,standard,String,STRING,Account transactions,Account transactions,declared by Encompass,0,
NOTICES.X52,Privacy Policy Information Types We Collect 1st Field,standard,String,STRING,Assets,Assets,declared by Encompass,490,
NOTICES.X52,Privacy Policy Information Types We Collect 1st Field,standard,String,STRING,Checking account information,Checking account information,declared by Encompass,0,
NOTICES.X52,Privacy Policy Information Types We Collect 1st Field,standard,String,STRING,Credit-based insurance scores,Credit-based insurance scores,declared by Encompass,0,
NOTICES.X52,Privacy Policy Information Types We Collect 1st Field,standard,String,STRING,Credit card or other debt,Credit card or other debt,declared by Encompass,0,
NOTICES.X52,Privacy Policy Information Types We Collect 1st Field,standard,String,STRING,Credit history,Credit history,declared by Encompass,0,
NOTICES.X52,Privacy Policy Information Types We Collect 1st Field,standard,String,STRING,Credit scores,Credit scores,declared by Encompass,0,
NOTICES.X52,Privacy Policy Information Types We Collect 1st Field,standard,String,STRING,Employment information,Employment information,declared by Encompass,0,
NOTICES.X52,Privacy Policy Information Types We Collect 1st Field,standard,String,STRING,Income,Income,declared by Encompass,0,
NOTICES.X52,Privacy Policy Information Types We Collect 1st Field,standard,String,STRING,Insurance claim history,Insurance claim,declared by Encompass,0,
NOTICES.X52,Privacy Policy Information Types We Collect 1st Field,standard,String,STRING,Investment experience,Investment experience,declared by Encompass,0,
NOTICES.X52,Privacy Policy Information Types We Collect 1st Field,standard,String,STRING,Medical information,Medical information,declared by Encompass,0,
NOTICES.X52,Privacy Policy Information Types We Collect 1st Field,standard,String,STRING,Medical-related debts,Medical-related debts,declared by Encompass,0,
NOTICES.X52,Privacy Policy Information Types We Collect 1st Field,standard,String,STRING,Mortgage rates and payments,Mortgage rates and payments,declared by Encompass,0,
NOTICES.X52,Privacy Policy Information Types We Collect 1st Field,standard,String,STRING,Overdraft history,Overdraft history,declared by Encompass,0,
NOTICES.X52,Privacy Policy Information Types We Collect 1st Field,standard,String,STRING,Payment history,Payment history,declared by Encompass,0,
NOTICES.X52,Privacy Policy Information Types We Collect 1st Field,standard,String,STRING,Purchase history,Purchase history,declared by Encompass,0,
NOTICES.X52,Privacy Policy Information Types We Collect 1st Field,standard,String,STRING,Retirement assets,Retirement assets,declared by Encompass,0,
NOTICES.X52,Privacy Policy Information Types We Collect 1st Field,standard,String,STRING,Risk tolerance,Risk tolerance,declared by Encompass,0,
NOTICES.X52,Privacy Policy Information Types We Collect 1st Field,standard,String,STRING,Transaction history,Transaction history,declared by Encompass,0,
NOTICES.X52,Privacy Policy Information Types We Collect 1st Field,standard,String,STRING,Transaction or loss history,Transaction or loss history,declared by Encompass,0,
NOTICES.X52,Privacy Policy Information Types We Collect 1st Field,standard,String,STRING,Wire transfer instructions,Wire transfer instructions,declared by Encompass,0,
NOTICES.X53,Privacy Policy Information Types We Collect 2nd Field,standard,String,STRING,Account balances,Account balances,declared by Encompass,0,
NOTICES.X53,Privacy Policy Information Types We Collect 2nd Field,standard,String,STRING,Account transactions,Account transactions,declared by Encompass,0,
NOTICES.X53,Privacy Policy Information Types We Collect 2nd Field,standard,String,STRING,Assets,Assets,declared by Encompass,0,
NOTICES.X53,Privacy Policy Information Types We Collect 2nd Field,standard,String,STRING,Checking account information,Checking account information,declared by Encompass,0,
NOTICES.X53,Privacy Policy Information Types We Collect 2nd Field,standard,String,STRING,Credit-based insurance scores,Credit-based insurance scores,declared by Encompass,0,
NOTICES.X53,Privacy Policy Information Types We Collect 2nd Field,standard,String,STRING,Credit card or other debt,Credit card or other debt,declared by Encompass,0,
NOTICES.X53,Privacy Policy Information Types We Collect 2nd Field,standard,String,STRING,Credit history,Credit history,declared by Encompass,0,
NOTICES.X53,Privacy Policy Information Types We Collect 2nd Field,standard,String,STRING,Credit scores,Credit scores,declared by Encompass,0,
NOTICES.X53,Privacy Policy Information Types We Collect 2nd Field,standard,String,STRING,Employment information,Employment information,declared by Encompass,0,
NOTICES.X53,Privacy Policy Information Types We Collect 2nd Field,standard,String,STRING,Income,Income,declared by Encompass,490,
NOTICES.X53,Privacy Policy Information Types We Collect 2nd Field,standard,String,STRING,Insurance claim history,Insurance claim,declared by Encompass,0,
NOTICES.X53,Privacy Policy Information Types We Collect 2nd Field,standard,String,STRING,Investment experience,Investment experience,declared by Encompass,0,
NOTICES.X53,Privacy Policy Information Types We Collect 2nd Field,standard,String,STRING,Medical information,Medical information,declared by Encompass,0,
NOTICES.X53,Privacy Policy Information Types We Collect 2nd Field,standard,String,STRING,Medical-related debts,Medical-related debts,declared by Encompass,0,
NOTICES.X53,Privacy Policy Information Types We Collect 2nd Field,standard,String,STRING,Mortgage rates and payments,Mortgage rates and payments,declared by Encompass,0,
NOTICES.X53,Privacy Policy Information Types We Collect 2nd Field,standard,String,STRING,Overdraft history,Overdraft history,declared by Encompass,0,
NOTICES.X53,Privacy Policy Information Types We Collect 2nd Field,standard,String,STRING,Payment history,Payment history,declared by Encompass,0,
NOTICES.X53,Privacy Policy Information Types We Collect 2nd Field,standard,String,STRING,Purchase history,Purchase history,declared by Encompass,0,
NOTICES.X53,Privacy Policy Information Types We Collect 2nd Field,standard,String,STRING,Retirement assets,Retirement assets,declared by Encompass,0,
NOTICES.X53,Privacy Policy Information Types We Collect 2nd Field,standard,String,STRING,Risk tolerance,Risk tolerance,declared by Encompass,0,
NOTICES.X53,Privacy Policy Information Types We Collect 2nd Field,standard,String,STRING,Transaction history,Transaction history,declared by Encompass,0,
NOTICES.X53,Privacy Policy Information Types We Collect 2nd Field,standard,String,STRING,Transaction or loss history,Transaction or loss history,declared by Encompass,0,
NOTICES.X53,Privacy Policy Information Types We Collect 2nd Field,standard,String,STRING,Wire transfer instructions,Wire transfer instructions,declared by Encompass,0,
NOTICES.X54,Privacy Policy Information Types We Collect 3rd Field,standard,String,STRING,Account balances,Account balances,declared by Encompass,0,
NOTICES.X54,Privacy Policy Information Types We Collect 3rd Field,standard,String,STRING,Account transactions,Account transactions,declared by Encompass,0,
NOTICES.X54,Privacy Policy Information Types We Collect 3rd Field,standard,String,STRING,Assets,Assets,declared by Encompass,0,
NOTICES.X54,Privacy Policy Information Types We Collect 3rd Field,standard,String,STRING,Checking account information,Checking account information,declared by Encompass,0,
NOTICES.X54,Privacy Policy Information Types We Collect 3rd Field,standard,String,STRING,Credit-based insurance scores,Credit-based insurance scores,declared by Encompass,0,
NOTICES.X54,Privacy Policy Information Types We Collect 3rd Field,standard,String,STRING,Credit card or other debt,Credit card or other debt,declared by Encompass,0,
NOTICES.X54,Privacy Policy Information Types We Collect 3rd Field,standard,String,STRING,Credit history,Credit history,declared by Encompass,490,
NOTICES.X54,Privacy Policy Information Types We Collect 3rd Field,standard,String,STRING,Credit scores,Credit scores,declared by Encompass,0,
NOTICES.X54,Privacy Policy Information Types We Collect 3rd Field,standard,String,STRING,Employment information,Employment information,declared by Encompass,0,
NOTICES.X54,Privacy Policy Information Types We Collect 3rd Field,standard,String,STRING,Income,Income,declared by Encompass,0,
NOTICES.X54,Privacy Policy Information Types We Collect 3rd Field,standard,String,STRING,Insurance claim history,Insurance claim,declared by Encompass,0,
NOTICES.X54,Privacy Policy Information Types We Collect 3rd Field,standard,String,STRING,Investment experience,Investment experience,declared by Encompass,0,
NOTICES.X54,Privacy Policy Information Types We Collect 3rd Field,standard,String,STRING,Medical information,Medical information,declared by Encompass,0,
NOTICES.X54,Privacy Policy Information Types We Collect 3rd Field,standard,String,STRING,Medical-related debts,Medical-related debts,declared by Encompass,0,
NOTICES.X54,Privacy Policy Information Types We Collect 3rd Field,standard,String,STRING,Mortgage rates and payments,Mortgage rates and payments,declared by Encompass,0,
NOTICES.X54,Privacy Policy Information Types We Collect 3rd Field,standard,String,STRING,Overdraft history,Overdraft history,declared by Encompass,0,
NOTICES.X54,Privacy Policy Information Types We Collect 3rd Field,standard,String,STRING,Payment history,Payment history,declared by Encompass,0,
NOTICES.X54,Privacy Policy Information Types We Collect 3rd Field,standard,String,STRING,Purchase history,Purchase history,declared by Encompass,0,
NOTICES.X54,Privacy Policy Information Types We Collect 3rd Field,standard,String,STRING,Retirement assets,Retirement assets,declared by Encompass,0,
NOTICES.X54,Privacy Policy Information Types We Collect 3rd Field,standard,String,STRING,Risk tolerance,Risk tolerance,declared by Encompass,0,
NOTICES.X54,Privacy Policy Information Types We Collect 3rd Field,standard,String,STRING,Transaction history,Transaction history,declared by Encompass,0,
NOTICES.X54,Privacy Policy Information Types We Collect 3rd Field,standard,String,STRING,Transaction or loss history,Transaction or loss history,declared by Encompass,0,
NOTICES.X54,Privacy Policy Information Types We Collect 3rd Field,standard,String,STRING,Wire transfer instructions,Wire transfer instructions,declared by Encompass,0,
NOTICES.X55,Privacy Policy Information Types We Collect 4th Field,standard,String,STRING,Account balances,Account balances,declared by Encompass,0,
NOTICES.X55,Privacy Policy Information Types We Collect 4th Field,standard,String,STRING,Account transactions,Account transactions,declared by Encompass,0,
NOTICES.X55,Privacy Policy Information Types We Collect 4th Field,standard,String,STRING,Assets,Assets,declared by Encompass,0,
NOTICES.X55,Privacy Policy Information Types We Collect 4th Field,standard,String,STRING,Checking account information,Checking account information,declared by Encompass,0,
NOTICES.X55,Privacy Policy Information Types We Collect 4th Field,standard,String,STRING,Credit-based insurance scores,Credit-based insurance scores,declared by Encompass,0,
NOTICES.X55,Privacy Policy Information Types We Collect 4th Field,standard,String,STRING,Credit card or other debt,Credit card or other debt,declared by Encompass,0,
NOTICES.X55,Privacy Policy Information Types We Collect 4th Field,standard,String,STRING,Credit history,Credit history,declared by Encompass,0,
NOTICES.X55,Privacy Policy Information Types We Collect 4th Field,standard,String,STRING,Credit scores,Credit scores,declared by Encompass,0,
NOTICES.X55,Privacy Policy Information Types We Collect 4th Field,standard,String,STRING,Employment information,Employment information,declared by Encompass,490,
NOTICES.X55,Privacy Policy Information Types We Collect 4th Field,standard,String,STRING,Income,Income,declared by Encompass,0,
NOTICES.X55,Privacy Policy Information Types We Collect 4th Field,standard,String,STRING,Insurance claim history,Insurance claim,declared by Encompass,0,
NOTICES.X55,Privacy Policy Information Types We Collect 4th Field,standard,String,STRING,Investment experience,Investment experience,declared by Encompass,0,
NOTICES.X55,Privacy Policy Information Types We Collect 4th Field,standard,String,STRING,Medical information,Medical information,declared by Encompass,0,
NOTICES.X55,Privacy Policy Information Types We Collect 4th Field,standard,String,STRING,Medical-related debts,Medical-related debts,declared by Encompass,0,
NOTICES.X55,Privacy Policy Information Types We Collect 4th Field,standard,String,STRING,Mortgage rates and payments,Mortgage rates and payments,declared by Encompass,0,
NOTICES.X55,Privacy Policy Information Types We Collect 4th Field,standard,String,STRING,Overdraft history,Overdraft history,declared by Encompass,0,
NOTICES.X55,Privacy Policy Information Types We Collect 4th Field,standard,String,STRING,Payment history,Payment history,declared by Encompass,0,
NOTICES.X55,Privacy Policy Information Types We Collect 4th Field,standard,String,STRING,Purchase history,Purchase history,declared by Encompass,0,
NOTICES.X55,Privacy Policy Information Types We Collect 4th Field,standard,String,STRING,Retirement assets,Retirement assets,declared by Encompass,0,
NOTICES.X55,Privacy Policy Information Types We Collect 4th Field,standard,String,STRING,Risk tolerance,Risk tolerance,declared by Encompass,0,
NOTICES.X55,Privacy Policy Information Types We Collect 4th Field,standard,String,STRING,Transaction history,Transaction history,declared by Encompass,0,
NOTICES.X55,Privacy Policy Information Types We Collect 4th Field,standard,String,STRING,Transaction or loss history,Transaction or loss history,declared by Encompass,0,
NOTICES.X55,Privacy Policy Information Types We Collect 4th Field,standard,String,STRING,Wire transfer instructions,Wire transfer instructions,declared by Encompass,0,
NOTICES.X56,Privacy Policy Information Types We Collect 5th Field,standard,String,STRING,Account balances,Account balances,declared by Encompass,0,
NOTICES.X56,Privacy Policy Information Types We Collect 5th Field,standard,String,STRING,Account transactions,Account transactions,declared by Encompass,0,
NOTICES.X56,Privacy Policy Information Types We Collect 5th Field,standard,String,STRING,Assets,Assets,declared by Encompass,0,
NOTICES.X56,Privacy Policy Information Types We Collect 5th Field,standard,String,STRING,Checking account information,Checking account information,declared by Encompass,0,
NOTICES.X56,Privacy Policy Information Types We Collect 5th Field,standard,String,STRING,Credit-based insurance scores,Credit-based insurance scores,declared by Encompass,0,
NOTICES.X56,Privacy Policy Information Types We Collect 5th Field,standard,String,STRING,Credit card or other debt,Credit card or other debt,declared by Encompass,0,
NOTICES.X56,Privacy Policy Information Types We Collect 5th Field,standard,String,STRING,Credit history,Credit history,declared by Encompass,0,
NOTICES.X56,Privacy Policy Information Types We Collect 5th Field,standard,String,STRING,Credit scores,Credit scores,declared by Encompass,0,
NOTICES.X56,Privacy Policy Information Types We Collect 5th Field,standard,String,STRING,Employment information,Employment information,declared by Encompass,0,
NOTICES.X56,Privacy Policy Information Types We Collect 5th Field,standard,String,STRING,Income,Income,declared by Encompass,0,
NOTICES.X56,Privacy Policy Information Types We Collect 5th Field,standard,String,STRING,Insurance claim history,Insurance claim,declared by Encompass,0,
NOTICES.X56,Privacy Policy Information Types We Collect 5th Field,standard,String,STRING,Investment experience,Investment experience,declared by Encompass,0,
NOTICES.X56,Privacy Policy Information Types We Collect 5th Field,standard,String,STRING,Medical information,Medical information,declared by Encompass,0,
NOTICES.X56,Privacy Policy Information Types We Collect 5th Field,standard,String,STRING,Medical-related debts,Medical-related debts,declared by Encompass,0,
NOTICES.X56,Privacy Policy Information Types We Collect 5th Field,standard,String,STRING,Mortgage rates and payments,Mortgage rates and payments,declared by Encompass,0,
NOTICES.X56,Privacy Policy Information Types We Collect 5th Field,standard,String,STRING,Overdraft history,Overdraft history,declared by Encompass,0,
NOTICES.X56,Privacy Policy Information Types We Collect 5th Field,standard,String,STRING,Payment history,Payment history,declared by Encompass,0,
NOTICES.X56,Privacy Policy Information Types We Collect 5th Field,standard,String,STRING,Purchase history,Purchase history,declared by Encompass,0,
NOTICES.X56,Privacy Policy Information Types We Collect 5th Field,standard,String,STRING,Retirement assets,Retirement assets,declared by Encompass,0,
NOTICES.X56,Privacy Policy Information Types We Collect 5th Field,standard,String,STRING,Risk tolerance,Risk tolerance,declared by Encompass,0,
NOTICES.X56,Privacy Policy Information Types We Collect 5th Field,standard,String,STRING,Transaction history,Transaction history,declared by Encompass,490,
NOTICES.X56,Privacy Policy Information Types We Collect 5th Field,standard,String,STRING,Transaction or loss history,Transaction or loss history,declared by Encompass,0,
NOTICES.X56,Privacy Policy Information Types We Collect 5th Field,standard,String,STRING,Wire transfer instructions,Wire transfer instructions,declared by Encompass,0,
NOTICES.X57,Privacy Policy How to Share Customer or Member,standard,String,STRING,Customers,Customers,declared by Encompass,490,
NOTICES.X57,Privacy Policy How to Share Customer or Member,standard,String,STRING,Members,Members,declared by Encompass,0,
NOTICES.X58,Privacy Policy Reasons We Can Share Your Personal Information 1,standard,String,STRING,No,No,declared by Encompass,0,
NOTICES.X58,Privacy Policy Reasons We Can Share Your Personal Information 1,standard,String,STRING,Yes,Yes,declared by Encompass,490,
NOTICES.X59,Privacy Policy Reasons We Can Share Your Personal Information 2,standard,String,STRING,No,No,declared by Encompass,490,
NOTICES.X59,Privacy Policy Reasons We Can Share Your Personal Information 2,standard,String,STRING,Yes,Yes,declared by Encompass,0,
NOTICES.X60,Privacy Policy Reasons We Can Share Your Personal Information 3,standard,String,STRING,No,No,declared by Encompass,490,
NOTICES.X60,Privacy Policy Reasons We Can Share Your Personal Information 3,standard,String,STRING,Yes,Yes,declared by Encompass,0,
NOTICES.X61,Privacy Policy Reasons We Can Share Your Personal Information 4,standard,String,STRING,No,No,declared by Encompass,490,
NOTICES.X61,Privacy Policy Reasons We Can Share Your Personal Information 4,standard,String,STRING,Yes,Yes,declared by Encompass,0,
NOTICES.X62,Privacy Policy Reasons We Can Share Your Personal Information 5,standard,String,STRING,No,No,declared by Encompass,490,
NOTICES.X62,Privacy Policy Reasons We Can Share Your Personal Information 5,standard,String,STRING,Yes,Yes,declared by Encompass,0,
NOTICES.X63,Privacy Policy Reasons We Can Share Your Personal Information 6,standard,String,STRING,No,No,declared by Encompass,490,
NOTICES.X63,Privacy Policy Reasons We Can Share Your Personal Information 6,standard,String,STRING,Yes,Yes,declared by Encompass,0,
NOTICES.X64,Privacy Policy Reasons We Can Share Your Personal Information 7,standard,String,STRING,No,No,declared by Encompass,490,
NOTICES.X64,Privacy Policy Reasons We Can Share Your Personal Information 7,standard,String,STRING,Yes,Yes,declared by Encompass,0,
NOTICES.X65,Privacy Policy Reasons We Can Share Your Personal Information Limit Sharing 1,standard,String,STRING,Yes,Yes,declared by Encompass,0,
NOTICES.X65,Privacy Policy Reasons We Can Share Your Personal Information Limit Sharing 1,standard,String,STRING,No,No,declared by Encompass,490,
NOTICES.X65,Privacy Policy Reasons We Can Share Your Personal Information Limit Sharing 1,standard,String,STRING,We Don't Share,We Don't Share,declared by Encompass,0,
NOTICES.X66,Privacy Policy Reasons We Can Share Your Personal Information Limit Sharing 2,standard,String,STRING,Yes,Yes,declared by Encompass,0,
NOTICES.X66,Privacy Policy Reasons We Can Share Your Personal Information Limit Sharing 2,standard,String,STRING,No,No,declared by Encompass,0,
NOTICES.X66,Privacy Policy Reasons We Can Share Your Personal Information Limit Sharing 2,standard,String,STRING,We Don't Share,We Don't Share,declared by Encompass,490,
NOTICES.X67,Privacy Policy Reasons We Can Share Your Personal Information Limit Sharing 3,standard,String,STRING,Yes,Yes,declared by Encompass,0,
NOTICES.X67,Privacy Policy Reasons We Can Share Your Personal Information Limit Sharing 3,standard,String,STRING,No,No,declared by Encompass,0,
NOTICES.X67,Privacy Policy Reasons We Can Share Your Personal Information Limit Sharing 3,standard,String,STRING,We Don't Share,We Don't Share,declared by Encompass,490,
NOTICES.X68,Privacy Policy Reasons We Can Share Your Personal Information Limit Sharing 4,standard,String,STRING,Yes,Yes,declared by Encompass,0,
NOTICES.X68,Privacy Policy Reasons We Can Share Your Personal Information Limit Sharing 4,standard,String,STRING,No,No,declared by Encompass,0,
NOTICES.X68,Privacy Policy Reasons We Can Share Your Personal Information Limit Sharing 4,standard,String,STRING,We Don't Share,We Don't Share,declared by Encompass,490,
NOTICES.X69,Privacy Policy Reasons We Can Share Your Personal Information Limit Sharing 5,standard,String,STRING,Yes,Yes,declared by Encompass,0,
NOTICES.X69,Privacy Policy Reasons We Can Share Your Personal Information Limit Sharing 5,standard,String,STRING,No,No,declared by Encompass,0,
NOTICES.X69,Privacy Policy Reasons We Can Share Your Personal Information Limit Sharing 5,standard,String,STRING,We Don't Share,We Don't Share,declared by Encompass,490,
NOTICES.X70,Privacy Policy Reasons We Can Share Your Personal Information Limit Sharing 6,standard,String,STRING,Yes,Yes,declared by Encompass,0,
NOTICES.X70,Privacy Policy Reasons We Can Share Your Personal Information Limit Sharing 6,standard,String,STRING,No,No,declared by Encompass,0,
NOTICES.X70,Privacy Policy Reasons We Can Share Your Personal Information Limit Sharing 6,standard,String,STRING,We Don't Share,We Don't Share,declared by Encompass,490,
NOTICES.X71,Privacy Policy Reasons We Can Share Your Personal Information Limit Sharing 7,standard,String,STRING,Yes,Yes,declared by Encompass,0,
NOTICES.X71,Privacy Policy Reasons We Can Share Your Personal Information Limit Sharing 7,standard,String,STRING,No,No,declared by Encompass,0,
NOTICES.X71,Privacy Policy Reasons We Can Share Your Personal Information Limit Sharing 7,standard,String,STRING,We Don't Share,We Don't Share,declared by Encompass,490,
NOTICES.X73,Privacy Policy Information We Collect Customer Personal Information at These Times 1,standard,String,STRING,Apply for a lease,Apply for a lease,declared by Encompass,0,
NOTICES.X73,Privacy Policy Information We Collect Customer Personal Information at These Times 1,standard,String,STRING,Apply for a loan,Apply for a loan,declared by Encompass,490,
NOTICES.X73,Privacy Policy Information We Collect Customer Personal Information at These Times 1,standard,String,STRING,Apply for financing,Apply for financing,declared by Encompass,0,
NOTICES.X73,Privacy Policy Information We Collect Customer Personal Information at These Times 1,standard,String,STRING,Apply for insurance,Apply for insurance,declared by Encompass,0,
NOTICES.X73,Privacy Policy Information We Collect Customer Personal Information at These Times 1,standard,String,STRING,Buy securities from us,Buy securities from us,declared by Encompass,0,
NOTICES.X73,Privacy Policy Information We Collect Customer Personal Information at These Times 1,standard,String,STRING,Deposit Money,Deposit Money,declared by Encompass,0,
NOTICES.X73,Privacy Policy Information We Collect Customer Personal Information at These Times 1,standard,String,STRING,Direct us to buy securities,Direct us to buy securities,declared by Encompass,0,
NOTICES.X73,Privacy Policy Information We Collect Customer Personal Information at These Times 1,standard,String,STRING,Direct us to sell your securities,Direct us to sell your securities,declared by Encompass,0,
NOTICES.X73,Privacy Policy Information We Collect Customer Personal Information at These Times 1,standard,String,STRING,Enter into an investment advisory contract,Enter into an investment advisory contract,declared by Encompass,0,
NOTICES.X73,Privacy Policy Information We Collect Customer Personal Information at These Times 1,standard,String,STRING,File an insurance claim,File an insurance claim,declared by Encompass,0,
NOTICES.X73,Privacy Policy Information We Collect Customer Personal Information at These Times 1,standard,String,STRING,Give us your contact information,Give us your contact information,declared by Encompass,0,
NOTICES.X73,Privacy Policy Information We Collect Customer Personal Information at These Times 1,standard,String,STRING,Give us your employment history,Give us your employment history,declared by Encompass,0,
NOTICES.X73,Privacy Policy Information We Collect Customer Personal Information at These Times 1,standard,String,STRING,Give us your income information,Give us your income information,declared by Encompass,0,
NOTICES.X73,Privacy Policy Information We Collect Customer Personal Information at These Times 1,standard,String,STRING,Give us your wage statements,Give us your wage statements,declared by Encompass,0,
NOTICES.X73,Privacy Policy Information We Collect Customer Personal Information at These Times 1,standard,String,STRING,Make a wire transfer,Make a wire transfer,declared by Encompass,0,
NOTICES.X73,Privacy Policy Information We Collect Customer Personal Information at These Times 1,standard,String,STRING,Make deposits or withdrawals from your account,Make deposits or withdrawals from your account,declared by Encompass,0,
NOTICES.X73,Privacy Policy Information We Collect Customer Personal Information at These Times 1,standard,String,STRING,Order a commodity futures or option trade,Order a commodity futures or option trade,declared by Encompass,0,
NOTICES.X73,Privacy Policy Information We Collect Customer Personal Information at These Times 1,standard,String,STRING,Open an account,Open an account,declared by Encompass,0,
NOTICES.X73,Privacy Policy Information We Collect Customer Personal Information at These Times 1,standard,String,STRING,Pay insurance premiums,Pay insurance premiums,declared by Encompass,0,
NOTICES.X73,Privacy Policy Information We Collect Customer Personal Information at These Times 1,standard,String,STRING,Pay us by check,Pay us by check,declared by Encompass,0,
NOTICES.X73,Privacy Policy Information We Collect Customer Personal Information at These Times 1,standard,String,STRING,Pay your bills,Pay your bills,declared by Encompass,0,
NOTICES.X73,Privacy Policy Information We Collect Customer Personal Information at These Times 1,standard,String,STRING,Provide account information,Provide account information,declared by Encompass,0,
NOTICES.X73,Privacy Policy Information We Collect Customer Personal Information at These Times 1,standard,String,STRING,Provide employment information,Provide employment information,declared by Encompass,0,
NOTICES.X73,Privacy Policy Information We Collect Customer Personal Information at These Times 1,standard,String,STRING,Provide your mortgage information,Provide your mortgage information,declared by Encompass,0,
NOTICES.X73,Privacy Policy Information We Collect Customer Personal Information at These Times 1,standard,String,STRING,Seek advice about your investments,Seek advice about your investments,declared by Encompass,0,
NOTICES.X73,Privacy Policy Information We Collect Customer Personal Information at These Times 1,standard,String,STRING,Seek financial or tax advice,Seek financial or tax advice,declared by Encompass,0,
NOTICES.X73,Privacy Policy Information We Collect Customer Personal Information at These Times 1,standard,String,STRING,Sell securities to us,Sell securities to us,declared by Encompass,0,
NOTICES.X73,Privacy Policy Information We Collect Customer Personal Information at These Times 1,standard,String,STRING,Show your driver's license,Show your driver's license,declared by Encompass,0,
NOTICES.X73,Privacy Policy Information We Collect Customer Personal Information at These Times 1,standard,String,STRING,Show your government issued ID,Show your government issued ID,declared by Encompass,0,
NOTICES.X73,Privacy Policy Information We Collect Customer Personal Information at These Times 1,standard,String,STRING,Tell us about your investment or retirement earnings,Tell us about your investment or retirement earnings,declared by Encompass,0,
NOTICES.X73,Privacy Policy Information We Collect Customer Personal Information at These Times 1,standard,String,STRING,Tell us about your investment or retirement portfolio,Tell us about your investment or retirement portfolio,declared by Encompass,0,
NOTICES.X73,Privacy Policy Information We Collect Customer Personal Information at These Times 1,standard,String,STRING,Tell us where to send the money,Tell us where to send the money,declared by Encompass,0,
NOTICES.X73,Privacy Policy Information We Collect Customer Personal Information at These Times 1,standard,String,STRING,Tell us who receives the money,Tell us who receives the money,declared by Encompass,0,
NOTICES.X73,Privacy Policy Information We Collect Customer Personal Information at These Times 1,standard,String,STRING,Use your credit or debit card,Use your credit or debit card,declared by Encompass,0,
NOTICES.X74,Privacy Policy Information We Collect Customer Personal Information at These Times 2,standard,String,STRING,Apply for a lease,Apply for a lease,declared by Encompass,0,
NOTICES.X74,Privacy Policy Information We Collect Customer Personal Information at These Times 2,standard,String,STRING,Apply for a loan,Apply for a loan,declared by Encompass,0,
NOTICES.X74,Privacy Policy Information We Collect Customer Personal Information at These Times 2,standard,String,STRING,Apply for financing,Apply for financing,declared by Encompass,490,
NOTICES.X74,Privacy Policy Information We Collect Customer Personal Information at These Times 2,standard,String,STRING,Apply for insurance,Apply for insurance,declared by Encompass,0,
NOTICES.X74,Privacy Policy Information We Collect Customer Personal Information at These Times 2,standard,String,STRING,Buy securities from us,Buy securities from us,declared by Encompass,0,
NOTICES.X74,Privacy Policy Information We Collect Customer Personal Information at These Times 2,standard,String,STRING,Deposit Money,Deposit Money,declared by Encompass,0,
NOTICES.X74,Privacy Policy Information We Collect Customer Personal Information at These Times 2,standard,String,STRING,Direct us to buy securities,Direct us to buy securities,declared by Encompass,0,
NOTICES.X74,Privacy Policy Information We Collect Customer Personal Information at These Times 2,standard,String,STRING,Direct us to sell your securities,Direct us to sell your securities,declared by Encompass,0,
NOTICES.X74,Privacy Policy Information We Collect Customer Personal Information at These Times 2,standard,String,STRING,Enter into an investment advisory contract,Enter into an investment advisory contract,declared by Encompass,0,
NOTICES.X74,Privacy Policy Information We Collect Customer Personal Information at These Times 2,standard,String,STRING,File an insurance claim,File an insurance claim,declared by Encompass,0,
NOTICES.X74,Privacy Policy Information We Collect Customer Personal Information at These Times 2,standard,String,STRING,Give us your contact information,Give us your contact information,declared by Encompass,0,
NOTICES.X74,Privacy Policy Information We Collect Customer Personal Information at These Times 2,standard,String,STRING,Give us your employment history,Give us your employment history,declared by Encompass,0,
NOTICES.X74,Privacy Policy Information We Collect Customer Personal Information at These Times 2,standard,String,STRING,Give us your income information,Give us your income information,declared by Encompass,0,
NOTICES.X74,Privacy Policy Information We Collect Customer Personal Information at These Times 2,standard,String,STRING,Give us your wage statements,Give us your wage statements,declared by Encompass,0,
NOTICES.X74,Privacy Policy Information We Collect Customer Personal Information at These Times 2,standard,String,STRING,Make a wire transfer,Make a wire transfer,declared by Encompass,0,
NOTICES.X74,Privacy Policy Information We Collect Customer Personal Information at These Times 2,standard,String,STRING,Make deposits or withdrawals from your account,Make deposits or withdrawals from your account,declared by Encompass,0,
NOTICES.X74,Privacy Policy Information We Collect Customer Personal Information at These Times 2,standard,String,STRING,Order a commodity futures or option trade,Order a commodity futures or option trade,declared by Encompass,0,
NOTICES.X74,Privacy Policy Information We Collect Customer Personal Information at These Times 2,standard,String,STRING,Open an account,Open an account,declared by Encompass,0,
NOTICES.X74,Privacy Policy Information We Collect Customer Personal Information at These Times 2,standard,String,STRING,Pay insurance premiums,Pay insurance premiums,declared by Encompass,0,
NOTICES.X74,Privacy Policy Information We Collect Customer Personal Information at These Times 2,standard,String,STRING,Pay us by check,Pay us by check,declared by Encompass,0,
NOTICES.X74,Privacy Policy Information We Collect Customer Personal Information at These Times 2,standard,String,STRING,Pay your bills,Pay your bills,declared by Encompass,0,
NOTICES.X74,Privacy Policy Information We Collect Customer Personal Information at These Times 2,standard,String,STRING,Provide account information,Provide account information,declared by Encompass,0,
NOTICES.X74,Privacy Policy Information We Collect Customer Personal Information at These Times 2,standard,String,STRING,Provide employment information,Provide employment information,declared by Encompass,0,
NOTICES.X74,Privacy Policy Information We Collect Customer Personal Information at These Times 2,standard,String,STRING,Provide your mortgage information,Provide your mortgage information,declared by Encompass,0,
NOTICES.X74,Privacy Policy Information We Collect Customer Personal Information at These Times 2,standard,String,STRING,Seek advice about your investments,Seek advice about your investments,declared by Encompass,0,
NOTICES.X74,Privacy Policy Information We Collect Customer Personal Information at These Times 2,standard,String,STRING,Seek financial or tax advice,Seek financial or tax advice,declared by Encompass,0,
NOTICES.X74,Privacy Policy Information We Collect Customer Personal Information at These Times 2,standard,String,STRING,Sell securities to us,Sell securities to us,declared by Encompass,0,
NOTICES.X74,Privacy Policy Information We Collect Customer Personal Information at These Times 2,standard,String,STRING,Show your driver's license,Show your driver's license,declared by Encompass,0,
NOTICES.X74,Privacy Policy Information We Collect Customer Personal Information at These Times 2,standard,String,STRING,Show your government issued ID,Show your government issued ID,declared by Encompass,0,
NOTICES.X74,Privacy Policy Information We Collect Customer Personal Information at These Times 2,standard,String,STRING,Tell us about your investment or retirement earnings,Tell us about your investment or retirement earnings,declared by Encompass,0,
NOTICES.X74,Privacy Policy Information We Collect Customer Personal Information at These Times 2,standard,String,STRING,Tell us about your investment or retirement portfolio,Tell us about your investment or retirement portfolio,declared by Encompass,0,
NOTICES.X74,Privacy Policy Information We Collect Customer Personal Information at These Times 2,standard,String,STRING,Tell us where to send the money,Tell us where to send the money,declared by Encompass,0,
NOTICES.X74,Privacy Policy Information We Collect Customer Personal Information at These Times 2,standard,String,STRING,Tell us who receives the money,Tell us who receives the money,declared by Encompass,0,
NOTICES.X74,Privacy Policy Information We Collect Customer Personal Information at These Times 2,standard,String,STRING,Use your credit or debit card,Use your credit or debit card,declared by Encompass,0,
NOTICES.X75,Privacy Policy Information We Collect Customer Personal Information at These Times 3,standard,String,STRING,Apply for a lease,Apply for a lease,declared by Encompass,0,
NOTICES.X75,Privacy Policy Information We Collect Customer Personal Information at These Times 3,standard,String,STRING,Apply for a loan,Apply for a loan,declared by Encompass,0,
NOTICES.X75,Privacy Policy Information We Collect Customer Personal Information at These Times 3,standard,String,STRING,Apply for financing,Apply for financing,declared by Encompass,0,
NOTICES.X75,Privacy Policy Information We Collect Customer Personal Information at These Times 3,standard,String,STRING,Apply for insurance,Apply for insurance,declared by Encompass,0,
NOTICES.X75,Privacy Policy Information We Collect Customer Personal Information at These Times 3,standard,String,STRING,Buy securities from us,Buy securities from us,declared by Encompass,0,
NOTICES.X75,Privacy Policy Information We Collect Customer Personal Information at These Times 3,standard,String,STRING,Deposit Money,Deposit Money,declared by Encompass,0,
NOTICES.X75,Privacy Policy Information We Collect Customer Personal Information at These Times 3,standard,String,STRING,Direct us to buy securities,Direct us to buy securities,declared by Encompass,0,
NOTICES.X75,Privacy Policy Information We Collect Customer Personal Information at These Times 3,standard,String,STRING,Direct us to sell your securities,Direct us to sell your securities,declared by Encompass,0,
NOTICES.X75,Privacy Policy Information We Collect Customer Personal Information at These Times 3,standard,String,STRING,Enter into an investment advisory contract,Enter into an investment advisory contract,declared by Encompass,0,
NOTICES.X75,Privacy Policy Information We Collect Customer Personal Information at These Times 3,standard,String,STRING,File an insurance claim,File an insurance claim,declared by Encompass,0,
NOTICES.X75,Privacy Policy Information We Collect Customer Personal Information at These Times 3,standard,String,STRING,Give us your contact information,Give us your contact information,declared by Encompass,490,
NOTICES.X75,Privacy Policy Information We Collect Customer Personal Information at These Times 3,standard,String,STRING,Give us your employment history,Give us your employment history,declared by Encompass,0,
NOTICES.X75,Privacy Policy Information We Collect Customer Personal Information at These Times 3,standard,String,STRING,Give us your income information,Give us your income information,declared by Encompass,0,
NOTICES.X75,Privacy Policy Information We Collect Customer Personal Information at These Times 3,standard,String,STRING,Give us your wage statements,Give us your wage statements,declared by Encompass,0,
NOTICES.X75,Privacy Policy Information We Collect Customer Personal Information at These Times 3,standard,String,STRING,Make a wire transfer,Make a wire transfer,declared by Encompass,0,
NOTICES.X75,Privacy Policy Information We Collect Customer Personal Information at These Times 3,standard,String,STRING,Make deposits or withdrawals from your account,Make deposits or withdrawals from your account,declared by Encompass,0,
NOTICES.X75,Privacy Policy Information We Collect Customer Personal Information at These Times 3,standard,String,STRING,Order a commodity futures or option trade,Order a commodity futures or option trade,declared by Encompass,0,
NOTICES.X75,Privacy Policy Information We Collect Customer Personal Information at These Times 3,standard,String,STRING,Open an account,Open an account,declared by Encompass,0,
NOTICES.X75,Privacy Policy Information We Collect Customer Personal Information at These Times 3,standard,String,STRING,Pay insurance premiums,Pay insurance premiums,declared by Encompass,0,
NOTICES.X75,Privacy Policy Information We Collect Customer Personal Information at These Times 3,standard,String,STRING,Pay us by check,Pay us by check,declared by Encompass,0,
NOTICES.X75,Privacy Policy Information We Collect Customer Personal Information at These Times 3,standard,String,STRING,Pay your bills,Pay your bills,declared by Encompass,0,
NOTICES.X75,Privacy Policy Information We Collect Customer Personal Information at These Times 3,standard,String,STRING,Provide account information,Provide account information,declared by Encompass,0,
NOTICES.X75,Privacy Policy Information We Collect Customer Personal Information at These Times 3,standard,String,STRING,Provide employment information,Provide employment information,declared by Encompass,0,
NOTICES.X75,Privacy Policy Information We Collect Customer Personal Information at These Times 3,standard,String,STRING,Provide your mortgage information,Provide your mortgage information,declared by Encompass,0,
NOTICES.X75,Privacy Policy Information We Collect Customer Personal Information at These Times 3,standard,String,STRING,Seek advice about your investments,Seek advice about your investments,declared by Encompass,0,
NOTICES.X75,Privacy Policy Information We Collect Customer Personal Information at These Times 3,standard,String,STRING,Seek financial or tax advice,Seek financial or tax advice,declared by Encompass,0,
NOTICES.X75,Privacy Policy Information We Collect Customer Personal Information at These Times 3,standard,String,STRING,Sell securities to us,Sell securities to us,declared by Encompass,0,
NOTICES.X75,Privacy Policy Information We Collect Customer Personal Information at These Times 3,standard,String,STRING,Show your driver's license,Show your driver's license,declared by Encompass,0,
NOTICES.X75,Privacy Policy Information We Collect Customer Personal Information at These Times 3,standard,String,STRING,Show your government issued ID,Show your government issued ID,declared by Encompass,0,
NOTICES.X75,Privacy Policy Information We Collect Customer Personal Information at These Times 3,standard,String,STRING,Tell us about your investment or retirement earnings,Tell us about your investment or retirement earnings,declared by Encompass,0,
NOTICES.X75,Privacy Policy Information We Collect Customer Personal Information at These Times 3,standard,String,STRING,Tell us about your investment or retirement portfolio,Tell us about your investment or retirement portfolio,declared by Encompass,0,
NOTICES.X75,Privacy Policy Information We Collect Customer Personal Information at These Times 3,standard,String,STRING,Tell us where to send the money,Tell us where to send the money,declared by Encompass,0,
NOTICES.X75,Privacy Policy Information We Collect Customer Personal Information at These Times 3,standard,String,STRING,Tell us who receives the money,Tell us who receives the money,declared by Encompass,0,
NOTICES.X75,Privacy Policy Information We Collect Customer Personal Information at These Times 3,standard,String,STRING,Use your credit or debit card,Use your credit or debit card,declared by Encompass,0,
NOTICES.X76,Privacy Policy Information We Collect Customer Personal Information at These Times 4,standard,String,STRING,Apply for a lease,Apply for a lease,declared by Encompass,0,
NOTICES.X76,Privacy Policy Information We Collect Customer Personal Information at These Times 4,standard,String,STRING,Apply for a loan,Apply for a loan,declared by Encompass,0,
NOTICES.X76,Privacy Policy Information We Collect Customer Personal Information at These Times 4,standard,String,STRING,Apply for financing,Apply for financing,declared by Encompass,0,
NOTICES.X76,Privacy Policy Information We Collect Customer Personal Information at These Times 4,standard,String,STRING,Apply for insurance,Apply for insurance,declared by Encompass,0,
NOTICES.X76,Privacy Policy Information We Collect Customer Personal Information at These Times 4,standard,String,STRING,Buy securities from us,Buy securities from us,declared by Encompass,0,
NOTICES.X76,Privacy Policy Information We Collect Customer Personal Information at These Times 4,standard,String,STRING,Deposit Money,Deposit Money,declared by Encompass,0,
NOTICES.X76,Privacy Policy Information We Collect Customer Personal Information at These Times 4,standard,String,STRING,Direct us to buy securities,Direct us to buy securities,declared by Encompass,0,
NOTICES.X76,Privacy Policy Information We Collect Customer Personal Information at These Times 4,standard,String,STRING,Direct us to sell your securities,Direct us to sell your securities,declared by Encompass,0,
NOTICES.X76,Privacy Policy Information We Collect Customer Personal Information at These Times 4,standard,String,STRING,Enter into an investment advisory contract,Enter into an investment advisory contract,declared by Encompass,0,
NOTICES.X76,Privacy Policy Information We Collect Customer Personal Information at These Times 4,standard,String,STRING,File an insurance claim,File an insurance claim,declared by Encompass,0,
NOTICES.X76,Privacy Policy Information We Collect Customer Personal Information at These Times 4,standard,String,STRING,Give us your contact information,Give us your contact information,declared by Encompass,0,
NOTICES.X76,Privacy Policy Information We Collect Customer Personal Information at These Times 4,standard,String,STRING,Give us your employment history,Give us your employment history,declared by Encompass,490,
NOTICES.X76,Privacy Policy Information We Collect Customer Personal Information at These Times 4,standard,String,STRING,Give us your income information,Give us your income information,declared by Encompass,0,
NOTICES.X76,Privacy Policy Information We Collect Customer Personal Information at These Times 4,standard,String,STRING,Give us your wage statements,Give us your wage statements,declared by Encompass,0,
NOTICES.X76,Privacy Policy Information We Collect Customer Personal Information at These Times 4,standard,String,STRING,Make a wire transfer,Make a wire transfer,declared by Encompass,0,
NOTICES.X76,Privacy Policy Information We Collect Customer Personal Information at These Times 4,standard,String,STRING,Make deposits or withdrawals from your account,Make deposits or withdrawals from your account,declared by Encompass,0,
NOTICES.X76,Privacy Policy Information We Collect Customer Personal Information at These Times 4,standard,String,STRING,Order a commodity futures or option trade,Order a commodity futures or option trade,declared by Encompass,0,
NOTICES.X76,Privacy Policy Information We Collect Customer Personal Information at These Times 4,standard,String,STRING,Open an account,Open an account,declared by Encompass,0,
NOTICES.X76,Privacy Policy Information We Collect Customer Personal Information at These Times 4,standard,String,STRING,Pay insurance premiums,Pay insurance premiums,declared by Encompass,0,
NOTICES.X76,Privacy Policy Information We Collect Customer Personal Information at These Times 4,standard,String,STRING,Pay us by check,Pay us by check,declared by Encompass,0,
NOTICES.X76,Privacy Policy Information We Collect Customer Personal Information at These Times 4,standard,String,STRING,Pay your bills,Pay your bills,declared by Encompass,0,
NOTICES.X76,Privacy Policy Information We Collect Customer Personal Information at These Times 4,standard,String,STRING,Provide account information,Provide account information,declared by Encompass,0,
NOTICES.X76,Privacy Policy Information We Collect Customer Personal Information at These Times 4,standard,String,STRING,Provide employment information,Provide employment information,declared by Encompass,0,
NOTICES.X76,Privacy Policy Information We Collect Customer Personal Information at These Times 4,standard,String,STRING,Provide your mortgage information,Provide your mortgage information,declared by Encompass,0,
NOTICES.X76,Privacy Policy Information We Collect Customer Personal Information at These Times 4,standard,String,STRING,Seek advice about your investments,Seek advice about your investments,declared by Encompass,0,
NOTICES.X76,Privacy Policy Information We Collect Customer Personal Information at These Times 4,standard,String,STRING,Seek financial or tax advice,Seek financial or tax advice,declared by Encompass,0,
NOTICES.X76,Privacy Policy Information We Collect Customer Personal Information at These Times 4,standard,String,STRING,Sell securities to us,Sell securities to us,declared by Encompass,0,
NOTICES.X76,Privacy Policy Information We Collect Customer Personal Information at These Times 4,standard,String,STRING,Show your driver's license,Show your driver's license,declared by Encompass,0,
NOTICES.X76,Privacy Policy Information We Collect Customer Personal Information at These Times 4,standard,String,STRING,Show your government issued ID,Show your government issued ID,declared by Encompass,0,
NOTICES.X76,Privacy Policy Information We Collect Customer Personal Information at These Times 4,standard,String,STRING,Tell us about your investment or retirement earnings,Tell us about your investment or retirement earnings,declared by Encompass,0,
NOTICES.X76,Privacy Policy Information We Collect Customer Personal Information at These Times 4,standard,String,STRING,Tell us about your investment or retirement portfolio,Tell us about your investment or retirement portfolio,declared by Encompass,0,
NOTICES.X76,Privacy Policy Information We Collect Customer Personal Information at These Times 4,standard,String,STRING,Tell us where to send the money,Tell us where to send the money,declared by Encompass,0,
NOTICES.X76,Privacy Policy Information We Collect Customer Personal Information at These Times 4,standard,String,STRING,Tell us who receives the money,Tell us who receives the money,declared by Encompass,0,
NOTICES.X76,Privacy Policy Information We Collect Customer Personal Information at These Times 4,standard,String,STRING,Use your credit or debit card,Use your credit or debit card,declared by Encompass,0,
NOTICES.X77,Privacy Policy Information We Collect Customer Personal Information at These Times 5,standard,String,STRING,Apply for a lease,Apply for a lease,declared by Encompass,0,
NOTICES.X77,Privacy Policy Information We Collect Customer Personal Information at These Times 5,standard,String,STRING,Apply for a loan,Apply for a loan,declared by Encompass,0,
NOTICES.X77,Privacy Policy Information We Collect Customer Personal Information at These Times 5,standard,String,STRING,Apply for financing,Apply for financing,declared by Encompass,0,
NOTICES.X77,Privacy Policy Information We Collect Customer Personal Information at These Times 5,standard,String,STRING,Apply for insurance,Apply for insurance,declared by Encompass,0,
NOTICES.X77,Privacy Policy Information We Collect Customer Personal Information at These Times 5,standard,String,STRING,Buy securities from us,Buy securities from us,declared by Encompass,0,
NOTICES.X77,Privacy Policy Information We Collect Customer Personal Information at These Times 5,standard,String,STRING,Deposit Money,Deposit Money,declared by Encompass,0,
NOTICES.X77,Privacy Policy Information We Collect Customer Personal Information at These Times 5,standard,String,STRING,Direct us to buy securities,Direct us to buy securities,declared by Encompass,0,
NOTICES.X77,Privacy Policy Information We Collect Customer Personal Information at These Times 5,standard,String,STRING,Direct us to sell your securities,Direct us to sell your securities,declared by Encompass,0,
NOTICES.X77,Privacy Policy Information We Collect Customer Personal Information at These Times 5,standard,String,STRING,Enter into an investment advisory contract,Enter into an investment advisory contract,declared by Encompass,0,
NOTICES.X77,Privacy Policy Information We Collect Customer Personal Information at These Times 5,standard,String,STRING,File an insurance claim,File an insurance claim,declared by Encompass,0,
NOTICES.X77,Privacy Policy Information We Collect Customer Personal Information at These Times 5,standard,String,STRING,Give us your contact information,Give us your contact information,declared by Encompass,0,
NOTICES.X77,Privacy Policy Information We Collect Customer Personal Information at These Times 5,standard,String,STRING,Give us your employment history,Give us your employment history,declared by Encompass,0,
NOTICES.X77,Privacy Policy Information We Collect Customer Personal Information at These Times 5,standard,String,STRING,Give us your income information,Give us your income information,declared by Encompass,0,
NOTICES.X77,Privacy Policy Information We Collect Customer Personal Information at These Times 5,standard,String,STRING,Give us your wage statements,Give us your wage statements,declared by Encompass,490,
NOTICES.X77,Privacy Policy Information We Collect Customer Personal Information at These Times 5,standard,String,STRING,Make a wire transfer,Make a wire transfer,declared by Encompass,0,
NOTICES.X77,Privacy Policy Information We Collect Customer Personal Information at These Times 5,standard,String,STRING,Make deposits or withdrawals from your account,Make deposits or withdrawals from your account,declared by Encompass,0,
NOTICES.X77,Privacy Policy Information We Collect Customer Personal Information at These Times 5,standard,String,STRING,Order a commodity futures or option trade,Order a commodity futures or option trade,declared by Encompass,0,
NOTICES.X77,Privacy Policy Information We Collect Customer Personal Information at These Times 5,standard,String,STRING,Open an account,Open an account,declared by Encompass,0,
NOTICES.X77,Privacy Policy Information We Collect Customer Personal Information at These Times 5,standard,String,STRING,Pay insurance premiums,Pay insurance premiums,declared by Encompass,0,
NOTICES.X77,Privacy Policy Information We Collect Customer Personal Information at These Times 5,standard,String,STRING,Pay us by check,Pay us by check,declared by Encompass,0,
NOTICES.X77,Privacy Policy Information We Collect Customer Personal Information at These Times 5,standard,String,STRING,Pay your bills,Pay your bills,declared by Encompass,0,
NOTICES.X77,Privacy Policy Information We Collect Customer Personal Information at These Times 5,standard,String,STRING,Provide account information,Provide account information,declared by Encompass,0,
NOTICES.X77,Privacy Policy Information We Collect Customer Personal Information at These Times 5,standard,String,STRING,Provide employment information,Provide employment information,declared by Encompass,0,
NOTICES.X77,Privacy Policy Information We Collect Customer Personal Information at These Times 5,standard,String,STRING,Provide your mortgage information,Provide your mortgage information,declared by Encompass,0,
NOTICES.X77,Privacy Policy Information We Collect Customer Personal Information at These Times 5,standard,String,STRING,Seek advice about your investments,Seek advice about your investments,declared by Encompass,0,
NOTICES.X77,Privacy Policy Information We Collect Customer Personal Information at These Times 5,standard,String,STRING,Seek financial or tax advice,Seek financial or tax advice,declared by Encompass,0,
NOTICES.X77,Privacy Policy Information We Collect Customer Personal Information at These Times 5,standard,String,STRING,Sell securities to us,Sell securities to us,declared by Encompass,0,
NOTICES.X77,Privacy Policy Information We Collect Customer Personal Information at These Times 5,standard,String,STRING,Show your driver's license,Show your driver's license,declared by Encompass,0,
NOTICES.X77,Privacy Policy Information We Collect Customer Personal Information at These Times 5,standard,String,STRING,Show your government issued ID,Show your government issued ID,declared by Encompass,0,
NOTICES.X77,Privacy Policy Information We Collect Customer Personal Information at These Times 5,standard,String,STRING,Tell us about your investment or retirement earnings,Tell us about your investment or retirement earnings,declared by Encompass,0,
NOTICES.X77,Privacy Policy Information We Collect Customer Personal Information at These Times 5,standard,String,STRING,Tell us about your investment or retirement portfolio,Tell us about your investment or retirement portfolio,declared by Encompass,0,
NOTICES.X77,Privacy Policy Information We Collect Customer Personal Information at These Times 5,standard,String,STRING,Tell us where to send the money,Tell us where to send the money,declared by Encompass,0,
NOTICES.X77,Privacy Policy Information We Collect Customer Personal Information at These Times 5,standard,String,STRING,Tell us who receives the money,Tell us who receives the money,declared by Encompass,0,
NOTICES.X77,Privacy Policy Information We Collect Customer Personal Information at These Times 5,standard,String,STRING,Use your credit or debit card,Use your credit or debit card,declared by Encompass,0,
NOTICES.X79,Privacy Policy Information Do You Have Affiliates?,standard,String,STRING,We do not have affiliates,We do not have affiliates,declared by Encompass,490,
NOTICES.X79,Privacy Policy Information Do You Have Affiliates?,standard,String,STRING,We have affiliates but do not share personal information with them,We have affiliates but do not share personal information with them,declared by Encompass,0,
NOTICES.X79,Privacy Policy Information Do You Have Affiliates?,standard,String,STRING,We have affiliates and share personal information with them,We have affiliates and share personal information with them,declared by Encompass,0,
NOTICES.X83,Privacy Policy Information Do You Have Nonaffiliates?,standard,String,STRING,We do not share personal information with nonaffiliated third parties,We do not share personal information with nonaffiliated third parties,declared by Encompass,490,
NOTICES.X83,Privacy Policy Information Do You Have Nonaffiliates?,standard,String,STRING,We share personal information with nonaffiliated third parties,We share personal information with nonaffiliated third parties,declared by Encompass,0,
NOTICES.X85,Privacy Policy Information Do You Have Joint Marketing?,standard,String,STRING,We do not engage in joint marketing,We do not engage in joint marketing,declared by Encompass,490,
NOTICES.X85,Privacy Policy Information Do You Have Joint Marketing?,standard,String,STRING,We share personal information with joint marketing partners,We share personal information with joint marketing partners,declared by Encompass,0,
NOTICES.X88,Privacy Policy Information Do You Share Personal Information in Joint Marketing?,standard,String,STRING,Your choices will apply to everyone on your account,Your choices will apply to everyone on your account,declared by Encompass,0,
NOTICES.X88,Privacy Policy Information Do You Share Personal Information in Joint Marketing?,standard,String,STRING,Your choices will apply to everyone on your account - unless you tell us otherwise,Your choices will apply to everyone on your account - unless you tell us otherwise,declared by Encompass,490,
NOTICES.X94,Privacy Policy Information Institutions that collect personal information from their affiliates and credit bureaus,standard,String,STRING,"We also collect your personal information from others, such as credit bureaus, affiliates, or other companies","We also collect your personal information from others, such as credit bureaus, affiliates, or other companies",declared by Encompass,0,
NOTICES.X94,Privacy Policy Information Institutions that collect personal information from their affiliates and credit bureaus,standard,String,STRING,We also collect your personal information from other companies,We also collect your personal information from other companies,declared by Encompass,490,
NOTICES.X98,Privacy Policy Month,standard,String,STRING,1,1,declared by Encompass,0,
NOTICES.X98,Privacy Policy Month,standard,String,STRING,2,2,declared by Encompass,0,
NOTICES.X98,Privacy Policy Month,standard,String,STRING,3,3,declared by Encompass,0,
NOTICES.X98,Privacy Policy Month,standard,String,STRING,4,4,declared by Encompass,0,
NOTICES.X98,Privacy Policy Month,standard,String,STRING,5,5,declared by Encompass,0,
NOTICES.X98,Privacy Policy Month,standard,String,STRING,6,6,declared by Encompass,0,
NOTICES.X98,Privacy Policy Month,standard,String,STRING,7,7,declared by Encompass,0,
NOTICES.X98,Privacy Policy Month,standard,String,STRING,8,8,declared by Encompass,0,
NOTICES.X98,Privacy Policy Month,standard,String,STRING,9,9,declared by Encompass,0,
NOTICES.X98,Privacy Policy Month,standard,String,STRING,10,10,declared by Encompass,0,
NOTICES.X98,Privacy Policy Month,standard,String,STRING,11,11,declared by Encompass,490,
NOTICES.X98,Privacy Policy Month,standard,String,STRING,12,12,declared by Encompass,0,
QM.X26,ATR QM - Eligibility - General Ability-to-Repay - Status of Eligibility,standard,String,STRING,Meets Standard,Meets Standard,declared by Encompass,0,
QM.X26,ATR QM - Eligibility - General Ability-to-Repay - Status of Eligibility,standard,String,STRING,Not Meet,Not Meet,declared by Encompass,0,
QM.X26,ATR QM - Eligibility - General Ability-to-Repay - Status of Eligibility,standard,String,STRING,Review Needed,Reviewed,declared by Encompass,490,
QM.X27,ATR QM - Eligibility - General Ability-to-Repay - Debt to Income Ratio,standard,String,STRING,Meets Standard,Meets Standard,declared by Encompass,0,
QM.X27,ATR QM - Eligibility - General Ability-to-Repay - Debt to Income Ratio,standard,String,STRING,Not Meet,Not Meet,declared by Encompass,0,
QM.X27,ATR QM - Eligibility - General Ability-to-Repay - Debt to Income Ratio,standard,String,STRING,Review Needed,Reviewed,declared by Encompass,490,
QM.X28,ATR QM - Eligibility - General Ability-to-Repay - Residual Income,standard,String,STRING,Meets Standard,Meets Standard,declared by Encompass,0,
QM.X28,ATR QM - Eligibility - General Ability-to-Repay - Residual Income,standard,String,STRING,Not Meet,Not Meet,declared by Encompass,0,
QM.X28,ATR QM - Eligibility - General Ability-to-Repay - Residual Income,standard,String,STRING,Review Needed,Reviewed,declared by Encompass,490,
QM.X29,ATR QM - Eligibility - General Ability-to-Repay - Covered Loan,standard,String,STRING,Meets Standard,Meets Standard,declared by Encompass,0,
QM.X29,ATR QM - Eligibility - General Ability-to-Repay - Covered Loan,standard,String,STRING,Not Meet,Not Meet,declared by Encompass,0,
QM.X29,ATR QM - Eligibility - General Ability-to-Repay - Covered Loan,standard,String,STRING,Review Needed,Reviewed,declared by Encompass,490,
QM.X30,ATR QM - Eligibility - General Ability-to-Repay - Simultaneous Loan,standard,String,STRING,Meets Standard,Meets Standard,declared by Encompass,0,
QM.X30,ATR QM - Eligibility - General Ability-to-Repay - Simultaneous Loan,standard,String,STRING,Not Meet,Not Meet,declared by Encompass,0,
QM.X30,ATR QM - Eligibility - General Ability-to-Repay - Simultaneous Loan,standard,String,STRING,Review Needed,Reviewed,declared by Encompass,490,
QM.X31,ATR QM - Eligibility - General Ability-to-Repay - Mtg. Related Obligations,standard,String,STRING,Meets Standard,Meets Standard,declared by Encompass,0,
QM.X31,ATR QM - Eligibility - General Ability-to-Repay - Mtg. Related Obligations,standard,String,STRING,Not Meet,Not Meet,declared by Encompass,0,
QM.X31,ATR QM - Eligibility - General Ability-to-Repay - Mtg. Related Obligations,standard,String,STRING,Review Needed,Reviewed,declared by Encompass,490,
QM.X33,ATR QM - Eligibility - General Ability-to-Repay - Employment,standard,String,STRING,Meets Standard,Meets Standard,declared by Encompass,0,
QM.X33,ATR QM - Eligibility - General Ability-to-Repay - Employment,standard,String,STRING,Not Meet,Not Meet,declared by Encompass,0,
QM.X33,ATR QM - Eligibility - General Ability-to-Repay - Employment,standard,String,STRING,Review Needed,Reviewed,declared by Encompass,490,
QM.X34,ATR QM - Eligibility - General Ability-to-Repay - Income,standard,String,STRING,Meets Standard,Meets Standard,declared by Encompass,0,
QM.X34,ATR QM - Eligibility - General Ability-to-Repay - Income,standard,String,STRING,Not Meet,Not Meet,declared by Encompass,0,
QM.X34,ATR QM - Eligibility - General Ability-to-Repay - Income,standard,String,STRING,Review Needed,Reviewed,declared by Encompass,490,
QM.X35,ATR QM - Eligibility - General Ability-to-Repay - Assets,standard,String,STRING,Meets Standard,Meets Standard,declared by Encompass,0,
QM.X35,ATR QM - Eligibility - General Ability-to-Repay - Assets,standard,String,STRING,Not Meet,Not Meet,declared by Encompass,0,
QM.X35,ATR QM - Eligibility - General Ability-to-Repay - Assets,standard,String,STRING,Review Needed,Reviewed,declared by Encompass,490,
QM.X36,ATR QM - Eligibility - General Ability-to-Repay - Debt Obligations,standard,String,STRING,Meets Standard,Meets Standard,declared by Encompass,0,
QM.X36,ATR QM - Eligibility - General Ability-to-Repay - Debt Obligations,standard,String,STRING,Not Meet,Not Meet,declared by Encompass,0,
QM.X36,ATR QM - Eligibility - General Ability-to-Repay - Debt Obligations,standard,String,STRING,Review Needed,Reviewed,declared by Encompass,490,
QM.X37,ATR QM - Eligibility - General Ability-to-Repay - Alimony,standard,String,STRING,Meets Standard,Meets Standard,declared by Encompass,0,
QM.X37,ATR QM - Eligibility - General Ability-to-Repay - Alimony,standard,String,STRING,Not Meet,Not Meet,declared by Encompass,0,
QM.X37,ATR QM - Eligibility - General Ability-to-Repay - Alimony,standard,String,STRING,Review Needed,Reviewed,declared by Encompass,490,
QM.X38,ATR QM - Eligibility - General Ability-to-Repay - Child Support,standard,String,STRING,Meets Standard,Meets Standard,declared by Encompass,0,
QM.X38,ATR QM - Eligibility - General Ability-to-Repay - Child Support,standard,String,STRING,Not Meet,Not Meet,declared by Encompass,0,
QM.X38,ATR QM - Eligibility - General Ability-to-Repay - Child Support,standard,String,STRING,Review Needed,Reviewed,declared by Encompass,490,
QM.X380,ATR QM - Eligibility - GSE/Agency Qualified Mortgage - QM Available,standard,String,STRING,Meets Standard,Meets Standard,declared by Encompass,0,
QM.X380,ATR QM - Eligibility - GSE/Agency Qualified Mortgage - QM Available,standard,String,STRING,Not Meet,Not Meet,declared by Encompass,490,
QM.X380,ATR QM - Eligibility - GSE/Agency Qualified Mortgage - QM Available,standard,String,STRING,NA,NA,declared by Encompass,0,
QM.X383,ATR QM - Qualification - Use Price-Based Limit for General QM,standard,Boolean,YN,Y,Yes,declared by Encompass,489,boolean-representation
QM.X383,ATR QM - Qualification - Use Price-Based Limit for General QM,standard,Boolean,YN,N,No,declared by Encompass,1,boolean-representation
QM.X39,ATR QM - Eligibility - General Ability-to-Repay - Credit History,standard,String,STRING,Meets Standard,Meets Standard,declared by Encompass,0,
QM.X39,ATR QM - Eligibility - General Ability-to-Repay - Credit History,standard,String,STRING,Not Meet,Not Meet,declared by Encompass,0,
QM.X39,ATR QM - Eligibility - General Ability-to-Repay - Credit History,standard,String,STRING,Review Needed,Reviewed,declared by Encompass,490,
QM.X40,ATR QM - Eligibility - Standard Qualified Mortgage - Status of Eligibility,standard,String,STRING,Meets Standard,Meets Standard,declared by Encompass,0,
QM.X40,ATR QM - Eligibility - Standard Qualified Mortgage - Status of Eligibility,standard,String,STRING,Not Meet,Not Meet,declared by Encompass,469,
QM.X40,ATR QM - Eligibility - Standard Qualified Mortgage - Status of Eligibility,standard,String,STRING,Review Needed,Reviewed,declared by Encompass,21,
QM.X41,ATR QM - Eligibility - Standard Qualified Mortgage - Loan Term,standard,String,STRING,Meets Standard,Meets Standard,declared by Encompass,485,
QM.X41,ATR QM - Eligibility - Standard Qualified Mortgage - Loan Term,standard,String,STRING,Not Meet,Not Meet,declared by Encompass,5,
QM.X41,ATR QM - Eligibility - Standard Qualified Mortgage - Loan Term,standard,String,STRING,Review Needed,Reviewed,declared by Encompass,0,
QM.X42,ATR QM - Eligibility - Standard Qualified Mortgage - Interest Only,standard,String,STRING,Meets Standard,Meets Standard,declared by Encompass,447,
QM.X42,ATR QM - Eligibility - Standard Qualified Mortgage - Interest Only,standard,String,STRING,Not Meet,Not Meet,declared by Encompass,43,
QM.X42,ATR QM - Eligibility - Standard Qualified Mortgage - Interest Only,standard,String,STRING,Review Needed,Reviewed,declared by Encompass,0,
QM.X43,ATR QM - Eligibility - Standard Qualified Mortgage - Negative Amortization,standard,String,STRING,Meets Standard,Meets Standard,declared by Encompass,451,
QM.X43,ATR QM - Eligibility - Standard Qualified Mortgage - Negative Amortization,standard,String,STRING,Not Meet,Not Meet,declared by Encompass,0,
QM.X43,ATR QM - Eligibility - Standard Qualified Mortgage - Negative Amortization,standard,String,STRING,Review Needed,Reviewed,declared by Encompass,39,
QM.X44,ATR QM - Eligibility - Standard Qualified Mortgage - Balloon Payment,standard,String,STRING,Meets Standard,Meets Standard,declared by Encompass,490,
QM.X44,ATR QM - Eligibility - Standard Qualified Mortgage - Balloon Payment,standard,String,STRING,Not Meet,Not Meet,declared by Encompass,0,
QM.X44,ATR QM - Eligibility - Standard Qualified Mortgage - Balloon Payment,standard,String,STRING,Review Needed,Reviewed,declared by Encompass,0,
QM.X45,ATR QM - Eligibility - Standard Qualified Mortgage - Prepayment Penalty,standard,String,STRING,Meets Standard,Meets Standard,declared by Encompass,329,
QM.X45,ATR QM - Eligibility - Standard Qualified Mortgage - Prepayment Penalty,standard,String,STRING,Not Meet,Not Meet,declared by Encompass,161,
QM.X45,ATR QM - Eligibility - Standard Qualified Mortgage - Prepayment Penalty,standard,String,STRING,Review Needed,Reviewed,declared by Encompass,0,
QM.X46,ATR QM - Eligibility - Standard Qualified Mortgage - Points and Fees Limit,standard,String,STRING,Meets Standard,Meets Standard,declared by Encompass,141,
QM.X46,ATR QM - Eligibility - Standard Qualified Mortgage - Points and Fees Limit,standard,String,STRING,Not Meet,Not Meet,declared by Encompass,348,
QM.X46,ATR QM - Eligibility - Standard Qualified Mortgage - Points and Fees Limit,standard,String,STRING,Review Needed,Reviewed,declared by Encompass,1,
QM.X47,ATR QM - Eligibility - Standard Qualified Mortgage - Debt to Income Ratio,standard,String,STRING,Meets Standard,Meets Standard,declared by Encompass,0,
QM.X47,ATR QM - Eligibility - Standard Qualified Mortgage - Debt to Income Ratio,standard,String,STRING,Not Meet,Not Meet,declared by Encompass,0,
QM.X47,ATR QM - Eligibility - Standard Qualified Mortgage - Debt to Income Ratio,standard,String,STRING,Review Needed,Reviewed,declared by Encompass,490,
QM.X48,ATR QM - Eligibility - Standard Qualified Mortgage - Residual Income,standard,String,STRING,Meets Standard,Meets Standard,declared by Encompass,0,
QM.X48,ATR QM - Eligibility - Standard Qualified Mortgage - Residual Income,standard,String,STRING,Not Meet,Not Meet,declared by Encompass,0,
QM.X48,ATR QM - Eligibility - Standard Qualified Mortgage - Residual Income,standard,String,STRING,Review Needed,Reviewed,declared by Encompass,490,
QM.X49,ATR QM - Eligibility - Standard Qualified Mortgage - Covered Loan,standard,String,STRING,Meets Standard,Meets Standard,declared by Encompass,0,
QM.X49,ATR QM - Eligibility - Standard Qualified Mortgage - Covered Loan,standard,String,STRING,Not Meet,Not Meet,declared by Encompass,0,
QM.X49,ATR QM - Eligibility - Standard Qualified Mortgage - Covered Loan,standard,String,STRING,Review Needed,Reviewed,declared by Encompass,490,
QM.X50,ATR QM - Eligibility - Standard Qualified Mortgage - Simultaneous Loan,standard,String,STRING,Meets Standard,Meets Standard,declared by Encompass,0,
QM.X50,ATR QM - Eligibility - Standard Qualified Mortgage - Simultaneous Loan,standard,String,STRING,Not Meet,Not Meet,declared by Encompass,0,
QM.X50,ATR QM - Eligibility - Standard Qualified Mortgage - Simultaneous Loan,standard,String,STRING,Review Needed,Reviewed,declared by Encompass,490,
QM.X51,ATR QM - Eligibility - Standard Qualified Mortgage - Mtg. Related Obligations,standard,String,STRING,Meets Standard,Meets Standard,declared by Encompass,0,
QM.X51,ATR QM - Eligibility - Standard Qualified Mortgage - Mtg. Related Obligations,standard,String,STRING,Not Meet,Not Meet,declared by Encompass,0,
QM.X51,ATR QM - Eligibility - Standard Qualified Mortgage - Mtg. Related Obligations,standard,String,STRING,Review Needed,Reviewed,declared by Encompass,490,
QM.X53,ATR QM - Eligibility - Standard Qualified Mortgage - Employment,standard,String,STRING,Meets Standard,Meets Standard,declared by Encompass,0,
QM.X53,ATR QM - Eligibility - Standard Qualified Mortgage - Employment,standard,String,STRING,Not Meet,Not Meet,declared by Encompass,0,
QM.X53,ATR QM - Eligibility - Standard Qualified Mortgage - Employment,standard,String,STRING,Review Needed,Reviewed,declared by Encompass,490,
QM.X54,ATR QM - Eligibility - Standard Qualified Mortgage - Income,standard,String,STRING,Meets Standard,Meets Standard,declared by Encompass,0,
QM.X54,ATR QM - Eligibility - Standard Qualified Mortgage - Income,standard,String,STRING,Not Meet,Not Meet,declared by Encompass,0,
QM.X54,ATR QM - Eligibility - Standard Qualified Mortgage - Income,standard,String,STRING,Review Needed,Reviewed,declared by Encompass,490,
QM.X55,ATR QM - Eligibility - Standard Qualified Mortgage - Assets,standard,String,STRING,Meets Standard,Meets Standard,declared by Encompass,0,
QM.X55,ATR QM - Eligibility - Standard Qualified Mortgage - Assets,standard,String,STRING,Not Meet,Not Meet,declared by Encompass,0,
QM.X55,ATR QM - Eligibility - Standard Qualified Mortgage - Assets,standard,String,STRING,Review Needed,Reviewed,declared by Encompass,490,
QM.X56,ATR QM - Eligibility - Standard Qualified Mortgage - Debt Obligations,standard,String,STRING,Meets Standard,Meets Standard,declared by Encompass,0,
QM.X56,ATR QM - Eligibility - Standard Qualified Mortgage - Debt Obligations,standard,String,STRING,Not Meet,Not Meet,declared by Encompass,0,
QM.X56,ATR QM - Eligibility - Standard Qualified Mortgage - Debt Obligations,standard,String,STRING,Review Needed,Reviewed,declared by Encompass,490,
QM.X57,ATR QM - Eligibility - Standard Qualified Mortgage - Alimony,standard,String,STRING,Meets Standard,Meets Standard,declared by Encompass,0,
QM.X57,ATR QM - Eligibility - Standard Qualified Mortgage - Alimony,standard,String,STRING,Not Meet,Not Meet,declared by Encompass,0,
QM.X57,ATR QM - Eligibility - Standard Qualified Mortgage - Alimony,standard,String,STRING,Review Needed,Reviewed,declared by Encompass,490,
QM.X58,ATR QM - Eligibility - Standard Qualified Mortgage - Child Support,standard,String,STRING,Meets Standard,Meets Standard,declared by Encompass,0,
QM.X58,ATR QM - Eligibility - Standard Qualified Mortgage - Child Support,standard,String,STRING,Not Meet,Not Meet,declared by Encompass,0,
QM.X58,ATR QM - Eligibility - Standard Qualified Mortgage - Child Support,standard,String,STRING,Review Needed,Reviewed,declared by Encompass,490,
QM.X59,ATR QM - Eligibility - Standard Qualified Mortgage - Credit History,standard,String,STRING,Meets Standard,Meets Standard,declared by Encompass,0,
QM.X59,ATR QM - Eligibility - Standard Qualified Mortgage - Credit History,standard,String,STRING,Not Meet,Not Meet,declared by Encompass,0,
QM.X59,ATR QM - Eligibility - Standard Qualified Mortgage - Credit History,standard,String,STRING,Review Needed,Reviewed,declared by Encompass,490,
QM.X62,ATR QM - Eligibility - GSE/Agency Qualified Mortgage - Status of Eligibility,standard,String,STRING,Meets Standard,Meets Standard,declared by Encompass,0,
QM.X62,ATR QM - Eligibility - GSE/Agency Qualified Mortgage - Status of Eligibility,standard,String,STRING,Not Meet,Not Meet,declared by Encompass,490,
QM.X62,ATR QM - Eligibility - GSE/Agency Qualified Mortgage - Status of Eligibility,standard,String,STRING,Review Needed,Reviewed,declared by Encompass,0,
QM.X63,ATR QM - Eligibility - GSE/Agency Qualified Mortgage - Loan Term,standard,String,STRING,Meets Standard,Meets Standard,declared by Encompass,485,
QM.X63,ATR QM - Eligibility - GSE/Agency Qualified Mortgage - Loan Term,standard,String,STRING,Not Meet,Not Meet,declared by Encompass,5,
QM.X63,ATR QM - Eligibility - GSE/Agency Qualified Mortgage - Loan Term,standard,String,STRING,Review Needed,Reviewed,declared by Encompass,0,
QM.X64,ATR QM - Eligibility - GSE/Agency Qualified Mortgage - Interest Only,standard,String,STRING,Meets Standard,Meets Standard,declared by Encompass,447,
QM.X64,ATR QM - Eligibility - GSE/Agency Qualified Mortgage - Interest Only,standard,String,STRING,Not Meet,Not Meet,declared by Encompass,43,
QM.X64,ATR QM - Eligibility - GSE/Agency Qualified Mortgage - Interest Only,standard,String,STRING,Review Needed,Reviewed,declared by Encompass,0,
QM.X65,ATR QM - Eligibility - GSE/Agency Qualified Mortgage - Negative Amortization,standard,String,STRING,Meets Standard,Meets Standard,declared by Encompass,451,
QM.X65,ATR QM - Eligibility - GSE/Agency Qualified Mortgage - Negative Amortization,standard,String,STRING,Not Meet,Not Meet,declared by Encompass,0,
QM.X65,ATR QM - Eligibility - GSE/Agency Qualified Mortgage - Negative Amortization,standard,String,STRING,Review Needed,Reviewed,declared by Encompass,39,
QM.X66,ATR QM - Eligibility - GSE/Agency Qualified Mortgage - Balloon Payment,standard,String,STRING,Meets Standard,Meets Standard,declared by Encompass,490,
QM.X66,ATR QM - Eligibility - GSE/Agency Qualified Mortgage - Balloon Payment,standard,String,STRING,Not Meet,Not Meet,declared by Encompass,0,
QM.X66,ATR QM - Eligibility - GSE/Agency Qualified Mortgage - Balloon Payment,standard,String,STRING,Review Needed,Reviewed,declared by Encompass,0,
QM.X67,ATR QM - Eligibility - GSE/Agency Qualified Mortgage - Prepayment Penalty,standard,String,STRING,Meets Standard,Meets Standard,declared by Encompass,329,
QM.X67,ATR QM - Eligibility - GSE/Agency Qualified Mortgage - Prepayment Penalty,standard,String,STRING,Not Meet,Not Meet,declared by Encompass,161,
QM.X67,ATR QM - Eligibility - GSE/Agency Qualified Mortgage - Prepayment Penalty,standard,String,STRING,Review Needed,Reviewed,declared by Encompass,0,
QM.X68,ATR QM - Eligibility - GSE/Agency Qualified Mortgage - Points and Fees Limit,standard,String,STRING,Meets Standard,Meets Standard,declared by Encompass,141,
QM.X68,ATR QM - Eligibility - GSE/Agency Qualified Mortgage - Points and Fees Limit,standard,String,STRING,Not Meet,Not Meet,declared by Encompass,348,
QM.X68,ATR QM - Eligibility - GSE/Agency Qualified Mortgage - Points and Fees Limit,standard,String,STRING,Review Needed,Reviewed,declared by Encompass,1,
QM.X69,ATR QM - Eligibility - GSE/Agency Qualified Mortgage - Debt to Income Ratio,standard,String,STRING,Meets Standard,Meets Standard,declared by Encompass,0,
QM.X69,ATR QM - Eligibility - GSE/Agency Qualified Mortgage - Debt to Income Ratio,standard,String,STRING,Not Meet,Not Meet,declared by Encompass,0,
QM.X69,ATR QM - Eligibility - GSE/Agency Qualified Mortgage - Debt to Income Ratio,standard,String,STRING,Review Needed,Reviewed,declared by Encompass,490,
QM.X70,ATR QM - Eligibility - GSE/Agency Qualified Mortgage - Residual Income,standard,String,STRING,Meets Standard,Meets Standard,declared by Encompass,0,
QM.X70,ATR QM - Eligibility - GSE/Agency Qualified Mortgage - Residual Income,standard,String,STRING,Not Meet,Not Meet,declared by Encompass,0,
QM.X70,ATR QM - Eligibility - GSE/Agency Qualified Mortgage - Residual Income,standard,String,STRING,Review Needed,Reviewed,declared by Encompass,490,
QM.X71,ATR QM - Eligibility - GSE/Agency Qualified Mortgage - Covered Loan,standard,String,STRING,Meets Standard,Meets Standard,declared by Encompass,0,
QM.X71,ATR QM - Eligibility - GSE/Agency Qualified Mortgage - Covered Loan,standard,String,STRING,Not Meet,Not Meet,declared by Encompass,0,
QM.X71,ATR QM - Eligibility - GSE/Agency Qualified Mortgage - Covered Loan,standard,String,STRING,Review Needed,Reviewed,declared by Encompass,490,
QM.X72,ATR QM - Eligibility - GSE/Agency Qualified Mortgage - Simultaneous Loan,standard,String,STRING,Meets Standard,Meets Standard,declared by Encompass,0,
QM.X72,ATR QM - Eligibility - GSE/Agency Qualified Mortgage - Simultaneous Loan,standard,String,STRING,Not Meet,Not Meet,declared by Encompass,0,
QM.X72,ATR QM - Eligibility - GSE/Agency Qualified Mortgage - Simultaneous Loan,standard,String,STRING,Review Needed,Reviewed,declared by Encompass,490,
QM.X73,ATR QM - Eligibility - GSE/Agency Qualified Mortgage - Mtg. Related Obligations,standard,String,STRING,Meets Standard,Meets Standard,declared by Encompass,0,
QM.X73,ATR QM - Eligibility - GSE/Agency Qualified Mortgage - Mtg. Related Obligations,standard,String,STRING,Not Meet,Not Meet,declared by Encompass,0,
QM.X73,ATR QM - Eligibility - GSE/Agency Qualified Mortgage - Mtg. Related Obligations,standard,String,STRING,Review Needed,Reviewed,declared by Encompass,490,
QM.X75,ATR QM - Eligibility - GSE/Agency Qualified Mortgage - Employment,standard,String,STRING,Meets Standard,Meets Standard,declared by Encompass,0,
QM.X75,ATR QM - Eligibility - GSE/Agency Qualified Mortgage - Employment,standard,String,STRING,Not Meet,Not Meet,declared by Encompass,0,
QM.X75,ATR QM - Eligibility - GSE/Agency Qualified Mortgage - Employment,standard,String,STRING,Review Needed,Reviewed,declared by Encompass,490,
QM.X76,ATR QM - Eligibility - GSE/Agency Qualified Mortgage - Income,standard,String,STRING,Meets Standard,Meets Standard,declared by Encompass,0,
QM.X76,ATR QM - Eligibility - GSE/Agency Qualified Mortgage - Income,standard,String,STRING,Not Meet,Not Meet,declared by Encompass,0,
QM.X76,ATR QM - Eligibility - GSE/Agency Qualified Mortgage - Income,standard,String,STRING,Review Needed,Reviewed,declared by Encompass,490,
QM.X77,ATR QM - Eligibility - GSE/Agency Qualified Mortgage - Assets,standard,String,STRING,Meets Standard,Meets Standard,declared by Encompass,0,
QM.X77,ATR QM - Eligibility - GSE/Agency Qualified Mortgage - Assets,standard,String,STRING,Not Meet,Not Meet,declared by Encompass,0,
QM.X77,ATR QM - Eligibility - GSE/Agency Qualified Mortgage - Assets,standard,String,STRING,Review Needed,Reviewed,declared by Encompass,490,
QM.X78,ATR QM - Eligibility - GSE/Agency Qualified Mortgage - Debt Obligations,standard,String,STRING,Meets Standard,Meets Standard,declared by Encompass,0,
QM.X78,ATR QM - Eligibility - GSE/Agency Qualified Mortgage - Debt Obligations,standard,String,STRING,Not Meet,Not Meet,declared by Encompass,0,
QM.X78,ATR QM - Eligibility - GSE/Agency Qualified Mortgage - Debt Obligations,standard,String,STRING,Review Needed,Reviewed,declared by Encompass,490,
QM.X79,ATR QM - Eligibility - GSE/Agency Qualified Mortgage - Alimony,standard,String,STRING,Meets Standard,Meets Standard,declared by Encompass,0,
QM.X79,ATR QM - Eligibility - GSE/Agency Qualified Mortgage - Alimony,standard,String,STRING,Not Meet,Not Meet,declared by Encompass,0,
QM.X79,ATR QM - Eligibility - GSE/Agency Qualified Mortgage - Alimony,standard,String,STRING,Review Needed,Reviewed,declared by Encompass,490,
QM.X80,ATR QM - Eligibility - GSE/Agency Qualified Mortgage - Child Support,standard,String,STRING,Meets Standard,Meets Standard,declared by Encompass,0,
QM.X80,ATR QM - Eligibility - GSE/Agency Qualified Mortgage - Child Support,standard,String,STRING,Not Meet,Not Meet,declared by Encompass,0,
QM.X80,ATR QM - Eligibility - GSE/Agency Qualified Mortgage - Child Support,standard,String,STRING,Review Needed,Reviewed,declared by Encompass,490,
QM.X81,ATR QM - Eligibility - GSE/Agency Qualified Mortgage - Credit History,standard,String,STRING,Meets Standard,Meets Standard,declared by Encompass,0,
QM.X81,ATR QM - Eligibility - GSE/Agency Qualified Mortgage - Credit History,standard,String,STRING,Not Meet,Not Meet,declared by Encompass,0,
QM.X81,ATR QM - Eligibility - GSE/Agency Qualified Mortgage - Credit History,standard,String,STRING,Review Needed,Reviewed,declared by Encompass,490,
QM.X82,ATR QM - Eligibility - GSE/Agency Qualified Mortgage - Safe Harbor Eligibility,standard,String,STRING,Meets Standard,Meets Standard,declared by Encompass,0,
QM.X82,ATR QM - Eligibility - GSE/Agency Qualified Mortgage - Safe Harbor Eligibility,standard,String,STRING,Not Meet,Not Meet,declared by Encompass,490,
QM.X82,ATR QM - Eligibility - GSE/Agency Qualified Mortgage - Safe Harbor Eligibility,standard,String,STRING,Review Needed,Reviewed,declared by Encompass,0,
RE88395.X322,MLDS Prepymt Penalty,standard,Boolean,YN,Y,Prepayment penalty,declared by Encompass,467,boolean-representation
RE88395.X322,MLDS Prepymt Penalty,standard,Boolean,YN,N,No,declared by Encompass,23,boolean-representation
SYS.X2,Trans Details Amort Type Biweekly Days/Yr,standard,String,STRING,360,360,declared by Encompass,0,
SYS.X2,Trans Details Amort Type Biweekly Days/Yr,standard,String,STRING,364,364,declared by Encompass,0,
SYS.X2,Trans Details Amort Type Biweekly Days/Yr,standard,String,STRING,365,365,declared by Encompass,490,
TPO.X119,Preferred AUS,standard,String,STRING,NoPreference,No Preference,declared by Encompass,490,
TPO.X119,Preferred AUS,standard,String,STRING,DU,DU,declared by Encompass,0,
TPO.X119,Preferred AUS,standard,String,STRING,LPA,LPA,declared by Encompass,0,
TPOCONNECTSTATUSUPDATED,TPO Connect Status Updated,standard,Boolean,YN,Y,Yes,declared by Encompass,490,boolean-representation
TPOCONNECTSTATUSUPDATED,TPO Connect Status Updated,standard,Boolean,YN,N,No,declared by Encompass,0,boolean-representation
TQL.X107,TQL - LOMA/LOMR Indicator,standard,Boolean,YN,Y,Yes,declared by Encompass,0,boolean-representation
TQL.X107,TQL - LOMA/LOMR Indicator,standard,Boolean,YN,N,No,declared by Encompass,490,boolean-representation
ULDD.FNM.FloodSpecialFeatureCode,ULDD Fannie Flood Special Feature Code,standard,String,STRING,170,170,declared by Encompass,0,
ULDD.FNM.FloodSpecialFeatureCode,ULDD Fannie Flood Special Feature Code,standard,String,STRING,175,175,declared by Encompass,1,
ULDD.FNM.FloodSpecialFeatureCode,ULDD Fannie Flood Special Feature Code,standard,String,STRING,180,180,declared by Encompass,489,
ULDD.FNM.X1172,Trans Details Loan Type,standard,String,STRING,Conventional,Conventional,declared by Encompass,490,
ULDD.FNM.X1172,Trans Details Loan Type,standard,String,STRING,VA,VA,declared by Encompass,0,
ULDD.FNM.X1172,Trans Details Loan Type,standard,String,STRING,FHA,FHA,declared by Encompass,0,
ULDD.FNM.X1172,Trans Details Loan Type,standard,String,STRING,FarmersHomeAdministration,USDA-RHS,declared by Encompass,0,
ULDD.FNM.X1172,Trans Details Loan Type,standard,String,STRING,HELOC,HELOC,declared by Encompass,0,
ULDD.FRE.X1172,Trans Details Loan Type,standard,String,STRING,Conventional,Conventional,declared by Encompass,490,
ULDD.FRE.X1172,Trans Details Loan Type,standard,String,STRING,VA,VA,declared by Encompass,0,
ULDD.FRE.X1172,Trans Details Loan Type,standard,String,STRING,FHA,FHA,declared by Encompass,0,
ULDD.FRE.X1172,Trans Details Loan Type,standard,String,STRING,Other,Other,declared by Encompass,0,
ULDD.FRE.X1172,Trans Details Loan Type,standard,String,STRING,FarmersHomeAdministration,USDA-RHS,declared by Encompass,0,
ULDD.X177,ULDD Attachment Type,standard,String,STRING,Attached,Attached,declared by Encompass,2,
ULDD.X177,ULDD Attachment Type,standard,String,STRING,Detached,Detached,declared by Encompass,483,
ULDD.X177,ULDD Attachment Type,standard,String,STRING,SemiDetached,SemiDetached,declared by Encompass,5,
ULDD.X181,ULDD - Temporary Buydown,standard,Boolean,YN,Y,Yes,declared by Encompass,0,boolean-representation
ULDD.X181,ULDD - Temporary Buydown,standard,Boolean,YN,N,No,declared by Encompass,490,boolean-representation
URLA.X100,Borr Declarations 5b I,standard,Boolean,YN,Y,Yes,declared by Encompass,0,boolean-representation
URLA.X100,Borr Declarations 5b I,standard,Boolean,YN,N,No,declared by Encompass,490,boolean-representation
URLA.X102,Borr Declarations 5b J,standard,Boolean,YN,Y,Yes,declared by Encompass,0,boolean-representation
URLA.X102,Borr Declarations 5b J,standard,Boolean,YN,N,No,declared by Encompass,490,boolean-representation
URLA.X104,Borr Declarations 5b K,standard,Boolean,YN,Y,Yes,declared by Encompass,0,boolean-representation
URLA.X104,Borr Declarations 5b K,standard,Boolean,YN,N,No,declared by Encompass,490,boolean-representation
URLA.X106,Borr Declarations 5b L,standard,Boolean,YN,Y,Yes,declared by Encompass,0,boolean-representation
URLA.X106,Borr Declarations 5b L,standard,Boolean,YN,N,No,declared by Encompass,490,boolean-representation
URLA.X76,FHA Secondary Residence Indicator,standard,Boolean,YN,Y,FHA Secondary Residence,declared by Encompass,0,boolean-representation
URLA.X76,FHA Secondary Residence Indicator,standard,Boolean,YN,N,No,declared by Encompass,490,boolean-representation
URLA.X84,Borr Declarations 5a B,standard,Boolean,YN,Y,Yes,declared by Encompass,0,boolean-representation
URLA.X84,Borr Declarations 5a B,standard,Boolean,YN,N,No,declared by Encompass,490,boolean-representation
URLA.X86,Borr Declarations 5a C,standard,Boolean,YN,Y,Yes,declared by Encompass,0,boolean-representation
URLA.X86,Borr Declarations 5a C,standard,Boolean,YN,N,No,declared by Encompass,490,boolean-representation
URLA.X90,Borr Declarations 5a D,standard,Boolean,YN,Y,Yes,declared by Encompass,11,boolean-representation
URLA.X90,Borr Declarations 5a D,standard,Boolean,YN,N,No,declared by Encompass,479,boolean-representation
URLA.X92,Borr Declarations 5a D,standard,Boolean,YN,Y,Yes,declared by Encompass,0,boolean-representation
URLA.X92,Borr Declarations 5a D,standard,Boolean,YN,N,No,declared by Encompass,490,boolean-representation
URLA.X94,Borr Declarations 5a E,standard,Boolean,YN,Y,Yes,declared by Encompass,0,boolean-representation
URLA.X94,Borr Declarations 5a E,standard,Boolean,YN,N,No,declared by Encompass,490,boolean-representation
URLA.X96,Borr Declarations 5b F,standard,Boolean,YN,Y,Yes,declared by Encompass,0,boolean-representation
URLA.X96,Borr Declarations 5b F,standard,Boolean,YN,N,No,declared by Encompass,490,boolean-representation
URLA.X98,Borr Declarations 5b H,standard,Boolean,YN,Y,Yes,declared by Encompass,0,boolean-representation
URLA.X98,Borr Declarations 5b H,standard,Boolean,YN,N,No,declared by Encompass,490,boolean-representation
VASUMM.X140,VA Management Tool - Include Section A In Recoupment Test,standard,Boolean,YN,Y,Yes,declared by Encompass,490,boolean-representation
VASUMM.X140,VA Management Tool - Include Section A In Recoupment Test,standard,Boolean,YN,N,No,declared by Encompass,0,boolean-representation
VASUMM.X141,VA Management Tool - Include Section B VA Funding Fee In Recoupment Test,standard,Boolean,YN,Y,Yes,declared by Encompass,490,boolean-representation
VASUMM.X141,VA Management Tool - Include Section B VA Funding Fee In Recoupment Test,standard,Boolean,YN,N,No,declared by Encompass,0,boolean-representation
VASUMM.X142,VA Management Tool - Include Section B Other In Recoupment Test,standard,Boolean,YN,Y,Yes,declared by Encompass,490,boolean-representation
VASUMM.X142,VA Management Tool - Include Section B Other In Recoupment Test,standard,Boolean,YN,N,No,declared by Encompass,0,boolean-representation
VASUMM.X143,VA Management Tool - Include Section C In Recoupment Test,standard,Boolean,YN,Y,Yes,declared by Encompass,490,boolean-representation
VASUMM.X143,VA Management Tool - Include Section C In Recoupment Test,standard,Boolean,YN,N,No,declared by Encompass,0,boolean-representation
VASUMM.X144,VA Management Tool - Include Section E In Recoupment Test,standard,Boolean,YN,Y,Yes,declared by Encompass,490,boolean-representation
VASUMM.X144,VA Management Tool - Include Section E In Recoupment Test,standard,Boolean,YN,N,No,declared by Encompass,0,boolean-representation
VASUMM.X145,VA Management Tool - Include Section F In Recoupment Test,standard,Boolean,YN,Y,Yes,declared by Encompass,490,boolean-representation
VASUMM.X145,VA Management Tool - Include Section F In Recoupment Test,standard,Boolean,YN,N,No,declared by Encompass,0,boolean-representation
VASUMM.X146,VA Management Tool - Include Section G In Recoupment Test,standard,Boolean,YN,Y,Yes,declared by Encompass,490,boolean-representation
VASUMM.X146,VA Management Tool - Include Section G In Recoupment Test,standard,Boolean,YN,N,No,declared by Encompass,0,boolean-representation
VASUMM.X147,VA Management Tool - Include Section H In Recoupment Test,standard,Boolean,YN,Y,Yes,declared by Encompass,490,boolean-representation
VASUMM.X147,VA Management Tool - Include Section H In Recoupment Test,standard,Boolean,YN,N,No,declared by Encompass,0,boolean-representation
VASUMM.X148,VA Management Tool - Include Lender Credit In Recoupment Test,standard,Boolean,YN,Y,Yes,declared by Encompass,490,boolean-representation
VASUMM.X148,VA Management Tool - Include Lender Credit In Recoupment Test,standard,Boolean,YN,N,No,declared by Encompass,0,boolean-representation
1066,Subject Property Estate Held,standard,String,STRING,FeeSimple,Fee Simple,declared by Encompass,489,
1066,Subject Property Estate Held,standard,String,STRING,Leasehold,Leasehold,declared by Encompass,0,
1149,Trans Details Mtg Originator,standard,String,STRING,ThirdParty,Broker,declared by Encompass,0,
1149,Trans Details Mtg Originator,standard,String,STRING,Seller,Seller,declared by Encompass,0,
1149,Trans Details Mtg Originator,standard,String,STRING,Correspondent,Correspondent,declared by Encompass,489,
1481,Trans Details Copy Loan # to Case #,standard,String,STRING,Y,Copy Loan Number to lender case number,declared by Encompass,488,
1481,Trans Details Copy Loan # to Case #,standard,String,STRING,N,N,declared by Encompass,1,
4008,Borrower Vesting Type,standard,String,STRING,Individual,Individual,declared by Encompass,12,
4008,Borrower Vesting Type,standard,String,STRING,Co-signer,Co-signer,declared by Encompass,0,
4008,Borrower Vesting Type,standard,String,STRING,Title only,Title only,declared by Encompass,0,
4008,Borrower Vesting Type,standard,String,STRING,Non Title Spouse,Non Title Spouse,declared by Encompass,0,
4008,Borrower Vesting Type,standard,String,STRING,Trustee,Trustee,declared by Encompass,0,
4008,Borrower Vesting Type,standard,String,STRING,Title Only Trustee,Title Only Trustee,declared by Encompass,0,
4008,Borrower Vesting Type,standard,String,STRING,Settlor Trustee,Settlor Trustee,declared by Encompass,0,
4008,Borrower Vesting Type,standard,String,STRING,Settlor,Settlor,declared by Encompass,0,
4008,Borrower Vesting Type,standard,String,STRING,Title Only Settlor Trustee,Title Only Settlor Trustee,declared by Encompass,0,
4008,Borrower Vesting Type,standard,String,STRING,Officer,Officer,declared by Encompass,477,
4195,Borr Do Not Wish Indicator,standard,Boolean,YN,Y,I do not wish to provide this information,declared by Encompass,183,boolean-representation
4195,Borr Do Not Wish Indicator,standard,Boolean,YN,N,No,declared by Encompass,306,boolean-representation
4662,Print Trust Name(s) on LE/CD Addendum,standard,Boolean,YN,Y,Yes,declared by Encompass,489,boolean-representation
4662,Print Trust Name(s) on LE/CD Addendum,standard,Boolean,YN,N,No,declared by Encompass,0,boolean-representation
4714,Property is not located in a project Indicator,standard,Boolean,YN,Y,Yes,declared by Encompass,482,boolean-representation
4714,Property is not located in a project Indicator,standard,Boolean,YN,N,No,declared by Encompass,7,boolean-representation
CPA.RetainUserInputs,CPA Escrow Details - Retain User Inputs,standard,Boolean,YN,Y,Yes,declared by Encompass,0,boolean-representation
CPA.RetainUserInputs,CPA Escrow Details - Retain User Inputs,standard,Boolean,YN,N,No,declared by Encompass,489,boolean-representation
HMDA.X39,Manufactured Secured Property Type,standard,String,STRING,Manufactured home and land,1. Manufactured home and land,declared by Encompass,0,
HMDA.X39,Manufactured Secured Property Type,standard,String,STRING,Manufactured home and not land,2. Manufactured home and not land,declared by Encompass,0,
HMDA.X39,Manufactured Secured Property Type,standard,String,STRING,Not applicable,3. Not applicable,declared by Encompass,489,
HMDA.X39,Manufactured Secured Property Type,standard,String,STRING,Exempt,1111. Exempt,declared by Encompass,0,
HMDA.X40,Manufactured Home Land Property Interest,standard,String,STRING,Direct ownership,1. Direct ownership,declared by Encompass,0,
HMDA.X40,Manufactured Home Land Property Interest,standard,String,STRING,Indirect ownership,2. Indirect ownership,declared by Encompass,0,
HMDA.X40,Manufactured Home Land Property Interest,standard,String,STRING,Paid leasehold,3. Paid leasehold,declared by Encompass,0,
HMDA.X40,Manufactured Home Land Property Interest,standard,String,STRING,Unpaid leasehold,4. Unpaid leasehold,declared by Encompass,0,
HMDA.X40,Manufactured Home Land Property Interest,standard,String,STRING,Not applicable,5. Not applicable,declared by Encompass,489,
HMDA.X40,Manufactured Home Land Property Interest,standard,String,STRING,Exempt,1111. Exempt,declared by Encompass,0,
LE3.X12,Loan Estimate - Assumption,standard,String,STRING,WillAllowAssumption,"will allow, under certain conditions, this person to assume this loan on the original terms.",declared by Encompass,0,
LE3.X12,Loan Estimate - Assumption,standard,String,STRING,WillNotAllowAssumption,will not allow assumption of this loan on the original terms.,declared by Encompass,489,
NEWHUD.X354,Use New GFE And HUD,standard,Boolean,YN,Y,Yes,declared by Encompass,489,boolean-representation
NEWHUD.X354,Use New GFE And HUD,standard,Boolean,YN,N,No,declared by Encompass,0,boolean-representation
PAYMENTTABLE.USEACTUALPAYMENTCHANGE,Projected Payment Table - Use Actual Payment Change,standard,Boolean,YN,Y,Yes,declared by Encompass,0,boolean-representation
PAYMENTTABLE.USEACTUALPAYMENTCHANGE,Projected Payment Table - Use Actual Payment Change,standard,Boolean,YN,N,No,declared by Encompass,489,boolean-representation
QM.X384,ATR QM - Eligibility - Results of the QM APR to APOR Test,standard,String,STRING,Meets Standard,Meets Standard,declared by Encompass,14,
QM.X384,ATR QM - Eligibility - Results of the QM APR to APOR Test,standard,String,STRING,Not Meet,Not Meet,declared by Encompass,409,
QM.X384,ATR QM - Eligibility - Results of the QM APR to APOR Test,standard,String,STRING,Review Needed,Reviewed,declared by Encompass,66,
SYS.X116,Fees MI Applic Fee APR,standard,Boolean,YN,Y,Yes,declared by Encompass,489,boolean-representation
SYS.X116,Fees MI Applic Fee APR,standard,Boolean,YN,N,No,declared by Encompass,0,boolean-representation
SYS.X17,Fees Loan Origination Fee APR,standard,Boolean,YN,Y,Yes,declared by Encompass,489,boolean-representation
SYS.X17,Fees Loan Origination Fee APR,standard,Boolean,YN,N,No,declared by Encompass,0,boolean-representation
SYS.X252,Fees Loan Origination Fee Paid To,standard,String,STRING,Broker,B,declared by Encompass,0,
SYS.X252,Fees Loan Origination Fee Paid To,standard,String,STRING,Lender,L,declared by Encompass,489,
SYS.X252,Fees Loan Origination Fee Paid To,standard,String,STRING,Seller,S,declared by Encompass,0,
SYS.X252,Fees Loan Origination Fee Paid To,standard,String,STRING,Investor,I,declared by Encompass,0,
SYS.X252,Fees Loan Origination Fee Paid To,standard,String,STRING,Affiliate,A,declared by Encompass,0,
SYS.X252,Fees Loan Origination Fee Paid To,standard,String,STRING,Other,O,declared by Encompass,0,
SYS.X262,Fees MI Applic Fee Paid To,standard,String,STRING,Broker,B,declared by Encompass,0,
SYS.X262,Fees MI Applic Fee Paid To,standard,String,STRING,Lender,L,declared by Encompass,489,
SYS.X262,Fees MI Applic Fee Paid To,standard,String,STRING,Seller,S,declared by Encompass,0,
SYS.X262,Fees MI Applic Fee Paid To,standard,String,STRING,Investor,I,declared by Encompass,0,
SYS.X262,Fees MI Applic Fee Paid To,standard,String,STRING,Affiliate,A,declared by Encompass,0,
SYS.X262,Fees MI Applic Fee Paid To,standard,String,STRING,Other,O,declared by Encompass,0,
SYS.X290,Fees Line 820 Paid To,standard,String,STRING,Broker,B,declared by Encompass,0,
SYS.X290,Fees Line 820 Paid To,standard,String,STRING,Lender,L,declared by Encompass,489,
SYS.X290,Fees Line 820 Paid To,standard,String,STRING,Seller,S,declared by Encompass,0,
SYS.X290,Fees Line 820 Paid To,standard,String,STRING,Investor,I,declared by Encompass,0,
SYS.X290,Fees Line 820 Paid To,standard,String,STRING,Affiliate,A,declared by Encompass,0,
SYS.X290,Fees Line 820 Paid To,standard,String,STRING,Other,O,declared by Encompass,0,
SYS.X37,Fees Line 820 APR,standard,Boolean,YN,Y,Yes,declared by Encompass,489,boolean-representation
SYS.X37,Fees Line 820 APR,standard,Boolean,YN,N,No,declared by Encompass,0,boolean-representation
ULDD.GNM.MortgageOriginator,Trans Details Mtg Originator,standard,String,STRING,Broker,Broker,declared by Encompass,0,
ULDD.GNM.MortgageOriginator,Trans Details Mtg Originator,standard,String,STRING,Lender,Lender,declared by Encompass,0,
ULDD.GNM.MortgageOriginator,Trans Details Mtg Originator,standard,String,STRING,Correspondent,Correspondent,declared by Encompass,489,
ULDD.X197,ULDD - Property Estate Type,standard,String,STRING,FeeSimple,Fee Simple,declared by Encompass,489,
ULDD.X197,ULDD - Property Estate Type,standard,String,STRING,Leasehold,Leasehold,declared by Encompass,0,
ULDD.X197,ULDD - Property Estate Type,standard,String,STRING,Other,Other - Retired,declared by Encompass,0,
URLA.X208,Property is not located in a project Indicator,standard,Boolean,YN,Y,Yes,declared by Encompass,482,boolean-representation
URLA.X208,Property is not located in a project Indicator,standard,Boolean,YN,N,No,declared by Encompass,7,boolean-representation
URLA.X237,4b. Other New Mortgage Loans on the Property You are Buying or Refinancing Does not Apply,standard,Boolean,YN,Y,Does not apply,declared by Encompass,489,boolean-representation
URLA.X237,4b. Other New Mortgage Loans on the Property You are Buying or Refinancing Does not Apply,standard,Boolean,YN,N,No,declared by Encompass,0,boolean-representation
466,Borr Declarations K,standard,Boolean,YN,Y,Yes,declared by Encompass,0,boolean-representation
466,Borr Declarations K,standard,Boolean,YN,N,No,declared by Encompass,488,boolean-representation
965,Borr Declarations J,standard,Boolean,YN,Y,Yes,declared by Encompass,488,boolean-representation
965,Borr Declarations J,standard,Boolean,YN,N,No,declared by Encompass,0,boolean-representation
URLA.X1,Borr Declarations,standard,String,STRING,USCitizen,US Citizen,declared by Encompass,488,
URLA.X1,Borr Declarations,standard,String,STRING,PermanentResidentAlien,Permanent Resident Alien,declared by Encompass,0,
URLA.X1,Borr Declarations,standard,String,STRING,NonPermanentResidentAlien,Non-Permanent Resident Alien,declared by Encompass,0,
URLA.X239,Negative Amortization Indicator,standard,Boolean,YN,Y,Negative Amortization,declared by Encompass,0,boolean-representation
URLA.X239,Negative Amortization Indicator,standard,Boolean,YN,N,No,declared by Encompass,488,boolean-representation
URLA.X80,4c. Rental Income onthe Property You want to Purchase - For Purchase Only Does not Apply,standard,Boolean,YN,Y,Does not apply,declared by Encompass,488,boolean-representation
URLA.X80,4c. Rental Income onthe Property You want to Purchase - For Purchase Only Does not Apply,standard,Boolean,YN,N,No,declared by Encompass,0,boolean-representation
1819,Borr Mailing Addr Same as Present,standard,Boolean,YN,Y,Same as present address,declared by Encompass,482,boolean-representation
1819,Borr Mailing Addr Same as Present,standard,Boolean,YN,N,No,declared by Encompass,5,boolean-representation
4252,Borr I do not wish to provide this information,standard,Boolean,YN,Y,I do not wish to provide this information,declared by Encompass,484,boolean-representation
4252,Borr I do not wish to provide this information,standard,Boolean,YN,N,No,declared by Encompass,3,boolean-representation
URLA.X174,Borr Bankrupcy chapter seven,standard,Boolean,YN,Y,Yes,declared by Encompass,0,boolean-representation
URLA.X174,Borr Bankrupcy chapter seven,standard,Boolean,YN,N,No,declared by Encompass,487,boolean-representation
URLA.X175,Borr Bankrupcy chapter eleven ,standard,Boolean,YN,Y,Yes,declared by Encompass,0,boolean-representation
URLA.X175,Borr Bankrupcy chapter eleven ,standard,Boolean,YN,N,No,declared by Encompass,487,boolean-representation
URLA.X176,Borr Bankruptcy chapter twelve ,standard,Boolean,YN,Y,Yes,declared by Encompass,0,boolean-representation
URLA.X176,Borr Bankruptcy chapter twelve ,standard,Boolean,YN,N,No,declared by Encompass,487,boolean-representation
URLA.X177,Borr Bankruptcy Chapter Thirteen,standard,Boolean,YN,Y,Yes,declared by Encompass,0,boolean-representation
URLA.X177,Borr Bankruptcy Chapter Thirteen,standard,Boolean,YN,N,No,declared by Encompass,487,boolean-representation
2867,Lock Request Doc Type,standard,String,STRING,Alternative,(A) Alternative,declared by Encompass,0,free-text-typed-into-enum
2867,Lock Request Doc Type,standard,String,STRING,FullDocumentation,(F) Full Documentation,declared by Encompass,0,free-text-typed-into-enum
2867,Lock Request Doc Type,standard,String,STRING,Reduced,(R) Reduced,declared by Encompass,0,free-text-typed-into-enum
2867,Lock Request Doc Type,standard,String,STRING,StreamlineRefinance,(B) Streamline Refinance,declared by Encompass,0,free-text-typed-into-enum
2867,Lock Request Doc Type,standard,String,STRING,NoDocumentation,(C) No Documentation,declared by Encompass,478,free-text-typed-into-enum
2867,Lock Request Doc Type,standard,String,STRING,NoRatio,(D) No Ratio,declared by Encompass,0,free-text-typed-into-enum
2867,Lock Request Doc Type,standard,String,STRING,LimitedDocumentation,(E) Limited Documentation,declared by Encompass,0,free-text-typed-into-enum
2867,Lock Request Doc Type,standard,String,STRING,NoIncomeNoEmploymentNoAssetsOn1003,"(U) No Income, No Employment, and No Assets on 1003",declared by Encompass,0,free-text-typed-into-enum
2867,Lock Request Doc Type,standard,String,STRING,NoDepositVerificationEmploymentVerificationOrIncomeVerification,(G) No Income and No Assets on 1003,declared by Encompass,0,free-text-typed-into-enum
2867,Lock Request Doc Type,standard,String,STRING,NoDepositVerification,(H) No Assets on 1003,declared by Encompass,0,free-text-typed-into-enum
2867,Lock Request Doc Type,standard,String,STRING,NoEmploymentVerificationOrIncomeVerification,(I) No Income and No Employment on 1003,declared by Encompass,0,free-text-typed-into-enum
2867,Lock Request Doc Type,standard,String,STRING,NoIncomeOn1003,(J) No Income on 1003,declared by Encompass,0,free-text-typed-into-enum
2867,Lock Request Doc Type,standard,String,STRING,NoVerificationOfStatedIncomeEmploymentOrAssets,"(K) No Verification of Stated Income, Employment, or Assets",declared by Encompass,0,free-text-typed-into-enum
2867,Lock Request Doc Type,standard,String,STRING,NoVerificationOfStatedIncomeOrAssets,(L) No Verification of Stated Income or Assets,declared by Encompass,0,free-text-typed-into-enum
2867,Lock Request Doc Type,standard,String,STRING,NoVerificationOfStatedAssets,(M) No Verification of Stated Assets,declared by Encompass,0,free-text-typed-into-enum
2867,Lock Request Doc Type,standard,String,STRING,NoVerificationOfStatedIncomeOrEmployment,(N) No Verfication of Stated Income or Employment,declared by Encompass,0,free-text-typed-into-enum
2867,Lock Request Doc Type,standard,String,STRING,NoVerificationOfStatedIncome,(O) No Verification of Stated Income,declared by Encompass,0,free-text-typed-into-enum
2867,Lock Request Doc Type,standard,String,STRING,VerbalVerificationOfEmployment,(P) Verbal Verification of Employment(VVOE),declared by Encompass,0,free-text-typed-into-enum
2867,Lock Request Doc Type,standard,String,STRING,OnePaystub,(Q) One paystub,declared by Encompass,0,free-text-typed-into-enum
2867,Lock Request Doc Type,standard,String,STRING,OnePaystubAndVerbalVerificationOfEmployment,(S) One paystub and VVOE,declared by Encompass,0,free-text-typed-into-enum
2867,Lock Request Doc Type,standard,String,STRING,OnePaystubAndOneW2AndVerbalVerificationOfEmploymentOrOneYear1040,(T) One paystub and one W-2 and VVOE or one year 1040,declared by Encompass,0,free-text-typed-into-enum
2867,Lock Request Doc Type,standard,String,STRING,NoIncomeon1003,No Income on 1003,declared by Encompass,0,free-text-typed-into-enum
4917,Borrower - Home Phone Preferred,standard,Boolean,YN,Y,Yes,declared by Encompass,482,boolean-representation
4917,Borrower - Home Phone Preferred,standard,Boolean,YN,N,No,declared by Encompass,4,boolean-representation
4921,Borrower - Home Email Preferred,standard,Boolean,YN,Y,Yes,declared by Encompass,485,boolean-representation
4921,Borrower - Home Email Preferred,standard,Boolean,YN,N,No,declared by Encompass,1,boolean-representation
Docs.Engine,Ellie Mae Document Engine Version,standard,String,STRING,Old_ODI_Encompass_Docs,Old ODI Encompass Docs,declared by Encompass,0,
Docs.Engine,Ellie Mae Document Engine Version,standard,String,STRING,New_Encompass_Docs_Solution,New Encompass Docs Solution,declared by Encompass,486,
MORNET.X67,Fannie Mae Loan Doc Type Code,standard,String,STRING,Alternative,(A) Alternative,declared by Encompass,0,free-text-typed-into-enum
MORNET.X67,Fannie Mae Loan Doc Type Code,standard,String,STRING,FullDocumentation,(F) Full Documentation,declared by Encompass,0,free-text-typed-into-enum
MORNET.X67,Fannie Mae Loan Doc Type Code,standard,String,STRING,Reduced,(R) Reduced,declared by Encompass,0,free-text-typed-into-enum
MORNET.X67,Fannie Mae Loan Doc Type Code,standard,String,STRING,StreamlineRefinance,(B) Streamline Refinance,declared by Encompass,0,free-text-typed-into-enum
MORNET.X67,Fannie Mae Loan Doc Type Code,standard,String,STRING,NoDocumentation,(C) No Documentation,declared by Encompass,482,free-text-typed-into-enum
MORNET.X67,Fannie Mae Loan Doc Type Code,standard,String,STRING,NoRatio,(D) No Ratio,declared by Encompass,0,free-text-typed-into-enum
MORNET.X67,Fannie Mae Loan Doc Type Code,standard,String,STRING,LimitedDocumentation,(E) Limited Documentation,declared by Encompass,0,free-text-typed-into-enum
MORNET.X67,Fannie Mae Loan Doc Type Code,standard,String,STRING,NoIncomeNoEmploymentNoAssetsOn1003,"(U) No Income, No Employment, and No Assets on 1003",declared by Encompass,0,free-text-typed-into-enum
MORNET.X67,Fannie Mae Loan Doc Type Code,standard,String,STRING,NoDepositVerificationEmploymentVerificationOrIncomeVerification,(G) No Income and No Assets on 1003,declared by Encompass,0,free-text-typed-into-enum
MORNET.X67,Fannie Mae Loan Doc Type Code,standard,String,STRING,NoDepositVerification,(H) No Assets on 1003,declared by Encompass,0,free-text-typed-into-enum
MORNET.X67,Fannie Mae Loan Doc Type Code,standard,String,STRING,NoEmploymentVerificationOrIncomeVerification,(I) No Income and No Employment on 1003,declared by Encompass,0,free-text-typed-into-enum
MORNET.X67,Fannie Mae Loan Doc Type Code,standard,String,STRING,NoIncomeOn1003,(J) No Income on 1003,declared by Encompass,0,free-text-typed-into-enum
MORNET.X67,Fannie Mae Loan Doc Type Code,standard,String,STRING,NoVerificationOfStatedIncomeEmploymentOrAssets,"(K) No Verification of Stated Income, Employment, or Assets",declared by Encompass,0,free-text-typed-into-enum
MORNET.X67,Fannie Mae Loan Doc Type Code,standard,String,STRING,NoVerificationOfStatedIncomeOrAssets,(L) No Verification of Stated Income or Assets,declared by Encompass,0,free-text-typed-into-enum
MORNET.X67,Fannie Mae Loan Doc Type Code,standard,String,STRING,NoVerificationOfStatedAssets,(M) No Verification of Stated Assets,declared by Encompass,0,free-text-typed-into-enum
MORNET.X67,Fannie Mae Loan Doc Type Code,standard,String,STRING,NoVerificationOfStatedIncomeOrEmployment,(N) No Verfication of Stated Income or Employment,declared by Encompass,0,free-text-typed-into-enum
MORNET.X67,Fannie Mae Loan Doc Type Code,standard,String,STRING,NoVerificationOfStatedIncome,(O) No Verification of Stated Income,declared by Encompass,0,free-text-typed-into-enum
MORNET.X67,Fannie Mae Loan Doc Type Code,standard,String,STRING,VerbalVerificationOfEmployment,(P) Verbal Verification of Employment(VVOE),declared by Encompass,0,free-text-typed-into-enum
MORNET.X67,Fannie Mae Loan Doc Type Code,standard,String,STRING,OnePaystub,(Q) One paystub,declared by Encompass,0,free-text-typed-into-enum
MORNET.X67,Fannie Mae Loan Doc Type Code,standard,String,STRING,OnePaystubAndVerbalVerificationOfEmployment,(S) One paystub and VVOE,declared by Encompass,0,free-text-typed-into-enum
MORNET.X67,Fannie Mae Loan Doc Type Code,standard,String,STRING,OnePaystubAndOneW2AndVerbalVerificationOfEmploymentOrOneYear1040,(T) One paystub and one W-2 and VVOE or one year 1040,declared by Encompass,0,free-text-typed-into-enum
MORNET.X67,Fannie Mae Loan Doc Type Code,standard,String,STRING,NoIncomeon1003,No Income on 1003,declared by Encompass,0,free-text-typed-into-enum
NMLS.X3,NMLS Documentation Type,standard,String,STRING,Full,Full Documentation,declared by Encompass,0,
NMLS.X3,NMLS Documentation Type,standard,String,STRING,Alt,Alt Documentation,declared by Encompass,486,
POPT.X13,Section 800 Line 804 POC and PTC Indicator,standard,Boolean,YN,Y,Yes,declared by Encompass,486,boolean-representation
POPT.X13,Section 800 Line 804 POC and PTC Indicator,standard,Boolean,YN,N,No,declared by Encompass,0,boolean-representation
SYS.X20,Fees Line 805 Credit Report APR,standard,Boolean,YN,Y,Yes,declared by Encompass,126,boolean-representation
SYS.X20,Fees Line 805 Credit Report APR,standard,Boolean,YN,N,No,declared by Encompass,360,boolean-representation
SYS.X231,Fees Appraisal Fee POC,standard,Boolean,YN,Y,Yes,declared by Encompass,486,boolean-representation
SYS.X231,Fees Appraisal Fee POC,standard,Boolean,YN,N,No,declared by Encompass,0,boolean-representation
SYS.X256,Fees Appraisal Fee Paid To,standard,String,STRING,Broker,B,declared by Encompass,2,
SYS.X256,Fees Appraisal Fee Paid To,standard,String,STRING,Lender,L,declared by Encompass,0,
SYS.X256,Fees Appraisal Fee Paid To,standard,String,STRING,Seller,S,declared by Encompass,0,
SYS.X256,Fees Appraisal Fee Paid To,standard,String,STRING,Investor,I,declared by Encompass,0,
SYS.X256,Fees Appraisal Fee Paid To,standard,String,STRING,Affiliate,A,declared by Encompass,0,
SYS.X256,Fees Appraisal Fee Paid To,standard,String,STRING,Other,O,declared by Encompass,484,
URLA.X199,Borr Current Employment Does Not Apply,standard,Boolean,YN,Y,Does Not Apply,declared by Encompass,480,boolean-representation
URLA.X199,Borr Current Employment Does Not Apply,standard,Boolean,YN,N,No,declared by Encompass,6,boolean-representation
URLA.X201,Borr Additional Employment DoesNotApply,standard,Boolean,YN,Y,Does Not Apply,declared by Encompass,486,boolean-representation
URLA.X201,Borr Additional Employment DoesNotApply,standard,Boolean,YN,N,No,declared by Encompass,0,boolean-representation
URLA.X231,PrintLenderPages,standard,Boolean,YN,Y,Yes,declared by Encompass,486,boolean-representation
URLA.X231,PrintLenderPages,standard,Boolean,YN,N,No,declared by Encompass,0,boolean-representation
URLA.X299,Borrower Completed Homeownership Education Class within 12 months,standard,Boolean,YN,Y,Yes,declared by Encompass,0,boolean-representation
URLA.X299,Borrower Completed Homeownership Education Class within 12 months,standard,Boolean,YN,N,No,declared by Encompass,486,boolean-representation
4918,Borrower - Work Phone Preferred,standard,Boolean,YN,Y,Yes,declared by Encompass,0,boolean-representation
4918,Borrower - Work Phone Preferred,standard,Boolean,YN,N,No,declared by Encompass,485,boolean-representation
4919,Borrower - Cell Phone Preferred,standard,Boolean,YN,Y,Yes,declared by Encompass,484,boolean-representation
4919,Borrower - Cell Phone Preferred,standard,Boolean,YN,N,No,declared by Encompass,1,boolean-representation
HMDA.X14,Trans Details Lien Status,standard,String,STRING,Secured by a first lien,1. Secured by a first lien,declared by Encompass,485,
HMDA.X14,Trans Details Lien Status,standard,String,STRING,Secured by a subordinate lien,2. Secured by a subordinate lien,declared by Encompass,0,
HMDA.X14,Trans Details Lien Status,standard,String,STRING,Not secured by a lien,3. Not secured by a lien,declared by Encompass,0,
HMDA.X14,Trans Details Lien Status,standard,String,STRING,Not applicable,4. Not applicable,declared by Encompass,0,
LE2.X28,Loan Estimate - Use Alternate,standard,Boolean,YN,Y,Use Alternate,declared by Encompass,270,boolean-representation
LE2.X28,Loan Estimate - Use Alternate,standard,Boolean,YN,N,No,declared by Encompass,215,boolean-representation
NEWHUD2.X1020,Fee Details - Line 802g - Seller Credit,standard,Boolean,YN,Y,Yes,declared by Encompass,0,boolean-representation
NEWHUD2.X1020,Fee Details - Line 802g - Seller Credit,standard,Boolean,YN,N,No,declared by Encompass,484,boolean-representation
NEWHUD2.X1053,Fee Details - Line 802h - Seller Credit,standard,Boolean,YN,Y,Yes,declared by Encompass,0,boolean-representation
NEWHUD2.X1053,Fee Details - Line 802h - Seller Credit,standard,Boolean,YN,N,No,declared by Encompass,484,boolean-representation
NEWHUD2.X1084,Fee Details - Line 803 - Borrower Can Shop For,standard,Boolean,YN,Y,Yes,declared by Encompass,0,boolean-representation
NEWHUD2.X1084,Fee Details - Line 803 - Borrower Can Shop For,standard,Boolean,YN,N,No,declared by Encompass,484,boolean-representation
NEWHUD2.X1085,Fee Details - Line 803 - Borrower Did Shop For,standard,Boolean,YN,Y,Yes,declared by Encompass,0,boolean-representation
NEWHUD2.X1085,Fee Details - Line 803 - Borrower Did Shop For,standard,Boolean,YN,N,No,declared by Encompass,484,boolean-representation
NEWHUD2.X1086,Fee Details - Line 803 - Seller Credit,standard,Boolean,YN,Y,Yes,declared by Encompass,0,boolean-representation
NEWHUD2.X1086,Fee Details - Line 803 - Seller Credit,standard,Boolean,YN,N,No,declared by Encompass,484,boolean-representation
NEWHUD2.X1117,Fee Details - Line 804 - Borrower Can Shop For,standard,Boolean,YN,Y,Yes,declared by Encompass,0,boolean-representation
NEWHUD2.X1117,Fee Details - Line 804 - Borrower Can Shop For,standard,Boolean,YN,N,No,declared by Encompass,484,boolean-representation
NEWHUD2.X1118,Fee Details - Line 804 - Borrower Did Shop For,standard,Boolean,YN,Y,Yes,declared by Encompass,0,boolean-representation
NEWHUD2.X1118,Fee Details - Line 804 - Borrower Did Shop For,standard,Boolean,YN,N,No,declared by Encompass,484,boolean-representation
NEWHUD2.X1119,Fee Details - Line 804 - Seller Credit,standard,Boolean,YN,Y,Yes,declared by Encompass,0,boolean-representation
NEWHUD2.X1119,Fee Details - Line 804 - Seller Credit,standard,Boolean,YN,N,No,declared by Encompass,484,boolean-representation
NEWHUD2.X1150,Fee Details - Line 805 - Borrower Can Shop For,standard,Boolean,YN,Y,Yes,declared by Encompass,0,boolean-representation
NEWHUD2.X1150,Fee Details - Line 805 - Borrower Can Shop For,standard,Boolean,YN,N,No,declared by Encompass,484,boolean-representation
NEWHUD2.X1151,Fee Details - Line 805 - Borrower Did Shop For,standard,Boolean,YN,Y,Yes,declared by Encompass,0,boolean-representation
NEWHUD2.X1151,Fee Details - Line 805 - Borrower Did Shop For,standard,Boolean,YN,N,No,declared by Encompass,484,boolean-representation
NEWHUD2.X1152,Fee Details - Line 805 - Seller Credit,standard,Boolean,YN,Y,Yes,declared by Encompass,0,boolean-representation
NEWHUD2.X1152,Fee Details - Line 805 - Seller Credit,standard,Boolean,YN,N,No,declared by Encompass,484,boolean-representation
NEWHUD2.X1183,Fee Details - Line 806 - Borrower Can Shop For,standard,Boolean,YN,Y,Yes,declared by Encompass,0,boolean-representation
NEWHUD2.X1183,Fee Details - Line 806 - Borrower Can Shop For,standard,Boolean,YN,N,No,declared by Encompass,484,boolean-representation
NEWHUD2.X1184,Fee Details - Line 806 - Borrower Did Shop For,standard,Boolean,YN,Y,Yes,declared by Encompass,0,boolean-representation
NEWHUD2.X1184,Fee Details - Line 806 - Borrower Did Shop For,standard,Boolean,YN,N,No,declared by Encompass,484,boolean-representation
NEWHUD2.X1185,Fee Details - Line 806 - Seller Credit,standard,Boolean,YN,Y,Yes,declared by Encompass,0,boolean-representation
NEWHUD2.X1185,Fee Details - Line 806 - Seller Credit,standard,Boolean,YN,N,No,declared by Encompass,484,boolean-representation
NEWHUD2.X1216,Fee Details - Line 807 - Borrower Can Shop For,standard,Boolean,YN,Y,Yes,declared by Encompass,0,boolean-representation
NEWHUD2.X1216,Fee Details - Line 807 - Borrower Can Shop For,standard,Boolean,YN,N,No,declared by Encompass,484,boolean-representation
NEWHUD2.X1217,Fee Details - Line 807 - Borrower Did Shop For,standard,Boolean,YN,Y,Yes,declared by Encompass,0,boolean-representation
NEWHUD2.X1217,Fee Details - Line 807 - Borrower Did Shop For,standard,Boolean,YN,N,No,declared by Encompass,484,boolean-representation
NEWHUD2.X1218,Fee Details - Line 807 - Seller Credit,standard,Boolean,YN,Y,Yes,declared by Encompass,0,boolean-representation
NEWHUD2.X1218,Fee Details - Line 807 - Seller Credit,standard,Boolean,YN,N,No,declared by Encompass,484,boolean-representation
NEWHUD2.X1249,Fee Details - Line 808 - Borrower Can Shop For,standard,Boolean,YN,Y,Yes,declared by Encompass,0,boolean-representation
NEWHUD2.X1249,Fee Details - Line 808 - Borrower Can Shop For,standard,Boolean,YN,N,No,declared by Encompass,484,boolean-representation
NEWHUD2.X1250,Fee Details - Line 808 - Borrower Did Shop For,standard,Boolean,YN,Y,Yes,declared by Encompass,0,boolean-representation
NEWHUD2.X1250,Fee Details - Line 808 - Borrower Did Shop For,standard,Boolean,YN,N,No,declared by Encompass,484,boolean-representation
NEWHUD2.X1251,Fee Details - Line 808 - Seller Credit,standard,Boolean,YN,Y,Yes,declared by Encompass,0,boolean-representation
NEWHUD2.X1251,Fee Details - Line 808 - Seller Credit,standard,Boolean,YN,N,No,declared by Encompass,484,boolean-representation
NEWHUD2.X1282,Fee Details - Line 809 - Borrower Can Shop For,standard,Boolean,YN,Y,Yes,declared by Encompass,0,boolean-representation
NEWHUD2.X1282,Fee Details - Line 809 - Borrower Can Shop For,standard,Boolean,YN,N,No,declared by Encompass,484,boolean-representation
NEWHUD2.X1283,Fee Details - Line 809 - Borrower Did Shop For,standard,Boolean,YN,Y,Yes,declared by Encompass,0,boolean-representation
NEWHUD2.X1283,Fee Details - Line 809 - Borrower Did Shop For,standard,Boolean,YN,N,No,declared by Encompass,484,boolean-representation
NEWHUD2.X1284,Fee Details - Line 809 - Seller Credit,standard,Boolean,YN,Y,Yes,declared by Encompass,0,boolean-representation
NEWHUD2.X1284,Fee Details - Line 809 - Seller Credit,standard,Boolean,YN,N,No,declared by Encompass,484,boolean-representation
NEWHUD2.X1315,Fee Details - Line 810 - Borrower Can Shop For,standard,Boolean,YN,Y,Yes,declared by Encompass,0,boolean-representation
NEWHUD2.X1315,Fee Details - Line 810 - Borrower Can Shop For,standard,Boolean,YN,N,No,declared by Encompass,484,boolean-representation
NEWHUD2.X1316,Fee Details - Line 810 - Borrower Did Shop For,standard,Boolean,YN,Y,Yes,declared by Encompass,0,boolean-representation
NEWHUD2.X1316,Fee Details - Line 810 - Borrower Did Shop For,standard,Boolean,YN,N,No,declared by Encompass,484,boolean-representation
NEWHUD2.X1317,Fee Details - Line 810 - Seller Credit,standard,Boolean,YN,Y,Yes,declared by Encompass,0,boolean-representation
NEWHUD2.X1317,Fee Details - Line 810 - Seller Credit,standard,Boolean,YN,N,No,declared by Encompass,484,boolean-representation
NEWHUD2.X1348,Fee Details - Line 811 - Borrower Can Shop For,standard,Boolean,YN,Y,Yes,declared by Encompass,0,boolean-representation
NEWHUD2.X1348,Fee Details - Line 811 - Borrower Can Shop For,standard,Boolean,YN,N,No,declared by Encompass,484,boolean-representation
NEWHUD2.X1349,Fee Details - Line 811 - Borrower Did Shop For,standard,Boolean,YN,Y,Yes,declared by Encompass,0,boolean-representation
NEWHUD2.X1349,Fee Details - Line 811 - Borrower Did Shop For,standard,Boolean,YN,N,No,declared by Encompass,484,boolean-representation
NEWHUD2.X1350,Fee Details - Line 811 - Seller Credit,standard,Boolean,YN,Y,Yes,declared by Encompass,0,boolean-representation
NEWHUD2.X1350,Fee Details - Line 811 - Seller Credit,standard,Boolean,YN,N,No,declared by Encompass,484,boolean-representation
NEWHUD2.X1381,Fee Details - Line 812 - Borrower Can Shop For,standard,Boolean,YN,Y,Yes,declared by Encompass,0,boolean-representation
NEWHUD2.X1381,Fee Details - Line 812 - Borrower Can Shop For,standard,Boolean,YN,N,No,declared by Encompass,484,boolean-representation
NEWHUD2.X1382,Fee Details - Line 812 - Borrower Did Shop For,standard,Boolean,YN,Y,Yes,declared by Encompass,0,boolean-representation
NEWHUD2.X1382,Fee Details - Line 812 - Borrower Did Shop For,standard,Boolean,YN,N,No,declared by Encompass,484,boolean-representation
NEWHUD2.X1383,Fee Details - Line 812 - Seller Credit,standard,Boolean,YN,Y,Yes,declared by Encompass,0,boolean-representation
NEWHUD2.X1383,Fee Details - Line 812 - Seller Credit,standard,Boolean,YN,N,No,declared by Encompass,484,boolean-representation
NEWHUD2.X1414,Fee Details - Line 813 - Borrower Can Shop For,standard,Boolean,YN,Y,Yes,declared by Encompass,0,boolean-representation
NEWHUD2.X1414,Fee Details - Line 813 - Borrower Can Shop For,standard,Boolean,YN,N,No,declared by Encompass,484,boolean-representation
NEWHUD2.X1415,Fee Details - Line 813 - Borrower Did Shop For,standard,Boolean,YN,Y,Yes,declared by Encompass,0,boolean-representation
NEWHUD2.X1415,Fee Details - Line 813 - Borrower Did Shop For,standard,Boolean,YN,N,No,declared by Encompass,484,boolean-representation
NEWHUD2.X1416,Fee Details - Line 813 - Seller Credit,standard,Boolean,YN,Y,Yes,declared by Encompass,0,boolean-representation
NEWHUD2.X1416,Fee Details - Line 813 - Seller Credit,standard,Boolean,YN,N,No,declared by Encompass,484,boolean-representation
NEWHUD2.X1447,Fee Details - Line 814 - Borrower Can Shop For,standard,Boolean,YN,Y,Yes,declared by Encompass,0,boolean-representation
NEWHUD2.X1447,Fee Details - Line 814 - Borrower Can Shop For,standard,Boolean,YN,N,No,declared by Encompass,484,boolean-representation
NEWHUD2.X1448,Fee Details - Line 814 - Borrower Did Shop For,standard,Boolean,YN,Y,Yes,declared by Encompass,0,boolean-representation
NEWHUD2.X1448,Fee Details - Line 814 - Borrower Did Shop For,standard,Boolean,YN,N,No,declared by Encompass,484,boolean-representation
NEWHUD2.X1449,Fee Details - Line 814 - Seller Credit,standard,Boolean,YN,Y,Yes,declared by Encompass,0,boolean-representation
NEWHUD2.X1449,Fee Details - Line 814 - Seller Credit,standard,Boolean,YN,N,No,declared by Encompass,484,boolean-representation
NEWHUD2.X1480,Fee Details - Line 815 - Borrower Can Shop For,standard,Boolean,YN,Y,Yes,declared by Encompass,0,boolean-representation
NEWHUD2.X1480,Fee Details - Line 815 - Borrower Can Shop For,standard,Boolean,YN,N,No,declared by Encompass,484,boolean-representation
NEWHUD2.X1481,Fee Details - Line 815 - Borrower Did Shop For,standard,Boolean,YN,Y,Yes,declared by Encompass,0,boolean-representation
NEWHUD2.X1481,Fee Details - Line 815 - Borrower Did Shop For,standard,Boolean,YN,N,No,declared by Encompass,484,boolean-representation
NEWHUD2.X1482,Fee Details - Line 815 - Seller Credit,standard,Boolean,YN,Y,Yes,declared by Encompass,0,boolean-representation
NEWHUD2.X1482,Fee Details - Line 815 - Seller Credit,standard,Boolean,YN,N,No,declared by Encompass,484,boolean-representation
NEWHUD2.X1513,Fee Details - Line 816 - Borrower Can Shop For,standard,Boolean,YN,Y,Yes,declared by Encompass,0,boolean-representation
NEWHUD2.X1513,Fee Details - Line 816 - Borrower Can Shop For,standard,Boolean,YN,N,No,declared by Encompass,484,boolean-representation
NEWHUD2.X1514,Fee Details - Line 816 - Borrower Did Shop For,standard,Boolean,YN,Y,Yes,declared by Encompass,0,boolean-representation
NEWHUD2.X1514,Fee Details - Line 816 - Borrower Did Shop For,standard,Boolean,YN,N,No,declared by Encompass,484,boolean-representation
NEWHUD2.X1515,Fee Details - Line 816 - Seller Credit,standard,Boolean,YN,Y,Yes,declared by Encompass,0,boolean-representation
NEWHUD2.X1515,Fee Details - Line 816 - Seller Credit,standard,Boolean,YN,N,No,declared by Encompass,484,boolean-representation
NEWHUD2.X1546,Fee Details - Line 817 - Borrower Can Shop For,standard,Boolean,YN,Y,Yes,declared by Encompass,0,boolean-representation
NEWHUD2.X1546,Fee Details - Line 817 - Borrower Can Shop For,standard,Boolean,YN,N,No,declared by Encompass,484,boolean-representation
NEWHUD2.X1547,Fee Details - Line 817 - Borrower Did Shop For,standard,Boolean,YN,Y,Yes,declared by Encompass,0,boolean-representation
NEWHUD2.X1547,Fee Details - Line 817 - Borrower Did Shop For,standard,Boolean,YN,N,No,declared by Encompass,484,boolean-representation
NEWHUD2.X1548,Fee Details - Line 817 - Seller Credit,standard,Boolean,YN,Y,Yes,declared by Encompass,0,boolean-representation
NEWHUD2.X1548,Fee Details - Line 817 - Seller Credit,standard,Boolean,YN,N,No,declared by Encompass,484,boolean-representation
NEWHUD2.X1579,Fee Details - Line 818 - Borrower Can Shop For,standard,Boolean,YN,Y,Yes,declared by Encompass,0,boolean-representation
NEWHUD2.X1579,Fee Details - Line 818 - Borrower Can Shop For,standard,Boolean,YN,N,No,declared by Encompass,484,boolean-representation
NEWHUD2.X1580,Fee Details - Line 818 - Borrower Did Shop For,standard,Boolean,YN,Y,Yes,declared by Encompass,0,boolean-representation
NEWHUD2.X1580,Fee Details - Line 818 - Borrower Did Shop For,standard,Boolean,YN,N,No,declared by Encompass,484,boolean-representation
NEWHUD2.X1581,Fee Details - Line 818 - Seller Credit,standard,Boolean,YN,Y,Yes,declared by Encompass,0,boolean-representation
NEWHUD2.X1581,Fee Details - Line 818 - Seller Credit,standard,Boolean,YN,N,No,declared by Encompass,484,boolean-representation
NEWHUD2.X1612,Fee Details - Line 819 - Borrower Can Shop For,standard,Boolean,YN,Y,Yes,declared by Encompass,0,boolean-representation
NEWHUD2.X1612,Fee Details - Line 819 - Borrower Can Shop For,standard,Boolean,YN,N,No,declared by Encompass,484,boolean-representation
NEWHUD2.X1613,Fee Details - Line 819 - Borrower Did Shop For,standard,Boolean,YN,Y,Yes,declared by Encompass,0,boolean-representation
NEWHUD2.X1613,Fee Details - Line 819 - Borrower Did Shop For,standard,Boolean,YN,N,No,declared by Encompass,484,boolean-representation
NEWHUD2.X1614,Fee Details - Line 819 - Seller Credit,standard,Boolean,YN,Y,Yes,declared by Encompass,0,boolean-representation
NEWHUD2.X1614,Fee Details - Line 819 - Seller Credit,standard,Boolean,YN,N,No,declared by Encompass,484,boolean-representation
NEWHUD2.X1645,Fee Details - Line 820 - Borrower Can Shop For,standard,Boolean,YN,Y,Yes,declared by Encompass,0,boolean-representation
NEWHUD2.X1645,Fee Details - Line 820 - Borrower Can Shop For,standard,Boolean,YN,N,No,declared by Encompass,484,boolean-representation
NEWHUD2.X1646,Fee Details - Line 820 - Borrower Did Shop For,standard,Boolean,YN,Y,Yes,declared by Encompass,0,boolean-representation
NEWHUD2.X1646,Fee Details - Line 820 - Borrower Did Shop For,standard,Boolean,YN,N,No,declared by Encompass,484,boolean-representation
NEWHUD2.X1647,Fee Details - Line 820 - Seller Credit,standard,Boolean,YN,Y,Yes,declared by Encompass,0,boolean-representation
NEWHUD2.X1647,Fee Details - Line 820 - Seller Credit,standard,Boolean,YN,N,No,declared by Encompass,484,boolean-representation
NEWHUD2.X1678,Fee Details - Line 821 - Borrower Can Shop For,standard,Boolean,YN,Y,Yes,declared by Encompass,0,boolean-representation
NEWHUD2.X1678,Fee Details - Line 821 - Borrower Can Shop For,standard,Boolean,YN,N,No,declared by Encompass,484,boolean-representation
NEWHUD2.X1679,Fee Details - Line 821 - Borrower Did Shop For,standard,Boolean,YN,Y,Yes,declared by Encompass,0,boolean-representation
NEWHUD2.X1679,Fee Details - Line 821 - Borrower Did Shop For,standard,Boolean,YN,N,No,declared by Encompass,484,boolean-representation
NEWHUD2.X1680,Fee Details - Line 821 - Seller Credit,standard,Boolean,YN,Y,Yes,declared by Encompass,0,boolean-representation
NEWHUD2.X1680,Fee Details - Line 821 - Seller Credit,standard,Boolean,YN,N,No,declared by Encompass,484,boolean-representation
NEWHUD2.X1711,Fee Details - Line 822 - Borrower Can Shop For,standard,Boolean,YN,Y,Yes,declared by Encompass,0,boolean-representation
NEWHUD2.X1711,Fee Details - Line 822 - Borrower Can Shop For,standard,Boolean,YN,N,No,declared by Encompass,484,boolean-representation
NEWHUD2.X1712,Fee Details - Line 822 - Borrower Did Shop For,standard,Boolean,YN,Y,Yes,declared by Encompass,0,boolean-representation
NEWHUD2.X1712,Fee Details - Line 822 - Borrower Did Shop For,standard,Boolean,YN,N,No,declared by Encompass,484,boolean-representation
NEWHUD2.X1713,Fee Details - Line 822 - Seller Credit,standard,Boolean,YN,Y,Yes,declared by Encompass,0,boolean-representation
NEWHUD2.X1713,Fee Details - Line 822 - Seller Credit,standard,Boolean,YN,N,No,declared by Encompass,484,boolean-representation
NEWHUD2.X1744,Fee Details - Line 823 - Borrower Can Shop For,standard,Boolean,YN,Y,Yes,declared by Encompass,0,boolean-representation
NEWHUD2.X1744,Fee Details - Line 823 - Borrower Can Shop For,standard,Boolean,YN,N,No,declared by Encompass,484,boolean-representation
NEWHUD2.X1745,Fee Details - Line 823 - Borrower Did Shop For,standard,Boolean,YN,Y,Yes,declared by Encompass,0,boolean-representation
NEWHUD2.X1745,Fee Details - Line 823 - Borrower Did Shop For,standard,Boolean,YN,N,No,declared by Encompass,484,boolean-representation
NEWHUD2.X1746,Fee Details - Line 823 - Seller Credit,standard,Boolean,YN,Y,Yes,declared by Encompass,0,boolean-representation
NEWHUD2.X1746,Fee Details - Line 823 - Seller Credit,standard,Boolean,YN,N,No,declared by Encompass,484,boolean-representation
NEWHUD2.X1777,Fee Details - Line 824 - Borrower Can Shop For,standard,Boolean,YN,Y,Yes,declared by Encompass,0,boolean-representation
NEWHUD2.X1777,Fee Details - Line 824 - Borrower Can Shop For,standard,Boolean,YN,N,No,declared by Encompass,484,boolean-representation
NEWHUD2.X1778,Fee Details - Line 824 - Borrower Did Shop For,standard,Boolean,YN,Y,Yes,declared by Encompass,0,boolean-representation
NEWHUD2.X1778,Fee Details - Line 824 - Borrower Did Shop For,standard,Boolean,YN,N,No,declared by Encompass,484,boolean-representation
NEWHUD2.X1779,Fee Details - Line 824 - Seller Credit,standard,Boolean,YN,Y,Yes,declared by Encompass,0,boolean-representation
NEWHUD2.X1779,Fee Details - Line 824 - Seller Credit,standard,Boolean,YN,N,No,declared by Encompass,484,boolean-representation
NEWHUD2.X1810,Fee Details - Line 825 - Borrower Can Shop For,standard,Boolean,YN,Y,Yes,declared by Encompass,0,boolean-representation
NEWHUD2.X1810,Fee Details - Line 825 - Borrower Can Shop For,standard,Boolean,YN,N,No,declared by Encompass,484,boolean-representation
NEWHUD2.X1811,Fee Details - Line 825 - Borrower Did Shop For,standard,Boolean,YN,Y,Yes,declared by Encompass,0,boolean-representation
NEWHUD2.X1811,Fee Details - Line 825 - Borrower Did Shop For,standard,Boolean,YN,N,No,declared by Encompass,484,boolean-representation
NEWHUD2.X1812,Fee Details - Line 825 - Seller Credit,standard,Boolean,YN,Y,Yes,declared by Encompass,0,boolean-representation
NEWHUD2.X1812,Fee Details - Line 825 - Seller Credit,standard,Boolean,YN,N,No,declared by Encompass,484,boolean-representation
NEWHUD2.X1843,Fee Details - Line 826 - Borrower Can Shop For,standard,Boolean,YN,Y,Yes,declared by Encompass,0,boolean-representation
NEWHUD2.X1843,Fee Details - Line 826 - Borrower Can Shop For,standard,Boolean,YN,N,No,declared by Encompass,484,boolean-representation
NEWHUD2.X1844,Fee Details - Line 826 - Borrower Did Shop For,standard,Boolean,YN,Y,Yes,declared by Encompass,0,boolean-representation
NEWHUD2.X1844,Fee Details - Line 826 - Borrower Did Shop For,standard,Boolean,YN,N,No,declared by Encompass,484,boolean-representation
NEWHUD2.X1845,Fee Details - Line 826 - Seller Credit,standard,Boolean,YN,Y,Yes,declared by Encompass,0,boolean-representation
NEWHUD2.X1845,Fee Details - Line 826 - Seller Credit,standard,Boolean,YN,N,No,declared by Encompass,484,boolean-representation
NEWHUD2.X1876,Fee Details - Line 827 - Borrower Can Shop For,standard,Boolean,YN,Y,Yes,declared by Encompass,0,boolean-representation
NEWHUD2.X1876,Fee Details - Line 827 - Borrower Can Shop For,standard,Boolean,YN,N,No,declared by Encompass,484,boolean-representation
NEWHUD2.X1877,Fee Details - Line 827 - Borrower Did Shop For,standard,Boolean,YN,Y,Yes,declared by Encompass,0,boolean-representation
NEWHUD2.X1877,Fee Details - Line 827 - Borrower Did Shop For,standard,Boolean,YN,N,No,declared by Encompass,484,boolean-representation
NEWHUD2.X1878,Fee Details - Line 827 - Seller Credit,standard,Boolean,YN,Y,Yes,declared by Encompass,0,boolean-representation
NEWHUD2.X1878,Fee Details - Line 827 - Seller Credit,standard,Boolean,YN,N,No,declared by Encompass,484,boolean-representation
NEWHUD2.X1909,Fee Details - Line 828 - Borrower Can Shop For,standard,Boolean,YN,Y,Yes,declared by Encompass,0,boolean-representation
NEWHUD2.X1909,Fee Details - Line 828 - Borrower Can Shop For,standard,Boolean,YN,N,No,declared by Encompass,484,boolean-representation
NEWHUD2.X1910,Fee Details - Line 828 - Borrower Did Shop For,standard,Boolean,YN,Y,Yes,declared by Encompass,0,boolean-representation
NEWHUD2.X1910,Fee Details - Line 828 - Borrower Did Shop For,standard,Boolean,YN,N,No,declared by Encompass,484,boolean-representation
NEWHUD2.X1911,Fee Details - Line 828 - Seller Credit,standard,Boolean,YN,Y,Yes,declared by Encompass,0,boolean-representation
NEWHUD2.X1911,Fee Details - Line 828 - Seller Credit,standard,Boolean,YN,N,No,declared by Encompass,484,boolean-representation
NEWHUD2.X1942,Fee Details - Line 829 - Borrower Can Shop For,standard,Boolean,YN,Y,Yes,declared by Encompass,0,boolean-representation
NEWHUD2.X1942,Fee Details - Line 829 - Borrower Can Shop For,standard,Boolean,YN,N,No,declared by Encompass,484,boolean-representation
NEWHUD2.X1943,Fee Details - Line 829 - Borrower Did Shop For,standard,Boolean,YN,Y,Yes,declared by Encompass,0,boolean-representation
NEWHUD2.X1943,Fee Details - Line 829 - Borrower Did Shop For,standard,Boolean,YN,N,No,declared by Encompass,484,boolean-representation
NEWHUD2.X1944,Fee Details - Line 829 - Seller Credit,standard,Boolean,YN,Y,Yes,declared by Encompass,0,boolean-representation
NEWHUD2.X1944,Fee Details - Line 829 - Seller Credit,standard,Boolean,YN,N,No,declared by Encompass,484,boolean-representation
NEWHUD2.X1975,Fee Details - Line 830 - Borrower Can Shop For,standard,Boolean,YN,Y,Yes,declared by Encompass,0,boolean-representation
NEWHUD2.X1975,Fee Details - Line 830 - Borrower Can Shop For,standard,Boolean,YN,N,No,declared by Encompass,484,boolean-representation
NEWHUD2.X1976,Fee Details - Line 830 - Borrower Did Shop For,standard,Boolean,YN,Y,Yes,declared by Encompass,0,boolean-representation
NEWHUD2.X1976,Fee Details - Line 830 - Borrower Did Shop For,standard,Boolean,YN,N,No,declared by Encompass,484,boolean-representation
NEWHUD2.X1977,Fee Details - Line 830 - Seller Credit,standard,Boolean,YN,Y,Yes,declared by Encompass,0,boolean-representation
NEWHUD2.X1977,Fee Details - Line 830 - Seller Credit,standard,Boolean,YN,N,No,declared by Encompass,484,boolean-representation
NEWHUD2.X2008,Fee Details - Line 831 - Borrower Can Shop For,standard,Boolean,YN,Y,Yes,declared by Encompass,0,boolean-representation
NEWHUD2.X2008,Fee Details - Line 831 - Borrower Can Shop For,standard,Boolean,YN,N,No,declared by Encompass,484,boolean-representation
NEWHUD2.X2009,Fee Details - Line 831 - Borrower Did Shop For,standard,Boolean,YN,Y,Yes,declared by Encompass,0,boolean-representation
NEWHUD2.X2009,Fee Details - Line 831 - Borrower Did Shop For,standard,Boolean,YN,N,No,declared by Encompass,484,boolean-representation
NEWHUD2.X2010,Fee Details - Line 831 - Seller Credit,standard,Boolean,YN,Y,Yes,declared by Encompass,0,boolean-representation
NEWHUD2.X2010,Fee Details - Line 831 - Seller Credit,standard,Boolean,YN,N,No,declared by Encompass,484,boolean-representation
NEWHUD2.X2041,Fee Details - Line 832 - Borrower Can Shop For,standard,Boolean,YN,Y,Yes,declared by Encompass,0,boolean-representation
NEWHUD2.X2041,Fee Details - Line 832 - Borrower Can Shop For,standard,Boolean,YN,N,No,declared by Encompass,484,boolean-representation
NEWHUD2.X2042,Fee Details - Line 832 - Borrower Did Shop For,standard,Boolean,YN,Y,Yes,declared by Encompass,0,boolean-representation
NEWHUD2.X2042,Fee Details - Line 832 - Borrower Did Shop For,standard,Boolean,YN,N,No,declared by Encompass,484,boolean-representation
NEWHUD2.X2043,Fee Details - Line 832 - Seller Credit,standard,Boolean,YN,Y,Yes,declared by Encompass,0,boolean-representation
NEWHUD2.X2043,Fee Details - Line 832 - Seller Credit,standard,Boolean,YN,N,No,declared by Encompass,484,boolean-representation
NEWHUD2.X2074,Fee Details - Line 833 - Borrower Can Shop For,standard,Boolean,YN,Y,Yes,declared by Encompass,0,boolean-representation
NEWHUD2.X2074,Fee Details - Line 833 - Borrower Can Shop For,standard,Boolean,YN,N,No,declared by Encompass,484,boolean-representation
NEWHUD2.X2075,Fee Details - Line 833 - Borrower Did Shop For,standard,Boolean,YN,Y,Yes,declared by Encompass,0,boolean-representation
NEWHUD2.X2075,Fee Details - Line 833 - Borrower Did Shop For,standard,Boolean,YN,N,No,declared by Encompass,484,boolean-representation
NEWHUD2.X2076,Fee Details - Line 833 - Seller Credit,standard,Boolean,YN,Y,Yes,declared by Encompass,0,boolean-representation
NEWHUD2.X2076,Fee Details - Line 833 - Seller Credit,standard,Boolean,YN,N,No,declared by Encompass,484,boolean-representation
NEWHUD2.X2109,Fee Details - Line 834 - Seller Credit,standard,Boolean,YN,Y,Yes,declared by Encompass,0,boolean-representation
NEWHUD2.X2109,Fee Details - Line 834 - Seller Credit,standard,Boolean,YN,N,No,declared by Encompass,484,boolean-representation
NEWHUD2.X2142,Fee Details - Line 835 - Seller Credit,standard,Boolean,YN,Y,Yes,declared by Encompass,0,boolean-representation
NEWHUD2.X2142,Fee Details - Line 835 - Seller Credit,standard,Boolean,YN,N,No,declared by Encompass,484,boolean-representation
NEWHUD2.X2175,Fee Details - Line 901 - Seller Credit,standard,Boolean,YN,Y,Yes,declared by Encompass,0,boolean-representation
NEWHUD2.X2175,Fee Details - Line 901 - Seller Credit,standard,Boolean,YN,N,No,declared by Encompass,484,boolean-representation
NEWHUD2.X2208,Fee Details - Line 902 - Seller Credit,standard,Boolean,YN,Y,Yes,declared by Encompass,0,boolean-representation
NEWHUD2.X2208,Fee Details - Line 902 - Seller Credit,standard,Boolean,YN,N,No,declared by Encompass,484,boolean-representation
NEWHUD2.X2241,Fee Details - Line 903 - Seller Credit,standard,Boolean,YN,Y,Yes,declared by Encompass,0,boolean-representation
NEWHUD2.X2241,Fee Details - Line 903 - Seller Credit,standard,Boolean,YN,N,No,declared by Encompass,484,boolean-representation
NEWHUD2.X2274,Fee Details - Line 904 - Seller Credit,standard,Boolean,YN,Y,Yes,declared by Encompass,0,boolean-representation
NEWHUD2.X2274,Fee Details - Line 904 - Seller Credit,standard,Boolean,YN,N,No,declared by Encompass,484,boolean-representation
NEWHUD2.X228,Fee Details - Line 701 - Seller Credit,standard,Boolean,YN,Y,Yes,declared by Encompass,0,boolean-representation
NEWHUD2.X228,Fee Details - Line 701 - Seller Credit,standard,Boolean,YN,N,No,declared by Encompass,484,boolean-representation
NEWHUD2.X2305,Fee Details - Line 905 - Borrower Can Shop For,standard,Boolean,YN,Y,Yes,declared by Encompass,0,boolean-representation
NEWHUD2.X2305,Fee Details - Line 905 - Borrower Can Shop For,standard,Boolean,YN,N,No,declared by Encompass,484,boolean-representation
NEWHUD2.X2306,Fee Details - Line 905 - Borrower Did Shop For,standard,Boolean,YN,Y,Yes,declared by Encompass,0,boolean-representation
NEWHUD2.X2306,Fee Details - Line 905 - Borrower Did Shop For,standard,Boolean,YN,N,No,declared by Encompass,484,boolean-representation
NEWHUD2.X2307,Fee Details - Line 905 - Seller Credit,standard,Boolean,YN,Y,Yes,declared by Encompass,0,boolean-representation
NEWHUD2.X2307,Fee Details - Line 905 - Seller Credit,standard,Boolean,YN,N,No,declared by Encompass,484,boolean-representation
NEWHUD2.X2340,Fee Details - Line 906 - Seller Credit,standard,Boolean,YN,Y,Yes,declared by Encompass,0,boolean-representation
NEWHUD2.X2340,Fee Details - Line 906 - Seller Credit,standard,Boolean,YN,N,No,declared by Encompass,484,boolean-representation
NEWHUD2.X2373,Fee Details - Line 907 - Seller Credit,standard,Boolean,YN,Y,Yes,declared by Encompass,0,boolean-representation
NEWHUD2.X2373,Fee Details - Line 907 - Seller Credit,standard,Boolean,YN,N,No,declared by Encompass,484,boolean-representation
NEWHUD2.X2406,Fee Details - Line 908 - Seller Credit,standard,Boolean,YN,Y,Yes,declared by Encompass,0,boolean-representation
NEWHUD2.X2406,Fee Details - Line 908 - Seller Credit,standard,Boolean,YN,N,No,declared by Encompass,484,boolean-representation
NEWHUD2.X2439,Fee Details - Line 909 - Seller Credit,standard,Boolean,YN,Y,Yes,declared by Encompass,0,boolean-representation
NEWHUD2.X2439,Fee Details - Line 909 - Seller Credit,standard,Boolean,YN,N,No,declared by Encompass,484,boolean-representation
NEWHUD2.X2472,Fee Details - Line 910 - Seller Credit,standard,Boolean,YN,Y,Yes,declared by Encompass,0,boolean-representation
NEWHUD2.X2472,Fee Details - Line 910 - Seller Credit,standard,Boolean,YN,N,No,declared by Encompass,484,boolean-representation
NEWHUD2.X2505,Fee Details - Line 911 - Seller Credit,standard,Boolean,YN,Y,Yes,declared by Encompass,0,boolean-representation
NEWHUD2.X2505,Fee Details - Line 911 - Seller Credit,standard,Boolean,YN,N,No,declared by Encompass,484,boolean-representation
NEWHUD2.X2538,Fee Details - Line 912 - Seller Credit,standard,Boolean,YN,Y,Yes,declared by Encompass,0,boolean-representation
NEWHUD2.X2538,Fee Details - Line 912 - Seller Credit,standard,Boolean,YN,N,No,declared by Encompass,484,boolean-representation
NEWHUD2.X2571,Fee Details - Line 1002 - Seller Credit,standard,Boolean,YN,Y,Yes,declared by Encompass,0,boolean-representation
NEWHUD2.X2571,Fee Details - Line 1002 - Seller Credit,standard,Boolean,YN,N,No,declared by Encompass,484,boolean-representation
NEWHUD2.X2604,Fee Details - Line 1003 - Seller Credit,standard,Boolean,YN,Y,Yes,declared by Encompass,0,boolean-representation
NEWHUD2.X2604,Fee Details - Line 1003 - Seller Credit,standard,Boolean,YN,N,No,declared by Encompass,484,boolean-representation
NEWHUD2.X261,Fee Details - Line 702 - Seller Credit,standard,Boolean,YN,Y,Yes,declared by Encompass,0,boolean-representation
NEWHUD2.X261,Fee Details - Line 702 - Seller Credit,standard,Boolean,YN,N,No,declared by Encompass,484,boolean-representation
NEWHUD2.X2637,Fee Details - Line 1004 - Seller Credit,standard,Boolean,YN,Y,Yes,declared by Encompass,0,boolean-representation
NEWHUD2.X2637,Fee Details - Line 1004 - Seller Credit,standard,Boolean,YN,N,No,declared by Encompass,484,boolean-representation
NEWHUD2.X2670,Fee Details - Line 1005 - Seller Credit,standard,Boolean,YN,Y,Yes,declared by Encompass,0,boolean-representation
NEWHUD2.X2670,Fee Details - Line 1005 - Seller Credit,standard,Boolean,YN,N,No,declared by Encompass,484,boolean-representation
NEWHUD2.X2703,Fee Details - Line 1006 - Seller Credit,standard,Boolean,YN,Y,Yes,declared by Encompass,0,boolean-representation
NEWHUD2.X2703,Fee Details - Line 1006 - Seller Credit,standard,Boolean,YN,N,No,declared by Encompass,484,boolean-representation
NEWHUD2.X2736,Fee Details - Line 1007 - Seller Credit,standard,Boolean,YN,Y,Yes,declared by Encompass,0,boolean-representation
NEWHUD2.X2736,Fee Details - Line 1007 - Seller Credit,standard,Boolean,YN,N,No,declared by Encompass,484,boolean-representation
NEWHUD2.X2769,Fee Details - Line 1008 - Seller Credit,standard,Boolean,YN,Y,Yes,declared by Encompass,0,boolean-representation
NEWHUD2.X2769,Fee Details - Line 1008 - Seller Credit,standard,Boolean,YN,N,No,declared by Encompass,484,boolean-representation
NEWHUD2.X2802,Fee Details - Line 1009 - Seller Credit,standard,Boolean,YN,Y,Yes,declared by Encompass,0,boolean-representation
NEWHUD2.X2802,Fee Details - Line 1009 - Seller Credit,standard,Boolean,YN,N,No,declared by Encompass,484,boolean-representation
NEWHUD2.X2835,Fee Details - Line 1010 - Seller Credit,standard,Boolean,YN,Y,Yes,declared by Encompass,0,boolean-representation
NEWHUD2.X2835,Fee Details - Line 1010 - Seller Credit,standard,Boolean,YN,N,No,declared by Encompass,484,boolean-representation
NEWHUD2.X2868,Fee Details - Line 1101a - Seller Credit,standard,Boolean,YN,Y,Yes,declared by Encompass,0,boolean-representation
NEWHUD2.X2868,Fee Details - Line 1101a - Seller Credit,standard,Boolean,YN,N,No,declared by Encompass,484,boolean-representation
NEWHUD2.X2901,Fee Details - Line 1101b - Seller Credit,standard,Boolean,YN,Y,Yes,declared by Encompass,0,boolean-representation
NEWHUD2.X2901,Fee Details - Line 1101b - Seller Credit,standard,Boolean,YN,N,No,declared by Encompass,484,boolean-representation
NEWHUD2.X2934,Fee Details - Line 1101c - Seller Credit,standard,Boolean,YN,Y,Yes,declared by Encompass,0,boolean-representation
NEWHUD2.X2934,Fee Details - Line 1101c - Seller Credit,standard,Boolean,YN,N,No,declared by Encompass,484,boolean-representation
NEWHUD2.X294,Fee Details - Line 704 - Seller Credit,standard,Boolean,YN,Y,Yes,declared by Encompass,0,boolean-representation
NEWHUD2.X294,Fee Details - Line 704 - Seller Credit,standard,Boolean,YN,N,No,declared by Encompass,484,boolean-representation
NEWHUD2.X2967,Fee Details - Line 1101d - Seller Credit,standard,Boolean,YN,Y,Yes,declared by Encompass,0,boolean-representation
NEWHUD2.X2967,Fee Details - Line 1101d - Seller Credit,standard,Boolean,YN,N,No,declared by Encompass,484,boolean-representation
NEWHUD2.X3000,Fee Details - Line 1101e - Seller Credit,standard,Boolean,YN,Y,Yes,declared by Encompass,0,boolean-representation
NEWHUD2.X3000,Fee Details - Line 1101e - Seller Credit,standard,Boolean,YN,N,No,declared by Encompass,484,boolean-representation
NEWHUD2.X3033,Fee Details - Line 1101f - Seller Credit,standard,Boolean,YN,Y,Yes,declared by Encompass,0,boolean-representation
NEWHUD2.X3033,Fee Details - Line 1101f - Seller Credit,standard,Boolean,YN,N,No,declared by Encompass,484,boolean-representation
NEWHUD2.X3066,Fee Details - Line 1102a - Seller Credit,standard,Boolean,YN,Y,Yes,declared by Encompass,0,boolean-representation
NEWHUD2.X3066,Fee Details - Line 1102a - Seller Credit,standard,Boolean,YN,N,No,declared by Encompass,484,boolean-representation
NEWHUD2.X3099,Fee Details - Line 1102b - Seller Credit,standard,Boolean,YN,Y,Yes,declared by Encompass,0,boolean-representation
NEWHUD2.X3099,Fee Details - Line 1102b - Seller Credit,standard,Boolean,YN,N,No,declared by Encompass,484,boolean-representation
NEWHUD2.X3132,Fee Details - Line 1102c - Seller Credit,standard,Boolean,YN,Y,Yes,declared by Encompass,0,boolean-representation
NEWHUD2.X3132,Fee Details - Line 1102c - Seller Credit,standard,Boolean,YN,N,No,declared by Encompass,484,boolean-representation
NEWHUD2.X3165,Fee Details - Line 1102d - Seller Credit,standard,Boolean,YN,Y,Yes,declared by Encompass,0,boolean-representation
NEWHUD2.X3165,Fee Details - Line 1102d - Seller Credit,standard,Boolean,YN,N,No,declared by Encompass,484,boolean-representation
NEWHUD2.X3198,Fee Details - Line 1102e - Seller Credit,standard,Boolean,YN,Y,Yes,declared by Encompass,0,boolean-representation
NEWHUD2.X3198,Fee Details - Line 1102e - Seller Credit,standard,Boolean,YN,N,No,declared by Encompass,484,boolean-representation
NEWHUD2.X3231,Fee Details - Line 1102f - Seller Credit,standard,Boolean,YN,Y,Yes,declared by Encompass,0,boolean-representation
NEWHUD2.X3231,Fee Details - Line 1102f - Seller Credit,standard,Boolean,YN,N,No,declared by Encompass,484,boolean-representation
NEWHUD2.X3264,Fee Details - Line 1102g - Seller Credit,standard,Boolean,YN,Y,Yes,declared by Encompass,0,boolean-representation
NEWHUD2.X3264,Fee Details - Line 1102g - Seller Credit,standard,Boolean,YN,N,No,declared by Encompass,484,boolean-representation
NEWHUD2.X327,Fee Details - Line 801a - Seller Credit,standard,Boolean,YN,Y,Yes,declared by Encompass,0,boolean-representation
NEWHUD2.X327,Fee Details - Line 801a - Seller Credit,standard,Boolean,YN,N,No,declared by Encompass,484,boolean-representation
NEWHUD2.X3297,Fee Details - Line 1102h - Seller Credit,standard,Boolean,YN,Y,Yes,declared by Encompass,0,boolean-representation
NEWHUD2.X3297,Fee Details - Line 1102h - Seller Credit,standard,Boolean,YN,N,No,declared by Encompass,484,boolean-representation
NEWHUD2.X3330,Fee Details - Line 1103 - Seller Credit,standard,Boolean,YN,Y,Yes,declared by Encompass,0,boolean-representation
NEWHUD2.X3330,Fee Details - Line 1103 - Seller Credit,standard,Boolean,YN,N,No,declared by Encompass,484,boolean-representation
NEWHUD2.X3363,Fee Details - Line 1104 - Seller Credit,standard,Boolean,YN,Y,Yes,declared by Encompass,0,boolean-representation
NEWHUD2.X3363,Fee Details - Line 1104 - Seller Credit,standard,Boolean,YN,N,No,declared by Encompass,484,boolean-representation
NEWHUD2.X3396,Fee Details - Line 1109 - Seller Credit,standard,Boolean,YN,Y,Yes,declared by Encompass,0,boolean-representation
NEWHUD2.X3396,Fee Details - Line 1109 - Seller Credit,standard,Boolean,YN,N,No,declared by Encompass,484,boolean-representation
NEWHUD2.X3429,Fee Details - Line 1110 - Seller Credit,standard,Boolean,YN,Y,Yes,declared by Encompass,0,boolean-representation
NEWHUD2.X3429,Fee Details - Line 1110 - Seller Credit,standard,Boolean,YN,N,No,declared by Encompass,484,boolean-representation
NEWHUD2.X3462,Fee Details - Line 1111 - Seller Credit,standard,Boolean,YN,Y,Yes,declared by Encompass,0,boolean-representation
NEWHUD2.X3462,Fee Details - Line 1111 - Seller Credit,standard,Boolean,YN,N,No,declared by Encompass,484,boolean-representation
NEWHUD2.X3495,Fee Details - Line 1112 - Seller Credit,standard,Boolean,YN,Y,Yes,declared by Encompass,0,boolean-representation
NEWHUD2.X3495,Fee Details - Line 1112 - Seller Credit,standard,Boolean,YN,N,No,declared by Encompass,484,boolean-representation
NEWHUD2.X3528,Fee Details - Line 1113 - Seller Credit,standard,Boolean,YN,Y,Yes,declared by Encompass,0,boolean-representation
NEWHUD2.X3528,Fee Details - Line 1113 - Seller Credit,standard,Boolean,YN,N,No,declared by Encompass,484,boolean-representation
NEWHUD2.X3561,Fee Details - Line 1114 - Seller Credit,standard,Boolean,YN,Y,Yes,declared by Encompass,0,boolean-representation
NEWHUD2.X3561,Fee Details - Line 1114 - Seller Credit,standard,Boolean,YN,N,No,declared by Encompass,484,boolean-representation
NEWHUD2.X3594,Fee Details - Line 1115 - Seller Credit,standard,Boolean,YN,Y,Yes,declared by Encompass,0,boolean-representation
NEWHUD2.X3594,Fee Details - Line 1115 - Seller Credit,standard,Boolean,YN,N,No,declared by Encompass,484,boolean-representation
NEWHUD2.X360,Fee Details - Line 801b - Seller Credit,standard,Boolean,YN,Y,Yes,declared by Encompass,0,boolean-representation
NEWHUD2.X360,Fee Details - Line 801b - Seller Credit,standard,Boolean,YN,N,No,declared by Encompass,484,boolean-representation
NEWHUD2.X3627,Fee Details - Line 1116 - Seller Credit,standard,Boolean,YN,Y,Yes,declared by Encompass,0,boolean-representation
NEWHUD2.X3627,Fee Details - Line 1116 - Seller Credit,standard,Boolean,YN,N,No,declared by Encompass,484,boolean-representation
NEWHUD2.X3660,Fee Details - Line 1202 - Seller Credit,standard,Boolean,YN,Y,Yes,declared by Encompass,0,boolean-representation
NEWHUD2.X3660,Fee Details - Line 1202 - Seller Credit,standard,Boolean,YN,N,No,declared by Encompass,484,boolean-representation
NEWHUD2.X3693,Fee Details - Line 1203 - Seller Credit,standard,Boolean,YN,Y,Yes,declared by Encompass,0,boolean-representation
NEWHUD2.X3693,Fee Details - Line 1203 - Seller Credit,standard,Boolean,YN,N,No,declared by Encompass,484,boolean-representation
NEWHUD2.X3726,Fee Details - Line 1204 - Seller Credit,standard,Boolean,YN,Y,Yes,declared by Encompass,0,boolean-representation
NEWHUD2.X3726,Fee Details - Line 1204 - Seller Credit,standard,Boolean,YN,N,No,declared by Encompass,484,boolean-representation
NEWHUD2.X3759,Fee Details - Line 1205 - Seller Credit,standard,Boolean,YN,Y,Yes,declared by Encompass,0,boolean-representation
NEWHUD2.X3759,Fee Details - Line 1205 - Seller Credit,standard,Boolean,YN,N,No,declared by Encompass,484,boolean-representation
NEWHUD2.X3792,Fee Details - Line 1206 - Seller Credit,standard,Boolean,YN,Y,Yes,declared by Encompass,0,boolean-representation
NEWHUD2.X3792,Fee Details - Line 1206 - Seller Credit,standard,Boolean,YN,N,No,declared by Encompass,484,boolean-representation
NEWHUD2.X3825,Fee Details - Line 1207 - Seller Credit,standard,Boolean,YN,Y,Yes,declared by Encompass,0,boolean-representation
NEWHUD2.X3825,Fee Details - Line 1207 - Seller Credit,standard,Boolean,YN,N,No,declared by Encompass,484,boolean-representation
NEWHUD2.X3858,Fee Details - Line 1208 - Seller Credit,standard,Boolean,YN,Y,Yes,declared by Encompass,0,boolean-representation
NEWHUD2.X3858,Fee Details - Line 1208 - Seller Credit,standard,Boolean,YN,N,No,declared by Encompass,484,boolean-representation
NEWHUD2.X3891,Fee Details - Line 1209 - Seller Credit,standard,Boolean,YN,Y,Yes,declared by Encompass,0,boolean-representation
NEWHUD2.X3891,Fee Details - Line 1209 - Seller Credit,standard,Boolean,YN,N,No,declared by Encompass,484,boolean-representation
NEWHUD2.X3924,Fee Details - Line 1210 - Seller Credit,standard,Boolean,YN,Y,Yes,declared by Encompass,0,boolean-representation
NEWHUD2.X3924,Fee Details - Line 1210 - Seller Credit,standard,Boolean,YN,N,No,declared by Encompass,484,boolean-representation
NEWHUD2.X393,Fee Details - Line 801c - Seller Credit,standard,Boolean,YN,Y,Yes,declared by Encompass,0,boolean-representation
NEWHUD2.X393,Fee Details - Line 801c - Seller Credit,standard,Boolean,YN,N,No,declared by Encompass,484,boolean-representation
NEWHUD2.X3957,Fee Details - Line 1302 - Seller Credit,standard,Boolean,YN,Y,Yes,declared by Encompass,0,boolean-representation
NEWHUD2.X3957,Fee Details - Line 1302 - Seller Credit,standard,Boolean,YN,N,No,declared by Encompass,484,boolean-representation
NEWHUD2.X3990,Fee Details - Line 1303 - Seller Credit,standard,Boolean,YN,Y,Yes,declared by Encompass,0,boolean-representation
NEWHUD2.X3990,Fee Details - Line 1303 - Seller Credit,standard,Boolean,YN,N,No,declared by Encompass,484,boolean-representation
NEWHUD2.X4023,Fee Details - Line 1304 - Seller Credit,standard,Boolean,YN,Y,Yes,declared by Encompass,0,boolean-representation
NEWHUD2.X4023,Fee Details - Line 1304 - Seller Credit,standard,Boolean,YN,N,No,declared by Encompass,484,boolean-representation
NEWHUD2.X4056,Fee Details - Line 1305 - Seller Credit,standard,Boolean,YN,Y,Yes,declared by Encompass,0,boolean-representation
NEWHUD2.X4056,Fee Details - Line 1305 - Seller Credit,standard,Boolean,YN,N,No,declared by Encompass,484,boolean-representation
NEWHUD2.X4089,Fee Details - Line 1306 - Seller Credit,standard,Boolean,YN,Y,Yes,declared by Encompass,0,boolean-representation
NEWHUD2.X4089,Fee Details - Line 1306 - Seller Credit,standard,Boolean,YN,N,No,declared by Encompass,484,boolean-representation
NEWHUD2.X4122,Fee Details - Line 1307 - Seller Credit,standard,Boolean,YN,Y,Yes,declared by Encompass,0,boolean-representation
NEWHUD2.X4122,Fee Details - Line 1307 - Seller Credit,standard,Boolean,YN,N,No,declared by Encompass,484,boolean-representation
NEWHUD2.X4155,Fee Details - Line 1308 - Seller Credit,standard,Boolean,YN,Y,Yes,declared by Encompass,0,boolean-representation
NEWHUD2.X4155,Fee Details - Line 1308 - Seller Credit,standard,Boolean,YN,N,No,declared by Encompass,484,boolean-representation
NEWHUD2.X4188,Fee Details - Line 1309 - Seller Credit,standard,Boolean,YN,Y,Yes,declared by Encompass,0,boolean-representation
NEWHUD2.X4188,Fee Details - Line 1309 - Seller Credit,standard,Boolean,YN,N,No,declared by Encompass,484,boolean-representation
NEWHUD2.X4221,Fee Details - Line 1310 - Seller Credit,standard,Boolean,YN,Y,Yes,declared by Encompass,0,boolean-representation
NEWHUD2.X4221,Fee Details - Line 1310 - Seller Credit,standard,Boolean,YN,N,No,declared by Encompass,484,boolean-representation
NEWHUD2.X4254,Fee Details - Line 1311 - Seller Credit,standard,Boolean,YN,Y,Yes,declared by Encompass,0,boolean-representation
NEWHUD2.X4254,Fee Details - Line 1311 - Seller Credit,standard,Boolean,YN,N,No,declared by Encompass,484,boolean-representation
NEWHUD2.X426,Fee Details - Line 801d - Seller Credit,standard,Boolean,YN,Y,Yes,declared by Encompass,0,boolean-representation
NEWHUD2.X426,Fee Details - Line 801d - Seller Credit,standard,Boolean,YN,N,No,declared by Encompass,484,boolean-representation
NEWHUD2.X4287,Fee Details - Line 1312 - Seller Credit,standard,Boolean,YN,Y,Yes,declared by Encompass,0,boolean-representation
NEWHUD2.X4287,Fee Details - Line 1312 - Seller Credit,standard,Boolean,YN,N,No,declared by Encompass,484,boolean-representation
NEWHUD2.X4320,Fee Details - Line 1313 - Seller Credit,standard,Boolean,YN,Y,Yes,declared by Encompass,0,boolean-representation
NEWHUD2.X4320,Fee Details - Line 1313 - Seller Credit,standard,Boolean,YN,N,No,declared by Encompass,484,boolean-representation
NEWHUD2.X4353,Fee Details - Line 1314 - Seller Credit,standard,Boolean,YN,Y,Yes,declared by Encompass,0,boolean-representation
NEWHUD2.X4353,Fee Details - Line 1314 - Seller Credit,standard,Boolean,YN,N,No,declared by Encompass,484,boolean-representation
NEWHUD2.X4386,Fee Details - Line 1315 - Seller Credit,standard,Boolean,YN,Y,Yes,declared by Encompass,0,boolean-representation
NEWHUD2.X4386,Fee Details - Line 1315 - Seller Credit,standard,Boolean,YN,N,No,declared by Encompass,484,boolean-representation
NEWHUD2.X4472,Fee Details - Line 1316 - Seller Credit,standard,Boolean,YN,Y,Yes,declared by Encompass,0,boolean-representation
NEWHUD2.X4472,Fee Details - Line 1316 - Seller Credit,standard,Boolean,YN,N,No,declared by Encompass,484,boolean-representation
NEWHUD2.X4505,Fee Details - Line 1317 - Seller Credit,standard,Boolean,YN,Y,Yes,declared by Encompass,0,boolean-representation
NEWHUD2.X4505,Fee Details - Line 1317 - Seller Credit,standard,Boolean,YN,N,No,declared by Encompass,484,boolean-representation
NEWHUD2.X4538,Fee Details - Line 1318 - Seller Credit,standard,Boolean,YN,Y,Yes,declared by Encompass,0,boolean-representation
NEWHUD2.X4538,Fee Details - Line 1318 - Seller Credit,standard,Boolean,YN,N,No,declared by Encompass,484,boolean-representation
NEWHUD2.X4571,Fee Details - Line 1319 - Seller Credit,standard,Boolean,YN,Y,Yes,declared by Encompass,0,boolean-representation
NEWHUD2.X4571,Fee Details - Line 1319 - Seller Credit,standard,Boolean,YN,N,No,declared by Encompass,484,boolean-representation
NEWHUD2.X459,Fee Details - Line 801e - Seller Credit,standard,Boolean,YN,Y,Yes,declared by Encompass,0,boolean-representation
NEWHUD2.X459,Fee Details - Line 801e - Seller Credit,standard,Boolean,YN,N,No,declared by Encompass,484,boolean-representation
NEWHUD2.X4604,Fee Details - Line 1320 - Seller Credit,standard,Boolean,YN,Y,Yes,declared by Encompass,0,boolean-representation
NEWHUD2.X4604,Fee Details - Line 1320 - Seller Credit,standard,Boolean,YN,N,No,declared by Encompass,484,boolean-representation
NEWHUD2.X492,Fee Details - Line 801f - Seller Credit,standard,Boolean,YN,Y,Yes,declared by Encompass,0,boolean-representation
NEWHUD2.X492,Fee Details - Line 801f - Seller Credit,standard,Boolean,YN,N,No,declared by Encompass,484,boolean-representation
NEWHUD2.X525,Fee Details - Line 801g - Seller Credit,standard,Boolean,YN,Y,Yes,declared by Encompass,0,boolean-representation
NEWHUD2.X525,Fee Details - Line 801g - Seller Credit,standard,Boolean,YN,N,No,declared by Encompass,484,boolean-representation
NEWHUD2.X558,Fee Details - Line 801h - Seller Credit,standard,Boolean,YN,Y,Yes,declared by Encompass,0,boolean-representation
NEWHUD2.X558,Fee Details - Line 801h - Seller Credit,standard,Boolean,YN,N,No,declared by Encompass,484,boolean-representation
NEWHUD2.X591,Fee Details - Line 801i - Seller Credit,standard,Boolean,YN,Y,Yes,declared by Encompass,0,boolean-representation
NEWHUD2.X591,Fee Details - Line 801i - Seller Credit,standard,Boolean,YN,N,No,declared by Encompass,484,boolean-representation
NEWHUD2.X624,Fee Details - Line 801j - Seller Credit,standard,Boolean,YN,Y,Yes,declared by Encompass,0,boolean-representation
NEWHUD2.X624,Fee Details - Line 801j - Seller Credit,standard,Boolean,YN,N,No,declared by Encompass,484,boolean-representation
NEWHUD2.X657,Fee Details - Line 801k - Seller Credit,standard,Boolean,YN,Y,Yes,declared by Encompass,0,boolean-representation
NEWHUD2.X657,Fee Details - Line 801k - Seller Credit,standard,Boolean,YN,N,No,declared by Encompass,484,boolean-representation
NEWHUD2.X690,Fee Details - Line 801l - Seller Credit,standard,Boolean,YN,Y,Yes,declared by Encompass,0,boolean-representation
NEWHUD2.X690,Fee Details - Line 801l - Seller Credit,standard,Boolean,YN,N,No,declared by Encompass,484,boolean-representation
NEWHUD2.X723,Fee Details - Line 801m - Seller Credit,standard,Boolean,YN,Y,Yes,declared by Encompass,0,boolean-representation
NEWHUD2.X723,Fee Details - Line 801m - Seller Credit,standard,Boolean,YN,N,No,declared by Encompass,484,boolean-representation
NEWHUD2.X756,Fee Details - Line 801n - Seller Credit,standard,Boolean,YN,Y,Yes,declared by Encompass,0,boolean-representation
NEWHUD2.X756,Fee Details - Line 801n - Seller Credit,standard,Boolean,YN,N,No,declared by Encompass,484,boolean-representation
NEWHUD2.X789,Fee Details - Line 801o - Seller Credit,standard,Boolean,YN,Y,Yes,declared by Encompass,0,boolean-representation
NEWHUD2.X789,Fee Details - Line 801o - Seller Credit,standard,Boolean,YN,N,No,declared by Encompass,484,boolean-representation
NEWHUD2.X822,Fee Details - Line 801p - Seller Credit,standard,Boolean,YN,Y,Yes,declared by Encompass,0,boolean-representation
NEWHUD2.X822,Fee Details - Line 801p - Seller Credit,standard,Boolean,YN,N,No,declared by Encompass,484,boolean-representation
NEWHUD2.X855,Fee Details - Line 801q - Seller Credit,standard,Boolean,YN,Y,Yes,declared by Encompass,0,boolean-representation
NEWHUD2.X855,Fee Details - Line 801q - Seller Credit,standard,Boolean,YN,N,No,declared by Encompass,484,boolean-representation
NEWHUD2.X888,Fee Details - Line 801r - Seller Credit,standard,Boolean,YN,Y,Yes,declared by Encompass,0,boolean-representation
NEWHUD2.X888,Fee Details - Line 801r - Seller Credit,standard,Boolean,YN,N,No,declared by Encompass,484,boolean-representation
NEWHUD2.X954,Fee Details - Line 802e - Seller Credit,standard,Boolean,YN,Y,Yes,declared by Encompass,0,boolean-representation
NEWHUD2.X954,Fee Details - Line 802e - Seller Credit,standard,Boolean,YN,N,No,declared by Encompass,484,boolean-representation
NEWHUD2.X987,Fee Details - Line 802f - Seller Credit,standard,Boolean,YN,Y,Yes,declared by Encompass,0,boolean-representation
NEWHUD2.X987,Fee Details - Line 802f - Seller Credit,standard,Boolean,YN,N,No,declared by Encompass,484,boolean-representation
URLA.X13,Borr Military Service Indicator,standard,Boolean,YN,N,No,declared by Encompass,484,boolean-representation
URLA.X13,Borr Military Service Indicator,standard,Boolean,YN,Y,Yes,declared by Encompass,0,boolean-representation
URLA.X21,Borr Language Preference,standard,String,STRING,EnglishIndicator,English Indicator,declared by Encompass,484,
URLA.X21,Borr Language Preference,standard,String,STRING,ChineseIndicator,Chinese Indicator,declared by Encompass,0,
URLA.X21,Borr Language Preference,standard,String,STRING,KoreanIndicator,Korean Indicator,declared by Encompass,0,
URLA.X21,Borr Language Preference,standard,String,STRING,SpanishIndicator,Spanish Indicator,declared by Encompass,0,
URLA.X21,Borr Language Preference,standard,String,STRING,TagalogIndicator,Tagalog Indicator,declared by Encompass,0,
URLA.X21,Borr Language Preference,standard,String,STRING,VietnameseIndicator,Vietnamese Indicator,declared by Encompass,0,
URLA.X21,Borr Language Preference,standard,String,STRING,OtherIndicator,Other Indicator,declared by Encompass,0,
URLA.X21,Borr Language Preference,standard,String,STRING,LanguageRefusalIndicator,Language Refusal Indicator,declared by Encompass,0,
3840,No Co-applicant Indicator,standard,Boolean,YN,Y,No Co-applicant,declared by Encompass,185,boolean-representation
3840,No Co-applicant Indicator,standard,Boolean,YN,N,No,declared by Encompass,298,boolean-representation
3860,Borr SSA-89 Mortgage Service Indicator,standard,Boolean,YN,Y,Yes,declared by Encompass,483,boolean-representation
3860,Borr SSA-89 Mortgage Service Indicator,standard,Boolean,YN,N,No,declared by Encompass,0,boolean-representation
4073,Borr Authorized Credit Report Indicator,standard,Boolean,YN,Y,Yes,declared by Encompass,482,boolean-representation
4073,Borr Authorized Credit Report Indicator,standard,Boolean,YN,N,No,declared by Encompass,1,boolean-representation
4131,Co-Borr Trans Details Application Taken By,standard,String,STRING,FaceToFace,Face-to-Face Interview,declared by Encompass,0,
4131,Co-Borr Trans Details Application Taken By,standard,String,STRING,Internet,Email or Internet,declared by Encompass,1,
4131,Co-Borr Trans Details Application Taken By,standard,String,STRING,Mail,Fax or Mail,declared by Encompass,0,
4131,Co-Borr Trans Details Application Taken By,standard,String,STRING,Telephone,Telephone Interview,declared by Encompass,482,
4177,Co-Borr Credit Score for Decision Making,standard,String,RA_STRING,7777,7777. Credit score is not a number,declared by Encompass,0,
4177,Co-Borr Credit Score for Decision Making,standard,String,RA_STRING,8888,8888. Not applicable,declared by Encompass,54,
4177,Co-Borr Credit Score for Decision Making,standard,String,RA_STRING,9999,9999. No co-applicant,declared by Encompass,429,
4178,Co-Borr Credit Scoring Model,standard,String,STRING,Equifax Beacon 5.0,1. Equifax Beacon 5.0,declared by Encompass,0,
4178,Co-Borr Credit Scoring Model,standard,String,STRING,Experian Fair Isaac,2. Experian Fair Isaac,declared by Encompass,0,
4178,Co-Borr Credit Scoring Model,standard,String,STRING,FICO Risk Score Classic 04,3. FICO Risk Score Classic 04,declared by Encompass,0,
4178,Co-Borr Credit Scoring Model,standard,String,STRING,FICO Risk Score Classic 98,4. FICO Risk Score Classic 98,declared by Encompass,0,
4178,Co-Borr Credit Scoring Model,standard,String,STRING,VantageScore 2.0,5. VantageScore 2.0,declared by Encompass,0,
4178,Co-Borr Credit Scoring Model,standard,String,STRING,VantageScore 3.0,6. VantageScore 3.0,declared by Encompass,0,
4178,Co-Borr Credit Scoring Model,standard,String,STRING,More than one credit scoring model,7. More than one credit scoring model,declared by Encompass,0,
4178,Co-Borr Credit Scoring Model,standard,String,STRING,Other credit scoring model,8. Other credit scoring model,declared by Encompass,0,
4178,Co-Borr Credit Scoring Model,standard,String,STRING,Not applicable,9. Not applicable,declared by Encompass,54,
4178,Co-Borr Credit Scoring Model,standard,String,STRING,No co-applicant,10. No co-applicant,declared by Encompass,429,
4178,Co-Borr Credit Scoring Model,standard,String,STRING,FICO Score 9,11. FICO Score 9,declared by Encompass,0,
4178,Co-Borr Credit Scoring Model,standard,String,STRING,FICO Score 8,12. FICO Score 8,declared by Encompass,0,
4178,Co-Borr Credit Scoring Model,standard,String,STRING,FICO Score 10,13. FICO Score 10,declared by Encompass,0,
4178,Co-Borr Credit Scoring Model,standard,String,STRING,FICO Score 10T,14. FICO Score 10T,declared by Encompass,0,
4178,Co-Borr Credit Scoring Model,standard,String,STRING,VantageScore 4.0,15. VantageScore 4.0,declared by Encompass,0,
4189,Co-Borr Sex No Co Applicant,standard,Boolean,YN,Y,No co-applicant,declared by Encompass,185,boolean-representation
4189,Co-Borr Sex No Co Applicant,standard,Boolean,YN,N,No,declared by Encompass,298,boolean-representation
DISCLOSURE.X625,Disclosure Borr CB1 Credit Score for Disclosure Notice,standard,Boolean,YN,Y,Yes,declared by Encompass,483,boolean-representation
DISCLOSURE.X625,Disclosure Borr CB1 Credit Score for Disclosure Notice,standard,Boolean,YN,N,No,declared by Encompass,0,boolean-representation
HMDA.X118,Co-Borr Credit Score for Decision Making,standard,String,RA_STRING,7777,7777. Credit score is not a number,declared by Encompass,0,
HMDA.X118,Co-Borr Credit Score for Decision Making,standard,String,RA_STRING,8888,8888. Not applicable,declared by Encompass,54,
HMDA.X118,Co-Borr Credit Score for Decision Making,standard,String,RA_STRING,9999,9999. No co-applicant,declared by Encompass,429,
HMDA.X118,Co-Borr Credit Score for Decision Making,standard,String,RA_STRING,Exempt,1111. Exempt,declared by Encompass,0,
HMDA.X119,Co-Borr Credit Scoring Model,standard,String,STRING,Equifax Beacon 5.0,1. Equifax Beacon 5.0,declared by Encompass,0,
HMDA.X119,Co-Borr Credit Scoring Model,standard,String,STRING,Experian Fair Isaac,2. Experian Fair Isaac,declared by Encompass,0,
HMDA.X119,Co-Borr Credit Scoring Model,standard,String,STRING,FICO Risk Score Classic 04,3. FICO Risk Score Classic 04,declared by Encompass,0,
HMDA.X119,Co-Borr Credit Scoring Model,standard,String,STRING,FICO Risk Score Classic 98,4. FICO Risk Score Classic 98,declared by Encompass,0,
HMDA.X119,Co-Borr Credit Scoring Model,standard,String,STRING,VantageScore 2.0,5. VantageScore 2.0,declared by Encompass,0,
HMDA.X119,Co-Borr Credit Scoring Model,standard,String,STRING,VantageScore 3.0,6. VantageScore 3.0,declared by Encompass,0,
HMDA.X119,Co-Borr Credit Scoring Model,standard,String,STRING,More than one credit scoring model,7. More than one credit scoring model,declared by Encompass,0,
HMDA.X119,Co-Borr Credit Scoring Model,standard,String,STRING,Other credit scoring model,8. Other credit scoring model,declared by Encompass,0,
HMDA.X119,Co-Borr Credit Scoring Model,standard,String,STRING,Not applicable,9. Not applicable,declared by Encompass,54,
HMDA.X119,Co-Borr Credit Scoring Model,standard,String,STRING,No co-applicant,10. No co-applicant,declared by Encompass,429,
HMDA.X119,Co-Borr Credit Scoring Model,standard,String,STRING,FICO Score 9,11. FICO Score 9,declared by Encompass,0,
HMDA.X119,Co-Borr Credit Scoring Model,standard,String,STRING,FICO Score 8,12. FICO Score 8,declared by Encompass,0,
HMDA.X119,Co-Borr Credit Scoring Model,standard,String,STRING,FICO Score 10,13. FICO Score 10,declared by Encompass,0,
HMDA.X119,Co-Borr Credit Scoring Model,standard,String,STRING,FICO Score 10T,14. FICO Score 10T,declared by Encompass,0,
HMDA.X119,Co-Borr Credit Scoring Model,standard,String,STRING,VantageScore 4.0,15. VantageScore 4.0,declared by Encompass,0,
HMDA.X119,Co-Borr Credit Scoring Model,standard,String,STRING,Exempt,1111. Exempt,declared by Encompass,0,
NEWHUD.X349,Escrow Acct Chrg Type All Prop Taxes,standard,Boolean,YN,Y,Yes,declared by Encompass,149,boolean-representation
NEWHUD.X349,Escrow Acct Chrg Type All Prop Taxes,standard,Boolean,YN,N,No,declared by Encompass,334,boolean-representation
NEWHUD.X350,Escrow Acct Chrg Type All Insurance,standard,Boolean,YN,Y,Yes,declared by Encompass,149,boolean-representation
NEWHUD.X350,Escrow Acct Chrg Type All Insurance,standard,Boolean,YN,N,No,declared by Encompass,334,boolean-representation
URLA.X153,Borrower Completed Homeownership Counseling within 12 months,standard,Boolean,YN,Y,Yes,declared by Encompass,0,boolean-representation
URLA.X153,Borrower Completed Homeownership Counseling within 12 months,standard,Boolean,YN,N,No,declared by Encompass,483,boolean-representation
URLA.X178,Co-Borr Bankruptcy Chapter Seven,standard,Boolean,YN,Y,Yes,declared by Encompass,0,boolean-representation
URLA.X178,Co-Borr Bankruptcy Chapter Seven,standard,Boolean,YN,N,No,declared by Encompass,483,boolean-representation
URLA.X179,Co-Borr Bankruptcy Chapter Eleven,standard,Boolean,YN,Y,Yes,declared by Encompass,0,boolean-representation
URLA.X179,Co-Borr Bankruptcy Chapter Eleven,standard,Boolean,YN,N,No,declared by Encompass,483,boolean-representation
URLA.X180,Co-Borr Bankruptcy Chapter Twelve,standard,Boolean,YN,Y,Yes,declared by Encompass,0,boolean-representation
URLA.X180,Co-Borr Bankruptcy Chapter Twelve,standard,Boolean,YN,N,No,declared by Encompass,483,boolean-representation
URLA.X181,Co-Borr Bankruptcy Chapter Thirteen,standard,Boolean,YN,Y,Yes,declared by Encompass,0,boolean-representation
URLA.X181,Co-Borr Bankruptcy Chapter Thirteen,standard,Boolean,YN,N,No,declared by Encompass,483,boolean-representation
175,Co-Borr Declarations G,standard,Boolean,YN,Y,Yes,declared by Encompass,0,boolean-representation
175,Co-Borr Declarations G,standard,Boolean,YN,N,No,declared by Encompass,482,boolean-representation
266,Co-Borr Declarations M,standard,Boolean,YN,Y,Yes,declared by Encompass,0,boolean-representation
266,Co-Borr Declarations M,standard,Boolean,YN,N,No,declared by Encompass,482,boolean-representation
424,Fannie Mae Repymt Type Code,standard,String,STRING,NoNegativeAmortization,No Negative Amortization,declared by Encompass,482,
424,Fannie Mae Repymt Type Code,standard,String,STRING,ScheduledAmortization,Scheduled Amortization,declared by Encompass,0,
424,Fannie Mae Repymt Type Code,standard,String,STRING,InterestOnly,Interest Only,declared by Encompass,0,
424,Fannie Mae Repymt Type Code,standard,String,STRING,PossibleNegativeAmortization,Possible Negative Amortization,declared by Encompass,0,
424,Fannie Mae Repymt Type Code,standard,String,STRING,ScheduledNegativeAmortization,Scheduled Negative Amortization,declared by Encompass,0,
662,Trans Details Initial/Final Disclosure,standard,String,STRING,Initial,Initial disclosure estimated at time of application,declared by Encompass,301,
662,Trans Details Initial/Final Disclosure,standard,String,STRING,Final,Final disclosure based on contract terms,declared by Encompass,181,
1343,Co-Borr Declarations A,standard,Boolean,YN,Yes,Yes,declared by Encompass,0,declared-set-does-not-match-tenant
1343,Co-Borr Declarations A,standard,Boolean,YN,No,No,declared by Encompass,482,declared-set-does-not-match-tenant
4075,Borr Credit Report Authorization Method,standard,String,STRING,Phone,Phone,declared by Encompass,479,
4075,Borr Credit Report Authorization Method,standard,String,STRING,Face to Face,Face to Face,declared by Encompass,0,
4075,Borr Credit Report Authorization Method,standard,String,STRING,Internet,Internet,declared by Encompass,3,
4075,Borr Credit Report Authorization Method,standard,String,STRING,Mail,Mail,declared by Encompass,0,
4196,Borr Not Applicable Indicator,standard,Boolean,YN,Y,Not Applicable,declared by Encompass,0,boolean-representation
4196,Borr Not Applicable Indicator,standard,Boolean,YN,N,No,declared by Encompass,482,boolean-representation
4463,Rate Lock Request - Borrower/Lender Paid,standard,String,STRING,Lender Paid,Lender,declared by Encompass,482,
4463,Rate Lock Request - Borrower/Lender Paid,standard,String,STRING,Borrower Paid,Borrower,declared by Encompass,0,
4463,Rate Lock Request - Borrower/Lender Paid,standard,String,STRING,Exempt,Exempt,declared by Encompass,0,
DISCLOSURE.X943,Disclosure Experian Borrower Material Terms of Credit Set by Credit Score,standard,Boolean,YN,Y,Yes,declared by Encompass,482,boolean-representation
DISCLOSURE.X943,Disclosure Experian Borrower Material Terms of Credit Set by Credit Score,standard,Boolean,YN,N,No,declared by Encompass,0,boolean-representation
LCP.X1,Loan Compensation Plan - Brrower/Lender Paid,standard,String,STRING,Lender Paid,Lender,declared by Encompass,482,
LCP.X1,Loan Compensation Plan - Brrower/Lender Paid,standard,String,STRING,Borrower Paid,Borrower,declared by Encompass,0,
LCP.X1,Loan Compensation Plan - Brrower/Lender Paid,standard,String,STRING,Exempt,Exempt,declared by Encompass,0,
NEWHUD.X351,Escrow Acct Chrg Type Other,standard,Boolean,YN,Y,Yes,declared by Encompass,8,boolean-representation
NEWHUD.X351,Escrow Acct Chrg Type Other,standard,Boolean,YN,N,No,declared by Encompass,474,boolean-representation
RESPA.X6,Disclosure 1B We Do Not Service,standard,Boolean,YN,Y,We do not service mortgage loans,declared by Encompass,482,boolean-representation
RESPA.X6,Disclosure 1B We Do Not Service,standard,Boolean,YN,N,No,declared by Encompass,0,boolean-representation
URLA.X101,Co-Borr Declarations 5b I,standard,Boolean,YN,Y,Yes,declared by Encompass,0,boolean-representation
URLA.X101,Co-Borr Declarations 5b I,standard,Boolean,YN,N,No,declared by Encompass,482,boolean-representation
URLA.X103,Co-Borr Declarations 5b J,standard,Boolean,YN,Y,Yes,declared by Encompass,0,boolean-representation
URLA.X103,Co-Borr Declarations 5b J,standard,Boolean,YN,N,No,declared by Encompass,482,boolean-representation
URLA.X105,Co-Borr Declarations 5b K,standard,Boolean,YN,Y,Yes,declared by Encompass,0,boolean-representation
URLA.X105,Co-Borr Declarations 5b K,standard,Boolean,YN,N,No,declared by Encompass,482,boolean-representation
URLA.X107,Co-Borr Declarations 5b L,standard,Boolean,YN,Y,Yes,declared by Encompass,0,boolean-representation
URLA.X107,Co-Borr Declarations 5b L,standard,Boolean,YN,N,No,declared by Encompass,482,boolean-representation
URLA.X85,Co-Borr Declarations 5a B,standard,Boolean,YN,Y,Yes,declared by Encompass,0,boolean-representation
URLA.X85,Co-Borr Declarations 5a B,standard,Boolean,YN,N,No,declared by Encompass,482,boolean-representation
URLA.X87,Co-Borr Declarations 5a C,standard,Boolean,YN,Y,Yes,declared by Encompass,0,boolean-representation
URLA.X87,Co-Borr Declarations 5a C,standard,Boolean,YN,N,No,declared by Encompass,482,boolean-representation
URLA.X91,Co-Borr Declarations 5a D,standard,Boolean,YN,Y,Yes,declared by Encompass,0,boolean-representation
URLA.X91,Co-Borr Declarations 5a D,standard,Boolean,YN,N,No,declared by Encompass,482,boolean-representation
URLA.X93,Co-Borr Declarations 5a D,standard,Boolean,YN,Y,Yes,declared by Encompass,0,boolean-representation
URLA.X93,Co-Borr Declarations 5a D,standard,Boolean,YN,N,No,declared by Encompass,482,boolean-representation
URLA.X95,Co-Borr Declarations 5a E,standard,Boolean,YN,Y,Yes,declared by Encompass,0,boolean-representation
URLA.X95,Co-Borr Declarations 5a E,standard,Boolean,YN,N,No,declared by Encompass,482,boolean-representation
URLA.X97,Co-Borr Declarations 5b F,standard,Boolean,YN,Y,Yes,declared by Encompass,0,boolean-representation
URLA.X97,Co-Borr Declarations 5b F,standard,Boolean,YN,N,No,declared by Encompass,482,boolean-representation
URLA.X99,Co-Borr Declarations 5b H,standard,Boolean,YN,Y,Yes,declared by Encompass,0,boolean-representation
URLA.X99,Co-Borr Declarations 5b H,standard,Boolean,YN,N,No,declared by Encompass,482,boolean-representation
4912,ARM Index Precision,standard,String,STRING,ThreeDecimals,Three Decimals,declared by Encompass,0,
4912,ARM Index Precision,standard,String,STRING,FiveDecimals,Five Decimals,declared by Encompass,481,
CD4.X31,Ignore 1st ARM Adjustment,standard,Boolean,YN,Y,Yes,declared by Encompass,0,boolean-representation
CD4.X31,Ignore 1st ARM Adjustment,standard,Boolean,YN,N,No,declared by Encompass,481,boolean-representation
INVESTOREC.X5,Investor Connect EC Updates Allowed,standard,String,STRING,Yes,Yes,declared by Encompass,481,
INVESTOREC.X5,Investor Connect EC Updates Allowed,standard,String,STRING,No,No,declared by Encompass,0,
INVESTOREC.X5,Investor Connect EC Updates Allowed,standard,String,STRING,Documents Only,Documents Only,declared by Encompass,0,
LE1.XG9,Loan Estimate - Closing Costs Estimate Expiration Generic Time Zone,standard,String,STRING,HST,(UTC -10:00) Hawaii Time,declared by Encompass,0,
LE1.XG9,Loan Estimate - Closing Costs Estimate Expiration Generic Time Zone,standard,String,STRING,AKT,(UTC -08:00/09:00) Alaska Time,declared by Encompass,0,
LE1.XG9,Loan Estimate - Closing Costs Estimate Expiration Generic Time Zone,standard,String,STRING,PT,(UTC -07:00/08:00) Pacific Time,declared by Encompass,0,
LE1.XG9,Loan Estimate - Closing Costs Estimate Expiration Generic Time Zone,standard,String,STRING,MST,(UTC -07:00) Arizona Time,declared by Encompass,0,
LE1.XG9,Loan Estimate - Closing Costs Estimate Expiration Generic Time Zone,standard,String,STRING,MT,(UTC -06:00/07:00) Mountain Time,declared by Encompass,0,
LE1.XG9,Loan Estimate - Closing Costs Estimate Expiration Generic Time Zone,standard,String,STRING,CT,(UTC -05:00/06:00) Central Time,declared by Encompass,0,
LE1.XG9,Loan Estimate - Closing Costs Estimate Expiration Generic Time Zone,standard,String,STRING,ET,(UTC -04:00/05:00) Eastern Time,declared by Encompass,481,
4188,Co-Borr Ethnicity No Co Applicant,standard,Boolean,YN,Y,No co-applicant,declared by Encompass,185,boolean-representation
4188,Co-Borr Ethnicity No Co Applicant,standard,Boolean,YN,N,No,declared by Encompass,295,boolean-representation
NEWHUD.X1140,Itemize Fees on Line 802,standard,Boolean,YN,Y,Yes,declared by Encompass,480,boolean-representation
NEWHUD.X1140,Itemize Fees on Line 802,standard,Boolean,YN,N,No,declared by Encompass,0,boolean-representation
URLA.X200,CoBorr  Current Employment Does Not Apply,standard,Boolean,YN,Y,Does Not Apply,declared by Encompass,0,boolean-representation
URLA.X200,CoBorr  Current Employment Does Not Apply,standard,Boolean,YN,N,No,declared by Encompass,480,boolean-representation
URLA.X202,CoBorr Additional Employment DoesNotApply,standard,Boolean,YN,Y,Does Not Apply,declared by Encompass,480,boolean-representation
URLA.X202,CoBorr Additional Employment DoesNotApply,standard,Boolean,YN,N,No,declared by Encompass,0,boolean-representation
3517,Lock Request Co-Borr Self Employed,standard,Boolean,YN,Y,Yes,declared by Encompass,297,boolean-representation
3517,Lock Request Co-Borr Self Employed,standard,Boolean,YN,N,No,declared by Encompass,182,boolean-representation
CALCREQUIRED,Payment Schedule Calculation is Required,standard,Boolean,YN,Y,Yes,declared by Encompass,478,boolean-representation
CALCREQUIRED,Payment Schedule Calculation is Required,standard,Boolean,YN,N,No,declared by Encompass,0,boolean-representation
189,Co-Borr - I do not wish to furnish this info,standard,Boolean,YN,Y,I do not wish to furnish this info,declared by Encompass,477,boolean-representation
189,Co-Borr - I do not wish to furnish this info,standard,Boolean,YN,N,No,declared by Encompass,0,boolean-representation
DISCLOSURE.X626,Disclosure Co-Borr CB1 Credit Score for Disclosure Notice,standard,Boolean,YN,Y,Yes,declared by Encompass,477,boolean-representation
DISCLOSURE.X626,Disclosure Co-Borr CB1 Credit Score for Disclosure Notice,standard,Boolean,YN,N,No,declared by Encompass,0,boolean-representation
DISCLOSURE.X944,Disclosure Experian Borrower Material Terms of Credit Set by Credit Score,standard,Boolean,YN,Y,Yes,declared by Encompass,477,boolean-representation
DISCLOSURE.X944,Disclosure Experian Borrower Material Terms of Credit Set by Credit Score,standard,Boolean,YN,N,No,declared by Encompass,0,boolean-representation
1871,Borrower Vesting - Borrower Vesting Type,standard,String,STRING,Individual,Individual,declared by Encompass,148,
1871,Borrower Vesting - Borrower Vesting Type,standard,String,STRING,Co-signer,Co-signer,declared by Encompass,0,
1871,Borrower Vesting - Borrower Vesting Type,standard,String,STRING,Title only,Title only,declared by Encompass,0,
1871,Borrower Vesting - Borrower Vesting Type,standard,String,STRING,Non Title Spouse,Non Title Spouse,declared by Encompass,0,
1871,Borrower Vesting - Borrower Vesting Type,standard,String,STRING,Trustee,Trustee,declared by Encompass,0,
1871,Borrower Vesting - Borrower Vesting Type,standard,String,STRING,Title Only Trustee,Title Only Trustee,declared by Encompass,0,
1871,Borrower Vesting - Borrower Vesting Type,standard,String,STRING,Settlor Trustee,Settlor Trustee,declared by Encompass,0,
1871,Borrower Vesting - Borrower Vesting Type,standard,String,STRING,Settlor,Settlor,declared by Encompass,0,
1871,Borrower Vesting - Borrower Vesting Type,standard,String,STRING,Title Only Settlor Trustee,Title Only Settlor Trustee,declared by Encompass,0,
1871,Borrower Vesting - Borrower Vesting Type,standard,String,STRING,Officer,Officer,declared by Encompass,326,
2293,Trans Details Impounds Waived,standard,String,STRING,,,declared by Encompass,0,
2293,Trans Details Impounds Waived,standard,String,STRING,Waived,Waived,declared by Encompass,8,
2293,Trans Details Impounds Waived,standard,String,STRING,Not Waived,Not Waived,declared by Encompass,466,
2961,Lock Request Impounds Waived,standard,String,STRING,,,declared by Encompass,0,
2961,Lock Request Impounds Waived,standard,String,STRING,Waived,Waived,declared by Encompass,8,
2961,Lock Request Impounds Waived,standard,String,STRING,Not Waived,Not Waived,declared by Encompass,466,
NMLS.X1,NMLS Loan Type,standard,String,STRING,ResidentialFirst,Residential First Mortgage (1-4 Unit),declared by Encompass,469,
NMLS.X1,NMLS Loan Type,standard,String,STRING,ClosedEndSecond,Closed-End Second Mortgage,declared by Encompass,0,
NMLS.X1,NMLS Loan Type,standard,String,STRING,HELOC,Funded HELOC,declared by Encompass,0,
NMLS.X1,NMLS Loan Type,standard,String,STRING,ReverseMortgage,Reverse Mortgage,declared by Encompass,0,
NMLS.X1,NMLS Loan Type,standard,String,STRING,Construction,"Construction and Land Development, 1-4 Unit Residential",declared by Encompass,0,
NMLS.X1,NMLS Loan Type,standard,String,STRING,Multifamily,Multifamily Loans Agency,declared by Encompass,0,
NMLS.X1,NMLS Loan Type,standard,String,STRING,Commercial,Commercial Mortgage Loan,declared by Encompass,0,
NMLS.X1,NMLS Loan Type,standard,String,STRING,Other,Other Mortgage Loan,declared by Encompass,0,
URLA.X234,Assets/Liabilities Completed Jointly/Not Jointly,standard,String,STRING,Jointly,Jointly,declared by Encompass,46,
URLA.X234,Assets/Liabilities Completed Jointly/Not Jointly,standard,String,STRING,NotJointly,Not Jointly,declared by Encompass,418,
19,Trans Details Loan Purpose,standard,String,STRING,ConstructionToPermanent,Construction - Perm,declared by Encompass,0,
19,Trans Details Loan Purpose,standard,String,STRING,NoCash-Out Refinance,No Cash-Out Refi,declared by Encompass,66,
19,Trans Details Loan Purpose,standard,String,STRING,Purchase,Purchase,declared by Encompass,110,
19,Trans Details Loan Purpose,standard,String,STRING,ConstructionOnly,Construction,declared by Encompass,0,
19,Trans Details Loan Purpose,standard,String,STRING,Cash-Out Refinance,Cash-Out Refi,declared by Encompass,284,
19,Trans Details Loan Purpose,standard,String,STRING,Other,Other,declared by Encompass,0,
2951,Lock Request Loan Purpose,standard,String,STRING,ConstructionToPermanent,Construction - Perm,declared by Encompass,0,
2951,Lock Request Loan Purpose,standard,String,STRING,NoCash-Out Refinance,No Cash-Out Refi,declared by Encompass,66,
2951,Lock Request Loan Purpose,standard,String,STRING,Purchase,Purchase,declared by Encompass,110,
2951,Lock Request Loan Purpose,standard,String,STRING,ConstructionOnly,Construction,declared by Encompass,0,
2951,Lock Request Loan Purpose,standard,String,STRING,Cash-Out Refinance,Cash-Out Refi,declared by Encompass,284,
2951,Lock Request Loan Purpose,standard,String,STRING,Other,Other,declared by Encompass,0,
URLA.X71,Display Loan Purpose Type for Property,standard,String,STRING,Purchase,Purchase,declared by Encompass,110,
URLA.X71,Display Loan Purpose Type for Property,standard,String,STRING,Refinance,Refinance,declared by Encompass,350,
URLA.X71,Display Loan Purpose Type for Property,standard,String,STRING,Other,Other,declared by Encompass,0,
USDA.X7,USDA Refinance Loan Indicator,standard,Boolean,YN,Y,Yes,declared by Encompass,350,boolean-representation
USDA.X7,USDA Refinance Loan Indicator,standard,Boolean,YN,N,No,declared by Encompass,110,boolean-representation
LE1.X4,Loan Estimate - Loan Purpose,standard,String,STRING,Purchase,Purchase,declared by Encompass,109,
LE1.X4,Loan Estimate - Loan Purpose,standard,String,STRING,Refinance,Refinance,declared by Encompass,196,
LE1.X4,Loan Estimate - Loan Purpose,standard,String,STRING,Construction,Construction,declared by Encompass,0,
LE1.X4,Loan Estimate - Loan Purpose,standard,String,STRING,Home Equity Loan,Home Equity Loan,declared by Encompass,154,
HMDA.X115,Can Your Loan Balance Rise,standard,String,STRING,Y,Yes,declared by Encompass,0,
HMDA.X115,Can Your Loan Balance Rise,standard,String,STRING,N,No,declared by Encompass,451,
HMDA.X115,Can Your Loan Balance Rise,standard,String,STRING,Exempt,1111. Exempt,declared by Encompass,0,
NEWHUD.X5,Can Your Interest Rate Rise,standard,Boolean,YN,Y,Yes,declared by Encompass,0,boolean-representation
NEWHUD.X5,Can Your Interest Rate Rise,standard,Boolean,YN,N,No,declared by Encompass,451,boolean-representation
NEWHUD.X6,Can Your Loan Balance Rise,standard,Boolean,YN,Y,Yes,declared by Encompass,0,boolean-representation
NEWHUD.X6,Can Your Loan Balance Rise,standard,Boolean,YN,N,No,declared by Encompass,451,boolean-representation
NEWHUD.X8,Can Monthly Payments Rise,standard,Boolean,YN,Y,Yes,declared by Encompass,43,boolean-representation
NEWHUD.X8,Can Monthly Payments Rise,standard,Boolean,YN,N,No,declared by Encompass,408,boolean-representation
S32DISC.X179,Sec 32 - Maximum Prepayment Penalty does/does not exceed 2% of the amount prepaid,standard,String,STRING,does,does,declared by Encompass,136,
S32DISC.X179,Sec 32 - Maximum Prepayment Penalty does/does not exceed 2% of the amount prepaid,standard,String,STRING,does not,does not,declared by Encompass,314,
CD1.X10,Closing Disclosure - Projected Calculation - Column 1 - Interest Only,standard,Boolean,YN,Y,Yes,declared by Encompass,43,boolean-representation
CD1.X10,Closing Disclosure - Projected Calculation - Column 1 - Interest Only,standard,Boolean,YN,N,No,declared by Encompass,406,boolean-representation
CD1.X42,Closing Disclosure - Projected Calculation - Mortgage Insurance Indicator,standard,Boolean,YN,Y,Yes,declared by Encompass,0,boolean-representation
CD1.X42,Closing Disclosure - Projected Calculation - Mortgage Insurance Indicator,standard,Boolean,YN,N,No,declared by Encompass,449,boolean-representation
CD1.XD1,Closing Disclosure - Projected Calculation - Column 1 - Range Payment Indicator,standard,Boolean,YN,Y,Yes,declared by Encompass,0,boolean-representation
CD1.XD1,Closing Disclosure - Projected Calculation - Column 1 - Range Payment Indicator,standard,Boolean,YN,N,No,declared by Encompass,449,boolean-representation
CD3.X130,ALT Loan Amount IncDec Remark,standard,String,STRING,Increased,Increased,declared by Encompass,449,
CD3.X130,ALT Loan Amount IncDec Remark,standard,String,STRING,Decreased,Decreased,declared by Encompass,0,
FV.X374,Cannot Decrease - LE Baseline Used,standard,Boolean,YN,Y,Yes,declared by Encompass,0,boolean-representation
FV.X374,Cannot Decrease - LE Baseline Used,standard,Boolean,YN,N,No,declared by Encompass,449,boolean-representation
FV.X375,Cannot Increase - LE Baseline Used,standard,Boolean,YN,Y,Yes,declared by Encompass,0,boolean-representation
FV.X375,Cannot Increase - LE Baseline Used,standard,Boolean,YN,N,No,declared by Encompass,449,boolean-representation
FV.X376,Cannot Increase 10 - LE Baseline Used,standard,Boolean,YN,Y,Yes,declared by Encompass,0,boolean-representation
FV.X376,Cannot Increase 10 - LE Baseline Used,standard,Boolean,YN,N,No,declared by Encompass,449,boolean-representation
LE1.X44,Loan Estimate - Projected Calculation - Column 1 - Interest Only,standard,Boolean,YN,Y,Yes,declared by Encompass,43,boolean-representation
LE1.X44,Loan Estimate - Projected Calculation - Column 1 - Interest Only,standard,Boolean,YN,N,No,declared by Encompass,406,boolean-representation
LE1.X77,Loan Estimate - Projected Calculation - Estimated Escrow Indicator,standard,Boolean,YN,Y,Yes,declared by Encompass,362,boolean-representation
LE1.X77,Loan Estimate - Projected Calculation - Estimated Escrow Indicator,standard,Boolean,YN,N,No,declared by Encompass,87,boolean-representation
LE1.XD1,Loan Estimate - Projected Calculation - Column 1 - Range Payment Indicator,standard,Boolean,YN,Y,Yes,declared by Encompass,0,boolean-representation
LE1.XD1,Loan Estimate - Projected Calculation - Column 1 - Range Payment Indicator,standard,Boolean,YN,N,No,declared by Encompass,449,boolean-representation
NEWHUD.X355,Mnthly Amt Includes Principal,standard,Boolean,YN,Y,Yes,declared by Encompass,448,boolean-representation
NEWHUD.X355,Mnthly Amt Includes Principal,standard,Boolean,YN,N,No,declared by Encompass,1,boolean-representation
NEWHUD.X356,Mnthly Amt Includes Interest,standard,Boolean,YN,Y,Yes,declared by Encompass,449,boolean-representation
NEWHUD.X356,Mnthly Amt Includes Interest,standard,Boolean,YN,N,No,declared by Encompass,0,boolean-representation
4183,HMDA Age,standard,String,RA_INTEGER,8888,8888. Not applicable,declared by Encompass,0,sentinel-only-enum
2626,Loan Info Channel,standard,String,STRING,Banked - Retail,Banked - Retail,declared by Encompass,168,
2626,Loan Info Channel,standard,String,STRING,Banked - Wholesale,Banked - Wholesale,declared by Encompass,0,
2626,Loan Info Channel,standard,String,STRING,Brokered,Brokered,declared by Encompass,96,
2626,Loan Info Channel,standard,String,STRING,Correspondent,Correspondent,declared by Encompass,176,
3332,Lender Channel,standard,String,STRING,Retail,Retail,declared by Encompass,264,
3332,Lender Channel,standard,String,STRING,Broker,Wholesale Broker,declared by Encompass,0,
3332,Lender Channel,standard,String,STRING,Correspondent,Wholesale Correspondent,declared by Encompass,176,
52,Borr Marital Status,standard,String,STRING,Married,Married,declared by Encompass,382,
52,Borr Marital Status,standard,String,STRING,Unmarried,Unmarried,declared by Encompass,46,
52,Borr Marital Status,standard,String,STRING,Separated,Separated,declared by Encompass,2,
QM.X124,ATR QM - Qualification - This Loan exceed the threshold for Qualified Mortgages,standard,String,STRING,does,does,declared by Encompass,312,
QM.X124,ATR QM - Qualification - This Loan exceed the threshold for Qualified Mortgages,standard,String,STRING,does not,does not,declared by Encompass,117,
LE1.X99,Maximum Interest Period,standard,String,STRING,Year,Year,declared by Encompass,0,
LE1.X99,Maximum Interest Period,standard,String,STRING,Month,Month,declared by Encompass,424,
NEWHUD.X337,Incl Escrow-Prop Taxes,standard,Boolean,YN,Y,Yes,declared by Encompass,359,boolean-representation
NEWHUD.X337,Incl Escrow-Prop Taxes,standard,Boolean,YN,N,No,declared by Encompass,48,boolean-representation
CX.KM.ALPHAORDER.CHECK,KM Plugin - Show In Alpha Order checkbox Check,custom,YN,YN,false,false,inferred from live data,399,
CX.KM.ALPHAORDER.CHECK,KM Plugin - Show In Alpha Order checkbox Check,custom,YN,YN,true,true,inferred from live data,6,
CX.KM.ALPHAORDER.DISABLED,KM Plugin - Show In Alpha Order checkbox disabled,custom,YN,YN,false,false,inferred from live data,405,
CX.KM.IFTRIGGER,KM Plugin - Input Form Manager loan ready trigger,custom,YN,YN,true,true,inferred from live data,404,
CX.KM.IFTRIGGER,KM Plugin - Input Form Manager loan ready trigger,custom,YN,YN,false,false,inferred from live data,1,
CX.KM.LB.MANCOLOR.TR,Loan Banner Manual Trigger Trigger,custom,YN,YN,true,true,inferred from live data,404,
CX.KM.LB.MANCOLOR.TR,Loan Banner Manual Trigger Trigger,custom,YN,YN,false,false,inferred from live data,1,
CX.KM.SHOWALL.CHECK,KM Plugin - Show All checkbox check,custom,YN,YN,false,false,inferred from live data,401,
CX.KM.SHOWALL.CHECK,KM Plugin - Show All checkbox check,custom,YN,YN,true,true,inferred from live data,4,
CX.KM.SHOWALL.DISABLED,KM Plugin - Show All checkbox disabled,custom,YN,YN,false,false,inferred from live data,405,
NEWHUD.X339,Incl Escrow-Homeowners Ins,standard,Boolean,YN,Y,Yes,declared by Encompass,356,boolean-representation
NEWHUD.X339,Incl Escrow-Homeowners Ins,standard,Boolean,YN,N,No,declared by Encompass,48,boolean-representation
3264,REGZ-TIL Interest Rate and Payment Summary Table - Include Escrowed Taxes and Insurance,standard,Boolean,YN,Y,Yes,declared by Encompass,402,boolean-representation
3264,REGZ-TIL Interest Rate and Payment Summary Table - Include Escrowed Taxes and Insurance,standard,Boolean,YN,N,No,declared by Encompass,0,boolean-representation
CX.YEARS.AT.RESIDENCE,Years at Residence,custom,DROPDOWNLIST,DROPDOWNLIST,Yes,Yes,inferred from live data,398,
3331,Conforming Loan Indicator,standard,String,STRING,Conforming,Conforming,declared by Encompass,392,
3331,Conforming Loan Indicator,standard,String,STRING,Jumbo,Non-Conforming (Jumbo),declared by Encompass,4,
NMLS.X2,NMLS Residential First Mortgage Type,standard,String,STRING,GovtFixed,Government (FHA/VA/RHS) Fixed,declared by Encompass,0,
NMLS.X2,NMLS Residential First Mortgage Type,standard,String,STRING,GovtARM,Government (FHA/VA/RHS) ARM,declared by Encompass,0,
NMLS.X2,NMLS Residential First Mortgage Type,standard,String,STRING,PrimeConformingFixed,Prime Conforming Fixed,declared by Encompass,392,
NMLS.X2,NMLS Residential First Mortgage Type,standard,String,STRING,PrimeConformingARM,Prime Conforming ARM,declared by Encompass,0,
NMLS.X2,NMLS Residential First Mortgage Type,standard,String,STRING,PrimeJumboFixed,Prime Jumbo Fixed,declared by Encompass,4,
NMLS.X2,NMLS Residential First Mortgage Type,standard,String,STRING,PrimeJumboARM,Prime Jumbo ARM,declared by Encompass,0,
NMLS.X2,NMLS Residential First Mortgage Type,standard,String,STRING,OtherFixed,Other Fixed,declared by Encompass,0,
NMLS.X2,NMLS Residential First Mortgage Type,standard,String,STRING,OtherARM,Other ARM,declared by Encompass,0,
3942,REGZ Loan Info Exempt from Right of Rescission,standard,Boolean,YN,Y,Yes,declared by Encompass,0,boolean-representation
3942,REGZ Loan Info Exempt from Right of Rescission,standard,Boolean,YN,N,No,declared by Encompass,372,boolean-representation
CD1.X43,Closing Disclosure - Projected Calculation - Estimated Escrow Indicator,standard,Boolean,YN,Y,Yes,declared by Encompass,362,boolean-representation
CD1.X43,Closing Disclosure - Projected Calculation - Estimated Escrow Indicator,standard,Boolean,YN,N,No,declared by Encompass,0,boolean-representation
NEWHUD2.X134,Line 1004 Escrow Indicator,standard,Boolean,YN,Y,Yes,declared by Encompass,359,boolean-representation
NEWHUD2.X134,Line 1004 Escrow Indicator,standard,Boolean,YN,N,No,declared by Encompass,1,boolean-representation
NEWHUD2.X133,Line 1002 Escrow Indicator,standard,Boolean,YN,Y,Yes,declared by Encompass,356,boolean-representation
NEWHUD2.X133,Line 1002 Escrow Indicator,standard,Boolean,YN,N,No,declared by Encompass,1,boolean-representation
URLA.X59,Liabilities Does not Apply - Borrower,standard,Boolean,YN,Y,Yes,declared by Encompass,0,boolean-representation
URLA.X59,Liabilities Does not Apply - Borrower,standard,Boolean,YN,N,No,declared by Encompass,351,boolean-representation
ULDD.X18,ULDD - Refinance Cash Out Type,standard,String,STRING,CashOut,Cash Out,declared by Encompass,284,
ULDD.X18,ULDD - Refinance Cash Out Type,standard,String,STRING,LimitedCashOut,Limited Cash Out,declared by Encompass,66,
ULDD.X18,ULDD - Refinance Cash Out Type,standard,String,STRING,NoCashOut,No Cash Out,declared by Encompass,0,
ULDD.X180,ULDD - Refinance Cash Out Type,standard,String,STRING,CashOut,Cash Out,declared by Encompass,284,
ULDD.X180,ULDD - Refinance Cash Out Type,standard,String,STRING,NoCashOut,No Cash Out,declared by Encompass,66,
CX.FEMA.DISASTER.IA.PROG.1,IA Program 1,custom,YN,YN,false,false,inferred from live data,347,
CX.FEMA.DISASTER.IA.PROG.2,IA Program 2,custom,YN,YN,false,false,inferred from live data,347,
CX.FEMA.DISASTER.IA.PROG.3,IA Program 3,custom,YN,YN,false,false,inferred from live data,347,
CX.FEMA.DISASTER.IA.PROG.4,IA Program 4,custom,YN,YN,false,false,inferred from live data,347,
CX.FEMA.DISASTER.IA.PROG.5,IA Program 5,custom,YN,YN,false,false,inferred from live data,347,
CX.FEMA.DISASTER.IH.PROG.1,IH Program 1,custom,YN,YN,false,false,inferred from live data,347,
CX.FEMA.DISASTER.IH.PROG.2,IH Program 2,custom,YN,YN,false,false,inferred from live data,347,
CX.FEMA.DISASTER.IH.PROG.3,IH Program 3,custom,YN,YN,false,false,inferred from live data,347,
CX.FEMA.DISASTER.IH.PROG.4,IH Program 4,custom,YN,YN,false,false,inferred from live data,347,
CX.FEMA.DISASTER.IH.PROG.5,IH Program 5,custom,YN,YN,false,false,inferred from live data,347,
NMLS.X6,NMLS Refinance Purpose,standard,String,STRING,Purchase,Purchase,declared by Encompass,110,
NMLS.X6,NMLS Refinance Purpose,standard,String,STRING,RefiRateTerm,Refinance Rate-Term,declared by Encompass,27,
NMLS.X6,NMLS Refinance Purpose,standard,String,STRING,RefiCashOut,Refinance Cash-Out Refinance,declared by Encompass,209,
NMLS.X6,NMLS Refinance Purpose,standard,String,STRING,RefiRestructure,Refinance Restructure,declared by Encompass,0,
NMLS.X6,NMLS Refinance Purpose,standard,String,STRING,RefiOther,Refinance Other/Unknown,declared by Encompass,0,
4556,Heloc Escrow Account Indicator,standard,Boolean,YN,Y,Escrow Account,declared by Encompass,172,boolean-representation
4556,Heloc Escrow Account Indicator,standard,Boolean,YN,N,No,declared by Encompass,172,boolean-representation
1393,Trans Details Current Loan Status,standard,String,STRING,,Active Loan,declared by Encompass,0,
1393,Trans Details Current Loan Status,standard,String,STRING,Loan Originated,1. Loan originated,declared by Encompass,273,
1393,Trans Details Current Loan Status,standard,String,STRING,Application approved but not accepted,2. Application approved but not accepted,declared by Encompass,0,
1393,Trans Details Current Loan Status,standard,String,STRING,Application denied,3. Application denied,declared by Encompass,2,
1393,Trans Details Current Loan Status,standard,String,STRING,Application withdrawn,4. Application withdrawn by applicant,declared by Encompass,54,
1393,Trans Details Current Loan Status,standard,String,STRING,File Closed for incompleteness,5. File closed for incompleteness,declared by Encompass,0,
1393,Trans Details Current Loan Status,standard,String,STRING,Loan purchased by your institution,6. Purchased loan,declared by Encompass,0,
1393,Trans Details Current Loan Status,standard,String,STRING,Preapproval request denied by financial institution,7. Preapproval request denied,declared by Encompass,0,
1393,Trans Details Current Loan Status,standard,String,STRING,Preapproval request approved but not accepted,8. Preapproval request approved but not accepted,declared by Encompass,0,
HMDA.X21,Denial Reason 1,standard,String,STRING,Debt to Income Ratio,1. Debt-to-income ratio,declared by Encompass,0,
HMDA.X21,Denial Reason 1,standard,String,STRING,Employment history,2. Employment history,declared by Encompass,0,
HMDA.X21,Denial Reason 1,standard,String,STRING,Credit history,3. Credit history,declared by Encompass,0,
HMDA.X21,Denial Reason 1,standard,String,STRING,Collateral,4. Collateral,declared by Encompass,0,
HMDA.X21,Denial Reason 1,standard,String,STRING,Insufficient Cash,"5. Insufficient cash (downpayment, closing costs)",declared by Encompass,0,
HMDA.X21,Denial Reason 1,standard,String,STRING,Unverifiable Information,6. Unverifiable information,declared by Encompass,0,
HMDA.X21,Denial Reason 1,standard,String,STRING,Credit application Incomplete,7. Credit application incomplete,declared by Encompass,0,
HMDA.X21,Denial Reason 1,standard,String,STRING,Mortgage insurance denied,8. Mortgage insurance denied,declared by Encompass,0,
HMDA.X21,Denial Reason 1,standard,String,STRING,Other,9. Other,declared by Encompass,0,
HMDA.X21,Denial Reason 1,standard,String,STRING,Not applicable,10. Not applicable,declared by Encompass,328,
HMDA.X21,Denial Reason 1,standard,String,STRING,Exempt,1111. Exempt,declared by Encompass,0,
CX.TABLEFUNDER,TABLE FUNDER,custom,DROPDOWNLIST,DROPDOWNLIST,Correspondent,Correspondent,inferred from live data,248,
CX.TABLEFUNDER,TABLE FUNDER,custom,DROPDOWNLIST,DROPDOWNLIST,Non Delegated Correspondent,Non Delegated Correspondent,inferred from live data,52,
CX.TABLEFUNDER,TABLE FUNDER,custom,DROPDOWNLIST,DROPDOWNLIST,Table Funding,Table Funding,inferred from live data,7,
CX.TABLEFUNDER,TABLE FUNDER,custom,DROPDOWNLIST,DROPDOWNLIST,Brokering out,Brokering out,inferred from live data,3,
CX.TABLEFUNDER,TABLE FUNDER,custom,DROPDOWNLIST,DROPDOWNLIST,Wholesale Out,Wholesale Out,inferred from live data,3,
CX.TABLEFUNDER,TABLE FUNDER,custom,DROPDOWNLIST,DROPDOWNLIST,Delegate correspondent / Evolve,Delegate correspondent / Evolve,inferred from live data,3,
CX.TABLEFUNDER,TABLE FUNDER,custom,DROPDOWNLIST,DROPDOWNLIST,Wholesale,Wholesale,inferred from live data,2,
CX.TABLEFUNDER,TABLE FUNDER,custom,DROPDOWNLIST,DROPDOWNLIST,Delegate correspondent / In House,Delegate correspondent / In House,inferred from live data,1,
URLA.X165,Refinance Cash Out Determination Type,standard,String,STRING,CashOut,Cash Out,declared by Encompass,245,
URLA.X165,Refinance Cash Out Determination Type,standard,String,STRING,LimitedCashOut,Limited Cash Out,declared by Encompass,28,
URLA.X165,Refinance Cash Out Determination Type,standard,String,STRING,NoCashOut,No Cash Out,declared by Encompass,46,
2627,Purchase Advice Amt Due to Lender/Investor,standard,String,STRING,Lender,Lender,declared by Encompass,318,
2627,Purchase Advice Amt Due to Lender/Investor,standard,String,STRING,Investor,Investor,declared by Encompass,0,
2628,Purchase Advice Amt Paid to Lender/Investor,standard,String,STRING,Lender,Lender,declared by Encompass,318,
2628,Purchase Advice Amt Paid to Lender/Investor,standard,String,STRING,Investor,Investor,declared by Encompass,0,
CX.PROPERTYTYPE,PROPERTY TYPE,custom,DROPDOWNLIST,DROPDOWNLIST,Single Family Residence,Single Family Residence,inferred from live data,164,
CX.PROPERTYTYPE,PROPERTY TYPE,custom,DROPDOWNLIST,DROPDOWNLIST,2-4 Family,2-4 Family,inferred from live data,101,
CX.PROPERTYTYPE,PROPERTY TYPE,custom,DROPDOWNLIST,DROPDOWNLIST,Condo,Condo,inferred from live data,18,
CX.PROPERTYTYPE,PROPERTY TYPE,custom,DROPDOWNLIST,DROPDOWNLIST,Multifamily (5+ Units),Multifamily (5+ Units),inferred from live data,15,
CX.PROPERTYTYPE,PROPERTY TYPE,custom,DROPDOWNLIST,DROPDOWNLIST,2-4 Unit Residential,2-4 Unit Residential,inferred from live data,15,
CX.PROPERTYTYPE,PROPERTY TYPE,custom,DROPDOWNLIST,DROPDOWNLIST,Mixed Use,Mixed Use,inferred from live data,4,
CX.PROPERTYTYPE,PROPERTY TYPE,custom,DROPDOWNLIST,DROPDOWNLIST,5-10 Unit Residential,5-10 Unit Residential,inferred from live data,1,
URLA.X69,Real Estate Does not Apply - Borrower,standard,Boolean,YN,Y,Yes,declared by Encompass,0,boolean-representation
URLA.X69,Real Estate Does not Apply - Borrower,standard,Boolean,YN,N,No,declared by Encompass,317,boolean-representation
CX.LOANTOBEVESTED,LOANTOBEVESTED,custom,DROPDOWNLIST,DROPDOWNLIST,Entity,Entity,inferred from live data,297,
CX.LOANTOBEVESTED,LOANTOBEVESTED,custom,DROPDOWNLIST,DROPDOWNLIST,Individual,Individual,inferred from live data,12,
HMDA.X26,QM Status,standard,String,STRING,,,declared by Encompass,0,
HMDA.X26,QM Status,standard,String,STRING,QM,QM,declared by Encompass,0,
HMDA.X26,QM Status,standard,String,STRING,Non-QM,Non-QM,declared by Encompass,0,
HMDA.X26,QM Status,standard,String,STRING,Exempt,Exempt,declared by Encompass,308,
QM.X103,ATR QM - Eligibility - Transaction is exempt from Reg. Z Ability-to-Repay requirements,standard,Boolean,YN,Y,Yes,declared by Encompass,308,boolean-representation
QM.X103,ATR QM - Eligibility - Transaction is exempt from Reg. Z Ability-to-Repay requirements,standard,Boolean,YN,N,No,declared by Encompass,0,boolean-representation
QM.X110,ATR QM - Eligibility - Credit Type,standard,Boolean,YN,Y,Yes,declared by Encompass,308,boolean-representation
QM.X110,ATR QM - Eligibility - Credit Type,standard,Boolean,YN,N,No,declared by Encompass,0,boolean-representation
QM.X23,ATR QM - Eligibility - Ability-to-Repay Loan Type,standard,String,STRING,Exempt,Exempt,declared by Encompass,308,
QM.X23,ATR QM - Eligibility - Ability-to-Repay Loan Type,standard,String,STRING,General ATR,General ATR,declared by Encompass,0,
QM.X23,ATR QM - Eligibility - Ability-to-Repay Loan Type,standard,String,STRING,Non-Standard to Standard Refinance,Non-Standard to Standard Refinance,declared by Encompass,0,
QM.X23,ATR QM - Eligibility - Ability-to-Repay Loan Type,standard,String,STRING,Qualified Mortgage,Qualified Mortgage,declared by Encompass,0,
QM.X25,ATR QM - Eligibility - Is Loan Eligible for Safe Harbor?,standard,String,STRING,Yes,Yes,declared by Encompass,0,
QM.X25,ATR QM - Eligibility - Is Loan Eligible for Safe Harbor?,standard,String,STRING,No,No,declared by Encompass,0,
QM.X25,ATR QM - Eligibility - Is Loan Eligible for Safe Harbor?,standard,String,STRING,N/A,N/A,declared by Encompass,308,
CX.PPPTERM,PPP TERM,custom,DROPDOWNLIST,DROPDOWNLIST,5 Year,5 Year,inferred from live data,120,
CX.PPPTERM,PPP TERM,custom,DROPDOWNLIST,DROPDOWNLIST,3 Year,3 Year,inferred from live data,105,
CX.PPPTERM,PPP TERM,custom,DROPDOWNLIST,DROPDOWNLIST,No PPP,No PPP,inferred from live data,40,
CX.PPPTERM,PPP TERM,custom,DROPDOWNLIST,DROPDOWNLIST,1 Year,1 Year,inferred from live data,16,
CX.PPPTERM,PPP TERM,custom,DROPDOWNLIST,DROPDOWNLIST,2 Year,2 Year,inferred from live data,11,
CX.PPPTERM,PPP TERM,custom,DROPDOWNLIST,DROPDOWNLIST,4 Year,4 Year,inferred from live data,2,
CX.PPPTERM,PPP TERM,custom,DROPDOWNLIST,DROPDOWNLIST,6 Months,6 Months,inferred from live data,2,
CX.PPPTYPE,PPP Type,custom,DROPDOWNLIST,DROPDOWNLIST,Soft Declining,Soft Declining,inferred from live data,150,
CX.PPPTYPE,PPP Type,custom,DROPDOWNLIST,DROPDOWNLIST,No PPP,No PPP,inferred from live data,39,
CX.PPPTYPE,PPP Type,custom,DROPDOWNLIST,DROPDOWNLIST,6 Mo. Intrest,6 Mo. Intrest,inferred from live data,35,
CX.PPPTYPE,PPP Type,custom,DROPDOWNLIST,DROPDOWNLIST,Hard Declining,Hard Declining,inferred from live data,33,
CX.PPPTYPE,PPP Type,custom,DROPDOWNLIST,DROPDOWNLIST,5% Fixed,5% Fixed,inferred from live data,27,
CX.PPPTYPE,PPP Type,custom,DROPDOWNLIST,DROPDOWNLIST,2% Fixed,2% Fixed,inferred from live data,3,
CX.PPPTYPE,PPP Type,custom,DROPDOWNLIST,DROPDOWNLIST,1% Fixed PHH Teir 2,1% Fixed PHH Teir 2,inferred from live data,2,
CX.PPPTYPE,PPP Type,custom,DROPDOWNLIST,DROPDOWNLIST,3% Fixed,3% Fixed,inferred from live data,2,
CX.RESERVES, Reserves,custom,DROPDOWNLIST,DROPDOWNLIST,Checking,Checking,inferred from live data,201,
CX.RESERVES, Reserves,custom,DROPDOWNLIST,DROPDOWNLIST,Cash out proceeds,Cash out proceeds,inferred from live data,57,
CX.RESERVES, Reserves,custom,DROPDOWNLIST,DROPDOWNLIST,Waived,Waived,inferred from live data,11,
CX.RESERVES, Reserves,custom,DROPDOWNLIST,DROPDOWNLIST,Life insurance,Life insurance,inferred from live data,3,
CX.RESERVES, Reserves,custom,DROPDOWNLIST,DROPDOWNLIST,Stocks,Stocks,inferred from live data,3,
CX.RESERVES, Reserves,custom,DROPDOWNLIST,DROPDOWNLIST,IRA,IRA,inferred from live data,1,
CX.RESERVES, Reserves,custom,DROPDOWNLIST,DROPDOWNLIST,Gift,Gift,inferred from live data,1,
CX.APPRAISALORDER, appraisal order,custom,DROPDOWNLIST,DROPDOWNLIST,Appraisal ordered,Appraisal ordered,inferred from live data,223,
CX.APPRAISALORDER, appraisal order,custom,DROPDOWNLIST,DROPDOWNLIST,Ready to order,Ready to order,inferred from live data,30,
CX.APPRAISALORDER, appraisal order,custom,DROPDOWNLIST,DROPDOWNLIST,Transferred appraisal,Transferred appraisal,inferred from live data,12,
CX.APPRAISALORDER, appraisal order,custom,DROPDOWNLIST,DROPDOWNLIST,Not ready to order,Not ready to order,inferred from live data,6,
CX.PULLEDCREDIT,pulled credit,custom,DROPDOWNLIST,DROPDOWNLIST,Hard Pull Done,Hard Pull Done,inferred from live data,162,
CX.PULLEDCREDIT,pulled credit,custom,DROPDOWNLIST,DROPDOWNLIST,Use From Previous File,Use From Previous File,inferred from live data,75,
CX.PULLEDCREDIT,pulled credit,custom,DROPDOWNLIST,DROPDOWNLIST,Ready to Pull,Ready to Pull,inferred from live data,19,
CX.PULLEDCREDIT,pulled credit,custom,DROPDOWNLIST,DROPDOWNLIST,Soft Pull Done,Soft Pull Done,inferred from live data,12,
CX.PULLEDCREDIT,pulled credit,custom,DROPDOWNLIST,DROPDOWNLIST,Not Ready to Pull,Not Ready to Pull,inferred from live data,3,
1553,Subject Property Type,standard,String,STRING,1 Unit,1 unit,declared by Encompass,141,
1553,Subject Property Type,standard,String,STRING,2-4 Units,2-4 units,declared by Encompass,110,
1553,Subject Property Type,standard,String,STRING,Condominium,Condominium,declared by Encompass,13,
1553,Subject Property Type,standard,String,STRING,PUD,PUD,declared by Encompass,1,
1553,Subject Property Type,standard,String,STRING,Cooperative,Co-op,declared by Encompass,0,
1553,Subject Property Type,standard,String,STRING,Manufactured Housing Single Wide,Manufactured Single Wide,declared by Encompass,0,
1553,Subject Property Type,standard,String,STRING,Manufactured Housing Multiwide,Manufactured Multiwide,declared by Encompass,1,
1553,Subject Property Type,standard,String,STRING,Detached Condominium,Detached Condominium,declared by Encompass,0,
4750,Prequal Credit Report Indicator ,standard,Boolean,YN,Y,Yes,declared by Encompass,2,boolean-representation
4750,Prequal Credit Report Indicator ,standard,Boolean,YN,N,No,declared by Encompass,249,boolean-representation
5006,Pre-Approval Credit Report,standard,Boolean,YN,Y,Yes,declared by Encompass,16,boolean-representation
5006,Pre-Approval Credit Report,standard,Boolean,YN,N,No,declared by Encompass,235,boolean-representation
299,Loan Info Refi Purpose,standard,String,STRING,CashOutDebtConsolidation,Cash-Out Debt Consolidation,declared by Encompass,113,free-text-typed-into-enum
299,Loan Info Refi Purpose,standard,String,STRING,CashOutHomeImprovement,Cash-Out Home Improvement,declared by Encompass,3,free-text-typed-into-enum
299,Loan Info Refi Purpose,standard,String,STRING,CashOutLimited,Cash-Out Limited,declared by Encompass,2,free-text-typed-into-enum
299,Loan Info Refi Purpose,standard,String,STRING,CashOutOther,Cash-Out Other,declared by Encompass,88,free-text-typed-into-enum
299,Loan Info Refi Purpose,standard,String,STRING,CashOutOriginalLender,Cash-Out With Original Lender,declared by Encompass,3,free-text-typed-into-enum
299,Loan Info Refi Purpose,standard,String,STRING,ChangeInRateTerm,No Cash-Out Rate/Term,declared by Encompass,24,free-text-typed-into-enum
299,Loan Info Refi Purpose,standard,String,STRING,NoCashOutOther,No Cash-Out Other,declared by Encompass,2,free-text-typed-into-enum
299,Loan Info Refi Purpose,standard,String,STRING,NoCashOutFHAStreamlinedRefinance,No Cash-Out FHA Streamlined,declared by Encompass,0,free-text-typed-into-enum
299,Loan Info Refi Purpose,standard,String,STRING,NoCashOutFREOwnedRefinance,No Cash-Out Freddie Owned,declared by Encompass,0,free-text-typed-into-enum
299,Loan Info Refi Purpose,standard,String,STRING,NoCashOutStreamlinedRefinance,No Cash-Out Streamlined,declared by Encompass,1,free-text-typed-into-enum
299,Loan Info Refi Purpose,standard,String,STRING,NoCashOutOriginalLender,No Cash-Out With Original Lender,declared by Encompass,0,free-text-typed-into-enum
5047,USPS Address Validation,standard,Boolean,YN,Y,Yes,declared by Encompass,227,boolean-representation
5047,USPS Address Validation,standard,Boolean,YN,N,No,declared by Encompass,9,boolean-representation
DISCLOSURE.X174,Disclosure Borr CB2 Key Factors 5,standard,Boolean,YN,Y,Yes,declared by Encompass,170,boolean-representation
DISCLOSURE.X174,Disclosure Borr CB2 Key Factors 5,standard,Boolean,YN,N,No,declared by Encompass,61,boolean-representation
DISCLOSURE.X175,Disclosure Borr CB3 Key Factors 5,standard,Boolean,YN,Y,Yes,declared by Encompass,26,boolean-representation
DISCLOSURE.X175,Disclosure Borr CB3 Key Factors 5,standard,Boolean,YN,N,No,declared by Encompass,205,boolean-representation
DISCLOSURE.X173,Disclosure Borr CB1 Key Factors 5,standard,Boolean,YN,Y,Yes,declared by Encompass,18,boolean-representation
DISCLOSURE.X173,Disclosure Borr CB1 Key Factors 5,standard,Boolean,YN,N,No,declared by Encompass,212,boolean-representation
CD3.X127,STD Funds For Borrower IncDec Remark,standard,String,STRING,Increased,Increased,declared by Encompass,227,
CD3.X127,STD Funds For Borrower IncDec Remark,standard,String,STRING,Decreased,Decreased,declared by Encompass,0,
478,Co-Borr Sex Male/Female,standard,String,STRING,Male,Male,declared by Encompass,6,
478,Co-Borr Sex Male/Female,standard,String,STRING,Female,Female,declared by Encompass,1,
478,Co-Borr Sex Male/Female,standard,String,STRING,InformationNotProvidedUnknown,Not Provided/Unknown,declared by Encompass,0,
478,Co-Borr Sex Male/Female,standard,String,STRING,NotApplicable,Not Applicable,declared by Encompass,0,
478,Co-Borr Sex Male/Female,standard,String,STRING,No co-applicant,No co-applicant,declared by Encompass,217,
DISCLOSURE.X177,Disclosure Co-Borr CB2 Key Factors 5,standard,Boolean,YN,Y,Yes,declared by Encompass,13,boolean-representation
DISCLOSURE.X177,Disclosure Co-Borr CB2 Key Factors 5,standard,Boolean,YN,N,No,declared by Encompass,209,boolean-representation
DISCLOSURE.X178,Disclosure Co-Borr CB3 Key Factors 5,standard,Boolean,YN,Y,Yes,declared by Encompass,1,boolean-representation
DISCLOSURE.X178,Disclosure Co-Borr CB3 Key Factors 5,standard,Boolean,YN,N,No,declared by Encompass,221,boolean-representation
DISCLOSURE.X176,Disclosure Co-Borr CB1 Key Factors 5,standard,Boolean,YN,Y,Yes,declared by Encompass,2,boolean-representation
DISCLOSURE.X176,Disclosure Co-Borr CB1 Key Factors 5,standard,Boolean,YN,N,No,declared by Encompass,219,boolean-representation
1531,Co-Borr Ethnicity,standard,String,STRING,Hispanic or Latino,Hispanic or Latino,declared by Encompass,0,
1531,Co-Borr Ethnicity,standard,String,STRING,Not Hispanic or Latino,Not Hispanic or Latino,declared by Encompass,2,
1531,Co-Borr Ethnicity,standard,String,STRING,Information not provided,Information not provided,declared by Encompass,0,
1531,Co-Borr Ethnicity,standard,String,STRING,Not applicable,Not applicable,declared by Encompass,1,
1531,Co-Borr Ethnicity,standard,String,STRING,No co-applicant,No co-applicant,declared by Encompass,217,
3174,Co-Borr Race No Co Applicant,standard,Boolean,YN,Y,No co-applicant,declared by Encompass,217,boolean-representation
3174,Co-Borr Race No Co Applicant,standard,Boolean,YN,N,No,declared by Encompass,0,boolean-representation
4132,Co-Borr Was the Ethnicity of the Borrower collected on the basis of visual observation or surname?,standard,String,STRING,NoCoApplicant,No Co-Applicant,declared by Encompass,217,
4132,Co-Borr Was the Ethnicity of the Borrower collected on the basis of visual observation or surname?,standard,String,STRING,Y,Yes,declared by Encompass,0,
4132,Co-Borr Was the Ethnicity of the Borrower collected on the basis of visual observation or surname?,standard,String,STRING,N,No,declared by Encompass,0,
4132,Co-Borr Was the Ethnicity of the Borrower collected on the basis of visual observation or surname?,standard,String,STRING,N/A,Not Applicable,declared by Encompass,0,
4133,Co-Borr Was the Race of the Borrower collected on the basis of visual observation or surname?,standard,String,STRING,NoCoApplicant,No Co-Applicant,declared by Encompass,217,
4133,Co-Borr Was the Race of the Borrower collected on the basis of visual observation or surname?,standard,String,STRING,Y,Yes,declared by Encompass,0,
4133,Co-Borr Was the Race of the Borrower collected on the basis of visual observation or surname?,standard,String,STRING,N,No,declared by Encompass,0,
4133,Co-Borr Was the Race of the Borrower collected on the basis of visual observation or surname?,standard,String,STRING,N/A,Not Applicable,declared by Encompass,0,
4134,Co-Borr Was the Sex of the Co-Borrower collected on the basis of visual observation or surname?,standard,String,STRING,NoCoApplicant,No Co-Applicant,declared by Encompass,217,
4134,Co-Borr Was the Sex of the Co-Borrower collected on the basis of visual observation or surname?,standard,String,STRING,Y,Yes,declared by Encompass,0,
4134,Co-Borr Was the Sex of the Co-Borrower collected on the basis of visual observation or surname?,standard,String,STRING,N,No,declared by Encompass,0,
4134,Co-Borr Was the Sex of the Co-Borrower collected on the basis of visual observation or surname?,standard,String,STRING,N/A,Not Applicable,declared by Encompass,0,
COMPLIANCEREVIEW.X15,Mavent Compliance Review Auto Order Indicator,standard,Boolean,YN,Y,Yes,declared by Encompass,206,boolean-representation
COMPLIANCEREVIEW.X15,Mavent Compliance Review Auto Order Indicator,standard,Boolean,YN,N,No,declared by Encompass,10,boolean-representation
URLA.X138,Relationship Vesting Type,standard,String,STRING,Individual,Individual,declared by Encompass,7,
URLA.X138,Relationship Vesting Type,standard,String,STRING,JointTenantsWithRightOfSurvivorship,Joint Tenants With Right Of Survivorship,declared by Encompass,2,
URLA.X138,Relationship Vesting Type,standard,String,STRING,LifeEstate,Life Estate,declared by Encompass,0,
URLA.X138,Relationship Vesting Type,standard,String,STRING,TenantsByTheEntirety,Tenants By The Entirety,declared by Encompass,0,
URLA.X138,Relationship Vesting Type,standard,String,STRING,TenantsInCommon,Tenants In Common,declared by Encompass,0,
URLA.X138,Relationship Vesting Type,standard,String,STRING,Other,Other,declared by Encompass,206,
3966,Rate Lock Request Delivery Type is Visible,standard,Boolean,YN,Y,Yes,declared by Encompass,0,boolean-representation
3966,Rate Lock Request Delivery Type is Visible,standard,Boolean,YN,N,No,declared by Encompass,214,boolean-representation
URLA.X238,Print both ULI / NULI and Loan Number,standard,Boolean,YN,Y,Print both ULI / NULI and Loan Number,declared by Encompass,1,boolean-representation
URLA.X238,Print both ULI / NULI and Loan Number,standard,Boolean,YN,N,No,declared by Encompass,213,boolean-representation
188,Borr - I do not wish to furnish this info,standard,Boolean,YN,Y,I do not wish to furnish this info,declared by Encompass,212,boolean-representation
188,Borr - I do not wish to furnish this info,standard,Boolean,YN,N,No,declared by Encompass,0,boolean-representation
4603,Request an Advance by Written Authorization: In Person,standard,Boolean,YN,Y,Yes,declared by Encompass,0,boolean-representation
4603,Request an Advance by Written Authorization: In Person,standard,Boolean,YN,N,No,declared by Encompass,212,boolean-representation
4604,Request an Advance by Written Authorization: Via the Internet,standard,Boolean,YN,Y,Yes,declared by Encompass,0,boolean-representation
4604,Request an Advance by Written Authorization: Via the Internet,standard,Boolean,YN,N,No,declared by Encompass,212,boolean-representation
4613,Periodic Cap Applied to Repayment Period,standard,Boolean,YN,Y,Yes,declared by Encompass,0,boolean-representation
4613,Periodic Cap Applied to Repayment Period,standard,Boolean,YN,N,No,declared by Encompass,212,boolean-representation
4616,Installment loan discounted APR,standard,Boolean,YN,Y,Yes,declared by Encompass,0,boolean-representation
4616,Installment loan discounted APR,standard,Boolean,YN,N,No,declared by Encompass,212,boolean-representation
471,Borr Sex Male/Female,standard,String,STRING,Male,Male,declared by Encompass,185,
471,Borr Sex Male/Female,standard,String,STRING,Female,Female,declared by Encompass,24,
471,Borr Sex Male/Female,standard,String,STRING,InformationNotProvidedUnknown,Not Provided/Unknown,declared by Encompass,0,
471,Borr Sex Male/Female,standard,String,STRING,NotApplicable,Not Applicable,declared by Encompass,0,
4184,HMDA Age,standard,String,RA_INTEGER,8888,8888. Not applicable,declared by Encompass,0,sentinel-only-enum
4184,HMDA Age,standard,String,RA_INTEGER,9999,9999. No Co-Applicant,declared by Encompass,185,sentinel-only-enum
Opening.LoanProgTyp,Disclosures - Plan Code Type,standard,String,STRING,Opening,Opening,declared by Encompass,0,
Opening.LoanProgTyp,Disclosures - Plan Code Type,standard,String,STRING,Closing,Closing,declared by Encompass,0,
Opening.LoanProgTyp,Disclosures - Plan Code Type,standard,String,STRING,Both,Both,declared by Encompass,206,
3138,GFE Disclosure Method,standard,String,STRING,U.S. Mail,U.S. Mail,declared by Encompass,0,
3138,GFE Disclosure Method,standard,String,STRING,eFolder eDisclosures,eFolder eDisclosures,declared by Encompass,202,
3138,GFE Disclosure Method,standard,String,STRING,Fax,Fax,declared by Encompass,0,
3138,GFE Disclosure Method,standard,String,STRING,In Person,In Person,declared by Encompass,0,
3138,GFE Disclosure Method,standard,String,STRING,Other,Other,declared by Encompass,0,
3157,TIL Disclosure Method Drpdwn,standard,String,STRING,U.S. Mail,U.S. Mail,declared by Encompass,0,
3157,TIL Disclosure Method Drpdwn,standard,String,STRING,eFolder eDisclosures,eFolder eDisclosures,declared by Encompass,202,
3157,TIL Disclosure Method Drpdwn,standard,String,STRING,Fax,Fax,declared by Encompass,0,
3157,TIL Disclosure Method Drpdwn,standard,String,STRING,In Person,In Person,declared by Encompass,0,
3157,TIL Disclosure Method Drpdwn,standard,String,STRING,Other,Other,declared by Encompass,0,
4194,Borr male Indicator,standard,Boolean,YN,Y,Male,declared by Encompass,185,boolean-representation
4194,Borr male Indicator,standard,Boolean,YN,N,No,declared by Encompass,15,boolean-representation
541,Property Info Flood Zone,standard,String,STRING,Yes,Yes,declared by Encompass,1,
541,Property Info Flood Zone,standard,String,STRING,No,No,declared by Encompass,0,
541,Property Info Flood Zone,standard,String,STRING,None,None,declared by Encompass,0,
541,Property Info Flood Zone,standard,String,STRING,A1-A30,A1-A30,declared by Encompass,0,
541,Property Info Flood Zone,standard,String,STRING,A1,A1,declared by Encompass,0,
541,Property Info Flood Zone,standard,String,STRING,A2,A2,declared by Encompass,0,
541,Property Info Flood Zone,standard,String,STRING,A3,A3,declared by Encompass,0,
541,Property Info Flood Zone,standard,String,STRING,A4,A4,declared by Encompass,0,
541,Property Info Flood Zone,standard,String,STRING,A5,A5,declared by Encompass,0,
541,Property Info Flood Zone,standard,String,STRING,A6,A6,declared by Encompass,0,
541,Property Info Flood Zone,standard,String,STRING,A7,A7,declared by Encompass,0,
541,Property Info Flood Zone,standard,String,STRING,A8,A8,declared by Encompass,0,
541,Property Info Flood Zone,standard,String,STRING,A9,A9,declared by Encompass,0,
541,Property Info Flood Zone,standard,String,STRING,A10,A10,declared by Encompass,0,
541,Property Info Flood Zone,standard,String,STRING,A11,A11,declared by Encompass,0,
541,Property Info Flood Zone,standard,String,STRING,A12,A12,declared by Encompass,0,
541,Property Info Flood Zone,standard,String,STRING,A13,A13,declared by Encompass,0,
541,Property Info Flood Zone,standard,String,STRING,A14,A14,declared by Encompass,0,
541,Property Info Flood Zone,standard,String,STRING,A15,A15,declared by Encompass,0,
541,Property Info Flood Zone,standard,String,STRING,A16,A16,declared by Encompass,0,
541,Property Info Flood Zone,standard,String,STRING,A17,A17,declared by Encompass,0,
541,Property Info Flood Zone,standard,String,STRING,A18,A18,declared by Encompass,0,
541,Property Info Flood Zone,standard,String,STRING,A19,A19,declared by Encompass,0,
541,Property Info Flood Zone,standard,String,STRING,A20,A20,declared by Encompass,0,
541,Property Info Flood Zone,standard,String,STRING,A21,A21,declared by Encompass,0,
541,Property Info Flood Zone,standard,String,STRING,A22,A22,declared by Encompass,0,
541,Property Info Flood Zone,standard,String,STRING,A23,A23,declared by Encompass,0,
541,Property Info Flood Zone,standard,String,STRING,A24,A24,declared by Encompass,0,
541,Property Info Flood Zone,standard,String,STRING,A25,A25,declared by Encompass,0,
541,Property Info Flood Zone,standard,String,STRING,A26,A26,declared by Encompass,0,
541,Property Info Flood Zone,standard,String,STRING,A27,A27,declared by Encompass,0,
541,Property Info Flood Zone,standard,String,STRING,A28,A28,declared by Encompass,0,
541,Property Info Flood Zone,standard,String,STRING,A29,A29,declared by Encompass,0,
541,Property Info Flood Zone,standard,String,STRING,A30,A30,declared by Encompass,0,
541,Property Info Flood Zone,standard,String,STRING,V1-V30,V1-V30,declared by Encompass,0,
541,Property Info Flood Zone,standard,String,STRING,V1,V1,declared by Encompass,0,
541,Property Info Flood Zone,standard,String,STRING,V2,V2,declared by Encompass,0,
541,Property Info Flood Zone,standard,String,STRING,V3,V3,declared by Encompass,0,
541,Property Info Flood Zone,standard,String,STRING,V4,V4,declared by Encompass,0,
541,Property Info Flood Zone,standard,String,STRING,V5,V5,declared by Encompass,0,
541,Property Info Flood Zone,standard,String,STRING,V6,V6,declared by Encompass,0,
541,Property Info Flood Zone,standard,String,STRING,V7,V7,declared by Encompass,0,
541,Property Info Flood Zone,standard,String,STRING,V8,V8,declared by Encompass,0,
541,Property Info Flood Zone,standard,String,STRING,V9,V9,declared by Encompass,0,
541,Property Info Flood Zone,standard,String,STRING,V10,V10,declared by Encompass,0,
541,Property Info Flood Zone,standard,String,STRING,V11,V11,declared by Encompass,0,
541,Property Info Flood Zone,standard,String,STRING,V12,V12,declared by Encompass,0,
541,Property Info Flood Zone,standard,String,STRING,V13,V13,declared by Encompass,0,
541,Property Info Flood Zone,standard,String,STRING,V14,V14,declared by Encompass,0,
541,Property Info Flood Zone,standard,String,STRING,V15,V15,declared by Encompass,0,
541,Property Info Flood Zone,standard,String,STRING,V16,V16,declared by Encompass,0,
541,Property Info Flood Zone,standard,String,STRING,V17,V17,declared by Encompass,0,
541,Property Info Flood Zone,standard,String,STRING,V18,V18,declared by Encompass,0,
541,Property Info Flood Zone,standard,String,STRING,V19,V19,declared by Encompass,0,
541,Property Info Flood Zone,standard,String,STRING,V20,V20,declared by Encompass,0,
541,Property Info Flood Zone,standard,String,STRING,V21,V21,declared by Encompass,0,
541,Property Info Flood Zone,standard,String,STRING,V22,V22,declared by Encompass,0,
541,Property Info Flood Zone,standard,String,STRING,V23,V23,declared by Encompass,0,
541,Property Info Flood Zone,standard,String,STRING,V24,V24,declared by Encompass,0,
541,Property Info Flood Zone,standard,String,STRING,V25,V25,declared by Encompass,0,
541,Property Info Flood Zone,standard,String,STRING,V26,V26,declared by Encompass,0,
541,Property Info Flood Zone,standard,String,STRING,V27,V27,declared by Encompass,0,
541,Property Info Flood Zone,standard,String,STRING,V28,V28,declared by Encompass,0,
541,Property Info Flood Zone,standard,String,STRING,V29,V29,declared by Encompass,0,
541,Property Info Flood Zone,standard,String,STRING,V30,V30,declared by Encompass,0,
541,Property Info Flood Zone,standard,String,STRING,A,A,declared by Encompass,2,
541,Property Info Flood Zone,standard,String,STRING,A99,A99,declared by Encompass,0,
541,Property Info Flood Zone,standard,String,STRING,AE,AE,declared by Encompass,11,
541,Property Info Flood Zone,standard,String,STRING,AH,AH,declared by Encompass,0,
541,Property Info Flood Zone,standard,String,STRING,AO,AO,declared by Encompass,0,
541,Property Info Flood Zone,standard,String,STRING,AR,AR,declared by Encompass,0,
541,Property Info Flood Zone,standard,String,STRING,AR/A,AR/A,declared by Encompass,0,
541,Property Info Flood Zone,standard,String,STRING,AR/AE,AR/AE,declared by Encompass,0,
541,Property Info Flood Zone,standard,String,STRING,AR/AH,AR/AH,declared by Encompass,0,
541,Property Info Flood Zone,standard,String,STRING,AR/AO,AR/AO,declared by Encompass,0,
541,Property Info Flood Zone,standard,String,STRING,B,B,declared by Encompass,0,
541,Property Info Flood Zone,standard,String,STRING,BX,BX,declared by Encompass,0,
541,Property Info Flood Zone,standard,String,STRING,C,C,declared by Encompass,1,
541,Property Info Flood Zone,standard,String,STRING,CX,CX,declared by Encompass,0,
541,Property Info Flood Zone,standard,String,STRING,D,D,declared by Encompass,0,
541,Property Info Flood Zone,standard,String,STRING,FHSHA,FHSHA,declared by Encompass,0,
541,Property Info Flood Zone,standard,String,STRING,S,S,declared by Encompass,0,
541,Property Info Flood Zone,standard,String,STRING,V,V,declared by Encompass,0,
541,Property Info Flood Zone,standard,String,STRING,VE,VE,declared by Encompass,0,
541,Property Info Flood Zone,standard,String,STRING,VO,VO,declared by Encompass,0,
541,Property Info Flood Zone,standard,String,STRING,X,X,declared by Encompass,177,
541,Property Info Flood Zone,standard,String,STRING,X500,X500,declared by Encompass,5,
541,Property Info Flood Zone,standard,String,STRING,XS,XS,declared by Encompass,0,
541,Property Info Flood Zone,standard,String,STRING,XU,XU,declared by Encompass,0,
2366,Underwriting Flood Info Flood Zone,standard,Boolean,YN,Y,Yes,declared by Encompass,14,boolean-representation
2366,Underwriting Flood Info Flood Zone,standard,Boolean,YN,N,No,declared by Encompass,183,boolean-representation
NOTICES.X48,Property Community participates in NFIP,standard,Boolean,YN,Y,Community in which the property is located participates in the National Flood Insurance Program (NFIP) where federal flood insurance is available.,declared by Encompass,120,boolean-representation
NOTICES.X48,Property Community participates in NFIP,standard,Boolean,YN,N,No,declared by Encompass,77,boolean-representation
NOTICES.X49,Property Community does not participates in NFIP,standard,Boolean,YN,Y,Community in which the property is located does not participate in the NFIP.Federal flood insurance is not available.,declared by Encompass,0,boolean-representation
NOTICES.X49,Property Community does not participates in NFIP,standard,Boolean,YN,N,No,declared by Encompass,197,boolean-representation
TQL.X110,TQL - Flood Program Code,standard,String,STRING,,,declared by Encompass,0,
TQL.X110,TQL - Flood Program Code,standard,String,STRING,Regular,Regular,declared by Encompass,197,
TQL.X110,TQL - Flood Program Code,standard,String,STRING,Emergency,Emergency,declared by Encompass,0,
TQL.X110,TQL - Flood Program Code,standard,String,STRING,Probation,Probation,declared by Encompass,0,
TQL.X110,TQL - Flood Program Code,standard,String,STRING,Suspended,Suspended,declared by Encompass,0,
TQL.X110,TQL - Flood Program Code,standard,String,STRING,Non-participating,Non-participating,declared by Encompass,0,
2400,Closing Loan Info Loan is Locked,standard,Boolean,YN,Y,Yes,declared by Encompass,184,boolean-representation
2400,Closing Loan Info Loan is Locked,standard,Boolean,YN,N,No,declared by Encompass,1,boolean-representation
HighCost.Federal,Loan qualifies as high cost under Section 32,standard,Boolean,YN,Y,Yes,declared by Encompass,96,boolean-representation
HighCost.Federal,Loan qualifies as high cost under Section 32,standard,Boolean,YN,N,No,declared by Encompass,88,boolean-representation
HighCost.Local,Loan qualifies as high cost under a state/county/local jurisdiction,standard,Boolean,YN,Y,Yes,declared by Encompass,10,boolean-representation
HighCost.Local,Loan qualifies as high cost under a state/county/local jurisdiction,standard,Boolean,YN,N,No,declared by Encompass,174,boolean-representation
PlanCode.LoanProgTyp,Closing Documents - Plan Code Type,standard,String,STRING,Opening,Opening,declared by Encompass,0,
PlanCode.LoanProgTyp,Closing Documents - Plan Code Type,standard,String,STRING,Closing,Closing,declared by Encompass,183,
PlanCode.LoanProgTyp,Closing Documents - Plan Code Type,standard,String,STRING,Both,Both,declared by Encompass,0,
4713,Planned Unit Development Project Type Indicator,standard,Boolean,YN,Y,Yes,declared by Encompass,1,boolean-representation
4713,Planned Unit Development Project Type Indicator,standard,Boolean,YN,N,No,declared by Encompass,178,boolean-representation
URLA.X207,Planned Unit Development Project Type Indicator,standard,Boolean,YN,Y,Yes,declared by Encompass,1,boolean-representation
URLA.X207,Planned Unit Development Project Type Indicator,standard,Boolean,YN,N,No,declared by Encompass,178,boolean-representation
157,Fannie Mae Energy Effic Mtg Indicator,standard,Boolean,YN,Y,Energy Efficient Mortgage,declared by Encompass,0,boolean-representation
157,Fannie Mae Energy Effic Mtg Indicator,standard,Boolean,YN,N,No,declared by Encompass,178,boolean-representation
3051,Loan Info Loan Import Status,standard,Boolean,YN,Y,Yes,declared by Encompass,178,boolean-representation
3051,Loan Info Loan Import Status,standard,Boolean,YN,N,No,declared by Encompass,0,boolean-representation
LE1.X91,Loan Estimate - Prepayment Penalty - In Year/Month,standard,String,STRING,Months,Months,declared by Encompass,2,
LE1.X91,Loan Estimate - Prepayment Penalty - In Year/Month,standard,String,STRING,Year,Year,declared by Encompass,15,
LE1.X91,Loan Estimate - Prepayment Penalty - In Year/Month,standard,String,STRING,Years,Years,declared by Encompass,161,
ULDD.X187,ULDD Construction Method Type,standard,String,STRING,Manufactured,Manufactured,declared by Encompass,1,
ULDD.X187,ULDD Construction Method Type,standard,String,STRING,Site Built,Site Built,declared by Encompass,176,
ULDD.X187,ULDD Construction Method Type,standard,String,STRING,Other,Other,declared by Encompass,1,
URLA.X131,Conversion Of Contract For Deed Indicator,standard,Boolean,YN,Y,Conversion of Contract for Deed or Land Contract,declared by Encompass,0,boolean-representation
URLA.X131,Conversion Of Contract For Deed Indicator,standard,Boolean,YN,N,No,declared by Encompass,178,boolean-representation
URLA.X135,Property Existing Clean Energy Lien Indicator,standard,Boolean,YN,Y,"Property is currently subject to a lien that could take priority over the first mortgage lien, such as a clean energy lien paid through property taxes (e.g., the Property Assessed  Clean Energy program).",declared by Encompass,1,boolean-representation
URLA.X135,Property Existing Clean Energy Lien Indicator,standard,Boolean,YN,N,No,declared by Encompass,177,boolean-representation
URLA.X77,Mixed Use Property Indicator,standard,Boolean,YN,Y,"If you will occupy the property, will you set aside space within the property to operate your own business?",declared by Encompass,0,boolean-representation
URLA.X77,Mixed Use Property Indicator,standard,Boolean,YN,N,No,declared by Encompass,178,boolean-representation
URLA.X133,Construction Loan Indicator,standard,Boolean,YN,Y,Construction-Conversion/Construction-to-Permanent,declared by Encompass,1,boolean-representation
URLA.X133,Construction Loan Indicator,standard,Boolean,YN,N,No,declared by Encompass,176,boolean-representation
425,Loan Info Buydown,standard,Boolean,YN,Y,Buydown,declared by Encompass,0,boolean-representation
425,Loan Info Buydown,standard,Boolean,YN,N,No,declared by Encompass,176,boolean-representation
2031,Rate Lock Sell Side Investor Status,standard,String,STRING,,Unassigned,declared by Encompass,0,
2031,Rate Lock Sell Side Investor Status,standard,String,STRING,AssignedBulk,Assigned - Bulk,declared by Encompass,0,
2031,Rate Lock Sell Side Investor Status,standard,String,STRING,AssignedFlow,Assigned - Flow,declared by Encompass,0,
2031,Rate Lock Sell Side Investor Status,standard,String,STRING,Shipped,Shipped,declared by Encompass,1,
2031,Rate Lock Sell Side Investor Status,standard,String,STRING,Purchased,Purchased,declared by Encompass,175,
2031,Rate Lock Sell Side Investor Status,standard,String,STRING,Rejected,Rejected,declared by Encompass,0,
URLA.X132,Renovation Loan Indicator,standard,Boolean,YN,Y,Renovation,declared by Encompass,0,boolean-representation
URLA.X132,Renovation Loan Indicator,standard,Boolean,YN,N,No,declared by Encompass,176,boolean-representation
MORNET.X12,Fannie Mae Seller Prov Below Mkt Financing,standard,Boolean,YN,Y,Seller Provided Below Market Financing,declared by Encompass,0,boolean-representation
MORNET.X12,Fannie Mae Seller Prov Below Mkt Financing,standard,Boolean,YN,N,No,declared by Encompass,173,boolean-representation
CD3.X123,STD Total Closing Cost Remark,standard,String,STRING,Total Loan Costs (D),Total Loan Costs (D),declared by Encompass,1,
CD3.X123,STD Total Closing Cost Remark,standard,String,STRING,Total Other Costs (I),Total Other Costs (I),declared by Encompass,159,
CD3.X123,STD Total Closing Cost Remark,standard,String,STRING,Total Loan Costs (D) and Total Other Costs (I),Total Loan Costs (D) and Total Other Costs (I),declared by Encompass,5,
CD3.X131,ALT Total Closing Cost Remark,standard,String,STRING,Total Loan Costs (D),Total Loan Costs (D),declared by Encompass,1,
CD3.X131,ALT Total Closing Cost Remark,standard,String,STRING,Total Other Costs (I),Total Other Costs (I),declared by Encompass,159,
CD3.X131,ALT Total Closing Cost Remark,standard,String,STRING,Total Loan Costs (D) and Total Other Costs (I),Total Loan Costs (D) and Total Other Costs (I),declared by Encompass,5,
1765,Expenses Calc MIP/PMI Lock,standard,Boolean,YN,Y,Yes,declared by Encompass,162,boolean-representation
1765,Expenses Calc MIP/PMI Lock,standard,Boolean,YN,N,No,declared by Encompass,0,boolean-representation
3046,Lock Request MI Premium/Funding Lock,standard,Boolean,YN,Y,Yes,declared by Encompass,162,boolean-representation
3046,Lock Request MI Premium/Funding Lock,standard,Boolean,YN,N,No,declared by Encompass,0,boolean-representation
SYS.X258,Fees Credit Report Paid To,standard,String,STRING,Broker,B,declared by Encompass,0,
SYS.X258,Fees Credit Report Paid To,standard,String,STRING,Lender,L,declared by Encompass,159,
SYS.X258,Fees Credit Report Paid To,standard,String,STRING,Seller,S,declared by Encompass,0,
SYS.X258,Fees Credit Report Paid To,standard,String,STRING,Investor,I,declared by Encompass,0,
SYS.X258,Fees Credit Report Paid To,standard,String,STRING,Affiliate,A,declared by Encompass,0,
SYS.X258,Fees Credit Report Paid To,standard,String,STRING,Other,O,declared by Encompass,0,
2358,Underwriting Appraisal Review Type,standard,String,STRING,Full,Full,declared by Encompass,0,declared-set-does-not-match-tenant
2358,Underwriting Appraisal Review Type,standard,String,STRING,Drive By,Drive By,declared by Encompass,0,declared-set-does-not-match-tenant
2358,Underwriting Appraisal Review Type,standard,String,STRING,Desk,Desk,declared by Encompass,106,declared-set-does-not-match-tenant
2830,Amount REGZ Prepayment Penalty Based On,standard,String,STRING,Original Principal Amount,Original Principal Amount,declared by Encompass,137,
2830,Amount REGZ Prepayment Penalty Based On,standard,String,STRING,Amount Prepaid,Amount Prepaid,declared by Encompass,14,
2830,Amount REGZ Prepayment Penalty Based On,standard,String,STRING,Unpaid Balance,Unpaid Balance,declared by Encompass,2,
CD4.X9,Closing Disclosure Page 4 Escrow Indicator,standard,Boolean,YN,Y,Escrow (T&I),declared by Encompass,3,boolean-representation
CD4.X9,Closing Disclosure Page 4 Escrow Indicator,standard,Boolean,YN,N,No,declared by Encompass,148,boolean-representation
NEWHUD.X752,Fees Line 808 POC,standard,Boolean,YN,Y,Yes,declared by Encompass,149,boolean-representation
NEWHUD.X752,Fees Line 808 POC,standard,Boolean,YN,N,No,declared by Encompass,0,boolean-representation
POPT.X17,Section 800 Line 808 POC and PTC Indicator,standard,Boolean,YN,Y,Yes,declared by Encompass,149,boolean-representation
POPT.X17,Section 800 Line 808 POC and PTC Indicator,standard,Boolean,YN,N,No,declared by Encompass,0,boolean-representation
S32DISC.X180,Sec 32 - There is a prepayment penalty and it will/will not be charged more than 36 months after consummation or account opening.,standard,String,STRING,will,will,declared by Encompass,69,
S32DISC.X180,Sec 32 - There is a prepayment penalty and it will/will not be charged more than 36 months after consummation or account opening.,standard,String,STRING,will not,will not,declared by Encompass,75,
4245,Borr Information Not Provided,standard,Boolean,YN,Y,Information Not Provided,declared by Encompass,0,boolean-representation
4245,Borr Information Not Provided,standard,Boolean,YN,N,No,declared by Encompass,142,boolean-representation
Borr.TrusteeOf,Borrower Vesting Borr Trustee Of,standard,String,STRING,Trust 1,Trust 1,declared by Encompass,133,
Borr.TrusteeOf,Borrower Vesting Borr Trustee Of,standard,String,STRING,Trust 2,Trust 2,declared by Encompass,1,
720,Subject Property Street Access,standard,String,STRING,Private,Private,declared by Encompass,7,
720,Subject Property Street Access,standard,String,STRING,Public,Public,declared by Encompass,126,
4193,Borr Female Indicator,standard,Boolean,YN,Y,Female,declared by Encompass,24,boolean-representation
4193,Borr Female Indicator,standard,Boolean,YN,N,No,declared by Encompass,107,boolean-representation
1086,Trans Details Qual Rate Basis,standard,String,STRING,NoteRate,Note Rate,declared by Encompass,62,
1086,Trans Details Qual Rate Basis,standard,String,STRING,BoughtDownRate,Bought Dn Rate,declared by Encompass,0,
1086,Trans Details Qual Rate Basis,standard,String,STRING,Above,% Above,declared by Encompass,19,
1086,Trans Details Qual Rate Basis,standard,String,STRING,Below,% Below,declared by Encompass,47,
1086,Trans Details Qual Rate Basis,standard,String,STRING,Other,Other,declared by Encompass,0,
CD3.X124,STD Down Payment IncDec Remark,standard,String,STRING,Increased,Increased,declared by Encompass,125,
CD3.X124,STD Down Payment IncDec Remark,standard,String,STRING,Decreased,Decreased,declared by Encompass,0,
URLA.X119,Print ULI on URLA,standard,Boolean,YN,Y,Yes,declared by Encompass,124,boolean-representation
URLA.X119,Print ULI on URLA,standard,Boolean,YN,N,No,declared by Encompass,1,boolean-representation
CD3.X125,STD Down Payment Section Remark,standard,String,STRING,K,K,declared by Encompass,0,
CD3.X125,STD Down Payment Section Remark,standard,String,STRING,L,L,declared by Encompass,22,
CD3.X125,STD Down Payment Section Remark,standard,String,STRING,K and L,K and L,declared by Encompass,102,
CX.ASSETS,Assets,custom,DROPDOWNLIST,DROPDOWNLIST,Checking Account,Checking Account,inferred from live data,88,
CX.ASSETS,Assets,custom,DROPDOWNLIST,DROPDOWNLIST,Waived,Waived,inferred from live data,22,
CX.ASSETS,Assets,custom,DROPDOWNLIST,DROPDOWNLIST,Gift + Borrower contribution,Gift + Borrower contribution,inferred from live data,5,
CX.ASSETS,Assets,custom,DROPDOWNLIST,DROPDOWNLIST,Gift Funds,Gift Funds,inferred from live data,1,
4121,Borr Was the Ethnicity of the Borrower collected on the basis of visual observation or surname?,standard,String,STRING,Y,Yes,declared by Encompass,0,
4121,Borr Was the Ethnicity of the Borrower collected on the basis of visual observation or surname?,standard,String,STRING,N,No,declared by Encompass,111,
4121,Borr Was the Ethnicity of the Borrower collected on the basis of visual observation or surname?,standard,String,STRING,N/A,Not Applicable,declared by Encompass,0,
4122,Borr Was the Race of the Borrower collected on the basis of visual observation or surname?,standard,String,STRING,Y,Yes,declared by Encompass,0,
4122,Borr Was the Race of the Borrower collected on the basis of visual observation or surname?,standard,String,STRING,N,No,declared by Encompass,111,
4122,Borr Was the Race of the Borrower collected on the basis of visual observation or surname?,standard,String,STRING,N/A,Not Applicable,declared by Encompass,0,
4123,Borr Was the Sex of the Borrower collected on the basis of visual observation or surname?,standard,String,STRING,Y,Yes,declared by Encompass,0,
4123,Borr Was the Sex of the Borrower collected on the basis of visual observation or surname?,standard,String,STRING,N,No,declared by Encompass,111,
4123,Borr Was the Sex of the Borrower collected on the basis of visual observation or surname?,standard,String,STRING,N/A,Not Applicable,declared by Encompass,0,
728,Subject Property Type,standard,String,STRING,Occupied by owner,Occupied by owner,declared by Encompass,5,
728,Subject Property Type,standard,String,STRING,Never occupied,Never occupied,declared by Encompass,0,
728,Subject Property Type,standard,String,STRING,Vacant,Vacant,declared by Encompass,34,
728,Subject Property Type,standard,String,STRING,Occupied by tenant,Occupied by tenant,declared by Encompass,66,
3898,File Contacts-Lender License Exempt,standard,Boolean,YN,Y,Yes,declared by Encompass,0,boolean-representation
3898,File Contacts-Lender License Exempt,standard,Boolean,YN,N,No,declared by Encompass,105,boolean-representation
ULDD.X140,Project Design Type,standard,String,STRING,Garden Project,GardenProject - 1 to 3 stories,declared by Encompass,1,
ULDD.X140,Project Design Type,standard,String,STRING,Highrise Project,HighriseProject - 8+ stories,declared by Encompass,0,
ULDD.X140,Project Design Type,standard,String,STRING,Midrise Project,MidriseProject - 4 to 7 stories,declared by Encompass,1,
ULDD.X140,Project Design Type,standard,String,STRING,Townhouse Rowhouse,TownhouseRowhouse - attached via common wall,declared by Encompass,1,
ULDD.X140,Project Design Type,standard,String,STRING,Other,Other,declared by Encompass,84,
603,Subject Property Manufactured Housing,standard,Boolean,YN,Y,Manufactured Housing,declared by Encompass,1,boolean-representation
603,Subject Property Manufactured Housing,standard,Boolean,YN,N,No,declared by Encompass,83,boolean-representation
721,Subject Property Street Maint,standard,String,STRING,Private,Private,declared by Encompass,83,
721,Subject Property Street Maint,standard,String,STRING,Public,Public,declared by Encompass,0,
1096,Subject Property Legal Descr Utilities Elec,standard,String,STRING,Public,Public,declared by Encompass,76,
1096,Subject Property Legal Descr Utilities Elec,standard,String,STRING,Community,Community,declared by Encompass,0,
1096,Subject Property Legal Descr Utilities Elec,standard,String,STRING,Individual,Individual,declared by Encompass,7,
1097,Subject Property Legal Descr Utilities Gas,standard,String,STRING,Public,Public,declared by Encompass,76,
1097,Subject Property Legal Descr Utilities Gas,standard,String,STRING,Community,Community,declared by Encompass,0,
1097,Subject Property Legal Descr Utilities Gas,standard,String,STRING,Individual,Individual,declared by Encompass,7,
1098,Subject Property Legal Descr Utilities Water,standard,String,STRING,Public,Public,declared by Encompass,74,
1098,Subject Property Legal Descr Utilities Water,standard,String,STRING,Community,Community,declared by Encompass,0,
1098,Subject Property Legal Descr Utilities Water,standard,String,STRING,Individual,Individual,declared by Encompass,9,
1099,Subject Property Legal Descr Utilities Sewer,standard,String,STRING,Public,Public,declared by Encompass,73,
1099,Subject Property Legal Descr Utilities Sewer,standard,String,STRING,Community,Community,declared by Encompass,0,
1099,Subject Property Legal Descr Utilities Sewer,standard,String,STRING,Individual,Individual,declared by Encompass,10,
4091,File Contacts Appraisal Co Appraisal Made (As Is or As Improved),standard,String,STRING,As Is,As Is,declared by Encompass,75,
4091,File Contacts Appraisal Co Appraisal Made (As Is or As Improved),standard,String,STRING,As Improved,As Improved,declared by Encompass,8,
ULDD.X29,ULDD - Property Valuation Method Type,standard,String,STRING,AutomatedValuationModel,Automated Valuation Model,declared by Encompass,0,
ULDD.X29,ULDD - Property Valuation Method Type,standard,String,STRING,DesktopAppraisal,Desktop Appraisal,declared by Encompass,0,
ULDD.X29,ULDD - Property Valuation Method Type,standard,String,STRING,DriveBy,Drive By,declared by Encompass,0,
ULDD.X29,ULDD - Property Valuation Method Type,standard,String,STRING,Estimation,Estimation,declared by Encompass,0,
ULDD.X29,ULDD - Property Valuation Method Type,standard,String,STRING,FullAppraisal,Full Appraisal,declared by Encompass,83,
ULDD.X29,ULDD - Property Valuation Method Type,standard,String,STRING,None,None,declared by Encompass,0,
ULDD.X29,ULDD - Property Valuation Method Type,standard,String,STRING,Other,Other,declared by Encompass,0,
ULDD.X29,ULDD - Property Valuation Method Type,standard,String,STRING,PriorAppraisalUsed,Prior Appraisal Used - Retired,declared by Encompass,0,
2356,Underwriting Appraisal Type,standard,String,STRING,URAR,URAR,declared by Encompass,0,declared-set-does-not-match-tenant
2356,Underwriting Appraisal Type,standard,String,STRING,FHA URAR,FHA URAR,declared by Encompass,0,declared-set-does-not-match-tenant
2356,Underwriting Appraisal Type,standard,String,STRING,2055 Drive-by,2055 Drive-by,declared by Encompass,0,declared-set-does-not-match-tenant
2356,Underwriting Appraisal Type,standard,String,STRING,2075 Limited Desk Review,2075 Limited Desk Review,declared by Encompass,0,declared-set-does-not-match-tenant
2356,Underwriting Appraisal Type,standard,String,STRING,704 Limited Scope Appraisal Report,704 Limited Scope Appraisal Report,declared by Encompass,0,declared-set-does-not-match-tenant
2356,Underwriting Appraisal Type,standard,String,STRING,Condo Appraisal,Condo Appraisal,declared by Encompass,0,declared-set-does-not-match-tenant
2356,Underwriting Appraisal Type,standard,String,STRING,2-4 Small Income Property Appraisal,2-4 Small Income Property Appraisal,declared by Encompass,0,declared-set-does-not-match-tenant
2356,Underwriting Appraisal Type,standard,String,STRING,1092 Broker Price Opinion,1092 Broker Price Opinion,declared by Encompass,0,declared-set-does-not-match-tenant
2356,Underwriting Appraisal Type,standard,String,STRING,No appraisal/inspection obtained,No appraisal/inspection obtained,declared by Encompass,0,declared-set-does-not-match-tenant
2356,Underwriting Appraisal Type,standard,String,STRING,Form 2095 appraisal with exterior only,Form 2095 appraisal with exterior only,declared by Encompass,0,declared-set-does-not-match-tenant
2356,Underwriting Appraisal Type,standard,String,STRING,Form 1025 appraisal with interior/exterior,Form 1025 appraisal with interior/exterior,declared by Encompass,0,declared-set-does-not-match-tenant
2356,Underwriting Appraisal Type,standard,String,STRING,Form 1004 appraisal with interior/exterior,Form 1004 appraisal with interior/exterior,declared by Encompass,0,declared-set-does-not-match-tenant
2356,Underwriting Appraisal Type,standard,String,STRING,Prior appraisal used for the transaction,Prior appraisal used for the transaction,declared by Encompass,0,declared-set-does-not-match-tenant
2356,Underwriting Appraisal Type,standard,String,STRING,Other,Other,declared by Encompass,0,declared-set-does-not-match-tenant
2356,Underwriting Appraisal Type,standard,String,STRING,"Form 26-1805, Certificate of Reasonable Value for VA","Form 26-1805, Certificate of Reasonable Value for VA",declared by Encompass,0,declared-set-does-not-match-tenant
2356,Underwriting Appraisal Type,standard,String,STRING,"Form 26-8712, Manufactured Home Appraisal Report for VA","Form 26-8712, Manufactured Home Appraisal Report for VA",declared by Encompass,0,declared-set-does-not-match-tenant
2356,Underwriting Appraisal Type,standard,String,STRING,"Form 1004C, Manufactured Home Appraisal Report with interior/exterior inspection","Form 1004C, Manufactured Home Appraisal Report with interior/exterior inspection",declared by Encompass,0,declared-set-does-not-match-tenant
2356,Underwriting Appraisal Type,standard,String,STRING,Form 1073 condominium appraisal with interior/exterior inspection,Form 1073 condominium appraisal with interior/exterior inspection,declared by Encompass,0,declared-set-does-not-match-tenant
2356,Underwriting Appraisal Type,standard,String,STRING,Form 1075 condominium appraisal with exterior inspection,Form 1075 condominium appraisal with exterior inspection,declared by Encompass,0,declared-set-does-not-match-tenant
2356,Underwriting Appraisal Type,standard,String,STRING,Form 2090 cooperative appraisal with interior/exterior inspection,Form 2090 cooperative appraisal with interior/exterior inspection,declared by Encompass,0,declared-set-does-not-match-tenant
2356,Underwriting Appraisal Type,standard,String,STRING,Form 1004D appraisal updated/completion report,Form 1004D appraisal updated/completion report,declared by Encompass,0,declared-set-does-not-match-tenant
2356,Underwriting Appraisal Type,standard,String,STRING,Form 2000 Field review one-unit,Form 2000 Field review one-unit,declared by Encompass,0,declared-set-does-not-match-tenant
2356,Underwriting Appraisal Type,standard,String,STRING,Form 2000A Field review 2-4,Form 2000A Field review 2-4,declared by Encompass,0,declared-set-does-not-match-tenant
TSUM.PropertyFormType,Property Valuation Form Type,standard,String,STRING,Appraisal Update And Or Completion Report,Appraisal Update And Or Completion Report,declared by Encompass,0,declared-set-does-not-match-tenant
TSUM.PropertyFormType,Property Valuation Form Type,standard,String,STRING,Desktop Underwriter Property Inspection Report,Desktop Underwriter Property Inspection Report,declared by Encompass,0,declared-set-does-not-match-tenant
TSUM.PropertyFormType,Property Valuation Form Type,standard,String,STRING,Exterior Only Inspection Individual Condominium Unit Appraisal Report,Exterior Only Inspection Individual Condominium Unit Appraisal Report,declared by Encompass,0,declared-set-does-not-match-tenant
TSUM.PropertyFormType,Property Valuation Form Type,standard,String,STRING,Exterior Only Inspection Individual Cooperative Interest Appraisal Report,Exterior Only Inspection Individual Cooperative Interest Appraisal Report,declared by Encompass,0,declared-set-does-not-match-tenant
TSUM.PropertyFormType,Property Valuation Form Type,standard,String,STRING,Exterior Only Inspection Residential Appraisal Report,Exterior Only Inspection Residential Appraisal Report,declared by Encompass,0,declared-set-does-not-match-tenant
TSUM.PropertyFormType,Property Valuation Form Type,standard,String,STRING,Individual Condominium Unit Appraisal Report,Individual Condominium Unit Appraisal Report,declared by Encompass,0,declared-set-does-not-match-tenant
TSUM.PropertyFormType,Property Valuation Form Type,standard,String,STRING,Individual Cooperative Interest Appraisal Report,Individual Cooperative Interest Appraisal Report,declared by Encompass,0,declared-set-does-not-match-tenant
TSUM.PropertyFormType,Property Valuation Form Type,standard,String,STRING,Loan Prospector Condition And Marketability,Loan Prospector Condition And Marketability,declared by Encompass,0,declared-set-does-not-match-tenant
TSUM.PropertyFormType,Property Valuation Form Type,standard,String,STRING,Manufactured Home Appraisal Report,Manufactured Home Appraisal Report,declared by Encompass,0,declared-set-does-not-match-tenant
TSUM.PropertyFormType,Property Valuation Form Type,standard,String,STRING,One Unit Residential Appraisal Field Review Report,One Unit Residential Appraisal Field Review Report,declared by Encompass,0,declared-set-does-not-match-tenant
TSUM.PropertyFormType,Property Valuation Form Type,standard,String,STRING,Property Data Report,Property Data Report,declared by Encompass,0,declared-set-does-not-match-tenant
TSUM.PropertyFormType,Property Valuation Form Type,standard,String,STRING,Small Residential Income Property Appraisal Report,Small Residential Income Property Appraisal Report,declared by Encompass,0,declared-set-does-not-match-tenant
TSUM.PropertyFormType,Property Valuation Form Type,standard,String,STRING,Two To Four Unit Residential Appraisal,Two To Four Unit Residential Appraisal,declared by Encompass,0,declared-set-does-not-match-tenant
TSUM.PropertyFormType,Property Valuation Form Type,standard,String,STRING,Uniform Residential Appraisal Report,Uniform Residential Appraisal Report,declared by Encompass,0,declared-set-does-not-match-tenant
VEND.X653,File Contacts Broker License Exempt,standard,Boolean,YN,Y,Yes,declared by Encompass,0,boolean-representation
VEND.X653,File Contacts Broker License Exempt,standard,Boolean,YN,N,No,declared by Encompass,73,boolean-representation
CX.UC.IMPOUNDS,UW Comparison - Impounds,custom,YN,YN,true,true,inferred from live data,66,
CX.UC.IMPOUNDS,UW Comparison - Impounds,custom,YN,YN,false,false,inferred from live data,2,
CX.UC.PROPERTY.STATE,UW Comparison - Property State,custom,STATE,STATE,NJ,NJ,inferred from live data,38,
CX.UC.PROPERTY.STATE,UW Comparison - Property State,custom,STATE,STATE,NY,NY,inferred from live data,13,
CX.UC.PROPERTY.STATE,UW Comparison - Property State,custom,STATE,STATE,CT,CT,inferred from live data,7,
CX.UC.PROPERTY.STATE,UW Comparison - Property State,custom,STATE,STATE,PA,PA,inferred from live data,5,
CX.UC.PROPERTY.STATE,UW Comparison - Property State,custom,STATE,STATE,DE,DE,inferred from live data,2,
CX.UC.PROPERTY.STATE,UW Comparison - Property State,custom,STATE,STATE,FL,FL,inferred from live data,1,
URLA.X265,Borr Prior Residence Does Not Apply,standard,Boolean,YN,Y,Yes,declared by Encompass,16,boolean-representation
URLA.X265,Borr Prior Residence Does Not Apply,standard,Boolean,YN,N,No,declared by Encompass,46,boolean-representation
URLA.X51,Other Assets Does not Apply - Borrower,standard,Boolean,YN,Y,Yes,declared by Encompass,0,boolean-representation
URLA.X51,Other Assets Does not Apply - Borrower,standard,Boolean,YN,N,No,declared by Encompass,60,boolean-representation
1397,Trans Details Purchaser Type,standard,String,STRING,Loan was not originated,0. Not applicable,declared by Encompass,58,
1397,Trans Details Purchaser Type,standard,String,STRING,FNMA,1. Fannie Mae,declared by Encompass,0,
1397,Trans Details Purchaser Type,standard,String,STRING,GNMA,2. Ginnie Mae,declared by Encompass,0,
1397,Trans Details Purchaser Type,standard,String,STRING,FHLMC,3. Freddie Mac,declared by Encompass,0,
1397,Trans Details Purchaser Type,standard,String,STRING,FAMC,4. Farmer Mac,declared by Encompass,0,
1397,Trans Details Purchaser Type,standard,String,STRING,Private Securitization,5. Private securitizer,declared by Encompass,0,
1397,Trans Details Purchaser Type,standard,String,STRING,Savings Bank,"6. Commercial bank, savings bank, or savings association",declared by Encompass,0,
1397,Trans Details Purchaser Type,standard,String,STRING,"Credit union, mortgage company, or finance company","71. Credit union, mortgage company, or finance company",declared by Encompass,0,
1397,Trans Details Purchaser Type,standard,String,STRING,Life Insurance Co.,72. Life insurance company,declared by Encompass,0,
1397,Trans Details Purchaser Type,standard,String,STRING,Affiliate Institution,8. Affiliate institution,declared by Encompass,0,
1397,Trans Details Purchaser Type,standard,String,STRING,Other type of purchaser,9. Other type of purchaser,declared by Encompass,0,
2371,Purchase Advice First Payment To,standard,String,STRING,Lender,Lender,declared by Encompass,16,
2371,Purchase Advice First Payment To,standard,String,STRING,Investor,Investor,declared by Encompass,40,
4174,Borr Credit Score for Decision Making,standard,String,RA_STRING,7777,7777. Credit score is not a number,declared by Encompass,0,
4174,Borr Credit Score for Decision Making,standard,String,RA_STRING,8888,8888. Not applicable,declared by Encompass,55,
4175,Borr Credit Scoring Model,standard,String,STRING,Equifax Beacon 5.0,1. Equifax Beacon 5.0,declared by Encompass,0,
4175,Borr Credit Scoring Model,standard,String,STRING,Experian Fair Isaac,2. Experian Fair Isaac,declared by Encompass,0,
4175,Borr Credit Scoring Model,standard,String,STRING,FICO Risk Score Classic 04,3. FICO Risk Score Classic 04,declared by Encompass,0,
4175,Borr Credit Scoring Model,standard,String,STRING,FICO Risk Score Classic 98,4. FICO Risk Score Classic 98,declared by Encompass,0,
4175,Borr Credit Scoring Model,standard,String,STRING,VantageScore 2.0,5. VantageScore 2.0,declared by Encompass,0,
4175,Borr Credit Scoring Model,standard,String,STRING,VantageScore 3.0,6. VantageScore 3.0,declared by Encompass,0,
4175,Borr Credit Scoring Model,standard,String,STRING,More than one credit scoring model,7. More than one credit scoring model,declared by Encompass,0,
4175,Borr Credit Scoring Model,standard,String,STRING,Other credit scoring model,8. Other credit scoring model,declared by Encompass,0,
4175,Borr Credit Scoring Model,standard,String,STRING,Not applicable,9. Not applicable,declared by Encompass,55,
4175,Borr Credit Scoring Model,standard,String,STRING,FICO Score 9,11. FICO Score 9,declared by Encompass,0,
4175,Borr Credit Scoring Model,standard,String,STRING,FICO Score 8,12. FICO Score 8,declared by Encompass,0,
4175,Borr Credit Scoring Model,standard,String,STRING,FICO Score 10,13. FICO Score 10,declared by Encompass,0,
4175,Borr Credit Scoring Model,standard,String,STRING,FICO Score 10T,14. FICO Score 10T,declared by Encompass,0,
4175,Borr Credit Scoring Model,standard,String,STRING,VantageScore 4.0,15. VantageScore 4.0,declared by Encompass,0,
HMDA.X116,Borr Credit Score for Decision Making,standard,String,RA_STRING,7777,7777. Credit score is not a number,declared by Encompass,0,
HMDA.X116,Borr Credit Score for Decision Making,standard,String,RA_STRING,8888,8888. Not applicable,declared by Encompass,55,
HMDA.X116,Borr Credit Score for Decision Making,standard,String,RA_STRING,Exempt,1111. Exempt,declared by Encompass,0,
HMDA.X117,Borr Credit Scoring Model,standard,String,STRING,Equifax Beacon 5.0,1. Equifax Beacon 5.0,declared by Encompass,0,
HMDA.X117,Borr Credit Scoring Model,standard,String,STRING,Experian Fair Isaac,2. Experian Fair Isaac,declared by Encompass,0,
HMDA.X117,Borr Credit Scoring Model,standard,String,STRING,FICO Risk Score Classic 04,3. FICO Risk Score Classic 04,declared by Encompass,0,
HMDA.X117,Borr Credit Scoring Model,standard,String,STRING,FICO Risk Score Classic 98,4. FICO Risk Score Classic 98,declared by Encompass,0,
HMDA.X117,Borr Credit Scoring Model,standard,String,STRING,VantageScore 2.0,5. VantageScore 2.0,declared by Encompass,0,
HMDA.X117,Borr Credit Scoring Model,standard,String,STRING,VantageScore 3.0,6. VantageScore 3.0,declared by Encompass,0,
HMDA.X117,Borr Credit Scoring Model,standard,String,STRING,More than one credit scoring model,7. More than one credit scoring model,declared by Encompass,0,
HMDA.X117,Borr Credit Scoring Model,standard,String,STRING,Other credit scoring model,8. Other credit scoring model,declared by Encompass,0,
HMDA.X117,Borr Credit Scoring Model,standard,String,STRING,Not applicable,9. Not applicable,declared by Encompass,55,
HMDA.X117,Borr Credit Scoring Model,standard,String,STRING,FICO Score 9,11. FICO Score 9,declared by Encompass,0,
HMDA.X117,Borr Credit Scoring Model,standard,String,STRING,FICO Score 8,12. FICO Score 8,declared by Encompass,0,
HMDA.X117,Borr Credit Scoring Model,standard,String,STRING,FICO Score 10,13. FICO Score 10,declared by Encompass,0,
HMDA.X117,Borr Credit Scoring Model,standard,String,STRING,FICO Score 10T,14. FICO Score 10T,declared by Encompass,0,
HMDA.X117,Borr Credit Scoring Model,standard,String,STRING,VantageScore 4.0,15. VantageScore 4.0,declared by Encompass,0,
HMDA.X117,Borr Credit Scoring Model,standard,String,STRING,Exempt,1111. Exempt,declared by Encompass,0,
601,Subject Property Construction Status,standard,String,STRING,Existing,Existing,declared by Encompass,52,
601,Subject Property Construction Status,standard,String,STRING,Proposed,Proposed,declared by Encompass,0,
601,Subject Property Construction Status,standard,String,STRING,SubjectToAlterationImprovementRepairAndRehabilitation,Subject To Alteration Improvement Repair And Rehabilitation,declared by Encompass,0,
601,Subject Property Construction Status,standard,String,STRING,SubstantiallyRehabilitated,Substantially Rehabilitated,declared by Encompass,0,
601,Subject Property Construction Status,standard,String,STRING,UnderConstruction,New/Under Construction,declared by Encompass,0,
601,Subject Property Construction Status,standard,String,STRING,Other,Other,declared by Encompass,0,
NEWHUD2.X126,Line 1007 Taxes Indicator,standard,Boolean,YN,Y,Yes,declared by Encompass,52,boolean-representation
NEWHUD2.X126,Line 1007 Taxes Indicator,standard,Boolean,YN,N,No,declared by Encompass,0,boolean-representation
1751,Expenses Calc Tax Resrv Based On,standard,String,STRING,Loan Amount,Loan Amount,declared by Encompass,43,
1751,Expenses Calc Tax Resrv Based On,standard,String,STRING,Purchase Price,Purchase Price,declared by Encompass,8,
1751,Expenses Calc Tax Resrv Based On,standard,String,STRING,Appraisal Value,Appraisal Value,declared by Encompass,0,
1751,Expenses Calc Tax Resrv Based On,standard,String,STRING,Base Loan Amount,Base Loan Amount,declared by Encompass,0,
1751,Expenses Calc Tax Resrv Based On,standard,String,STRING,As Completed Purchase Price,As Completed Purchase Price,declared by Encompass,0,
1751,Expenses Calc Tax Resrv Based On,standard,String,STRING,As Completed Appraised Value,As Completed Appraised Value,declared by Encompass,0,
3430,Use Point for Calculation SRP and Price Balancing,standard,Boolean,YN,Y,Yes,declared by Encompass,50,boolean-representation
3430,Use Point for Calculation SRP and Price Balancing,standard,Boolean,YN,N,No,declared by Encompass,1,boolean-representation
2996,HUD 92900 LT Subject Property Type,standard,String,STRING,1 Unit,1 unit,declared by Encompass,23,
2996,HUD 92900 LT Subject Property Type,standard,String,STRING,2 Units,2 units,declared by Encompass,16,
2996,HUD 92900 LT Subject Property Type,standard,String,STRING,3-4 Units,3-4 units,declared by Encompass,11,
2996,HUD 92900 LT Subject Property Type,standard,String,STRING,Condominium,Condominium,declared by Encompass,0,
2996,HUD 92900 LT Subject Property Type,standard,String,STRING,Cooperative,Co-Operative,declared by Encompass,0,
2996,HUD 92900 LT Subject Property Type,standard,String,STRING,ManufacturedHousing,Manufactured Housing,declared by Encompass,0,
ULDD.FNM.PropertyFormType,Property Valuation Form Type,standard,String,STRING,FNM 1004 / FRE 70 = Uniform Residential Appraisal Report,FNM 1004 / FRE 70 = Uniform Residential Appraisal Report,declared by Encompass,22,
ULDD.FNM.PropertyFormType,Property Valuation Form Type,standard,String,STRING,FNM 1004C / FRE 70B = Manufactured Home Appraisal Report,FNM 1004C / FRE 70B = Manufactured Home Appraisal Report,declared by Encompass,0,
ULDD.FNM.PropertyFormType,Property Valuation Form Type,standard,String,STRING,FNM 1004D / FRE 442 = Appraisal Update And Or Completion Report (FRE Removed 5/2017),FNM 1004D / FRE 442 = Appraisal Update And Or Completion Report (FRE Removed 5/2017),declared by Encompass,0,
ULDD.FNM.PropertyFormType,Property Valuation Form Type,standard,String,STRING,FNM 1025 / FRE 72 = Small Residential Income Property Appraisal Report,FNM 1025 / FRE 72 = Small Residential Income Property Appraisal Report,declared by Encompass,25,
ULDD.FNM.PropertyFormType,Property Valuation Form Type,standard,String,STRING,FNM 1073 / FRE 465 = Individual Condominium Unit Appraisal Report,FNM 1073 / FRE 465 = Individual Condominium Unit Appraisal Report,declared by Encompass,3,
ULDD.FNM.PropertyFormType,Property Valuation Form Type,standard,String,STRING,FNM 1075 / FRE 466 = Exterior Only Inspection Individual Condominium Unit Appraisal Report,FNM 1075 / FRE 466 = Exterior Only Inspection Individual Condominium Unit Appraisal Report,declared by Encompass,0,
ULDD.FNM.PropertyFormType,Property Valuation Form Type,standard,String,STRING,FNM 2000 / FRE1032 = One Unit Residential Appraisal Field Review Report,FNM 2000 / FRE1032 = One Unit Residential Appraisal Field Review Report,declared by Encompass,0,
ULDD.FNM.PropertyFormType,Property Valuation Form Type,standard,String,STRING,FNM 2000A / FRE 1072 = Two To Four Unit Residential Appraisal,FNM 2000A / FRE 1072 = Two To Four Unit Residential Appraisal,declared by Encompass,0,
ULDD.FNM.PropertyFormType,Property Valuation Form Type,standard,String,STRING,FNM 2055 / FRE 2055 = Exterior Only Inspection Residential Appraisal Report,FNM 2055 / FRE 2055 = Exterior Only Inspection Residential Appraisal Report,declared by Encompass,0,
ULDD.FNM.PropertyFormType,Property Valuation Form Type,standard,String,STRING,FNM 2090 = Individual Cooperative Interest Appraisal Report,FNM 2090 = Individual Cooperative Interest Appraisal Report,declared by Encompass,0,
ULDD.FNM.PropertyFormType,Property Valuation Form Type,standard,String,STRING,FNM 2095 = Exterior Only Inspection Individual Cooperative Interest Appraisal Report,FNM 2095 = Exterior Only Inspection Individual Cooperative Interest Appraisal Report,declared by Encompass,0,
ULDD.FNM.PropertyFormType,Property Valuation Form Type,standard,String,STRING,DU Form 2075 = Desktop Underwriter Property Inspection Report,DU Form 2075 = Desktop Underwriter Property Inspection Report - Retired,declared by Encompass,0,
602,Subject Property Building Type,standard,String,STRING,Single Family Residence,Single Family Residence,declared by Encompass,0,
602,Subject Property Building Type,standard,String,STRING,Manufactured Home,Manufactured Home,declared by Encompass,0,
602,Subject Property Building Type,standard,String,STRING,Condo,Condo,declared by Encompass,0,
602,Subject Property Building Type,standard,String,STRING,Multi-Family Residence,Multi-Family Residence,declared by Encompass,0,
602,Subject Property Building Type,standard,String,STRING,Detached,Detached (Retired),declared by Encompass,42,
602,Subject Property Building Type,standard,String,STRING,Semi-Detached,Semi-Detached (Retired),declared by Encompass,5,
602,Subject Property Building Type,standard,String,STRING,Row,Row (Retired),declared by Encompass,2,
602,Subject Property Building Type,standard,String,STRING,Apt Unit,Apt Unit (Retired),declared by Encompass,0,
4211,Borr Not Hispanic or Latino Indicator,standard,Boolean,YN,Y,Not Hispanic or Latino,declared by Encompass,48,boolean-representation
4211,Borr Not Hispanic or Latino Indicator,standard,Boolean,YN,N,No,declared by Encompass,1,boolean-representation
CD4.X4,Escrow Other1,standard,Boolean,YN,Y,Yes,declared by Encompass,40,boolean-representation
CD4.X4,Escrow Other1,standard,Boolean,YN,N,No,declared by Encompass,8,boolean-representation
NEWHUD.X340,Incl Escrow-User Defined 1,standard,Boolean,YN,Y,Yes,declared by Encompass,40,boolean-representation
NEWHUD.X340,Incl Escrow-User Defined 1,standard,Boolean,YN,N,No,declared by Encompass,8,boolean-representation
1528,Borr Race White,standard,Boolean,YN,Y,White,declared by Encompass,44,boolean-representation
1528,Borr Race White,standard,Boolean,YN,N,No,declared by Encompass,3,boolean-representation
1523,Borr Ethnicity,standard,String,STRING,Hispanic or Latino,Hispanic or Latino,declared by Encompass,0,
1523,Borr Ethnicity,standard,String,STRING,Not Hispanic or Latino,Not Hispanic or Latino,declared by Encompass,46,
1523,Borr Ethnicity,standard,String,STRING,Information not provided,Information not provided,declared by Encompass,0,
1523,Borr Ethnicity,standard,String,STRING,Not applicable,Not applicable,declared by Encompass,0,
CD1.XD2,Closing Disclosure - Projected Calculation - Column 2 - Range Payment Indicator,standard,Boolean,YN,Y,Yes,declared by Encompass,0,boolean-representation
CD1.XD2,Closing Disclosure - Projected Calculation - Column 2 - Range Payment Indicator,standard,Boolean,YN,N,No,declared by Encompass,44,boolean-representation
LE1.XD2,Loan Estimate - Projected Calculation - Column 2 - Range Payment Indicator,standard,Boolean,YN,Y,Yes,declared by Encompass,0,boolean-representation
LE1.XD2,Loan Estimate - Projected Calculation - Column 2 - Range Payment Indicator,standard,Boolean,YN,N,No,declared by Encompass,44,boolean-representation
NEWHUD.X713,Include Points/Credit in Orig Chrg,standard,String,STRING,Origination Charge,Origination Charge,declared by Encompass,0,
NEWHUD.X713,Include Points/Credit in Orig Chrg,standard,String,STRING,Settlement Reduced,Settlement Charge Reduced,declared by Encompass,26,
NEWHUD.X713,Include Points/Credit in Orig Chrg,standard,String,STRING,Settlement Increased,Settlement Charge Increased,declared by Encompass,18,
CD1.X19,Closing Disclosure - Projected Calculation - Column 2 - Interest Only,standard,Boolean,YN,Y,Yes,declared by Encompass,0,boolean-representation
CD1.X19,Closing Disclosure - Projected Calculation - Column 2 - Interest Only,standard,Boolean,YN,N,No,declared by Encompass,43,boolean-representation
LE1.X21,Loan Estimate - Monthly Principal and Interest - Adjusts Starting in,standard,String,STRING,Month,Month,declared by Encompass,0,
LE1.X21,Loan Estimate - Monthly Principal and Interest - Adjusts Starting in,standard,String,STRING,Year,Year,declared by Encompass,43,
LE1.X23,Loan Estimate - Monthly Principal and Interest Can go or Goes,standard,String,STRING,Can go,Can go,declared by Encompass,43,
LE1.X23,Loan Estimate - Monthly Principal and Interest Can go or Goes,standard,String,STRING,Goes,Goes,declared by Encompass,0,
LE1.X53,Loan Estimate - Projected Calculation - Column 2 - Interest Only,standard,Boolean,YN,Y,Yes,declared by Encompass,0,boolean-representation
LE1.X53,Loan Estimate - Projected Calculation - Column 2 - Interest Only,standard,Boolean,YN,N,No,declared by Encompass,43,boolean-representation
LE1.X88,Loan Estimate - Monthly Principal and Interest - Will be Adjusted in Year/Month,standard,String,STRING,Month,Month,declared by Encompass,0,
LE1.X88,Loan Estimate - Monthly Principal and Interest - Will be Adjusted in Year/Month,standard,String,STRING,Year,Year,declared by Encompass,43,
LE1.X89,Loan Estimate - Monthly Principal and Interest - Interest Only in Year/Month,standard,String,STRING,Month,Month,declared by Encompass,0,
LE1.X89,Loan Estimate - Monthly Principal and Interest - Interest Only in Year/Month,standard,String,STRING,Year,Year,declared by Encompass,43,
NEWHUD.X715,Borr Receives Credit/Pays Fee,standard,String,STRING,Include Origination Points,Include Origination Points,declared by Encompass,17,
NEWHUD.X715,Borr Receives Credit/Pays Fee,standard,String,STRING,Include Origination Credit,Include Origination Credit (YSP),declared by Encompass,26,
Terms.IntrOnly,Interest Only Indicator,standard,Boolean,YN,Y,Yes,declared by Encompass,43,boolean-representation
Terms.IntrOnly,Interest Only Indicator,standard,Boolean,YN,N,No,declared by Encompass,0,boolean-representation
4796,Use Itemized Credits,standard,Boolean,YN,Y,Yes,declared by Encompass,40,boolean-representation
4796,Use Itemized Credits,standard,Boolean,YN,N,No,declared by Encompass,0,boolean-representation
CD3.X126,STD Deposit IncDec Remark,standard,String,STRING,Increased,Increased,declared by Encompass,40,
CD3.X126,STD Deposit IncDec Remark,standard,String,STRING,Decreased,Decreased,declared by Encompass,0,
NEWHUD2.X137,Line 1007 Escrow Indicator,standard,Boolean,YN,Y,Yes,declared by Encompass,40,boolean-representation
NEWHUD2.X137,Line 1007 Escrow Indicator,standard,Boolean,YN,N,No,declared by Encompass,0,boolean-representation
URLA.X129,BORROWER Community Property State Resident Indicator,standard,Boolean,YN,Y,At least one borrower lives in a community property state.,declared by Encompass,6,boolean-representation
URLA.X129,BORROWER Community Property State Resident Indicator,standard,Boolean,YN,N,No,declared by Encompass,33,boolean-representation
1853,Trans Details Qualify Using P&I,standard,Boolean,YN,Y,Qualify using P&I,declared by Encompass,33,boolean-representation
1853,Trans Details Qualify Using P&I,standard,Boolean,YN,N,No,declared by Encompass,0,boolean-representation
NEWHUD2.X129,Line 1008 Taxes Indicator,standard,Boolean,YN,Y,Yes,declared by Encompass,33,boolean-representation
NEWHUD2.X129,Line 1008 Taxes Indicator,standard,Boolean,YN,N,No,declared by Encompass,0,boolean-representation
CD4.X5,Escrow Other2,standard,Boolean,YN,Y,Yes,declared by Encompass,21,boolean-representation
CD4.X5,Escrow Other2,standard,Boolean,YN,N,No,declared by Encompass,9,boolean-representation
NEWHUD.X341,Incl Escrow-User Defined 2,standard,Boolean,YN,Y,Yes,declared by Encompass,21,boolean-representation
NEWHUD.X341,Incl Escrow-User Defined 2,standard,Boolean,YN,N,No,declared by Encompass,9,boolean-representation
URLA.X60,Liabilities Does not Apply - CoBorrower,standard,Boolean,YN,Y,Yes,declared by Encompass,0,boolean-representation
URLA.X60,Liabilities Does not Apply - CoBorrower,standard,Boolean,YN,N,No,declared by Encompass,27,boolean-representation
1876,Borrower Vesting - Co-Borr Vesting Type,standard,String,STRING,Individual,Individual,declared by Encompass,2,
1876,Borrower Vesting - Co-Borr Vesting Type,standard,String,STRING,Co-signer,Co-signer,declared by Encompass,0,
1876,Borrower Vesting - Co-Borr Vesting Type,standard,String,STRING,Title only,Title only,declared by Encompass,0,
1876,Borrower Vesting - Co-Borr Vesting Type,standard,String,STRING,Non Title Spouse,Non Title Spouse,declared by Encompass,0,
1876,Borrower Vesting - Co-Borr Vesting Type,standard,String,STRING,Trustee,Trustee,declared by Encompass,0,
1876,Borrower Vesting - Co-Borr Vesting Type,standard,String,STRING,Title Only Trustee,Title Only Trustee,declared by Encompass,0,
1876,Borrower Vesting - Co-Borr Vesting Type,standard,String,STRING,Settlor Trustee,Settlor Trustee,declared by Encompass,0,
1876,Borrower Vesting - Co-Borr Vesting Type,standard,String,STRING,Settlor,Settlor,declared by Encompass,0,
1876,Borrower Vesting - Co-Borr Vesting Type,standard,String,STRING,Title Only Settlor Trustee,Title Only Settlor Trustee,declared by Encompass,0,
1876,Borrower Vesting - Co-Borr Vesting Type,standard,String,STRING,Officer,Officer,declared by Encompass,24,
HMDA.X11,Subject Property Type,standard,String,STRING,One-to-fourFamily,One-to-fourFamily,declared by Encompass,26,
HMDA.X11,Subject Property Type,standard,String,STRING,ManufacturedHousing,Manufactured Housing,declared by Encompass,0,
HMDA.X11,Subject Property Type,standard,String,STRING,MultifamilyDwelling,Multifamily Dwelling,declared by Encompass,0,
URLA.X110,Real Estate Does not Apply - CoBorrower,standard,Boolean,YN,Y,Yes,declared by Encompass,0,boolean-representation
URLA.X110,Real Estate Does not Apply - CoBorrower,standard,Boolean,YN,N,No,declared by Encompass,24,boolean-representation
403,Borr Declarations Ownership in 3 years,standard,Boolean,YN,Yes,Yes,declared by Encompass,12,declared-set-does-not-match-tenant
403,Borr Declarations Ownership in 3 years,standard,Boolean,YN,No,No,declared by Encompass,11,declared-set-does-not-match-tenant
84,Co-Borr Marital Status,standard,String,STRING,Married,Married,declared by Encompass,21,
84,Co-Borr Marital Status,standard,String,STRING,Unmarried,Unmarried,declared by Encompass,1,
84,Co-Borr Marital Status,standard,String,STRING,Separated,Separated,declared by Encompass,0,
NEWHUD2.X138,Line 1008 Escrow Indicator,standard,Boolean,YN,Y,Yes,declared by Encompass,21,boolean-representation
NEWHUD2.X138,Line 1008 Escrow Indicator,standard,Boolean,YN,N,No,declared by Encompass,1,boolean-representation
4009,Co-Borrower Vesting Type,standard,String,STRING,Individual,Individual,declared by Encompass,0,
4009,Co-Borrower Vesting Type,standard,String,STRING,Co-signer,Co-signer,declared by Encompass,0,
4009,Co-Borrower Vesting Type,standard,String,STRING,Title only,Title only,declared by Encompass,0,
4009,Co-Borrower Vesting Type,standard,String,STRING,Non Title Spouse,Non Title Spouse,declared by Encompass,0,
4009,Co-Borrower Vesting Type,standard,String,STRING,Trustee,Trustee,declared by Encompass,0,
4009,Co-Borrower Vesting Type,standard,String,STRING,Title Only Trustee,Title Only Trustee,declared by Encompass,0,
4009,Co-Borrower Vesting Type,standard,String,STRING,Settlor Trustee,Settlor Trustee,declared by Encompass,0,
4009,Co-Borrower Vesting Type,standard,String,STRING,Settlor,Settlor,declared by Encompass,0,
4009,Co-Borrower Vesting Type,standard,String,STRING,Title Only Settlor Trustee,Title Only Settlor Trustee,declared by Encompass,0,
4009,Co-Borrower Vesting Type,standard,String,STRING,Officer,Officer,declared by Encompass,21,
URLA.X111,Borr Legal Other Than Spouse,standard,Boolean,YN,Y,Yes,declared by Encompass,0,boolean-representation
URLA.X111,Borr Legal Other Than Spouse,standard,Boolean,YN,N,No,declared by Encompass,19,boolean-representation
CD4.X45,Closing Disclosure Page 4 - Is HOA Dues Escrow,standard,Boolean,YN,Y,Yes,declared by Encompass,0,boolean-representation
CD4.X45,Closing Disclosure Page 4 - Is HOA Dues Escrow,standard,Boolean,YN,N,No,declared by Encompass,18,boolean-representation
NEWHUD.X1169,Fees Line 802 LO Compensation Tool - Lender Compensation Credit Paid By 2,standard,String,STRING,Broker,B,declared by Encompass,0,
NEWHUD.X1169,Fees Line 802 LO Compensation Tool - Lender Compensation Credit Paid By 2,standard,String,STRING,Lender,L,declared by Encompass,18,
NEWHUD.X1169,Fees Line 802 LO Compensation Tool - Lender Compensation Credit Paid By 2,standard,String,STRING,Other,O,declared by Encompass,0,
URLA.X7,Borr Current Address Unit Type,standard,String,STRING,Apartment,Apartment,declared by Encompass,11,
URLA.X7,Borr Current Address Unit Type,standard,String,STRING,Basement,Basement,declared by Encompass,0,
URLA.X7,Borr Current Address Unit Type,standard,String,STRING,Building,Building,declared by Encompass,0,
URLA.X7,Borr Current Address Unit Type,standard,String,STRING,Condo,Condo,declared by Encompass,3,
URLA.X7,Borr Current Address Unit Type,standard,String,STRING,Department,Department,declared by Encompass,0,
URLA.X7,Borr Current Address Unit Type,standard,String,STRING,Floor,Floor,declared by Encompass,3,
URLA.X7,Borr Current Address Unit Type,standard,String,STRING,Front,Front,declared by Encompass,0,
URLA.X7,Borr Current Address Unit Type,standard,String,STRING,Hangar,Hangar,declared by Encompass,0,
URLA.X7,Borr Current Address Unit Type,standard,String,STRING,Key,Key,declared by Encompass,0,
URLA.X7,Borr Current Address Unit Type,standard,String,STRING,Lobby,Lobby,declared by Encompass,0,
URLA.X7,Borr Current Address Unit Type,standard,String,STRING,Lot,Lot,declared by Encompass,0,
URLA.X7,Borr Current Address Unit Type,standard,String,STRING,Lower,Lower,declared by Encompass,0,
URLA.X7,Borr Current Address Unit Type,standard,String,STRING,Office,Office,declared by Encompass,0,
URLA.X7,Borr Current Address Unit Type,standard,String,STRING,Penthouse,Penthouse,declared by Encompass,0,
URLA.X7,Borr Current Address Unit Type,standard,String,STRING,Pier,Pier,declared by Encompass,0,
URLA.X7,Borr Current Address Unit Type,standard,String,STRING,Rear,Rear,declared by Encompass,0,
URLA.X7,Borr Current Address Unit Type,standard,String,STRING,Room,Room,declared by Encompass,0,
URLA.X7,Borr Current Address Unit Type,standard,String,STRING,Side,Side,declared by Encompass,0,
URLA.X7,Borr Current Address Unit Type,standard,String,STRING,Space,Space,declared by Encompass,0,
URLA.X7,Borr Current Address Unit Type,standard,String,STRING,Stop,Stop,declared by Encompass,0,
URLA.X7,Borr Current Address Unit Type,standard,String,STRING,Suite,Suite,declared by Encompass,0,
URLA.X7,Borr Current Address Unit Type,standard,String,STRING,Trailer,Trailer,declared by Encompass,0,
URLA.X7,Borr Current Address Unit Type,standard,String,STRING,Unit,Unit,declared by Encompass,0,
URLA.X7,Borr Current Address Unit Type,standard,String,STRING,Upper,Upper,declared by Encompass,0,
4711,Condominium Project Type Indicator,standard,Boolean,YN,Y,Yes,declared by Encompass,16,boolean-representation
4711,Condominium Project Type Indicator,standard,Boolean,YN,N,No,declared by Encompass,0,boolean-representation
URLA.X205,Condominium Project Type Indicator,standard,Boolean,YN,Y,Yes,declared by Encompass,16,boolean-representation
URLA.X205,Condominium Project Type Indicator,standard,Boolean,YN,N,No,declared by Encompass,0,boolean-representation
DISCLOSURE.X1208,State Disc - Pursuant to OH RMLA,standard,String,STRING,Solely,solely,declared by Encompass,0,
DISCLOSURE.X1208,State Disc - Pursuant to OH RMLA,standard,String,STRING,Partially,partially under the RMLA in reliance on the provisions of the Ohio Residential Mortgage Lending Act (Ohio Rev. Code 1322.01 to 1322.99),declared by Encompass,15,
URLA.X63,Other Liabilities Does not Apply - Borrower,standard,Boolean,YN,Y,Yes,declared by Encompass,1,boolean-representation
URLA.X63,Other Liabilities Does not Apply - Borrower,standard,Boolean,YN,N,No,declared by Encompass,14,boolean-representation
33,Subject Property Manner Held,standard,String,STRING,Community property,Community property,declared by Encompass,0,declared-set-does-not-match-tenant
33,Subject Property Manner Held,standard,String,STRING,Joint tenants,Joint tenants,declared by Encompass,0,declared-set-does-not-match-tenant
33,Subject Property Manner Held,standard,String,STRING,Single man,Single man,declared by Encompass,0,declared-set-does-not-match-tenant
33,Subject Property Manner Held,standard,String,STRING,Single woman,Single woman,declared by Encompass,0,declared-set-does-not-match-tenant
33,Subject Property Manner Held,standard,String,STRING,Married man,Married man,declared by Encompass,0,declared-set-does-not-match-tenant
33,Subject Property Manner Held,standard,String,STRING,Married woman,Married woman,declared by Encompass,0,declared-set-does-not-match-tenant
33,Subject Property Manner Held,standard,String,STRING,Tenants in common,Tenants in common,declared by Encompass,0,declared-set-does-not-match-tenant
33,Subject Property Manner Held,standard,String,STRING,Tenancy by entirety,Tenancy by entirety,declared by Encompass,0,declared-set-does-not-match-tenant
33,Subject Property Manner Held,standard,String,STRING,To be decided in escrow,To be decided in escrow,declared by Encompass,0,declared-set-does-not-match-tenant
33,Subject Property Manner Held,standard,String,STRING,Unmarried man,Unmarried man,declared by Encompass,0,declared-set-does-not-match-tenant
33,Subject Property Manner Held,standard,String,STRING,Unmarried woman,Unmarried woman,declared by Encompass,0,declared-set-does-not-match-tenant
33,Subject Property Manner Held,standard,String,STRING,Spouses Married to Each Other,Spouses Married to Each Other,declared by Encompass,0,declared-set-does-not-match-tenant
33,Subject Property Manner Held,standard,String,STRING,Other,Other,declared by Encompass,0,declared-set-does-not-match-tenant
467,Co-Borr Declarations K,standard,Boolean,YN,Y,Yes,declared by Encompass,0,boolean-representation
467,Co-Borr Declarations K,standard,Boolean,YN,N,No,declared by Encompass,13,boolean-representation
934,Borr First Time Homebuyer,standard,Boolean,YN,Y,Yes,declared by Encompass,0,boolean-representation
934,Borr First Time Homebuyer,standard,Boolean,YN,N,No,declared by Encompass,13,boolean-representation
985,Co-Borr Declarations J,standard,Boolean,YN,Y,Yes,declared by Encompass,13,boolean-representation
985,Co-Borr Declarations J,standard,Boolean,YN,N,No,declared by Encompass,0,boolean-representation
3528,Lock Request Borr First Time Homebuyer,standard,Boolean,YN,Y,Yes,declared by Encompass,0,boolean-representation
3528,Lock Request Borr First Time Homebuyer,standard,Boolean,YN,N,No,declared by Encompass,13,boolean-representation
4973,Borrower First-Time Homebuyer?,standard,Boolean,YN,Y,Yes,declared by Encompass,0,boolean-representation
4973,Borrower First-Time Homebuyer?,standard,Boolean,YN,N,No,declared by Encompass,13,boolean-representation
ULDD.X182,Subject Property Project Classification,standard,String,STRING,Condominium,Condominium,declared by Encompass,13,
ULDD.X182,Subject Property Project Classification,standard,String,STRING,Cooperative,Co-Operative,declared by Encompass,0,
URLA.X2,Co-Borr Declarations,standard,String,STRING,USCitizen,US Citizen,declared by Encompass,13,
URLA.X2,Co-Borr Declarations,standard,String,STRING,PermanentResidentAlien,Permanent Resident Alien,declared by Encompass,0,
URLA.X2,Co-Borr Declarations,standard,String,STRING,NonPermanentResidentAlien,Non-Permanent Resident Alien,declared by Encompass,0,
3516,Lock Request Borr Self Employed,standard,Boolean,YN,Y,Yes,declared by Encompass,4,boolean-representation
3516,Lock Request Borr Self Employed,standard,Boolean,YN,N,No,declared by Encompass,8,boolean-representation
4206,Co-Borr Do Not Wish Indicator,standard,Boolean,YN,Y,I do not wish to provide this information,declared by Encompass,9,boolean-representation
4206,Co-Borr Do Not Wish Indicator,standard,Boolean,YN,N,No,declared by Encompass,3,boolean-representation
DISCLOSURE.X628,Disclosure Co-Borr CB2 Credit Score for Disclosure Notice,standard,Boolean,YN,Y,Yes,declared by Encompass,12,boolean-representation
DISCLOSURE.X628,Disclosure Co-Borr CB2 Credit Score for Disclosure Notice,standard,Boolean,YN,N,No,declared by Encompass,0,boolean-representation
DISCLOSURE.X630,Disclosure Co-Borr CB3 Credit Score for Disclosure Notice,standard,Boolean,YN,Y,Yes,declared by Encompass,12,boolean-representation
DISCLOSURE.X630,Disclosure Co-Borr CB3 Credit Score for Disclosure Notice,standard,Boolean,YN,N,No,declared by Encompass,0,boolean-representation
DISCLOSURE.X946,Disclosure Trans Union Borrower Material Terms of Credit Set by Credit Score,standard,Boolean,YN,Y,Yes,declared by Encompass,12,boolean-representation
DISCLOSURE.X946,Disclosure Trans Union Borrower Material Terms of Credit Set by Credit Score,standard,Boolean,YN,N,No,declared by Encompass,0,boolean-representation
DISCLOSURE.X948,Disclosure Trans Union Borrower Material Terms of Credit Set by Credit Score,standard,Boolean,YN,Y,Yes,declared by Encompass,12,boolean-representation
DISCLOSURE.X948,Disclosure Trans Union Borrower Material Terms of Credit Set by Credit Score,standard,Boolean,YN,N,No,declared by Encompass,0,boolean-representation
NEWHUD.X338,Incl Escrow-Flood Ins,standard,Boolean,YN,Y,Yes,declared by Encompass,10,boolean-representation
NEWHUD.X338,Incl Escrow-Flood Ins,standard,Boolean,YN,N,No,declared by Encompass,2,boolean-representation
1106,Trans Details Credit 3 Descr,standard,String,STRING,BorrowerPaidFees,Borrower Paid Fees (FNMA Retired),declared by Encompass,0,
1106,Trans Details Credit 3 Descr,standard,String,STRING,CashDepositOnSalesContract,Cash Deposit On Sales Contract,declared by Encompass,0,
1106,Trans Details Credit 3 Descr,standard,String,STRING,EmployerAssistedHousing,Employer Asst. Housing (FNMA/FRE),declared by Encompass,0,
1106,Trans Details Credit 3 Descr,standard,String,STRING,LeasePurchaseFund,Lease Purchase Fund (FNMA/FRE),declared by Encompass,0,
1106,Trans Details Credit 3 Descr,standard,String,STRING,LenderCredit,Lender Credit - Retired,declared by Encompass,9,
1106,Trans Details Credit 3 Descr,standard,String,STRING,LotEquity,Lot Equity (FNMA/FRE),declared by Encompass,0,
1106,Trans Details Credit 3 Descr,standard,String,STRING,MIPremiumRefund,MI Premium Refund - Retired,declared by Encompass,0,
1106,Trans Details Credit 3 Descr,standard,String,STRING,Other,Other (FNMA/FRE),declared by Encompass,2,
1106,Trans Details Credit 3 Descr,standard,String,STRING,RelocationFunds,Relocation Funds (FNMA/FRE),declared by Encompass,0,
1106,Trans Details Credit 3 Descr,standard,String,STRING,SellerCredit,Seller Credit - Retired,declared by Encompass,0,
1106,Trans Details Credit 3 Descr,standard,String,STRING,SweatEquity,Sweat Equity (FNMA/FRE),declared by Encompass,0,
1106,Trans Details Credit 3 Descr,standard,String,STRING,TradeEquityFromPropertySwap,Trade Equity From Property Swap (FNMA/FRE),declared by Encompass,0,
3850,ATR\QM Management Tool - Basic Info - Subject Property is in an Underserved Area,standard,Boolean,YN,Y,Yes,declared by Encompass,0,boolean-representation
3850,ATR\QM Management Tool - Basic Info - Subject Property is in an Underserved Area,standard,Boolean,YN,N,No,declared by Encompass,11,boolean-representation
4253,Co-Borr I do not wish to provide this information,standard,Boolean,YN,Y,I do not wish to provide this information,declared by Encompass,9,boolean-representation
4253,Co-Borr I do not wish to provide this information,standard,Boolean,YN,N,No,declared by Encompass,2,boolean-representation
NEWHUD2.X136,Line 1006 Escrow Indicator,standard,Boolean,YN,Y,Yes,declared by Encompass,10,boolean-representation
NEWHUD2.X136,Line 1006 Escrow Indicator,standard,Boolean,YN,N,No,declared by Encompass,1,boolean-representation
QM.X135,ATR QM - Qualification - This Loan is a Higher-Priced Covered Transaction,standard,String,STRING,is,is,declared by Encompass,4,
QM.X135,ATR QM - Qualification - This Loan is a Higher-Priced Covered Transaction,standard,String,STRING,is not,is not,declared by Encompass,7,
QM.X382,ATR QM - Qualification - QM HPCT Test,standard,String,STRING,is,is,declared by Encompass,4,
QM.X382,ATR QM - Qualification - QM HPCT Test,standard,String,STRING,is not,is not,declared by Encompass,7,
URLA.X82,Gifts and Grants Indicator Borr,standard,Boolean,YN,Y,Does not apply,declared by Encompass,0,boolean-representation
URLA.X82,Gifts and Grants Indicator Borr,standard,Boolean,YN,N,No,declared by Encompass,11,boolean-representation
4532,Correspondent Loan Status - Loan is Committed,standard,Boolean,YN,Y,Yes,declared by Encompass,0,boolean-representation
4532,Correspondent Loan Status - Loan is Committed,standard,Boolean,YN,N,No,declared by Encompass,10,boolean-representation
NEWHUD.X1167,Fees Line 802 LO Compensation Tool - Lender Compensation Credit Paid By 1,standard,String,STRING,Broker,B,declared by Encompass,0,
NEWHUD.X1167,Fees Line 802 LO Compensation Tool - Lender Compensation Credit Paid By 1,standard,String,STRING,Lender,L,declared by Encompass,10,
NEWHUD.X1167,Fees Line 802 LO Compensation Tool - Lender Compensation Credit Paid By 1,standard,String,STRING,Other,O,declared by Encompass,0,
NEWHUD.X1168,Fees Line 802 LO Compensation Tool - Lender Compensation Credit Paid To 1,standard,String,STRING,Broker,B,declared by Encompass,10,
NEWHUD.X1168,Fees Line 802 LO Compensation Tool - Lender Compensation Credit Paid To 1,standard,String,STRING,Lender,L,declared by Encompass,0,
NEWHUD.X1168,Fees Line 802 LO Compensation Tool - Lender Compensation Credit Paid To 1,standard,String,STRING,Seller,S,declared by Encompass,0,
NEWHUD.X1168,Fees Line 802 LO Compensation Tool - Lender Compensation Credit Paid To 1,standard,String,STRING,Investor,I,declared by Encompass,0,
NEWHUD.X1168,Fees Line 802 LO Compensation Tool - Lender Compensation Credit Paid To 1,standard,String,STRING,Affiliate,A,declared by Encompass,0,
NEWHUD.X1168,Fees Line 802 LO Compensation Tool - Lender Compensation Credit Paid To 1,standard,String,STRING,Other,O,declared by Encompass,0,
URLA.X130,Community Property State Resident Indicator,standard,Boolean,YN,Y,The property is in a community property state.,declared by Encompass,0,boolean-representation
URLA.X130,Community Property State Resident Indicator,standard,Boolean,YN,N,No,declared by Encompass,10,boolean-representation
4076,Co-Borrower Authorized Credit Report Indicator,standard,Boolean,YN,Y,Yes,declared by Encompass,4,boolean-representation
4076,Co-Borrower Authorized Credit Report Indicator,standard,Boolean,YN,N,No,declared by Encompass,5,boolean-representation
4200,Co-Borr Not Applicable Indicator,standard,Boolean,YN,Y,Not Applicable,declared by Encompass,0,boolean-representation
4200,Co-Borr Not Applicable Indicator,standard,Boolean,YN,N,No,declared by Encompass,9,boolean-representation
CoBorr.TrusteeOf,Borrower Vesting Co-Borr Trustee Of,standard,String,STRING,Trust 1,Trust 1,declared by Encompass,9,
CoBorr.TrusteeOf,Borrower Vesting Co-Borr Trustee Of,standard,String,STRING,Trust 2,Trust 2,declared by Encompass,0,
3866,Coborrower SSA-89 Mortgage Service Indicator,standard,Boolean,YN,Y,Yes,declared by Encompass,8,boolean-representation
3866,Coborrower SSA-89 Mortgage Service Indicator,standard,Boolean,YN,N,No,declared by Encompass,0,boolean-representation
4198,Co-Borr Race Male Indicator,standard,Boolean,YN,Y,Male,declared by Encompass,7,boolean-representation
4198,Co-Borr Race Male Indicator,standard,Boolean,YN,N,No,declared by Encompass,1,boolean-representation
4248,Co-Borr Information Not Provided,standard,Boolean,YN,Y,Information Not Provided,declared by Encompass,0,boolean-representation
4248,Co-Borr Information Not Provided,standard,Boolean,YN,N,No,declared by Encompass,8,boolean-representation
NEWHUD2.X132,Line 1009 Taxes Indicator,standard,Boolean,YN,Y,Yes,declared by Encompass,8,boolean-representation
NEWHUD2.X132,Line 1009 Taxes Indicator,standard,Boolean,YN,N,No,declared by Encompass,0,boolean-representation
4748,Simple Interest Uses Leap Year,standard,Boolean,YN,Y,Yes,declared by Encompass,0,boolean-representation
4748,Simple Interest Uses Leap Year,standard,Boolean,YN,N,No,declared by Encompass,7,boolean-representation
4749,Use Simple Interest Accrual,standard,Boolean,YN,Y,Yes,declared by Encompass,0,boolean-representation
4749,Use Simple Interest Accrual,standard,Boolean,YN,N,No,declared by Encompass,7,boolean-representation
4936,CoBorrower - Home Email Preferred,standard,Boolean,YN,Y,Yes,declared by Encompass,5,boolean-representation
4936,CoBorrower - Home Email Preferred,standard,Boolean,YN,N,No,declared by Encompass,2,boolean-representation
CD4.X6,Escrow Other3,standard,Boolean,YN,Y,Yes,declared by Encompass,7,boolean-representation
CD4.X6,Escrow Other3,standard,Boolean,YN,N,No,declared by Encompass,0,boolean-representation
NEWHUD.X342,Incl Escrow-User Defined 3,standard,Boolean,YN,Y,Yes,declared by Encompass,7,boolean-representation
NEWHUD.X342,Incl Escrow-User Defined 3,standard,Boolean,YN,N,No,declared by Encompass,0,boolean-representation
NEWHUD2.X139,Line 1009 Escrow Indicator,standard,Boolean,YN,Y,Yes,declared by Encompass,7,boolean-representation
NEWHUD2.X139,Line 1009 Escrow Indicator,standard,Boolean,YN,N,No,declared by Encompass,0,boolean-representation
479,Trans Details Application Taken By,standard,String,STRING,FaceToFace,Face-to-Face Interview (includes Electronic Media with Video Component),declared by Encompass,0,
479,Trans Details Application Taken By,standard,String,STRING,Internet,Email or Internet,declared by Encompass,6,
479,Trans Details Application Taken By,standard,String,STRING,Mail,Fax or Mail,declared by Encompass,0,
479,Trans Details Application Taken By,standard,String,STRING,Telephone,Telephone Interview,declared by Encompass,0,
4197,Co-Borr Female Indicator,standard,Boolean,YN,Y,Female,declared by Encompass,1,boolean-representation
4197,Co-Borr Female Indicator,standard,Boolean,YN,N,No,declared by Encompass,5,boolean-representation
4199,Co-Borr Do Not Wish Indicator,standard,Boolean,YN,Y,I do not wish to provide this information,declared by Encompass,4,boolean-representation
4199,Co-Borr Do Not Wish Indicator,standard,Boolean,YN,N,No,declared by Encompass,2,boolean-representation
4932,CoBorrower - Home Phone Preferred,standard,Boolean,YN,Y,Yes,declared by Encompass,5,boolean-representation
4932,CoBorrower - Home Phone Preferred,standard,Boolean,YN,N,No,declared by Encompass,1,boolean-representation
CX.USEACTUALRENTORMARKET,Use actual rent or market rent?,custom,DROPDOWNLIST,DROPDOWNLIST,Market rent,Market rent,inferred from live data,5,
CX.USEACTUALRENTORMARKET,Use actual rent or market rent?,custom,DROPDOWNLIST,DROPDOWNLIST,Actual rent,Actual rent,inferred from live data,1,
CX.YEARS.AT.EMPLOYER,Years at Employer,custom,DROPDOWNLIST,DROPDOWNLIST,Yes,Yes,inferred from live data,6,
NEWHUD.X1068,Table Funded Transactions Indicator,standard,Boolean,YN,Y,Yes,declared by Encompass,6,boolean-representation
NEWHUD.X1068,Table Funded Transactions Indicator,standard,Boolean,YN,N,No,declared by Encompass,0,boolean-representation
URLA.X266,CoBorr Prior Residence Does Not Apply,standard,Boolean,YN,Y,Yes,declared by Encompass,4,boolean-representation
URLA.X266,CoBorr Prior Residence Does Not Apply,standard,Boolean,YN,N,No,declared by Encompass,2,boolean-representation
URLA.X3,Obsolete - Assets/Liabilities Completed Jointly/Not Jointly,standard,String,STRING,Jointly,Jointly,declared by Encompass,1,
URLA.X3,Obsolete - Assets/Liabilities Completed Jointly/Not Jointly,standard,String,STRING,NotJointly,Not Jointly,declared by Encompass,5,
URLA.X4,Obsolete -Assets/Liabilities Completed Jointly/Not Jointly,standard,String,STRING,Jointly,Jointly,declared by Encompass,1,
URLA.X4,Obsolete -Assets/Liabilities Completed Jointly/Not Jointly,standard,String,STRING,NotJointly,Not Jointly,declared by Encompass,5,
181,Assets/Liabilities Completed Jointly/Not Jointly,standard,String,STRING,Jointly,Jointly,declared by Encompass,0,declared-set-does-not-match-tenant
181,Assets/Liabilities Completed Jointly/Not Jointly,standard,String,STRING,NotJointly,Not Jointly,declared by Encompass,0,declared-set-does-not-match-tenant
202,Trans Details Credit 1 Descr,standard,String,STRING,BorrowerPaidFees,Borrower Paid Fees (FNMA Retired),declared by Encompass,0,
202,Trans Details Credit 1 Descr,standard,String,STRING,CashDepositOnSalesContract,Cash Deposit On Sales Contract,declared by Encompass,0,
202,Trans Details Credit 1 Descr,standard,String,STRING,EmployerAssistedHousing,Employer Asst. Housing (FNMA/FRE),declared by Encompass,0,
202,Trans Details Credit 1 Descr,standard,String,STRING,LeasePurchaseFund,Lease Purchase Fund (FNMA/FRE),declared by Encompass,0,
202,Trans Details Credit 1 Descr,standard,String,STRING,LenderCredit,Lender Credit - Retired,declared by Encompass,0,
202,Trans Details Credit 1 Descr,standard,String,STRING,LotEquity,Lot Equity (FNMA/FRE),declared by Encompass,0,
202,Trans Details Credit 1 Descr,standard,String,STRING,MIPremiumRefund,MI Premium Refund - Retired,declared by Encompass,0,
202,Trans Details Credit 1 Descr,standard,String,STRING,Other,Other (FNMA/FRE),declared by Encompass,5,
202,Trans Details Credit 1 Descr,standard,String,STRING,RelocationFunds,Relocation Funds (FNMA/FRE),declared by Encompass,0,
202,Trans Details Credit 1 Descr,standard,String,STRING,SellerCredit,Seller Credit - Retired,declared by Encompass,0,
202,Trans Details Credit 1 Descr,standard,String,STRING,SweatEquity,Sweat Equity (FNMA/FRE),declared by Encompass,0,
202,Trans Details Credit 1 Descr,standard,String,STRING,TradeEquityFromPropertySwap,Trade Equity From Property Swap (FNMA/FRE),declared by Encompass,0,
1820,Co-Borr Mailing Addr Same as Present,standard,Boolean,YN,Y,Same as present address,declared by Encompass,5,boolean-representation
1820,Co-Borr Mailing Addr Same as Present,standard,Boolean,YN,N,No,declared by Encompass,0,boolean-representation
3518,Lock Request Co-Mort1 Self Employed,standard,Boolean,YN,Y,Yes,declared by Encompass,3,boolean-representation
3518,Lock Request Co-Mort1 Self Employed,standard,Boolean,YN,N,No,declared by Encompass,2,boolean-representation
4214,Co-Borr Not Hispanic or Latino Indicator,standard,Boolean,YN,Y,Not Hispanic or Latino,declared by Encompass,2,boolean-representation
4214,Co-Borr Not Hispanic or Latino Indicator,standard,Boolean,YN,N,No,declared by Encompass,3,boolean-representation
4920,Borrower - Text Message Preferred,standard,Boolean,YN,Y,Yes,declared by Encompass,5,boolean-representation
4920,Borrower - Text Message Preferred,standard,Boolean,YN,N,No,declared by Encompass,0,boolean-representation
5055,Borrower Government ID Type,standard,String,STRING,SSN,SSN - Social Security Number,declared by Encompass,0,
5055,Borrower Government ID Type,standard,String,STRING,TIN,TIN - Tax Identification Number,declared by Encompass,0,
5055,Borrower Government ID Type,standard,String,STRING,DL,DL - US State Issued Driver's License ID,declared by Encompass,5,
5055,Borrower Government ID Type,standard,String,STRING,ML,ML - Military ID,declared by Encompass,0,
5055,Borrower Government ID Type,standard,String,STRING,PPT,PPT- Valid Passport,declared by Encompass,0,
5055,Borrower Government ID Type,standard,String,STRING,AID,AID - Alien Identification Card,declared by Encompass,0,
5055,Borrower Government ID Type,standard,String,STRING,OTH,OTH - Describe Other,declared by Encompass,0,
DISCLOSURE.X996,Disclosure-NY Type of Property,standard,String,STRING,NotMoreThanSixUnits,"This Agreement covers real property principally improved, or to be improved, by one or more structures containing not more than 6 units.",declared by Encompass,5,
DISCLOSURE.X996,Disclosure-NY Type of Property,standard,String,STRING,OneToTwoUnits,"This Agreement covers real property improved, or to be improved (1-2 units).",declared by Encompass,0,
DISCLOSURE.X996,Disclosure-NY Type of Property,standard,String,STRING,NoUnits,This Agreement does not cover real property.,declared by Encompass,0,
NEWHUD.X1726,Incl Escrow-City Prop Taxes,standard,Boolean,YN,Y,Yes,declared by Encompass,5,boolean-representation
NEWHUD.X1726,Incl Escrow-City Prop Taxes,standard,Boolean,YN,N,No,declared by Encompass,0,boolean-representation
NEWHUD.X754,Fees Line 810 POC,standard,Boolean,YN,Y,Yes,declared by Encompass,5,boolean-representation
NEWHUD.X754,Fees Line 810 POC,standard,Boolean,YN,N,No,declared by Encompass,0,boolean-representation
NEWHUD2.X135,Line 1005 Escrow Indicator,standard,Boolean,YN,Y,Yes,declared by Encompass,5,boolean-representation
NEWHUD2.X135,Line 1005 Escrow Indicator,standard,Boolean,YN,N,No,declared by Encompass,0,boolean-representation
POPT.X19,Section 800 Line 810 POC and PTC Indicator,standard,Boolean,YN,Y,Yes,declared by Encompass,5,boolean-representation
POPT.X19,Section 800 Line 810 POC and PTC Indicator,standard,Boolean,YN,N,No,declared by Encompass,0,boolean-representation
URLA.X14,Co-BorrMilitary Service Indicator,standard,Boolean,YN,N,No,declared by Encompass,5,boolean-representation
URLA.X14,Co-BorrMilitary Service Indicator,standard,Boolean,YN,Y,Yes,declared by Encompass,0,boolean-representation
VEND.X817,File Contacts Servicing Business License Auth Type,standard,String,STRING,,,declared by Encompass,0,
VEND.X817,File Contacts Servicing Business License Auth Type,standard,String,STRING,Private,Private,declared by Encompass,0,
VEND.X817,File Contacts Servicing Business License Auth Type,standard,String,STRING,Public Federal,Public Federal,declared by Encompass,0,
VEND.X817,File Contacts Servicing Business License Auth Type,standard,String,STRING,Public Local,Public Local,declared by Encompass,0,
VEND.X817,File Contacts Servicing Business License Auth Type,standard,String,STRING,Public State,Public State,declared by Encompass,5,
307,Trans Details Income of Other will be used,standard,Boolean,YN,Y,The income/assets of a person other than Borrower will be used...,declared by Encompass,4,boolean-representation
307,Trans Details Income of Other will be used,standard,Boolean,YN,N,No,declared by Encompass,0,boolean-representation
1536,Co-Borr Race White,standard,Boolean,YN,Y,White,declared by Encompass,2,boolean-representation
1536,Co-Borr Race White,standard,Boolean,YN,N,No,declared by Encompass,2,boolean-representation
4215,Co-Borr Not Applicable Indicator,standard,Boolean,YN,Y,Not Applicable,declared by Encompass,1,boolean-representation
4215,Co-Borr Not Applicable Indicator,standard,Boolean,YN,N,No,declared by Encompass,3,boolean-representation
4246,Co-Borr Information Not Provided Indicator,standard,Boolean,YN,Y,Information Not Provided,declared by Encompass,0,boolean-representation
4246,Co-Borr Information Not Provided Indicator,standard,Boolean,YN,N,No,declared by Encompass,4,boolean-representation
CX.LLCCORP,LLCCORP,custom,DROPDOWNLIST,DROPDOWNLIST,LLC,LLC,inferred from live data,4,
IRS4506.X67,Use IRS 4506-C,standard,Boolean,YN,Y,Yes,declared by Encompass,4,boolean-representation
IRS4506.X67,Use IRS 4506-C,standard,Boolean,YN,N,No,declared by Encompass,0,boolean-representation
IRS4506.X92,IRS 4506-C Print Version,standard,String,STRING,Oct2022,Oct 2022,declared by Encompass,4,
IRS4506.X92,IRS 4506-C Print Version,standard,String,STRING,Sep2020,Sep 2020,declared by Encompass,0,
SYS.X8,Number of Decimals for Fees Interest # of Days,standard,Boolean,YN,Y,Yes,declared by Encompass,2,boolean-representation
SYS.X8,Number of Decimals for Fees Interest # of Days,standard,Boolean,YN,N,No,declared by Encompass,2,boolean-representation
30,Loan Info Refi Improve made/to be made,standard,String,STRING,Made,made,declared by Encompass,3,
30,Loan Info Refi Improve made/to be made,standard,String,STRING,ToBeMade,to be made,declared by Encompass,0,
1091,Trans Details Credit 2 Descr,standard,String,STRING,BorrowerPaidFees,Borrower Paid Fees (FNMA Retired),declared by Encompass,0,free-text-typed-into-enum
1091,Trans Details Credit 2 Descr,standard,String,STRING,CashDepositOnSalesContract,Cash Deposit On Sales Contract,declared by Encompass,0,free-text-typed-into-enum
1091,Trans Details Credit 2 Descr,standard,String,STRING,EmployerAssistedHousing,Employer Asst. Housing (FNMA/FRE),declared by Encompass,0,free-text-typed-into-enum
1091,Trans Details Credit 2 Descr,standard,String,STRING,LeasePurchaseFund,Lease Purchase Fund (FNMA/FRE),declared by Encompass,0,free-text-typed-into-enum
1091,Trans Details Credit 2 Descr,standard,String,STRING,LenderCredit,Lender Credit - Retired,declared by Encompass,0,free-text-typed-into-enum
1091,Trans Details Credit 2 Descr,standard,String,STRING,LotEquity,Lot Equity (FNMA/FRE),declared by Encompass,0,free-text-typed-into-enum
1091,Trans Details Credit 2 Descr,standard,String,STRING,MIPremiumRefund,MI Premium Refund - Retired,declared by Encompass,0,free-text-typed-into-enum
1091,Trans Details Credit 2 Descr,standard,String,STRING,Other,Other (FNMA/FRE),declared by Encompass,2,free-text-typed-into-enum
1091,Trans Details Credit 2 Descr,standard,String,STRING,RelocationFunds,Relocation Funds (FNMA/FRE),declared by Encompass,0,free-text-typed-into-enum
1091,Trans Details Credit 2 Descr,standard,String,STRING,SellerCredit,Seller Credit - Retired,declared by Encompass,0,free-text-typed-into-enum
1091,Trans Details Credit 2 Descr,standard,String,STRING,SweatEquity,Sweat Equity (FNMA/FRE),declared by Encompass,0,free-text-typed-into-enum
1091,Trans Details Credit 2 Descr,standard,String,STRING,TradeEquityFromPropertySwap,Trade Equity From Property Swap (FNMA/FRE),declared by Encompass,0,free-text-typed-into-enum
1532,Co-Borr Race American Indian,standard,Boolean,YN,Y,American Indian or Alaska Native,declared by Encompass,0,boolean-representation
1532,Co-Borr Race American Indian,standard,Boolean,YN,N,No,declared by Encompass,3,boolean-representation
1533,Co-Borr Race Asian,standard,Boolean,YN,Y,Asian,declared by Encompass,0,boolean-representation
1533,Co-Borr Race Asian,standard,Boolean,YN,N,No,declared by Encompass,3,boolean-representation
1534,Co-Borr Race Black,standard,Boolean,YN,Y,Black or African American,declared by Encompass,0,boolean-representation
1534,Co-Borr Race Black,standard,Boolean,YN,N,No,declared by Encompass,3,boolean-representation
1535,Co-Borr Race Native Hawaiian,standard,Boolean,YN,Y,Native Hawaiian or Other Pacific Islander,declared by Encompass,0,boolean-representation
1535,Co-Borr Race Native Hawaiian,standard,Boolean,YN,N,No,declared by Encompass,3,boolean-representation
4078,Co-Borrower Credit Report Authorization Method,standard,String,STRING,Phone,Phone,declared by Encompass,2,
4078,Co-Borrower Credit Report Authorization Method,standard,String,STRING,Face to Face,Face to Face,declared by Encompass,0,
4078,Co-Borrower Credit Report Authorization Method,standard,String,STRING,Internet,Internet,declared by Encompass,1,
4078,Co-Borrower Credit Report Authorization Method,standard,String,STRING,Mail,Mail,declared by Encompass,0,
4159,Co-Borr Mexican Indicator,standard,Boolean,YN,Y,Yes,declared by Encompass,0,boolean-representation
4159,Co-Borr Mexican Indicator,standard,Boolean,YN,N,No,declared by Encompass,3,boolean-representation
4160,Co-Borr Puerto Rican Indicator,standard,Boolean,YN,Y,Yes,declared by Encompass,0,boolean-representation
4160,Co-Borr Puerto Rican Indicator,standard,Boolean,YN,N,No,declared by Encompass,3,boolean-representation
4161,Co-Borr Cuban Indicator,standard,Boolean,YN,Y,Yes,declared by Encompass,0,boolean-representation
4161,Co-Borr Cuban Indicator,standard,Boolean,YN,N,No,declared by Encompass,3,boolean-representation
4162,Co-Borr Other Hispanic Latino Origin Indicator,standard,Boolean,YN,Y,Yes,declared by Encompass,0,boolean-representation
4162,Co-Borr Other Hispanic Latino Origin Indicator,standard,Boolean,YN,N,No,declared by Encompass,3,boolean-representation
4163,Co-Borr Asian Indian Indicator,standard,Boolean,YN,Y,Yes,declared by Encompass,0,boolean-representation
4163,Co-Borr Asian Indian Indicator,standard,Boolean,YN,N,No,declared by Encompass,3,boolean-representation
4164,Co-Borr Chinese Indicator,standard,Boolean,YN,Y,Yes,declared by Encompass,0,boolean-representation
4164,Co-Borr Chinese Indicator,standard,Boolean,YN,N,No,declared by Encompass,3,boolean-representation
4165,Co-Borr Filipino Indicator,standard,Boolean,YN,Y,Yes,declared by Encompass,0,boolean-representation
4165,Co-Borr Filipino Indicator,standard,Boolean,YN,N,No,declared by Encompass,3,boolean-representation
4166,Co-Borr Japanese Indicator,standard,Boolean,YN,Y,Yes,declared by Encompass,0,boolean-representation
4166,Co-Borr Japanese Indicator,standard,Boolean,YN,N,No,declared by Encompass,3,boolean-representation
4167,Co-Borr Korean Indicator,standard,Boolean,YN,Y,Yes,declared by Encompass,0,boolean-representation
4167,Co-Borr Korean Indicator,standard,Boolean,YN,N,No,declared by Encompass,3,boolean-representation
4168,Co-Borr Vietnamese Indicator,standard,Boolean,YN,Y,Yes,declared by Encompass,0,boolean-representation
4168,Co-Borr Vietnamese Indicator,standard,Boolean,YN,N,No,declared by Encompass,3,boolean-representation
4169,Co-Borr Other Asian Race Indicator,standard,Boolean,YN,Y,Yes,declared by Encompass,0,boolean-representation
4169,Co-Borr Other Asian Race Indicator,standard,Boolean,YN,N,No,declared by Encompass,3,boolean-representation
4170,Co-Borr Native Hawaiian Indicator,standard,Boolean,YN,Y,Yes,declared by Encompass,0,boolean-representation
4170,Co-Borr Native Hawaiian Indicator,standard,Boolean,YN,N,No,declared by Encompass,3,boolean-representation
4171,Co-Borr Guamanian or Chamorro Indicator,standard,Boolean,YN,Y,Yes,declared by Encompass,0,boolean-representation
4171,Co-Borr Guamanian or Chamorro Indicator,standard,Boolean,YN,N,No,declared by Encompass,3,boolean-representation
4172,Co-Borr Samoan Indicator,standard,Boolean,YN,Y,Yes,declared by Encompass,0,boolean-representation
4172,Co-Borr Samoan Indicator,standard,Boolean,YN,N,No,declared by Encompass,3,boolean-representation
4173,Co-Borr Other Pacific Islander Indicator,standard,Boolean,YN,Y,Yes,declared by Encompass,0,boolean-representation
4173,Co-Borr Other Pacific Islander Indicator,standard,Boolean,YN,N,No,declared by Encompass,3,boolean-representation
4213,Co-Borr Hispanic or Latino Indicator,standard,Boolean,YN,Y,Hispanic or Latino,declared by Encompass,0,boolean-representation
4213,Co-Borr Hispanic or Latino Indicator,standard,Boolean,YN,N,No,declared by Encompass,3,boolean-representation
4254,Initial Acquisition of Land,standard,Boolean,YN,Y,Yes,declared by Encompass,1,boolean-representation
4254,Initial Acquisition of Land,standard,Boolean,YN,N,No,declared by Encompass,2,boolean-representation
4517,Lock Request Subject Property Unit Type,standard,String,STRING,Apartment,Apartment,declared by Encompass,0,
4517,Lock Request Subject Property Unit Type,standard,String,STRING,Basement,Basement,declared by Encompass,0,
4517,Lock Request Subject Property Unit Type,standard,String,STRING,Building,Building,declared by Encompass,2,
4517,Lock Request Subject Property Unit Type,standard,String,STRING,Condo,Condo,declared by Encompass,1,
4517,Lock Request Subject Property Unit Type,standard,String,STRING,Department,Department,declared by Encompass,0,
4517,Lock Request Subject Property Unit Type,standard,String,STRING,Floor,Floor,declared by Encompass,0,
4517,Lock Request Subject Property Unit Type,standard,String,STRING,Front,Front,declared by Encompass,0,
4517,Lock Request Subject Property Unit Type,standard,String,STRING,Hangar,Hangar,declared by Encompass,0,
4517,Lock Request Subject Property Unit Type,standard,String,STRING,Key,Key,declared by Encompass,0,
4517,Lock Request Subject Property Unit Type,standard,String,STRING,Lobby,Lobby,declared by Encompass,0,
4517,Lock Request Subject Property Unit Type,standard,String,STRING,Lot,Lot,declared by Encompass,0,
4517,Lock Request Subject Property Unit Type,standard,String,STRING,Lower,Lower,declared by Encompass,0,
4517,Lock Request Subject Property Unit Type,standard,String,STRING,Office,Office,declared by Encompass,0,
4517,Lock Request Subject Property Unit Type,standard,String,STRING,Penthouse,Penthouse,declared by Encompass,0,
4517,Lock Request Subject Property Unit Type,standard,String,STRING,Pier,Pier,declared by Encompass,0,
4517,Lock Request Subject Property Unit Type,standard,String,STRING,Rear,Rear,declared by Encompass,0,
4517,Lock Request Subject Property Unit Type,standard,String,STRING,Room,Room,declared by Encompass,0,
4517,Lock Request Subject Property Unit Type,standard,String,STRING,Side,Side,declared by Encompass,0,
4517,Lock Request Subject Property Unit Type,standard,String,STRING,Space,Space,declared by Encompass,0,
4517,Lock Request Subject Property Unit Type,standard,String,STRING,Stop,Stop,declared by Encompass,0,
4517,Lock Request Subject Property Unit Type,standard,String,STRING,Suite,Suite,declared by Encompass,0,
4517,Lock Request Subject Property Unit Type,standard,String,STRING,Trailer,Trailer,declared by Encompass,0,
4517,Lock Request Subject Property Unit Type,standard,String,STRING,Unit,Unit,declared by Encompass,0,
4517,Lock Request Subject Property Unit Type,standard,String,STRING,Upper,Upper,declared by Encompass,0,
4974,Co-Borrower First-Time Homebuyer?,standard,Boolean,YN,Y,Yes,declared by Encompass,0,boolean-representation
4974,Co-Borrower First-Time Homebuyer?,standard,Boolean,YN,N,No,declared by Encompass,3,boolean-representation
Borr.OccupancyIntent,Borrower Vesting Borr POA Occupancy Intent,standard,String,STRING,Will Occupy,Will Occupy,declared by Encompass,0,
Borr.OccupancyIntent,Borrower Vesting Borr POA Occupancy Intent,standard,String,STRING,Will Not Occupy,Will Not Occupy,declared by Encompass,3,
Borr.OccupancyIntent,Borrower Vesting Borr POA Occupancy Intent,standard,String,STRING,Currently Occupy,Currently Occupy,declared by Encompass,0,
CD4.X7,your lender does not offer one.,standard,Boolean,YN,Y,your lender does not offer one,declared by Encompass,0,boolean-representation
CD4.X7,your lender does not offer one.,standard,Boolean,YN,N,No,declared by Encompass,3,boolean-representation
DISCLOSURE.X913,Disclosure- CA Borrower Elects To Establish Escrow Account Indicator,standard,Boolean,YN,Y,Yes,declared by Encompass,0,boolean-representation
DISCLOSURE.X913,Disclosure- CA Borrower Elects To Establish Escrow Account Indicator,standard,Boolean,YN,N,No,declared by Encompass,3,boolean-representation
NEWHUD.X1171,Fees Line 802 LO Compensation Tool - Lender Compensation Credit Paid By 3,standard,String,STRING,Broker,B,declared by Encompass,0,
NEWHUD.X1171,Fees Line 802 LO Compensation Tool - Lender Compensation Credit Paid By 3,standard,String,STRING,Lender,L,declared by Encompass,3,
NEWHUD.X1171,Fees Line 802 LO Compensation Tool - Lender Compensation Credit Paid By 3,standard,String,STRING,Other,O,declared by Encompass,0,
NEWHUD2.X4680,Fee Details - Line PC1 - Seller Credit,standard,Boolean,YN,Y,Yes,declared by Encompass,0,boolean-representation
NEWHUD2.X4680,Fee Details - Line PC1 - Seller Credit,standard,Boolean,YN,N,No,declared by Encompass,3,boolean-representation
NEWHUD2.X4703,Fee Details - Line PC2 - Seller Credit,standard,Boolean,YN,Y,Yes,declared by Encompass,0,boolean-representation
NEWHUD2.X4703,Fee Details - Line PC2 - Seller Credit,standard,Boolean,YN,N,No,declared by Encompass,3,boolean-representation
NEWHUD2.X4726,Fee Details - Line PC3 - Seller Credit,standard,Boolean,YN,Y,Yes,declared by Encompass,0,boolean-representation
NEWHUD2.X4726,Fee Details - Line PC3 - Seller Credit,standard,Boolean,YN,N,No,declared by Encompass,3,boolean-representation
NEWHUD2.X4749,Fee Details - Line PC4 - Seller Credit,standard,Boolean,YN,Y,Yes,declared by Encompass,0,boolean-representation
NEWHUD2.X4749,Fee Details - Line PC4 - Seller Credit,standard,Boolean,YN,N,No,declared by Encompass,3,boolean-representation
URLA.X22,Co-Borr Language Preference,standard,String,STRING,EnglishIndicator,English Indicator,declared by Encompass,3,
URLA.X22,Co-Borr Language Preference,standard,String,STRING,ChineseIndicator,Chinese Indicator,declared by Encompass,0,
URLA.X22,Co-Borr Language Preference,standard,String,STRING,KoreanIndicator,Korean Indicator,declared by Encompass,0,
URLA.X22,Co-Borr Language Preference,standard,String,STRING,SpanishIndicator,Spanish Indicator,declared by Encompass,0,
URLA.X22,Co-Borr Language Preference,standard,String,STRING,TagalogIndicator,Tagalog Indicator,declared by Encompass,0,
URLA.X22,Co-Borr Language Preference,standard,String,STRING,VietnameseIndicator,Vietnamese Indicator,declared by Encompass,0,
URLA.X22,Co-Borr Language Preference,standard,String,STRING,OtherIndicator,Other Indicator,declared by Encompass,0,
URLA.X22,Co-Borr Language Preference,standard,String,STRING,LanguageRefusalIndicator,Language Refusal Indicator,declared by Encompass,0,
URLA.X74,Address Unit Type Identifier,standard,String,STRING,Apartment,Apartment,declared by Encompass,0,
URLA.X74,Address Unit Type Identifier,standard,String,STRING,Basement,Basement,declared by Encompass,0,
URLA.X74,Address Unit Type Identifier,standard,String,STRING,Building,Building,declared by Encompass,2,
URLA.X74,Address Unit Type Identifier,standard,String,STRING,Condo,Condo,declared by Encompass,1,
URLA.X74,Address Unit Type Identifier,standard,String,STRING,Department,Department,declared by Encompass,0,
URLA.X74,Address Unit Type Identifier,standard,String,STRING,Floor,Floor,declared by Encompass,0,
URLA.X74,Address Unit Type Identifier,standard,String,STRING,Front,Front,declared by Encompass,0,
URLA.X74,Address Unit Type Identifier,standard,String,STRING,Hangar,Hangar,declared by Encompass,0,
URLA.X74,Address Unit Type Identifier,standard,String,STRING,Key,Key,declared by Encompass,0,
URLA.X74,Address Unit Type Identifier,standard,String,STRING,Lobby,Lobby,declared by Encompass,0,
URLA.X74,Address Unit Type Identifier,standard,String,STRING,Lot,Lot,declared by Encompass,0,
URLA.X74,Address Unit Type Identifier,standard,String,STRING,Lower,Lower,declared by Encompass,0,
URLA.X74,Address Unit Type Identifier,standard,String,STRING,Office,Office,declared by Encompass,0,
URLA.X74,Address Unit Type Identifier,standard,String,STRING,Penthouse,Penthouse,declared by Encompass,0,
URLA.X74,Address Unit Type Identifier,standard,String,STRING,Pier,Pier,declared by Encompass,0,
URLA.X74,Address Unit Type Identifier,standard,String,STRING,Rear,Rear,declared by Encompass,0,
URLA.X74,Address Unit Type Identifier,standard,String,STRING,Room,Room,declared by Encompass,0,
URLA.X74,Address Unit Type Identifier,standard,String,STRING,Side,Side,declared by Encompass,0,
URLA.X74,Address Unit Type Identifier,standard,String,STRING,Space,Space,declared by Encompass,0,
URLA.X74,Address Unit Type Identifier,standard,String,STRING,Stop,Stop,declared by Encompass,0,
URLA.X74,Address Unit Type Identifier,standard,String,STRING,Suite,Suite,declared by Encompass,0,
URLA.X74,Address Unit Type Identifier,standard,String,STRING,Trailer,Trailer,declared by Encompass,0,
URLA.X74,Address Unit Type Identifier,standard,String,STRING,Unit,Unit,declared by Encompass,0,
URLA.X74,Address Unit Type Identifier,standard,String,STRING,Upper,Upper,declared by Encompass,0,
671,Trans Details Goods Prchsd/Prprty Owned,standard,String,STRING,TheGoodsOrPropertyBeingPurchased,The goods or property being purchased,declared by Encompass,0,
671,Trans Details Goods Prchsd/Prprty Owned,standard,String,STRING,RealPropertyYouAlreadyOwn,Real property you already own,declared by Encompass,2,
1524,Borr Race American Indian,standard,Boolean,YN,Y,American Indian or Alaska Native,declared by Encompass,0,boolean-representation
1524,Borr Race American Indian,standard,Boolean,YN,N,No,declared by Encompass,2,boolean-representation
1525,Borr Race Asian,standard,Boolean,YN,Y,Asian,declared by Encompass,0,boolean-representation
1525,Borr Race Asian,standard,Boolean,YN,N,No,declared by Encompass,2,boolean-representation
1526,Borr Race Black,standard,Boolean,YN,Y,Black or African American,declared by Encompass,0,boolean-representation
1526,Borr Race Black,standard,Boolean,YN,N,No,declared by Encompass,2,boolean-representation
1527,Borr Race Native Hawaiian,standard,Boolean,YN,Y,Native Hawaiian or Other Pacific Islander,declared by Encompass,0,boolean-representation
1527,Borr Race Native Hawaiian,standard,Boolean,YN,N,No,declared by Encompass,2,boolean-representation
1529,Borr Race Info not provided,standard,Boolean,YN,Y,I do not wish to provide this information,declared by Encompass,2,boolean-representation
1529,Borr Race Info not provided,standard,Boolean,YN,N,No,declared by Encompass,0,boolean-representation
1530,Borr Race Not Applicable,standard,Boolean,YN,Y,Not applicable,declared by Encompass,2,boolean-representation
1530,Borr Race Not Applicable,standard,Boolean,YN,N,No,declared by Encompass,0,boolean-representation
1750,Expenses Calc Hazard Ins Rate,standard,String,STRING,Loan Amount,Loan Amount,declared by Encompass,2,
1750,Expenses Calc Hazard Ins Rate,standard,String,STRING,Purchase Price,Purchase Price,declared by Encompass,0,
1750,Expenses Calc Hazard Ins Rate,standard,String,STRING,Appraisal Value,Appraisal Value,declared by Encompass,0,
1750,Expenses Calc Hazard Ins Rate,standard,String,STRING,Base Loan Amount,Base Loan Amount,declared by Encompass,0,
1750,Expenses Calc Hazard Ins Rate,standard,String,STRING,As Completed Purchase Price,As Completed Purchase Price,declared by Encompass,0,
1750,Expenses Calc Hazard Ins Rate,standard,String,STRING,As Completed Appraised Value,As Completed Appraised Value,declared by Encompass,0,
1946,REGZ Prepymt Penalty Type of Prepay 1,standard,String,STRING,Hard,Hard,declared by Encompass,1,
1946,REGZ Prepymt Penalty Type of Prepay 1,standard,String,STRING,Soft,Soft,declared by Encompass,1,
4148,Borr Asian Indian Indicator,standard,Boolean,YN,Y,Yes,declared by Encompass,0,boolean-representation
4148,Borr Asian Indian Indicator,standard,Boolean,YN,N,No,declared by Encompass,2,boolean-representation
4149,Borr Chinese Indicator,standard,Boolean,YN,Y,Yes,declared by Encompass,0,boolean-representation
4149,Borr Chinese Indicator,standard,Boolean,YN,N,No,declared by Encompass,2,boolean-representation
4150,Borr Filipino Indicator,standard,Boolean,YN,Y,Yes,declared by Encompass,0,boolean-representation
4150,Borr Filipino Indicator,standard,Boolean,YN,N,No,declared by Encompass,2,boolean-representation
4151,Borr Japanese Indicator,standard,Boolean,YN,Y,Yes,declared by Encompass,0,boolean-representation
4151,Borr Japanese Indicator,standard,Boolean,YN,N,No,declared by Encompass,2,boolean-representation
4152,Borr Korean Indicator,standard,Boolean,YN,Y,Yes,declared by Encompass,0,boolean-representation
4152,Borr Korean Indicator,standard,Boolean,YN,N,No,declared by Encompass,2,boolean-representation
4153,Borr Vietnamese Indicator,standard,Boolean,YN,Y,Yes,declared by Encompass,0,boolean-representation
4153,Borr Vietnamese Indicator,standard,Boolean,YN,N,No,declared by Encompass,2,boolean-representation
4154,Borr Other Asian Race Indicator,standard,Boolean,YN,Y,Yes,declared by Encompass,0,boolean-representation
4154,Borr Other Asian Race Indicator,standard,Boolean,YN,N,No,declared by Encompass,2,boolean-representation
4155,Borr Native Hawaiian Indicator,standard,Boolean,YN,Y,Yes,declared by Encompass,0,boolean-representation
4155,Borr Native Hawaiian Indicator,standard,Boolean,YN,N,No,declared by Encompass,2,boolean-representation
4156,Borr Guamanian or Chamorro Indicator,standard,Boolean,YN,Y,Yes,declared by Encompass,0,boolean-representation
4156,Borr Guamanian or Chamorro Indicator,standard,Boolean,YN,N,No,declared by Encompass,2,boolean-representation
4157,Borr Samoan Indicator,standard,Boolean,YN,Y,Yes,declared by Encompass,0,boolean-representation
4157,Borr Samoan Indicator,standard,Boolean,YN,N,No,declared by Encompass,2,boolean-representation
4158,Borr Other Pacific Islander Indicator,standard,Boolean,YN,Y,Yes,declared by Encompass,0,boolean-representation
4158,Borr Other Pacific Islander Indicator,standard,Boolean,YN,N,No,declared by Encompass,2,boolean-representation
4212,Borr Not Applicable Indicator,standard,Boolean,YN,Y,Not Applicable,declared by Encompass,0,boolean-representation
4212,Borr Not Applicable Indicator,standard,Boolean,YN,N,No,declared by Encompass,2,boolean-representation
4243,Borr Information Not Provided Indicator,standard,Boolean,YN,Y,Information Not Provided,declared by Encompass,0,boolean-representation
4243,Borr Information Not Provided Indicator,standard,Boolean,YN,N,No,declared by Encompass,2,boolean-representation
4244,Borr Information Not Provided,standard,Boolean,YN,Y,Information Not Provided,declared by Encompass,2,boolean-representation
4244,Borr Information Not Provided,standard,Boolean,YN,N,No,declared by Encompass,0,boolean-representation
4255,Construction Refinance Indicator,standard,Boolean,YN,Y,Yes,declared by Encompass,0,boolean-representation
4255,Construction Refinance Indicator,standard,Boolean,YN,N,No,declared by Encompass,2,boolean-representation
4667,Trans Details Credit 1 Source,standard,String,STRING,BorrowerPaidOutsideClosing,Borrower Paid Outside Closing (FNMA/FRE),declared by Encompass,2,
4667,Trans Details Credit 1 Source,standard,String,STRING,BuilderDeveloper,Builder Developer (FNMA/FRE),declared by Encompass,0,
4667,Trans Details Credit 1 Source,standard,String,STRING,ClosingAgent,Closing Agent (FRE),declared by Encompass,0,
4667,Trans Details Credit 1 Source,standard,String,STRING,Employer,Employer (FRE),declared by Encompass,0,
4667,Trans Details Credit 1 Source,standard,String,STRING,EmployerAffiliate,Employer Affiliate (FNMA/FRE),declared by Encompass,0,
4667,Trans Details Credit 1 Source,standard,String,STRING,FederalAgency,Federal Agency (FRE),declared by Encompass,0,
4667,Trans Details Credit 1 Source,standard,String,STRING,Lender,Lender (FRE),declared by Encompass,0,
4667,Trans Details Credit 1 Source,standard,String,STRING,LenderAffiliate,Lender Affiliate (FNMA/FRE),declared by Encompass,0,
4667,Trans Details Credit 1 Source,standard,String,STRING,LocalAgency,Local Agency (FRE),declared by Encompass,0,
4667,Trans Details Credit 1 Source,standard,String,STRING,NonParentRelative,Non-Parent Relative (FRE),declared by Encompass,0,
4667,Trans Details Credit 1 Source,standard,String,STRING,OtherInterestedParty,Other Interested Party (FNMA),declared by Encompass,0,
4667,Trans Details Credit 1 Source,standard,String,STRING,Parent,Parent (FRE),declared by Encompass,0,
4667,Trans Details Credit 1 Source,standard,String,STRING,PropertySeller,Property Seller (FRE Retired),declared by Encompass,0,
4667,Trans Details Credit 1 Source,standard,String,STRING,RealEstateAgent,Real Estate Agent (FNMA/FRE),declared by Encompass,0,
4667,Trans Details Credit 1 Source,standard,String,STRING,StateAgency,State Agency (FRE),declared by Encompass,0,
4667,Trans Details Credit 1 Source,standard,String,STRING,UnrelatedFriend,Unrelated Friend (FRE),declared by Encompass,0,
4934,CoBorrower - Cell Phone Preferred,standard,Boolean,YN,Y,Yes,declared by Encompass,1,boolean-representation
4934,CoBorrower - Cell Phone Preferred,standard,Boolean,YN,N,No,declared by Encompass,1,boolean-representation
4935,CoBorrower - Text Message Preferred,standard,Boolean,YN,Y,Yes,declared by Encompass,1,boolean-representation
4935,CoBorrower - Text Message Preferred,standard,Boolean,YN,N,No,declared by Encompass,1,boolean-representation
5056,Co-Borrower Government ID Type,standard,String,STRING,SSN,SSN - Social Security Number,declared by Encompass,0,
5056,Co-Borrower Government ID Type,standard,String,STRING,TIN,TIN - Tax Identification Number,declared by Encompass,0,
5056,Co-Borrower Government ID Type,standard,String,STRING,DL,DL - US State Issued Driver's License ID,declared by Encompass,2,
5056,Co-Borrower Government ID Type,standard,String,STRING,ML,ML - Military ID,declared by Encompass,0,
5056,Co-Borrower Government ID Type,standard,String,STRING,PPT,PPT- Valid Passport,declared by Encompass,0,
5056,Co-Borrower Government ID Type,standard,String,STRING,AID,AID - Alien Identification Card,declared by Encompass,0,
5056,Co-Borrower Government ID Type,standard,String,STRING,OTH,OTH - Describe Other,declared by Encompass,0,
CX.MINIMUMBORROWERCONTRIBU,Minimum borrower contribution requirement,custom,DROPDOWNLIST,DROPDOWNLIST,Custom,Custom,inferred from live data,1,
CX.MINIMUMBORROWERCONTRIBU,Minimum borrower contribution requirement,custom,DROPDOWNLIST,DROPDOWNLIST,10%,10%,inferred from live data,1,
NEWHUD.X1067,Fees Bona Fide Indicator,standard,Boolean,YN,Y,Yes,declared by Encompass,0,boolean-representation
NEWHUD.X1067,Fees Bona Fide Indicator,standard,Boolean,YN,N,No,declared by Encompass,2,boolean-representation
NEWHUD.X1173,Fees Line 802 LO Compensation Tool - Lender Compensation Credit Paid By 4,standard,String,STRING,Broker,B,declared by Encompass,0,
NEWHUD.X1173,Fees Line 802 LO Compensation Tool - Lender Compensation Credit Paid By 4,standard,String,STRING,Lender,L,declared by Encompass,2,
NEWHUD.X1173,Fees Line 802 LO Compensation Tool - Lender Compensation Credit Paid By 4,standard,String,STRING,Other,O,declared by Encompass,0,
NEWHUD.X753,Fees Line 809 POC,standard,Boolean,YN,Y,Yes,declared by Encompass,2,boolean-representation
NEWHUD.X753,Fees Line 809 POC,standard,Boolean,YN,N,No,declared by Encompass,0,boolean-representation
POPT.X14,Section 800 Line 805 POC and PTC Indicator,standard,Boolean,YN,Y,Yes,declared by Encompass,2,boolean-representation
POPT.X14,Section 800 Line 805 POC and PTC Indicator,standard,Boolean,YN,N,No,declared by Encompass,0,boolean-representation
POPT.X18,Section 800 Line 809 POC and PTC Indicator,standard,Boolean,YN,Y,Yes,declared by Encompass,2,boolean-representation
POPT.X18,Section 800 Line 809 POC and PTC Indicator,standard,Boolean,YN,N,No,declared by Encompass,0,boolean-representation
POPT.X2,Section 800 Line 801 POC and PTC Indicator 2,standard,Boolean,YN,Y,Yes,declared by Encompass,2,boolean-representation
POPT.X2,Section 800 Line 801 POC and PTC Indicator 2,standard,Boolean,YN,N,No,declared by Encompass,0,boolean-representation
POPT.X7,Section 800 Line 801 POC and PTC Indicator 7,standard,Boolean,YN,Y,Yes,declared by Encompass,2,boolean-representation
POPT.X7,Section 800 Line 801 POC and PTC Indicator 7,standard,Boolean,YN,N,No,declared by Encompass,0,boolean-representation
QM.X2,ATR QM - Non-Stardard to Standard Refinance Eligibility - Refinance with Original Creditor ,standard,Boolean,YN,Y,Yes,declared by Encompass,0,boolean-representation
QM.X2,ATR QM - Non-Stardard to Standard Refinance Eligibility - Refinance with Original Creditor ,standard,Boolean,YN,N,No,declared by Encompass,2,boolean-representation
URLA.X267,Borr Mailing Foreign Address Indicator,standard,Boolean,YN,Y,Yes,declared by Encompass,1,boolean-representation
URLA.X267,Borr Mailing Foreign Address Indicator,standard,Boolean,YN,N,No,declared by Encompass,1,boolean-representation
URLA.X40,Borr OtherSrcIncomeDoesNotApply,standard,Boolean,YN,Y,Does Not Apply,declared by Encompass,0,boolean-representation
URLA.X40,Borr OtherSrcIncomeDoesNotApply,standard,Boolean,YN,N,No,declared by Encompass,2,boolean-representation
URLA.X52,Other Assets Does not Apply - CoBorrower,standard,Boolean,YN,Y,Yes,declared by Encompass,0,boolean-representation
URLA.X52,Other Assets Does not Apply - CoBorrower,standard,Boolean,YN,N,No,declared by Encompass,2,boolean-representation
URLA.X83,Gifts and Grants Indicator Co-Borr,standard,Boolean,YN,Y,Does not apply,declared by Encompass,0,boolean-representation
URLA.X83,Gifts and Grants Indicator Co-Borr,standard,Boolean,YN,N,No,declared by Encompass,2,boolean-representation
VEND.X1032,File Contacts Seller Not a Natural Person (legal entity) Flag,standard,Boolean,YN,Y,Yes,declared by Encompass,1,boolean-representation
VEND.X1032,File Contacts Seller Not a Natural Person (legal entity) Flag,standard,Boolean,YN,N,No,declared by Encompass,1,boolean-representation
VEND.X654,File Contacts Settlement Agent Add to CD Contact Info ,standard,Boolean,YN,Y,Yes,declared by Encompass,1,boolean-representation
VEND.X654,File Contacts Settlement Agent Add to CD Contact Info ,standard,Boolean,YN,N,No,declared by Encompass,1,boolean-representation
35,Trans Details Income of Spouse will not be used,standard,Boolean,YN,Y,The income/assets of the Borrower's spouse will not be used..,declared by Encompass,0,boolean-representation
35,Trans Details Income of Spouse will not be used,standard,Boolean,YN,N,No,declared by Encompass,1,boolean-representation
676,Insurance Flood,standard,Boolean,YN,Y,Flood insurance,declared by Encompass,1,boolean-representation
676,Insurance Flood,standard,Boolean,YN,N,No,declared by Encompass,0,boolean-representation
981,Borr Declarations Ownership Occupancy,standard,String,STRING,PrimaryResidence,Primary Residence,declared by Encompass,0,
981,Borr Declarations Ownership Occupancy,standard,String,STRING,FHASecondaryResidence,FHA Secondary Residence,declared by Encompass,0,
981,Borr Declarations Ownership Occupancy,standard,String,STRING,SecondaryResidence,Second Home,declared by Encompass,0,
981,Borr Declarations Ownership Occupancy,standard,String,STRING,Investment,Investment Property,declared by Encompass,1,
1012,Subject Property Project Classification,standard,String,STRING,A_IIICondominium,Freddie Mac: Streamlined Review,declared by Encompass,0,
1012,Subject Property Project Classification,standard,String,STRING,B_IICondominium,Freddie Mac: Established Project,declared by Encompass,0,
1012,Subject Property Project Classification,standard,String,STRING,C_ICondominium,Freddie Mac: New Project,declared by Encompass,0,
1012,Subject Property Project Classification,standard,String,STRING,DetachedProject,Freddie Mac: Detached Project,declared by Encompass,0,
1012,Subject Property Project Classification,standard,String,STRING,2To4UnitProject,Freddie Mac: 2-To-4-Unit Project,declared by Encompass,0,
1012,Subject Property Project Classification,standard,String,STRING,ExemptFromReview,Freddie Mac: Exempt From Review,declared by Encompass,0,
1012,Subject Property Project Classification,standard,String,STRING,ReciprocalReview,Freddie Mac: Reciprocal Review,declared by Encompass,0,
1012,Subject Property Project Classification,standard,String,STRING,E_PUD,Fannie Mae: E Established PUD Project,declared by Encompass,0,
1012,Subject Property Project Classification,standard,String,STRING,F_PUD,Fannie Mae: F New PUD Project,declared by Encompass,0,
1012,Subject Property Project Classification,standard,String,STRING,P_LimitedReviewNew,Fannie Mae: P Limited Review - New Condo Project,declared by Encompass,1,
1012,Subject Property Project Classification,standard,String,STRING,Q_LimitedReviewEst,Fannie Mae: Q Limited Review - Established Condo Project,declared by Encompass,0,
1012,Subject Property Project Classification,standard,String,STRING,R_ExpeditedNew,Fannie Mae: R Full Review - New Condo Project,declared by Encompass,0,
1012,Subject Property Project Classification,standard,String,STRING,S_ExpeditedEst,Fannie Mae: S Full Review - Established Condo Project,declared by Encompass,0,
1012,Subject Property Project Classification,standard,String,STRING,T_FannieMaeReview,Fannie Mae: T Fannie Mae Review through PERS - Condo Project,declared by Encompass,0,
1012,Subject Property Project Classification,standard,String,STRING,U_FHAapproved,Fannie Mae: U FHA-approved Condo Project,declared by Encompass,0,
1012,Subject Property Project Classification,standard,String,STRING,V_NoReviewSiteCondo,Fannie Mae: V Condo Project Review Waived,declared by Encompass,0,
1012,Subject Property Project Classification,standard,String,STRING,FullReviewCoopProject,Fannie Mae: 1 Full Review - Co-op Project,declared by Encompass,0,
1012,Subject Property Project Classification,standard,String,STRING,FannieMaeReviewPERSCoopProject,Fannie Mae: 2 Fannie Mae Review through PERS - Co-op Project,declared by Encompass,0,
1012,Subject Property Project Classification,standard,String,STRING,OneCooperative,Other: One Cooperative,declared by Encompass,0,
1012,Subject Property Project Classification,standard,String,STRING,TwoCooperative,Other: Two Cooperative,declared by Encompass,0,
1012,Subject Property Project Classification,standard,String,STRING,TCooperative,Other: T Cooperative,declared by Encompass,0,
1012,Subject Property Project Classification,standard,String,STRING,T_PUD,Other: T/PUD,declared by Encompass,0,
1012,Subject Property Project Classification,standard,String,STRING,III PUD,Other: PUD,declared by Encompass,0,
1012,Subject Property Project Classification,standard,String,STRING,V_RefiPlus,Other: V/Refi Plus,declared by Encompass,0,
1012,Subject Property Project Classification,standard,String,STRING,Approved FHA/VA Condominium Project Or Spot Loan,Other: Approved FHA/VA Condominium Project Or Spot Loan,declared by Encompass,0,
1012,Subject Property Project Classification,standard,String,STRING,G_NotInAProjectOrDevelopment,Other: G/Not in a Project or Development,declared by Encompass,0,
1069,Borr Declarations Ownership Title,standard,String,STRING,Sole,Sole Ownership,declared by Encompass,1,
1069,Borr Declarations Ownership Title,standard,String,STRING,JointWithSpouse,Joint With Spouse,declared by Encompass,0,
1069,Borr Declarations Ownership Title,standard,String,STRING,JointWithOtherThanSpouse,Joint With Other Than Spouse,declared by Encompass,0,
1242,Insurance Property,standard,Boolean,YN,Y,Hazard Insurance,declared by Encompass,1,boolean-representation
1242,Insurance Property,standard,Boolean,YN,N,No,declared by Encompass,0,boolean-representation
1678,REGZ Pymt Sched Customize,standard,Boolean,YN,Y,Customize,declared by Encompass,0,boolean-representation
1678,REGZ Pymt Sched Customize,standard,Boolean,YN,N,No,declared by Encompass,1,boolean-representation
1962,REGZ Construction Mortgage Number of Days,standard,String,STRING,360/360,360/360,declared by Encompass,1,
1962,REGZ Construction Mortgage Number of Days,standard,String,STRING,365/360,365/360,declared by Encompass,0,
1962,REGZ Construction Mortgage Number of Days,standard,String,STRING,365/365,365/365,declared by Encompass,0,
1964,Initial Acquisition of Land,standard,Boolean,YN,Y,Yes,declared by Encompass,1,boolean-representation
1964,Initial Acquisition of Land,standard,Boolean,YN,N,No,declared by Encompass,0,boolean-representation
1974,REGZ Prepymt Penalty Type of Prepay 3,standard,String,STRING,Hard,Hard,declared by Encompass,0,
1974,REGZ Prepymt Penalty Type of Prepay 3,standard,String,STRING,Soft,Soft,declared by Encompass,1,
2401,Rate Lock Hedging,standard,String,STRING,Y,Y,declared by Encompass,0,
2401,Rate Lock Hedging,standard,String,STRING,N,N,declared by Encompass,1,
2573,Export Investor or Lender Loan Number,standard,String,STRING,UseInvestorNumber,Inv. loan # as Lender loan #,declared by Encompass,0,
2573,Export Investor or Lender Loan Number,standard,String,STRING,UseLoanNumber,Lender loan # as Inv. loan #,declared by Encompass,1,
2827,Rate Registration Loan Is Registered,standard,Boolean,YN,Y,Yes,declared by Encompass,1,boolean-representation
2827,Rate Registration Loan Is Registered,standard,Boolean,YN,N,No,declared by Encompass,0,boolean-representation
2964,Lock Request Penalty Term,standard,String,STRING,1 Year,1 Year,declared by Encompass,0,
2964,Lock Request Penalty Term,standard,String,STRING,2 Years,2 Years,declared by Encompass,0,
2964,Lock Request Penalty Term,standard,String,STRING,3 Years,3 Years,declared by Encompass,0,
2964,Lock Request Penalty Term,standard,String,STRING,4 Years,4 Years,declared by Encompass,0,
2964,Lock Request Penalty Term,standard,String,STRING,5 Years,5 Years,declared by Encompass,1,
3000,HUD 92900 LT Loan for 203K,standard,Boolean,YN,Y,Yes,declared by Encompass,0,boolean-representation
3000,HUD 92900 LT Loan for 203K,standard,Boolean,YN,N,No,declared by Encompass,1,boolean-representation
3515,Borrower Can Demonstrate 12-Month Mortgage/Rental History,standard,Boolean,YN,Y,Yes,declared by Encompass,1,boolean-representation
3515,Borrower Can Demonstrate 12-Month Mortgage/Rental History,standard,Boolean,YN,N,No,declared by Encompass,0,boolean-representation
3520,Lock Request Co-Mort3 Self Employed,standard,Boolean,YN,Y,Yes,declared by Encompass,0,boolean-representation
3520,Lock Request Co-Mort3 Self Employed,standard,Boolean,YN,N,No,declared by Encompass,1,boolean-representation
3530,Lock Request Borrower Can Demonstrate 12-Month Mortgage/Rental History,standard,Boolean,YN,Y,Yes,declared by Encompass,1,boolean-representation
3530,Lock Request Borrower Can Demonstrate 12-Month Mortgage/Rental History,standard,Boolean,YN,N,No,declared by Encompass,0,boolean-representation
3844,Lock Request HUD 92900 LT Loan for 203K,standard,Boolean,YN,Y,Yes,declared by Encompass,0,boolean-representation
3844,Lock Request HUD 92900 LT Loan for 203K,standard,Boolean,YN,N,No,declared by Encompass,1,boolean-representation
3861,Borr SSA-89 Banking Service Indicator,standard,Boolean,YN,Y,Yes,declared by Encompass,0,boolean-representation
3861,Borr SSA-89 Banking Service Indicator,standard,Boolean,YN,N,No,declared by Encompass,1,boolean-representation
4668,Trans Details Credit 2 Source,standard,String,STRING,BorrowerPaidOutsideClosing,Borrower Paid Outside Closing (FNMA/FRE),declared by Encompass,0,
4668,Trans Details Credit 2 Source,standard,String,STRING,BuilderDeveloper,Builder Developer (FNMA/FRE),declared by Encompass,0,
4668,Trans Details Credit 2 Source,standard,String,STRING,ClosingAgent,Closing Agent (FRE),declared by Encompass,0,
4668,Trans Details Credit 2 Source,standard,String,STRING,Employer,Employer (FRE),declared by Encompass,0,
4668,Trans Details Credit 2 Source,standard,String,STRING,EmployerAffiliate,Employer Affiliate (FNMA/FRE),declared by Encompass,0,
4668,Trans Details Credit 2 Source,standard,String,STRING,FederalAgency,Federal Agency (FRE),declared by Encompass,0,
4668,Trans Details Credit 2 Source,standard,String,STRING,Lender,Lender (FRE),declared by Encompass,0,
4668,Trans Details Credit 2 Source,standard,String,STRING,LenderAffiliate,Lender Affiliate (FNMA/FRE),declared by Encompass,0,
4668,Trans Details Credit 2 Source,standard,String,STRING,LocalAgency,Local Agency (FRE),declared by Encompass,0,
4668,Trans Details Credit 2 Source,standard,String,STRING,NonParentRelative,Non-Parent Relative (FRE),declared by Encompass,1,
4668,Trans Details Credit 2 Source,standard,String,STRING,OtherInterestedParty,Other Interested Party (FNMA),declared by Encompass,0,
4668,Trans Details Credit 2 Source,standard,String,STRING,Parent,Parent (FRE),declared by Encompass,0,
4668,Trans Details Credit 2 Source,standard,String,STRING,PropertySeller,Property Seller (FRE Retired),declared by Encompass,0,
4668,Trans Details Credit 2 Source,standard,String,STRING,RealEstateAgent,Real Estate Agent (FNMA/FRE),declared by Encompass,0,
4668,Trans Details Credit 2 Source,standard,String,STRING,StateAgency,State Agency (FRE),declared by Encompass,0,
4668,Trans Details Credit 2 Source,standard,String,STRING,UnrelatedFriend,Unrelated Friend (FRE),declared by Encompass,0,
4922,Borrower - Work Email Preferred,standard,Boolean,YN,Y,Yes,declared by Encompass,1,boolean-representation
4922,Borrower - Work Email Preferred,standard,Boolean,YN,N,No,declared by Encompass,0,boolean-representation
4933,CoBorrower - Work Phone Preferred,standard,Boolean,YN,Y,Yes,declared by Encompass,0,boolean-representation
4933,CoBorrower - Work Phone Preferred,standard,Boolean,YN,N,No,declared by Encompass,1,boolean-representation
4975,Condo Approved Indicator,standard,Boolean,YN,Y,Yes,declared by Encompass,1,boolean-representation
4975,Condo Approved Indicator,standard,Boolean,YN,N,No,declared by Encompass,0,boolean-representation
CX.ACCRUALTYPE,Accrual Type,custom,DROPDOWNLIST,DROPDOWNLIST,Drawn,Drawn,inferred from live data,1,
CX.CROSSCOLLATERALIZEDFLAG,Cross Collateralized Flag,custom,DROPDOWNLIST,DROPDOWNLIST,NO,NO,inferred from live data,1,
CX.DEALPROJECTTYPE,Deal / Project type,custom,DROPDOWNLIST,DROPDOWNLIST,Fix and Flip,Fix and Flip,inferred from live data,1,
CX.EXITPLAN,Exit plan,custom,DROPDOWNLIST,DROPDOWNLIST,Sale,Sale,inferred from live data,1,
CX.MULTIPROPERTYFLAG,Multiproperty Flag,custom,DROPDOWNLIST,DROPDOWNLIST,NO,NO,inferred from live data,1,
CX.RENT-PAYINGTENANT,Rent-paying tenant,custom,DROPDOWNLIST,DROPDOWNLIST,Yes - With Proof,Yes - With Proof,inferred from live data,1,
ConsumerHIOrderEligible,Consumer Eligible to Order Home Insurance,standard,Boolean,YN,Y,Yes,declared by Encompass,0,boolean-representation
ConsumerHIOrderEligible,Consumer Eligible to Order Home Insurance,standard,Boolean,YN,N,No,declared by Encompass,1,boolean-representation
DENIAL.X81,Denial Discl Info - Borrower Address Type,standard,String,STRING,Present Address,Present Address,declared by Encompass,1,
DENIAL.X81,Denial Discl Info - Borrower Address Type,standard,String,STRING,Mailing Address,Mailing Address,declared by Encompass,0,
DENIAL.X81,Denial Discl Info - Borrower Address Type,standard,String,STRING,Subject Address,Subject Address,declared by Encompass,0,
DISCLOSURE.X910,Disclosure-TX Estimated fees Will be Shown on the Good Faith Estimate Which We are Providing Now or Within three (3) Days.,standard,Boolean,YN,Y,Yes,declared by Encompass,1,boolean-representation
DISCLOSURE.X910,Disclosure-TX Estimated fees Will be Shown on the Good Faith Estimate Which We are Providing Now or Within three (3) Days.,standard,Boolean,YN,N,No,declared by Encompass,0,boolean-representation
FBE0009,Field FBE0009,standard,Boolean,YN,Y,Current,declared by Encompass,0,boolean-representation
FBE0009,Field FBE0009,standard,Boolean,YN,N,Prior,declared by Encompass,1,boolean-representation
FBE0015,Field FBE0015,standard,Boolean,YN,Y,Yes,declared by Encompass,0,boolean-representation
FBE0015,Field FBE0015,standard,Boolean,YN,N,No,declared by Encompass,1,boolean-representation
HMDA.X105,HMDA LEI Used,standard,String,STRING,Profile,Profile,declared by Encompass,0,
HMDA.X105,HMDA LEI Used,standard,String,STRING,Reporting,Reporting,declared by Encompass,1,
HMDA.X42,Submission of Application,standard,String,STRING,Submitted directly to your institution,1. Submitted directly to your institution,declared by Encompass,0,
HMDA.X42,Submission of Application,standard,String,STRING,Not submitted directly to your institution,2. Not submitted directly to your institution,declared by Encompass,0,
HMDA.X42,Submission of Application,standard,String,STRING,Not applicable,3. Not applicable,declared by Encompass,1,
HMDA.X42,Submission of Application,standard,String,STRING,Exempt,1111. Exempt,declared by Encompass,0,
HMDA.X44,AUS #1,standard,String,STRING,DU,1. Desktop Underwriter (DU),declared by Encompass,0,
HMDA.X44,AUS #1,standard,String,STRING,LP,2. Loan Prospector (LP),declared by Encompass,0,
HMDA.X44,AUS #1,standard,String,STRING,TOTAL,3. Technology Open to Approved Lenders (TOTAL) Scorecard,declared by Encompass,0,
HMDA.X44,AUS #1,standard,String,STRING,GUS,4. Guaranteed Underwriting System (GUS),declared by Encompass,0,
HMDA.X44,AUS #1,standard,String,STRING,Other,5. Other,declared by Encompass,0,
HMDA.X44,AUS #1,standard,String,STRING,Not applicable,6. Not applicable,declared by Encompass,1,
HMDA.X44,AUS #1,standard,String,STRING,Internal Proprietary System,7. Internal Proprietary System,declared by Encompass,0,
HMDA.X44,AUS #1,standard,String,STRING,Exempt,1111. Exempt,declared by Encompass,0,
HMDA.X50,AUS Recommendation #1,standard,String,STRING,Approve/Eligible,1. Approve/Eligible,declared by Encompass,0,
HMDA.X50,AUS Recommendation #1,standard,String,STRING,Approve/Ineligible,2. Approve/Ineligible,declared by Encompass,0,
HMDA.X50,AUS Recommendation #1,standard,String,STRING,Refer/Eligible,3. Refer/Eligible,declared by Encompass,0,
HMDA.X50,AUS Recommendation #1,standard,String,STRING,Refer/Ineligible,4. Refer/Ineligible,declared by Encompass,0,
HMDA.X50,AUS Recommendation #1,standard,String,STRING,Refer with Caution,5. Refer with Caution,declared by Encompass,0,
HMDA.X50,AUS Recommendation #1,standard,String,STRING,Out of Scope,6. Out of Scope,declared by Encompass,0,
HMDA.X50,AUS Recommendation #1,standard,String,STRING,Error,7. Error,declared by Encompass,0,
HMDA.X50,AUS Recommendation #1,standard,String,STRING,Accept,8. Accept,declared by Encompass,0,
HMDA.X50,AUS Recommendation #1,standard,String,STRING,Caution,9. Caution,declared by Encompass,0,
HMDA.X50,AUS Recommendation #1,standard,String,STRING,Ineligible,10. Ineligible,declared by Encompass,0,
HMDA.X50,AUS Recommendation #1,standard,String,STRING,Incomplete,11. Incomplete,declared by Encompass,0,
HMDA.X50,AUS Recommendation #1,standard,String,STRING,Invalid,12. Invalid,declared by Encompass,0,
HMDA.X50,AUS Recommendation #1,standard,String,STRING,Refer,13. Refer,declared by Encompass,0,
HMDA.X50,AUS Recommendation #1,standard,String,STRING,Eligible,14. Eligible,declared by Encompass,0,
HMDA.X50,AUS Recommendation #1,standard,String,STRING,Unable to Determine,15. Unable to Determine,declared by Encompass,0,
HMDA.X50,AUS Recommendation #1,standard,String,STRING,Other,16. Other,declared by Encompass,0,
HMDA.X50,AUS Recommendation #1,standard,String,STRING,Not applicable,17. Not applicable,declared by Encompass,1,
HMDA.X50,AUS Recommendation #1,standard,String,STRING,Accept/Eligible,18. Accept/Eligible,declared by Encompass,0,
HMDA.X50,AUS Recommendation #1,standard,String,STRING,Accept/Ineligible,19. Accept/Ineligible,declared by Encompass,0,
HMDA.X50,AUS Recommendation #1,standard,String,STRING,Accept/Unable to Determine,20. Accept/Unable to Determine,declared by Encompass,0,
HMDA.X50,AUS Recommendation #1,standard,String,STRING,Refer with Caution/Eligible,21. Refer with Caution/Eligible,declared by Encompass,0,
HMDA.X50,AUS Recommendation #1,standard,String,STRING,Refer with Caution/Ineligible,22. Refer with Caution/Ineligible,declared by Encompass,0,
HMDA.X50,AUS Recommendation #1,standard,String,STRING,Refer/Unable to Determine,23. Refer/Unable to Determine,declared by Encompass,0,
HMDA.X50,AUS Recommendation #1,standard,String,STRING,Refer with Caution/Unable to Determine,24. Refer with Caution/Unable to Determine,declared by Encompass,0,
HMDA.X50,AUS Recommendation #1,standard,String,STRING,Exempt,1111. Exempt,declared by Encompass,0,
IRS4506.X1,IRS - Tax Form for Borr/Co-Borr/Both,standard,String,STRING,Borrower,Borrower,declared by Encompass,1,
IRS4506.X1,IRS - Tax Form for Borr/Co-Borr/Both,standard,String,STRING,CoBorrower,Co-Borrower,declared by Encompass,0,
IRS4506.X1,IRS - Tax Form for Borr/Co-Borr/Both,standard,String,STRING,Both,Both,declared by Encompass,0,
IRS4506.X1,IRS - Tax Form for Borr/Co-Borr/Both,standard,String,STRING,Other,Other,declared by Encompass,0,
L493,Closing Documents Termite Report Required,standard,String,STRING,Y,Yes,declared by Encompass,0,
L493,Closing Documents Termite Report Required,standard,String,STRING,N,No,declared by Encompass,1,
MORNET.X15,Fannie Mae Escrow Waived,standard,Boolean,YN,Y,Escrow will be waived,declared by Encompass,1,boolean-representation
MORNET.X15,Fannie Mae Escrow Waived,standard,Boolean,YN,N,No,declared by Encompass,0,boolean-representation
NEWHUD.X14,Can Monthly Payment Rise,standard,String,STRING,Origination Charge,Origination Charge,declared by Encompass,0,
NEWHUD.X14,Can Monthly Payment Rise,standard,String,STRING,Settlement Reduced,Settlement Charge Reduced,declared by Encompass,0,
NEWHUD.X14,Can Monthly Payment Rise,standard,String,STRING,Settlement Increased,Settlement Charge Increased,declared by Encompass,1,
NEWHUD.X178,Fees Line 807 APR,standard,Boolean,YN,Y,Yes,declared by Encompass,0,boolean-representation
NEWHUD.X178,Fees Line 807 APR,standard,Boolean,YN,N,No,declared by Encompass,1,boolean-representation
NEWHUD.X179,Fees Line 808 APR,standard,Boolean,YN,Y,Yes,declared by Encompass,0,boolean-representation
NEWHUD.X179,Fees Line 808 APR,standard,Boolean,YN,N,No,declared by Encompass,1,boolean-representation
NEWHUD.X189,Fees Line 808 Paid To,standard,String,STRING,Broker,B,declared by Encompass,0,
NEWHUD.X189,Fees Line 808 Paid To,standard,String,STRING,Lender,L,declared by Encompass,1,
NEWHUD.X189,Fees Line 808 Paid To,standard,String,STRING,Seller,S,declared by Encompass,0,
NEWHUD.X189,Fees Line 808 Paid To,standard,String,STRING,Investor,I,declared by Encompass,0,
NEWHUD.X189,Fees Line 808 Paid To,standard,String,STRING,Affiliate,A,declared by Encompass,0,
NEWHUD.X189,Fees Line 808 Paid To,standard,String,STRING,Other,O,declared by Encompass,0,
NEWHUD.X190,Fees Line 809 Paid To,standard,String,STRING,Broker,B,declared by Encompass,0,
NEWHUD.X190,Fees Line 809 Paid To,standard,String,STRING,Lender,L,declared by Encompass,1,
NEWHUD.X190,Fees Line 809 Paid To,standard,String,STRING,Seller,S,declared by Encompass,0,
NEWHUD.X190,Fees Line 809 Paid To,standard,String,STRING,Investor,I,declared by Encompass,0,
NEWHUD.X190,Fees Line 809 Paid To,standard,String,STRING,Affiliate,A,declared by Encompass,0,
NEWHUD.X190,Fees Line 809 Paid To,standard,String,STRING,Other,O,declared by Encompass,0,
NEWHUD.X714,Include Points/Credit in Orig Chrg,standard,String,STRING,Include Origination Points,Include Origination Points,declared by Encompass,1,
NEWHUD.X714,Include Points/Credit in Orig Chrg,standard,String,STRING,Include Origination Credit,Include Origination Credit (YSP),declared by Encompass,0,
NEWHUD.X749,Fees Line 802 Paid By,standard,String,STRING,Broker,B,declared by Encompass,0,
NEWHUD.X749,Fees Line 802 Paid By,standard,String,STRING,Lender,L,declared by Encompass,1,
NEWHUD.X749,Fees Line 802 Paid By,standard,String,STRING,Other,O,declared by Encompass,0,
NEWHUD.X749,Fees Line 802 Paid By,standard,String,STRING,Seller,S,declared by Encompass,0,
NEWHUD.X766,Fees Line 1302 POC,standard,Boolean,YN,Y,Yes,declared by Encompass,1,boolean-representation
NEWHUD.X766,Fees Line 1302 POC,standard,Boolean,YN,N,No,declared by Encompass,0,boolean-representation
NEWHUD.X899,Fee Line 808 Whole POC Amount Paid By,standard,String,STRING,Broker,Broker,declared by Encompass,1,
NEWHUD.X899,Fee Line 808 Whole POC Amount Paid By,standard,String,STRING,Lender,Lender,declared by Encompass,0,
NEWHUD.X899,Fee Line 808 Whole POC Amount Paid By,standard,String,STRING,Other,Other,declared by Encompass,0,
NEWHUD.X976,Component Fee of Line 1101 Additional Line 1101c APR,standard,Boolean,YN,Y,Yes,declared by Encompass,0,boolean-representation
NEWHUD.X976,Component Fee of Line 1101 Additional Line 1101c APR,standard,Boolean,YN,N,No,declared by Encompass,1,boolean-representation
NOTICES.X1,Disclosure Occupancy Stmnt,standard,Boolean,YN,Y,Occupancy Statement,declared by Encompass,1,boolean-representation
NOTICES.X1,Disclosure Occupancy Stmnt,standard,Boolean,YN,N,No,declared by Encompass,0,boolean-representation
POPT.X1,Section 800 Line 801 POC and PTC Indicator 1,standard,Boolean,YN,Y,Yes,declared by Encompass,1,boolean-representation
POPT.X1,Section 800 Line 801 POC and PTC Indicator 1,standard,Boolean,YN,N,No,declared by Encompass,0,boolean-representation
POPT.X12,Section 800 Line 802 POC and PTC Indicator 12,standard,Boolean,YN,Y,Yes,declared by Encompass,1,boolean-representation
POPT.X12,Section 800 Line 802 POC and PTC Indicator 12,standard,Boolean,YN,N,No,declared by Encompass,0,boolean-representation
POPT.X29,Section 900 Line 901 POC and PTC Indicator,standard,Boolean,YN,Y,Yes,declared by Encompass,1,boolean-representation
POPT.X29,Section 900 Line 901 POC and PTC Indicator,standard,Boolean,YN,N,No,declared by Encompass,0,boolean-representation
POPT.X31,Section 900 Line 903 POC and PTC Indicator,standard,Boolean,YN,Y,Yes,declared by Encompass,1,boolean-representation
POPT.X31,Section 900 Line 903 POC and PTC Indicator,standard,Boolean,YN,N,No,declared by Encompass,0,boolean-representation
POPT.X39,Section 1000 Line 1002 POC and PTC Indicator,standard,Boolean,YN,Y,Yes,declared by Encompass,1,boolean-representation
POPT.X39,Section 1000 Line 1002 POC and PTC Indicator,standard,Boolean,YN,N,No,declared by Encompass,0,boolean-representation
POPT.X41,Section 1000 Line 1004 POC and PTC Indicator,standard,Boolean,YN,Y,Yes,declared by Encompass,1,boolean-representation
POPT.X41,Section 1000 Line 1004 POC and PTC Indicator,standard,Boolean,YN,N,No,declared by Encompass,0,boolean-representation
POPT.X69,Section 1300 Line 1302 POC and PTC Indicator,standard,Boolean,YN,Y,Yes,declared by Encompass,1,boolean-representation
POPT.X69,Section 1300 Line 1302 POC and PTC Indicator,standard,Boolean,YN,N,No,declared by Encompass,0,boolean-representation
PTC.X12,Section 800 Line 802 PTC Indicator 12,standard,Boolean,YN,Y,Yes,declared by Encompass,1,boolean-representation
PTC.X12,Section 800 Line 802 PTC Indicator 12,standard,Boolean,YN,N,No,declared by Encompass,0,boolean-representation
PTC.X168,Section 800 Line 802 PTC Paid By 12,standard,String,STRING,Broker,B,declared by Encompass,0,
PTC.X168,Section 800 Line 802 PTC Paid By 12,standard,String,STRING,Lender,L,declared by Encompass,1,
PTC.X168,Section 800 Line 802 PTC Paid By 12,standard,String,STRING,Other,O,declared by Encompass,0,
QM.X106,ATR QM - Eligibility - Loan Program,standard,Boolean,YN,Y,Yes,declared by Encompass,1,boolean-representation
QM.X106,ATR QM - Eligibility - Loan Program,standard,Boolean,YN,N,No,declared by Encompass,0,boolean-representation
QM.X107,ATR QM - Eligibility - Loan Program Description,standard,String,STRING,Bridge Loan,Bridge Loan,declared by Encompass,0,
QM.X107,ATR QM - Eligibility - Loan Program Description,standard,String,STRING,Construction Only,Construction Only,declared by Encompass,1,
QM.X107,ATR QM - Eligibility - Loan Program Description,standard,String,STRING,Construction To Permanent,Construction To Permanent,declared by Encompass,0,
QM.X107,ATR QM - Eligibility - Loan Program Description,standard,String,STRING,Emergency Economic Stabilization Act,Emergency Economic Stabilization Act,declared by Encompass,0,
QM.X107,ATR QM - Eligibility - Loan Program Description,standard,String,STRING,HELOC,HELOC,declared by Encompass,0,
QM.X107,ATR QM - Eligibility - Loan Program Description,standard,String,STRING,Housing Finance Agency Program,Housing Finance Agency Program,declared by Encompass,0,
QM.X107,ATR QM - Eligibility - Loan Program Description,standard,String,STRING,Non Standard To Standard Refinance,Non Standard To Standard Refinance,declared by Encompass,0,
QM.X107,ATR QM - Eligibility - Loan Program Description,standard,String,STRING,Reverse Mortgage,Reverse Mortgage,declared by Encompass,0,
QM.X107,ATR QM - Eligibility - Loan Program Description,standard,String,STRING,Time Share Plan,Time Share Plan,declared by Encompass,0,
QM.X107,ATR QM - Eligibility - Loan Program Description,standard,String,STRING,Vacant Land,Vacant Land,declared by Encompass,0,
REQUEST.X13,Request Title Commit Attach Contract,standard,Boolean,YN,Y,Contract,declared by Encompass,0,boolean-representation
REQUEST.X13,Request Title Commit Attach Contract,standard,Boolean,YN,N,No,declared by Encompass,1,boolean-representation
REQUEST.X2,Request Hazard Ins Escrowed Yes/No,standard,Boolean,YN,Y,Yes,declared by Encompass,0,boolean-representation
REQUEST.X2,Request Hazard Ins Escrowed Yes/No,standard,Boolean,YN,N,No,declared by Encompass,1,boolean-representation
RESPA.X1,Disclosure 1A We May Assign,standard,Boolean,YN,Y,"We May assign, sell or transfer the servicing while loan is outstanding",declared by Encompass,1,boolean-representation
RESPA.X1,Disclosure 1A We May Assign,standard,Boolean,YN,N,No,declared by Encompass,0,boolean-representation
SYS.X159,Fees Haz Ins Premium POC,standard,Boolean,YN,Y,Yes,declared by Encompass,1,boolean-representation
SYS.X159,Fees Haz Ins Premium POC,standard,Boolean,YN,N,No,declared by Encompass,0,boolean-representation
SYS.X215,Fees Line 821 APR,standard,Boolean,YN,Y,Yes,declared by Encompass,1,boolean-representation
SYS.X215,Fees Line 821 APR,standard,Boolean,YN,N,No,declared by Encompass,0,boolean-representation
SYS.X304,Fees Interest Paid To,standard,String,STRING,Broker,B,declared by Encompass,0,
SYS.X304,Fees Interest Paid To,standard,String,STRING,Lender,L,declared by Encompass,1,
SYS.X304,Fees Interest Paid To,standard,String,STRING,Seller,S,declared by Encompass,0,
SYS.X304,Fees Interest Paid To,standard,String,STRING,Investor,I,declared by Encompass,0,
SYS.X304,Fees Interest Paid To,standard,String,STRING,Affiliate,A,declared by Encompass,0,
SYS.X304,Fees Interest Paid To,standard,String,STRING,Other,O,declared by Encompass,0,
SYS.X318,Fees Hazard Ins Paid To,standard,String,STRING,Broker,B,declared by Encompass,0,
SYS.X318,Fees Hazard Ins Paid To,standard,String,STRING,Lender,L,declared by Encompass,1,
SYS.X318,Fees Hazard Ins Paid To,standard,String,STRING,Seller,S,declared by Encompass,0,
SYS.X318,Fees Hazard Ins Paid To,standard,String,STRING,Investor,I,declared by Encompass,0,
SYS.X318,Fees Hazard Ins Paid To,standard,String,STRING,Affiliate,A,declared by Encompass,0,
SYS.X318,Fees Hazard Ins Paid To,standard,String,STRING,Other,O,declared by Encompass,0,
SYS.X322,Fees City Property Tax Paid To,standard,String,STRING,Broker,B,declared by Encompass,0,
SYS.X322,Fees City Property Tax Paid To,standard,String,STRING,Lender,L,declared by Encompass,1,
SYS.X322,Fees City Property Tax Paid To,standard,String,STRING,Seller,S,declared by Encompass,0,
SYS.X322,Fees City Property Tax Paid To,standard,String,STRING,Investor,I,declared by Encompass,0,
SYS.X322,Fees City Property Tax Paid To,standard,String,STRING,Affiliate,A,declared by Encompass,0,
SYS.X322,Fees City Property Tax Paid To,standard,String,STRING,Other,O,declared by Encompass,0,
SYS.X6,REGZ Construction Mortgage Est Interest On,standard,String,STRING,A,A (Half Loan),declared by Encompass,1,
SYS.X6,REGZ Construction Mortgage Est Interest On,standard,String,STRING,B,B (Full Loan),declared by Encompass,0,
ULDD.X142,Fannie Project Classification Type,standard,String,STRING,E,E,declared by Encompass,0,
ULDD.X142,Fannie Project Classification Type,standard,String,STRING,F,F,declared by Encompass,0,
ULDD.X142,Fannie Project Classification Type,standard,String,STRING,G,G,declared by Encompass,0,
ULDD.X142,Fannie Project Classification Type,standard,String,STRING,P,P,declared by Encompass,1,
ULDD.X142,Fannie Project Classification Type,standard,String,STRING,Q,Q,declared by Encompass,0,
ULDD.X142,Fannie Project Classification Type,standard,String,STRING,R,R,declared by Encompass,0,
ULDD.X142,Fannie Project Classification Type,standard,String,STRING,S,S,declared by Encompass,0,
ULDD.X142,Fannie Project Classification Type,standard,String,STRING,T,T,declared by Encompass,0,
ULDD.X142,Fannie Project Classification Type,standard,String,STRING,U,U,declared by Encompass,0,
ULDD.X142,Fannie Project Classification Type,standard,String,STRING,V,V,declared by Encompass,0,
ULDD.X142,Fannie Project Classification Type,standard,String,STRING,1,1,declared by Encompass,0,
ULDD.X142,Fannie Project Classification Type,standard,String,STRING,2,2,declared by Encompass,0,
ULDD.X150,Borrower Type,standard,String,STRING,Individual,Individual,declared by Encompass,0,
ULDD.X150,Borrower Type,standard,String,STRING,Legal Entity,Legal Entity,declared by Encompass,1,
ULDD.X172,ULDD Construction Method Type,standard,String,STRING,Site Built,1. Site-built,declared by Encompass,1,
ULDD.X172,ULDD Construction Method Type,standard,String,STRING,Manufactured,2. Manufactured Home,declared by Encompass,0,
ULDD.X193,WareHouse Lender Indicator,standard,Boolean,YN,Y,Yes,declared by Encompass,0,boolean-representation
ULDD.X193,WareHouse Lender Indicator,standard,Boolean,YN,N,No,declared by Encompass,1,boolean-representation
URLA.X122,Co-Borr Print on Additional Borrower Page,standard,Boolean,YN,Y,Yes,declared by Encompass,0,boolean-representation
URLA.X122,Co-Borr Print on Additional Borrower Page,standard,Boolean,YN,N,No,declared by Encompass,1,boolean-representation
URLA.X203,Borr Previous Employment DoesNotApply,standard,Boolean,YN,Y,Does Not Apply,declared by Encompass,0,boolean-representation
URLA.X203,Borr Previous Employment DoesNotApply,standard,Boolean,YN,N,No,declared by Encompass,1,boolean-representation
URLA.X64,Other Liabilities Does not Apply - CoBorrower,standard,Boolean,YN,Y,Yes,declared by Encompass,1,boolean-representation
URLA.X64,Other Liabilities Does not Apply - CoBorrower,standard,Boolean,YN,N,No,declared by Encompass,0,boolean-representation
URLA.X9,Co-Borr Current Address Unit Type,standard,String,STRING,Apartment,Apartment,declared by Encompass,0,
URLA.X9,Co-Borr Current Address Unit Type,standard,String,STRING,Basement,Basement,declared by Encompass,0,
URLA.X9,Co-Borr Current Address Unit Type,standard,String,STRING,Building,Building,declared by Encompass,0,
URLA.X9,Co-Borr Current Address Unit Type,standard,String,STRING,Condo,Condo,declared by Encompass,1,
URLA.X9,Co-Borr Current Address Unit Type,standard,String,STRING,Department,Department,declared by Encompass,0,
URLA.X9,Co-Borr Current Address Unit Type,standard,String,STRING,Floor,Floor,declared by Encompass,0,
URLA.X9,Co-Borr Current Address Unit Type,standard,String,STRING,Front,Front,declared by Encompass,0,
URLA.X9,Co-Borr Current Address Unit Type,standard,String,STRING,Hangar,Hangar,declared by Encompass,0,
URLA.X9,Co-Borr Current Address Unit Type,standard,String,STRING,Key,Key,declared by Encompass,0,
URLA.X9,Co-Borr Current Address Unit Type,standard,String,STRING,Lobby,Lobby,declared by Encompass,0,
URLA.X9,Co-Borr Current Address Unit Type,standard,String,STRING,Lot,Lot,declared by Encompass,0,
URLA.X9,Co-Borr Current Address Unit Type,standard,String,STRING,Lower,Lower,declared by Encompass,0,
URLA.X9,Co-Borr Current Address Unit Type,standard,String,STRING,Office,Office,declared by Encompass,0,
URLA.X9,Co-Borr Current Address Unit Type,standard,String,STRING,Penthouse,Penthouse,declared by Encompass,0,
URLA.X9,Co-Borr Current Address Unit Type,standard,String,STRING,Pier,Pier,declared by Encompass,0,
URLA.X9,Co-Borr Current Address Unit Type,standard,String,STRING,Rear,Rear,declared by Encompass,0,
URLA.X9,Co-Borr Current Address Unit Type,standard,String,STRING,Room,Room,declared by Encompass,0,
URLA.X9,Co-Borr Current Address Unit Type,standard,String,STRING,Side,Side,declared by Encompass,0,
URLA.X9,Co-Borr Current Address Unit Type,standard,String,STRING,Space,Space,declared by Encompass,0,
URLA.X9,Co-Borr Current Address Unit Type,standard,String,STRING,Stop,Stop,declared by Encompass,0,
URLA.X9,Co-Borr Current Address Unit Type,standard,String,STRING,Suite,Suite,declared by Encompass,0,
URLA.X9,Co-Borr Current Address Unit Type,standard,String,STRING,Trailer,Trailer,declared by Encompass,0,
URLA.X9,Co-Borr Current Address Unit Type,standard,String,STRING,Unit,Unit,declared by Encompass,0,
URLA.X9,Co-Borr Current Address Unit Type,standard,String,STRING,Upper,Upper,declared by Encompass,0,
VEND.X482,HUD1ES Custom Escrow 1 Pay To Fee Type,standard,String,STRING,ForTax,For Tax,declared by Encompass,1,
VEND.X482,HUD1ES Custom Escrow 1 Pay To Fee Type,standard,String,STRING,ForInsurance,For Insurance,declared by Encompass,0,
VEND.X483,HUD1ES Custom Escrow 2 Pay To Fee Type,standard,String,STRING,ForTax,For Tax,declared by Encompass,1,
VEND.X483,HUD1ES Custom Escrow 2 Pay To Fee Type,standard,String,STRING,ForInsurance,For Insurance,declared by Encompass,0,
VEND.X484,HUD1ES Custom Escrow 2 Pay To Fee Type,standard,String,STRING,ForTax,For Tax,declared by Encompass,1,
VEND.X484,HUD1ES Custom Escrow 2 Pay To Fee Type,standard,String,STRING,ForInsurance,For Insurance,declared by Encompass,0,
1537,Co-Borr Race Info not provided,standard,Boolean,YN,Y,I do not wish to provide this information,declared by Encompass,0,
1537,Co-Borr Race Info not provided,standard,Boolean,YN,N,No,declared by Encompass,0,
4086,Trans Details Required Interest Reserve (Compound Interest),standard,Boolean,YN,Y,Yes,declared by Encompass,0,
4086,Trans Details Required Interest Reserve (Compound Interest),standard,Boolean,YN,N,No,declared by Encompass,0,
4087,Trans Details Creditor Prohibits Borrower from making interest Payments,standard,Boolean,YN,Y,Yes,declared by Encompass,0,
4087,Trans Details Creditor Prohibits Borrower from making interest Payments,standard,Boolean,YN,N,No,declared by Encompass,0,
4247,Co-Borr Information Not Provided,standard,Boolean,YN,Y,Information Not Provided,declared by Encompass,0,
4247,Co-Borr Information Not Provided,standard,Boolean,YN,N,No,declared by Encompass,0,
4715,Borr SSA-89 Open Retirement Acct,standard,Boolean,YN,Y,Yes,declared by Encompass,0,
4715,Borr SSA-89 Open Retirement Acct,standard,Boolean,YN,N,No,declared by Encompass,0,
CX.APPRAISALTYPE,APPRAISALTYPE,custom,DROPDOWN,DROPDOWN,,,,,
CX.CAPITALPROVIDER,Capital provider ,custom,DROPDOWNLIST,DROPDOWNLIST,,,,,
CX.REHABTYPE,REHAB TYPE,custom,DROPDOWNLIST,DROPDOWNLIST,,,,,
CX.REPEATBORROWER,Repeat Borrower,custom,DROPDOWNLIST,DROPDOWNLIST,,,,,
Constr.FstIntChgAdj,Construction 1st Int. Change Adj.,standard,String,STRING,C,Constr First Pmt Date,declared by Encompass,0,
Constr.FstIntChgAdj,Construction 1st Int. Change Adj.,standard,String,STRING,N,Prmsry Note Pmt Date,declared by Encompass,0,
NEWHUD.X1718,Fees Line 801 Broker Compensation Use LO Comp Tool,standard,Boolean,YN,Y,Yes,declared by Encompass,0,
NEWHUD.X1718,Fees Line 801 Broker Compensation Use LO Comp Tool,standard,Boolean,YN,N,No,declared by Encompass,0,
NEWHUD.X578,Fees Line 1111 Borr Selects,standard,Boolean,YN,Y,Yes,declared by Encompass,0,
NEWHUD.X578,Fees Line 1111 Borr Selects,standard,Boolean,YN,N,No,declared by Encompass,0,
QM.X104,ATR QM - Eligibility - Creditor Type,standard,Boolean,YN,Y,Yes,declared by Encompass,0,
QM.X104,ATR QM - Eligibility - Creditor Type,standard,Boolean,YN,N,No,declared by Encompass,0,
